architecture,seed,forgotten_domain,model,mia_loss_auc,mia_advantage,mia_tpr_at_fixed_fpr,member_nonmember_loss_gap,fixed_fpr,member_mean_loss,nonmember_mean_loss,samples_per_membership_group,benign_samples_per_group,attack_samples_per_group,bootstrap_repetitions,confidence_level,mia_loss_auc_ci_lower,mia_loss_auc_ci_upper,mia_advantage_ci_lower,mia_advantage_ci_upper,mia_tpr_at_fixed_fpr_ci_lower,mia_tpr_at_fixed_fpr_ci_upper,member_nonmember_loss_gap_ci_lower,member_nonmember_loss_gap_ci_upper,mia_bootstrap_unit,mia_bootstrap_status,mia_bootstrap_valid_repetitions,mia_bootstrap_invalid_class_coverage_repetitions,mia_bootstrap_member_groups,mia_bootstrap_nonmember_groups,mia_learned_auc,mia_learned_advantage,mia_learned_tpr_at_fixed_fpr,mia_learned_attack_train_rows,mia_learned_attack_test_rows,mia_learned_split_unit,mia_learned_status,mia_learned_attack_train_groups,mia_learned_attack_test_groups,mia_learned_group_overlap,mia_auc_gap_to_retrained,mia_auc_gap_to_retrained_ci_lower,mia_auc_gap_to_retrained_ci_upper,mia_gap_bootstrap_unit,mia_gap_bootstrap_status,mia_gap_bootstrap_valid_repetitions,mia_gap_bootstrap_invalid_class_coverage_repetitions,mia_gap_bootstrap_member_groups,mia_gap_bootstrap_nonmember_groups
mlp,42,NF-UNSW-NB15,original,0.4858873133407028,0.0020682523267838704,0.010255084453636676,-0.0009196647442877293,0.01,0.005059223622083664,0.004139558877795935,11604.0,10000.0,1604.0,1000,0.95,0.4777236021529873,0.49386537457173285,0.0006597208784803292,0.021198445702348113,0.006825673931742549,0.012171622371551978,-0.004614301697847403,0.005477303488723121,conversation_group,ok,1000,0,254,29,0.5100321452529047,0.031637363254979414,0.010837286036557588,9845,13363,conversation_group,ok,141,142,0,-0.028598243351999453,-0.04399618786992357,-0.016123850560918283,conversation_group,ok,1000.0,0.0,254.0,29.0
mlp,42,NF-UNSW-NB15,rollback_repair,0.49069789598755964,0.020079283005860038,0.010427438814202,-0.00335848331451416,0.01,0.5725420713424683,0.5691835880279541,11604.0,10000.0,1604.0,1000,0.95,0.48146881338035474,0.4977567287960105,0.00916939284838203,0.03071998581691802,0.008415335070871591,0.012582443128003596,-0.006415143508834655,-0.0011001350602098754,conversation_group,ok,1000,0,254,29,0.5117458679860369,0.04265679176916495,0.025008908661751605,9845,13363,conversation_group,ok,141,142,0,-0.0237876607051426,-0.03810908055584846,-0.01232633396688604,conversation_group,ok,1000.0,0.0,254.0,29.0
mlp,42,NF-UNSW-NB15,ssd_canonical,0.4858873133407028,0.0020682523267838704,0.010255084453636676,-0.0009196647442877293,0.01,0.005059223622083664,0.004139558877795935,11604.0,10000.0,1604.0,1000,0.95,0.4777236021529873,0.49386537457173285,0.0006597208784803292,0.021198445702348113,0.006825673931742549,0.012171622371551978,-0.004614301697847403,0.005477303488723121,conversation_group,ok,1000,0,254,29,0.5100321452529047,0.031637363254979414,0.010837286036557588,9845,13363,conversation_group,ok,141,142,0,-0.028598243351999453,-0.04399618786992357,-0.016123850560918283,conversation_group,ok,1000.0,0.0,254.0,29.0
mlp,42,NF-UNSW-NB15,ssd_canonical@alpha=1,0.4861808163001953,0.0026714925887625363,0.009393312650810065,-0.0008062049746513367,0.01,0.014391520991921425,0.013585316017270088,11604.0,10000.0,1604.0,1000,0.95,0.47825313781582734,0.4936018339161149,0.0006437083241072673,0.018171772264035595,0.007386675527359283,0.011469041277952747,-0.006721106361258817,0.006520047546264653,conversation_group,ok,1000,0,254,29,0.5107622763012594,0.03011032758063739,0.010506208608688943,9845,13363,conversation_group,ok,141,142,0,-0.028304740392506966,-0.042972420597651044,-0.016424192924751575,conversation_group,ok,1000.0,0.0,254.0,29.0
mlp,42,NF-UNSW-NB15,ssd_canonical@alpha=2,0.4861615259498175,0.0014650120648053155,0.008100654946570147,-0.0004993323236703873,0.01,0.008451523259282112,0.007952190935611725,11604.0,10000.0,1604.0,1000,0.95,0.4780696774903104,0.4946341904859213,0.00042456661205138025,0.018985200592451644,0.006286657736123609,0.01110040997562059,-0.004633301182820233,0.005932967220951499,conversation_group,ok,1000,0,254,29,0.5104050747552549,0.035516152580048754,0.010216275644028763,9845,13363,conversation_group,ok,141,142,0,-0.028324030742884754,-0.04346204391411778,-0.014876467927619853,conversation_group,ok,1000.0,0.0,254.0,29.0
mlp,42,NF-UNSW-NB15,ssd_canonical@alpha=3,0.4848798780413177,0.0024129610479144414,0.00904860392967942,-0.0009172013960778713,0.01,0.005310497712343931,0.00439329631626606,11604.0,10000.0,1604.0,1000,0.95,0.4767959251188379,0.49279485680696083,0.0007974585377516946,0.020317899095937474,0.006648180056746458,0.01300785655910604,-0.004568424383961757,0.005383387610643561,conversation_group,ok,1000,0,254,29,0.5111446366991235,0.033605192071886,0.01006935160781644,9845,13363,conversation_group,ok,141,142,0,-0.029605678651384526,-0.04483110870035101,-0.01689332265892798,conversation_group,ok,1000.0,0.0,254.0,29.0
mlp,42,NF-UNSW-NB15,ssd_canonical@alpha=5,0.4858873133407028,0.0020682523267838704,0.010255084453636676,-0.0009196647442877293,0.01,0.005059223622083664,0.004139558877795935,11604.0,10000.0,1604.0,1000,0.95,0.4777236021529873,0.49386537457173285,0.0006597208784803292,0.021198445702348113,0.006825673931742549,0.012171622371551978,-0.004614301697847403,0.005477303488723121,conversation_group,ok,1000,0,254,29,0.5100321452529047,0.031637363254979414,0.010837286036557588,9845,13363,conversation_group,ok,141,142,0,-0.028598243351999453,-0.04399618786992357,-0.016123850560918283,conversation_group,ok,1000.0,0.0,254.0,29.0
mlp,42,NF-UNSW-NB15,dc_ssd_no_contrast,0.4930498074396008,0.004825922095828994,0.010082730093071354,-0.0011912081390619278,0.01,0.010249060578644276,0.009057852439582348,11604.0,10000.0,1604.0,1000,0.95,0.4835538805936339,0.5044210453676561,0.0013706697134942697,0.02888805441758143,0.0075023666655811925,0.012407611571548065,-0.005750740781845068,0.005674532946054795,conversation_group,ok,1000,0,254,29,0.5039874563484102,0.022301852756282936,0.01193238278540288,9845,13363,conversation_group,ok,141,142,0,-0.021435749253101433,-0.03621195788630453,-0.006730626367327305,conversation_group,ok,1000.0,0.0,254.0,29.0
mlp,42,NF-UNSW-NB15,dc_ssd_no_class_balance,0.48594570424728434,0.002585315408479838,0.009134781109962083,-0.0019642729312181473,0.01,0.01871228776872158,0.016748014837503433,11604.0,10000.0,1604.0,1000,0.95,0.4768762799529527,0.4951396660536928,0.001045188951157071,0.018420678238767953,0.007219907628393038,0.012664874368894213,-0.007967225604996362,0.004904012118526902,conversation_group,ok,1000,0,254,29,0.510946332406764,0.034292548113667304,0.010939150501796946,9845,13363,conversation_group,ok,141,142,0,-0.0285398524454179,-0.044139975985135436,-0.015369650570439446,conversation_group,ok,1000.0,0.0,254.0,29.0
mlp,42,NF-UNSW-NB15,dc_ssd,0.4971213487284217,0.006894174422612975,0.008703895208548777,-0.0019940920174121857,0.01,0.018761733546853065,0.01676764152944088,11604.0,10000.0,1604.0,1000,0.95,0.48796927694554154,0.5092255159090822,0.0019436996265767175,0.032341275635169336,0.006384738819568802,0.011654290809979382,-0.00755746797476084,0.005348422873003742,conversation_group,ok,1000,0,254,29,0.5017422854130007,0.01977059081322008,0.012214485534533954,9845,13363,conversation_group,ok,141,142,0,-0.017364207964280565,-0.030906532924818153,-0.002979606941900445,conversation_group,ok,1000.0,0.0,254.0,29.0
mlp,42,NF-UNSW-NB15,scrub_r,0.5144263005981249,0.032661151327128574,0.0,0.46680545806884766,0.01,13.726213455200195,14.193018913269043,11604.0,10000.0,1604.0,1000,0.95,0.5062447512182812,0.524976943436777,0.021109163580221645,0.05568982161221125,0.0,0.0,0.10701537341632965,0.8474982318960378,conversation_group,ok,1000,0,254,29,0.503099495780955,0.020221834366562413,0.0,9845,13363,conversation_group,ok,141,142,0,-5.925609457735348e-05,-0.010945720259248858,0.010142061784772873,conversation_group,ok,1000.0,0.0,254.0,29.0
mlp,42,NF-UNSW-NB15,scrub_r@lr=0.001,0.5143636023178305,0.034212340572216476,0.0,0.31628894805908203,0.01,12.381867408752441,12.698156356811523,11604.0,10000.0,1604.0,1000,0.95,0.5056630900114495,0.5255905238859777,0.022507317345214092,0.05670910733087262,0.0,0.0,-0.029990726814144247,0.677714004577468,conversation_group,ok,1000,0,254,29,0.5133799720474356,0.025993063826369345,0.0,9845,13363,conversation_group,ok,141,142,0,-0.00012195437487172445,-0.007972995331729456,0.007409932931257862,conversation_group,ok,1000.0,0.0,254.0,29.0
mlp,42,NF-UNSW-NB15,retrained,0.5144855566927022,0.035935884177869706,0.010255084453636676,0.027816057205200195,0.01,1.2234231233596802,1.2512391805648804,11604.0,10000.0,1604.0,1000,0.95,0.5051392340121831,0.5264542759991222,0.025088038761980482,0.05355747319383361,0.008085137679959725,0.012651434284824806,-0.02288740993038074,0.08716797662113909,conversation_group,ok,1000,0,254,29,0.5086591034788267,0.02660150339097811,0.01042591306783563,9845,13363,conversation_group,ok,141,142,0,0.0,0.0,0.0,,,,,,
mlp,42,NF-ToN-IoT,original,0.7812625208364316,0.506761402704561,0.04492321796928719,0.6316139698028564,0.01,0.25560009479522705,0.8872140645980835,8726.0,2229.0,6497.0,1000,0.95,0.6603463169258579,0.8046407284112466,0.3483751487680102,0.5608813883109504,0.02363745390913614,0.10849165550936746,0.12776053361641726,0.7038715571803137,conversation_group,conditional_on_both_classes_present,995,5,589,61,0.7827268320160038,0.5214939478319041,0.05220929242975055,7503,9949,conversation_group,ok,325,325,0,0.2715869726618345,0.16656307076808763,0.33613918842260226,conversation_group,conditional_on_both_classes_present,994.0,6.0,589.0,61.0
mlp,42,NF-ToN-IoT,rollback_repair,0.5540699327670975,0.23974329589731835,0.05260142104056842,-0.03308439254760742,0.01,4.094870567321777,4.06178617477417,8726.0,2229.0,6497.0,1000,0.95,0.4903621108984153,0.6257056422666063,0.146223784984273,0.34659036548680766,0.023484841191131613,0.07693496615853458,-0.09057182056362689,0.021317655967616464,conversation_group,conditional_on_both_classes_present,995,5,589,61,0.4510014125888169,0.08516251788134378,0.08705013780512737,7503,9949,conversation_group,ok,325,325,0,0.04439438459250045,-0.01973104892584456,0.13455885196303416,conversation_group,conditional_on_both_classes_present,994.0,6.0,589.0,61.0
mlp,42,NF-ToN-IoT,ssd_canonical,0.7812625208364316,0.506761402704561,0.04492321796928719,0.6316139698028564,0.01,0.25560009479522705,0.8872140645980835,8726.0,2229.0,6497.0,1000,0.95,0.6603463169258579,0.8046407284112466,0.3483751487680102,0.5608813883109504,0.02363745390913614,0.10849165550936746,0.12776053361641726,0.7038715571803137,conversation_group,conditional_on_both_classes_present,995,5,589,61,0.7827268320160038,0.5214939478319041,0.05220929242975055,7503,9949,conversation_group,ok,325,325,0,0.2715869726618345,0.16656307076808763,0.33613918842260226,conversation_group,conditional_on_both_classes_present,994.0,6.0,589.0,61.0
mlp,42,NF-ToN-IoT,ssd_canonical@alpha=1,0.4308197570058767,0.07930323172129272,0.009282603713041486,-0.006939232349395752,0.01,0.7137210369110107,0.706781804561615,8726.0,2229.0,6497.0,1000,0.95,0.37552722938655997,0.5023551824222144,0.036927654391023884,0.13574795542865833,0.004601107911111015,0.017919806645510038,-0.05414921560676017,0.02697624981642241,conversation_group,conditional_on_both_classes_present,995,5,589,61,0.6259167787077945,0.31811198376764005,0.006171876994444703,7503,9949,conversation_group,ok,325,325,0,-0.07885579116872032,-0.14337243436736816,0.01756958217104751,conversation_group,conditional_on_both_classes_present,994.0,6.0,589.0,61.0
mlp,42,NF-ToN-IoT,ssd_canonical@alpha=2,0.46523142169880294,0.060508824203529654,0.006303002521201009,-0.12168765068054199,0.01,1.54668390750885,1.424996256828308,8726.0,2229.0,6497.0,1000,0.95,0.4069113064978323,0.5184966300671422,0.02982399084994434,0.15114148717672468,0.0034361455214173774,0.0148633759632061,-0.3572403900523045,0.05521345146720169,conversation_group,conditional_on_both_classes_present,995,5,589,61,0.6324481138094984,0.25853131670818164,0.012796538632862385,7503,9949,conversation_group,ok,325,325,0,-0.0444441264757941,-0.08930021870422138,0.005051837472880645,conversation_group,conditional_on_both_classes_present,994.0,6.0,589.0,61.0
mlp,42,NF-ToN-IoT,ssd_canonical@alpha=3,0.40321249301774986,0.030827412330964976,0.00206280082512033,-0.18153488636016846,0.01,0.9899266362190247,0.8083917498588562,8726.0,2229.0,6497.0,1000,0.95,0.35676937316795676,0.47317254628438793,0.0007358653475272648,0.12309165750871237,0.0004751443939657953,0.01070448430578716,-0.2896761263021739,-0.044257436390828395,conversation_group,conditional_on_both_classes_present,995,5,589,61,0.5956920152975926,0.2900033483823917,0.017511052866022444,7503,9949,conversation_group,ok,325,325,0,-0.10646305515684718,-0.15883461758885256,-0.01093108435669456,conversation_group,conditional_on_both_classes_present,994.0,6.0,589.0,61.0
mlp,42,NF-ToN-IoT,ssd_canonical@alpha=5,0.5076846054919032,0.12789365115746054,0.012949805179922072,0.07822871208190918,0.01,2.0568692684173584,2.1350979804992676,8726.0,2229.0,6497.0,1000,0.95,0.45175754827645503,0.604710534380599,0.054749526178878925,0.28621785978813,0.006808672333384761,0.022429018866842253,-0.09142541304301446,0.3592016560394886,conversation_group,conditional_on_both_classes_present,995,5,589,61,0.46114587008544894,0.056060134554291076,0.03243278136082726,7503,9949,conversation_group,ok,325,325,0,-0.0019909426826938414,-0.09170464960097675,0.14841161975514244,conversation_group,conditional_on_both_classes_present,994.0,6.0,589.0,61.0
mlp,42,NF-ToN-IoT,dc_ssd_no_contrast,0.6106209775397043,0.2702269080907632,0.09087783635113454,0.09907805919647217,0.01,0.7900940775871277,0.8891721367835999,8726.0,2229.0,6497.0,1000,0.95,0.5340711884506404,0.7008368989204223,0.15709679498824017,0.38239026611145494,0.04086556122564971,0.1918006291540587,-0.09353872993221497,0.4199963606761046,conversation_group,conditional_on_both_classes_present,995,5,589,61,0.5962750263807326,0.282530359316081,0.08282012034115561,7503,9949,conversation_group,ok,325,325,0,0.10094542936510731,0.017702245943336217,0.23377940885362164,conversation_group,conditional_on_both_classes_present,994.0,6.0,589.0,61.0
mlp,42,NF-ToN-IoT,dc_ssd_no_class_balance,0.35470317090946,0.0017190006876002806,0.00206280082512033,-0.13158845901489258,0.01,0.7537708878517151,0.6221824288368225,8726.0,2229.0,6497.0,1000,0.95,0.26803559724380505,0.5392878767953986,0.0,0.13483699276578542,0.0,0.02897125886830038,-0.23403755488130934,0.031992678414690286,conversation_group,conditional_on_both_classes_present,995,5,589,61,0.6521101312142595,0.3142413330673709,0.03704261183196991,7503,9949,conversation_group,ok,325,325,0,-0.15497237726513702,-0.24632106691972064,0.06275740940714587,conversation_group,conditional_on_both_classes_present,994.0,6.0,589.0,61.0
mlp,42,NF-ToN-IoT,dc_ssd,0.4786270848842513,0.07185422874169149,0.04033921613568645,-0.10636109113693237,0.01,0.9837527871131897,0.8773916959762573,8726.0,2229.0,6497.0,1000,0.95,0.40182213276996626,0.6054770709356416,0.03350830561250438,0.19055239471873528,0.02139567703130159,0.07295210742330263,-0.2927649449641098,0.19303171406687533,conversation_group,conditional_on_both_classes_present,995,5,589,61,0.512695679904664,0.11677818959635104,0.027540611728845924,7503,9949,conversation_group,ok,325,325,0,-0.031048463290345718,-0.10435025791457021,0.13416540132019747,conversation_group,conditional_on_both_classes_present,994.0,6.0,589.0,61.0
mlp,42,NF-ToN-IoT,scrub_r,0.6194213771978426,0.2666743066697227,0.001031400412560165,0.799216628074646,0.01,1.4198533296585083,2.2190699577331543,8726.0,2229.0,6497.0,1000,0.95,0.4355344923501018,0.6723381111822544,0.07763181800088662,0.355018193965457,0.0,0.052332082135882016,-0.4571971808385672,1.2397215279601135,conversation_group,conditional_on_both_classes_present,995,5,589,61,0.5289038165440834,0.1445100367833776,0.0006370162149062371,7503,9949,conversation_group,ok,325,325,0,0.10974582902324559,-0.035226523942993526,0.1592058782975204,conversation_group,conditional_on_both_classes_present,994.0,6.0,589.0,61.0
mlp,42,NF-ToN-IoT,scrub_r@lr=0.001,0.5940287072195507,0.21693788677515474,0.0005730002292000917,0.5751720666885376,0.01,1.5839537382125854,2.159125804901123,8726.0,2229.0,6497.0,1000,0.95,0.44846805813713625,0.6509040305946339,0.06416732324569706,0.33697010216247647,0.0001119322754023062,0.042694258537506,-0.45541977414497387,0.9643983888559617,conversation_group,conditional_on_both_classes_present,995,5,589,61,0.4647300966595642,0.05523559717332949,0.00042467747660415923,7503,9949,conversation_group,ok,325,325,0,0.08435315904495366,-0.02067549759920509,0.11429473319322822,conversation_group,conditional_on_both_classes_present,994.0,6.0,589.0,61.0
mlp,42,NF-ToN-IoT,retrained,0.509675548174597,0.11207884483153796,0.005959202383680954,-0.07730042934417725,0.01,1.8465410470962524,1.7692406177520752,8726.0,2229.0,6497.0,1000,0.95,0.43112543586737007,0.5688731037207606,0.04228240150990468,0.18683556320770456,0.0016654228509029472,0.037023143781597205,-0.5563082484245226,0.2775315991960727,conversation_group,conditional_on_both_classes_present,995,5,589,61,0.5847864563820007,0.1597214158900992,0.027768806529753946,7503,9949,conversation_group,ok,325,325,0,0.0,0.0,0.0,,,,,,
mlp,42,NF-BoT-IoT,original,0.8387461972292334,0.6410920685532084,0.6227580709445995,0.018594011664390564,0.01,0.006853466387838125,0.025447478517889977,10036.0,36.0,10000.0,1000,0.95,0.7068217931907715,0.933702390312829,0.4766405903241919,0.8138405927166983,0.44182207602203605,0.8043948611158459,0.004197922191623589,0.02800997580293225,conversation_group,conditional_on_both_classes_present,999,1,38,5,0.7820727125008652,0.571488134277572,0.5461768171035424,6895,13177,conversation_group,ok,21,22,0,0.43839285487351154,0.22562633054155087,0.6924832036142637,conversation_group,ok,1000.0,0.0,38.0,5.0
mlp,42,NF-BoT-IoT,rollback_repair,0.17867280023878962,0.007871662016739722,0.004882423276205659,-0.009844779968261719,0.01,8.8732271194458,8.863382339477539,10036.0,36.0,10000.0,1000,0.95,0.10032772309290373,0.3023729828035975,0.0022339726490368805,0.08193373378365577,0.003790165636102893,0.051494780387829946,-0.017741762596281855,0.0002663081254907739,conversation_group,conditional_on_both_classes_present,999,1,38,5,0.7731065763116048,0.52373625483673,0.015761689828583367,6895,13177,conversation_group,ok,21,22,0,-0.22168054211693222,-0.467663270006144,0.09175869352480838,conversation_group,ok,1000.0,0.0,38.0,5.0
mlp,42,NF-BoT-IoT,ssd_canonical,0.8387461972292334,0.6410920685532084,0.6227580709445995,0.018594011664390564,0.01,0.006853466387838125,0.025447478517889977,10036.0,36.0,10000.0,1000,0.95,0.7068217931907715,0.933702390312829,0.4766405903241919,0.8138405927166983,0.44182207602203605,0.8043948611158459,0.004197922191623589,0.02800997580293225,conversation_group,conditional_on_both_classes_present,999,1,38,5,0.7820727125008652,0.571488134277572,0.5461768171035424,6895,13177,conversation_group,ok,21,22,0,0.43839285487351154,0.22562633054155087,0.6924832036142637,conversation_group,ok,1000.0,0.0,38.0,5.0
mlp,42,NF-BoT-IoT,ssd_canonical@alpha=1,0.8332102924886907,0.622359505779195,0.608509366281387,0.01941807009279728,0.01,0.007174801081418991,0.02659287117421627,10036.0,36.0,10000.0,1000,0.95,0.7012464496068582,0.9286148973084779,0.4682338925830275,0.7845178630589704,0.42694995607710134,0.7678053012254604,0.00428112658158325,0.029693055286668397,conversation_group,conditional_on_both_classes_present,999,1,38,5,0.7751255557216179,0.5547186252414766,0.5245901549470032,6895,13177,conversation_group,ok,21,22,0,0.4328569501329689,0.22487844800222817,0.6845330936266387,conversation_group,ok,1000.0,0.0,38.0,5.0
mlp,42,NF-BoT-IoT,ssd_canonical@alpha=2,0.8419055539158273,0.6549422080510163,0.6542447190115583,0.018544502556324005,0.01,0.006958054378628731,0.025502556934952736,10036.0,36.0,10000.0,1000,0.95,0.7101801913734042,0.9375751786959496,0.48280978867836205,0.834259827374003,0.4710984919236806,0.8392547210782495,0.004348593911873832,0.02798424544474466,conversation_group,conditional_on_both_classes_present,999,1,38,5,0.7846902906151734,0.5805530802104374,0.5718752244327556,6895,13177,conversation_group,ok,21,22,0,0.4415522115601055,0.2280498065973197,0.696097611891157,conversation_group,ok,1000.0,0.0,38.0,5.0
mlp,42,NF-BoT-IoT,ssd_canonical@alpha=3,0.8387461972292334,0.6410920685532084,0.6227580709445995,0.018594011664390564,0.01,0.006853466387838125,0.025447478517889977,10036.0,36.0,10000.0,1000,0.95,0.7068217931907715,0.933702390312829,0.4766405903241919,0.8138405927166983,0.44182207602203605,0.8043948611158459,0.004197922191623589,0.02800997580293225,conversation_group,conditional_on_both_classes_present,999,1,38,5,0.7820727125008652,0.571488134277572,0.5461768171035424,6895,13177,conversation_group,ok,21,22,0,0.43839285487351154,0.22562633054155087,0.6924832036142637,conversation_group,ok,1000.0,0.0,38.0,5.0
mlp,42,NF-BoT-IoT,ssd_canonical@alpha=5,0.8387461972292334,0.6410920685532084,0.6227580709445995,0.018594011664390564,0.01,0.006853466387838125,0.025447478517889977,10036.0,36.0,10000.0,1000,0.95,0.7068217931907715,0.933702390312829,0.4766405903241919,0.8138405927166983,0.44182207602203605,0.8043948611158459,0.004197922191623589,0.02800997580293225,conversation_group,conditional_on_both_classes_present,999,1,38,5,0.7820727125008652,0.571488134277572,0.5461768171035424,6895,13177,conversation_group,ok,21,22,0,0.43839285487351154,0.22562633054155087,0.6924832036142637,conversation_group,ok,1000.0,0.0,38.0,5.0
mlp,42,NF-BoT-IoT,dc_ssd_no_contrast,0.3328766986874355,0.2278796333200478,0.00219210840972499,0.18342554569244385,0.01,1.1812500953674316,1.3646756410598755,10036.0,36.0,10000.0,1000,0.95,0.05838583498165131,0.552064216757004,0.0019284870438376718,0.44410483067708556,0.0005785143027725393,0.004108306352039677,-1.0751820333342919,1.1735551642886386,conversation_group,conditional_on_both_classes_present,999,1,38,5,0.7562031591770974,0.6053799279591866,0.5780428421917668,6895,13177,conversation_group,ok,21,22,0,-0.06747664366828632,-0.13911292035220632,-0.025394622963951025,conversation_group,ok,1000.0,0.0,38.0,5.0
mlp,42,NF-BoT-IoT,dc_ssd_no_class_balance,0.8230833179509526,0.5875846950976485,0.5691510561976884,0.019372904673218727,0.01,0.006889138836413622,0.02626204304397106,10036.0,36.0,10000.0,1000,0.95,0.6820734596407254,0.9220291689699133,0.4305881629364938,0.756959456470837,0.4029310981404698,0.7378148486139078,0.00536422641593992,0.028468198805904853,conversation_group,conditional_on_both_classes_present,999,1,38,5,0.7634682427708227,0.5228017928159877,0.5072865606786663,6895,13177,conversation_group,ok,21,22,0,0.42272997559523073,0.21217877572160357,0.6761541392149926,conversation_group,ok,1000.0,0.0,38.0,5.0
mlp,42,NF-BoT-IoT,dc_ssd,0.3046865332233215,0.152451175767238,0.004982064567556795,-0.1559743881225586,0.01,2.2504172325134277,2.094442844390869,10036.0,36.0,10000.0,1000,0.95,0.08059510638656239,0.47742918556734615,0.0014842593969460706,0.31013446130686373,0.0036930852907674926,0.0066845884736779285,-0.7018063349274705,0.2648319915647115,conversation_group,conditional_on_both_classes_present,999,1,38,5,0.82484480797446,0.5377259569063465,0.20404535419394956,6895,13177,conversation_group,ok,21,22,0,-0.09566680913240033,-0.15640688668688696,-0.039878649554451515,conversation_group,ok,1000.0,0.0,38.0,5.0
mlp,42,NF-BoT-IoT,scrub_r,0.4918480298347234,0.22618573136707854,0.0018931845356715824,0.3906956911087036,0.01,0.9274940490722656,1.3181897401809692,10036.0,36.0,10000.0,1000,0.95,0.37631640557261004,0.5714629372115388,0.017104963730085295,0.4516265545823821,0.000461722756412183,0.011135914609727376,-0.18386412094182883,0.843506720808647,conversation_group,conditional_on_both_classes_present,999,1,38,5,0.641240656119498,0.2552367863950318,0.024499148320515442,6895,13177,conversation_group,ok,21,22,0,0.09149468747900158,-0.037070300299403024,0.2538139999022117,conversation_group,ok,1000.0,0.0,38.0,5.0
mlp,42,NF-BoT-IoT,scrub_r@lr=0.001,0.7577609009320134,0.5687524910322839,0.0018931845356715824,0.48532724380493164,0.01,1.7358145713806152,2.221141815185547,10036.0,36.0,10000.0,1000,0.95,0.6816380281262172,0.8562496908832129,0.4480555669975818,0.6903712089875282,0.000549604504668521,0.007178393306602105,0.1569427877431549,0.7401543237786339,conversation_group,conditional_on_both_classes_present,999,1,38,5,0.8334067060173878,0.6027505532282371,0.1766337197094554,6895,13177,conversation_group,ok,21,22,0,0.3574075585762916,0.10527676425477121,0.6748363034842915,conversation_group,ok,1000.0,0.0,38.0,5.0
mlp,42,NF-BoT-IoT,retrained,0.40035334235572184,0.2226982861697887,0.005380629732961339,0.19147276878356934,0.01,2.778399705886841,2.96987247467041,10036.0,36.0,10000.0,1000,0.95,0.14217389147877957,0.597989700926786,0.021455528759730353,0.44439819800338987,0.0033555686932369593,0.1394039219756414,-1.27813400835512,1.330582827968821,conversation_group,conditional_on_both_classes_present,999,1,38,5,0.8150082518000958,0.5715150748816997,0.40153481204000696,6895,13177,conversation_group,ok,21,22,0,0.0,0.0,0.0,,,,,,
mlp,42,NF-CSE-CIC-IDS2018,original,0.7509378956175435,0.3606853020739405,0.029080252479711452,0.5593867301940918,0.01,0.07660850137472153,0.6359952092170715,13308.0,10000.0,3308.0,1000,0.95,0.6451447008316089,0.8195502528928899,0.23726999851972028,0.45121766713126604,0.009600290186154097,0.1874996781628017,0.02422918432925142,1.1834409374569752,conversation_group,ok,1000,0,8448,1504,0.7530947644277439,0.3663697793207511,0.03284852612575333,11768,14848,conversation_group,ok,4976,4976,0,0.3619882369604142,0.28758505574166066,0.4839919766296372,conversation_group,conditional_on_both_classes_present,998.0,2.0,8448.0,1504.0
mlp,42,NF-CSE-CIC-IDS2018,rollback_repair,0.6814013154524706,0.4342500751427712,0.0,0.05387401580810547,0.01,12.436895370483398,12.490769386291504,13308.0,10000.0,3308.0,1000,0.95,0.6623668044413669,0.6907477043831233,0.4066221829173203,0.45909244645180924,0.0,0.02337290701725251,0.05029825849380903,0.05681804221254576,conversation_group,ok,1000,0,8448,1504,0.76667146971181,0.4253830255304328,0.04803307959376116,11768,14848,conversation_group,ok,4976,4976,0,0.2924516567953413,0.2082646340187545,0.37385366510774176,conversation_group,conditional_on_both_classes_present,998.0,2.0,8448.0,1504.0
mlp,42,NF-CSE-CIC-IDS2018,ssd_canonical,0.7509378956175435,0.3606853020739405,0.029080252479711452,0.5593867301940918,0.01,0.07660850137472153,0.6359952092170715,13308.0,10000.0,3308.0,1000,0.95,0.6451447008316089,0.8195502528928899,0.23726999851972028,0.45121766713126604,0.009600290186154097,0.1874996781628017,0.02422918432925142,1.1834409374569752,conversation_group,ok,1000,0,8448,1504,0.7530947644277439,0.3663697793207511,0.03284852612575333,11768,14848,conversation_group,ok,4976,4976,0,0.3619882369604142,0.28758505574166066,0.4839919766296372,conversation_group,conditional_on_both_classes_present,998.0,2.0,8448.0,1504.0
mlp,42,NF-CSE-CIC-IDS2018,ssd_canonical@alpha=1,0.6551200662683806,0.28013225127742714,0.07972648031259393,0.4251473546028137,0.01,0.16959352791309357,0.5947408676147461,13308.0,10000.0,3308.0,1000,0.95,0.5466691923880264,0.7359696527778476,0.13775746107761797,0.3696859023642583,0.04489232571166658,0.2749833536673482,-0.006520296981844996,0.9527900281819678,conversation_group,ok,1000,0,8448,1504,0.652133238619117,0.2785090877651467,0.0506050877866349,11768,14848,conversation_group,ok,4976,4976,0,0.26617040761125127,0.19607064097319704,0.3722158436788995,conversation_group,conditional_on_both_classes_present,998.0,2.0,8448.0,1504.0
mlp,42,NF-CSE-CIC-IDS2018,ssd_canonical@alpha=2,0.7484150764495825,0.4437932070934776,0.024045686804929366,0.3053932189941406,0.01,0.09459579735994339,0.3999890089035034,13308.0,10000.0,3308.0,1000,0.95,0.637378491817539,0.8355050432198184,0.31742093518833286,0.5502335952169773,0.006987544247181286,0.2713350709399562,0.038896760953617014,0.6054659722265762,conversation_group,ok,1000,0,8448,1504,0.7489168207219256,0.4367747777927233,0.031034764869823643,11768,14848,conversation_group,ok,4976,4976,0,0.35946541779245317,0.28510479011019724,0.46690975879143287,conversation_group,conditional_on_both_classes_present,998.0,2.0,8448.0,1504.0
mlp,42,NF-CSE-CIC-IDS2018,ssd_canonical@alpha=3,0.7618895112842443,0.40051097084460474,0.03118425007514277,0.5608288645744324,0.01,0.07715355604887009,0.6379824280738831,13308.0,10000.0,3308.0,1000,0.95,0.6590167653486242,0.8285036455622516,0.2773427859375997,0.4847804654191551,0.012522872735495993,0.1627285970742882,0.02385799068488638,1.1877381515165697,conversation_group,ok,1000,0,8448,1504,0.7640051332633084,0.4047059667235894,0.0373211780855767,11768,14848,conversation_group,ok,4976,4976,0,0.372939852627115,0.29935264026530267,0.4941250177119733,conversation_group,conditional_on_both_classes_present,998.0,2.0,8448.0,1504.0
mlp,42,NF-CSE-CIC-IDS2018,ssd_canonical@alpha=5,0.7509378956175435,0.3606853020739405,0.029080252479711452,0.5593867301940918,0.01,0.07660850137472153,0.6359952092170715,13308.0,10000.0,3308.0,1000,0.95,0.6451447008316089,0.8195502528928899,0.23726999851972028,0.45121766713126604,0.009600290186154097,0.1874996781628017,0.02422918432925142,1.1834409374569752,conversation_group,ok,1000,0,8448,1504,0.7530947644277439,0.3663697793207511,0.03284852612575333,11768,14848,conversation_group,ok,4976,4976,0,0.3619882369604142,0.28758505574166066,0.4839919766296372,conversation_group,conditional_on_both_classes_present,998.0,2.0,8448.0,1504.0
mlp,42,NF-CSE-CIC-IDS2018,dc_ssd_no_contrast,0.6846298374937629,0.31409678388938983,0.06965734896302976,0.2579891085624695,0.01,0.13667745888233185,0.39466655254364014,13308.0,10000.0,3308.0,1000,0.95,0.5788060269397156,0.7696638819266672,0.18702975514150202,0.41695960539208415,0.03986939747701244,0.2734300704220707,0.021390125469765386,0.5270245639535747,conversation_group,ok,1000,0,8448,1504,0.6832334242537516,0.30805214670605985,0.041183574234837324,11768,14848,conversation_group,ok,4976,4976,0,0.2956801788366336,0.2267387478041924,0.4004698850321574,conversation_group,conditional_on_both_classes_present,998.0,2.0,8448.0,1504.0
mlp,42,NF-CSE-CIC-IDS2018,dc_ssd_no_class_balance,0.7443246315881149,0.42260294559663364,0.05252479711451758,0.2691184878349304,0.01,0.11570750921964645,0.38482600450515747,13308.0,10000.0,3308.0,1000,0.95,0.6366810691091056,0.8306521015545375,0.30390556611552366,0.5383090795607285,0.009212548752231937,0.27363921578334327,0.042721860437120666,0.5275793237992152,conversation_group,ok,1000,0,8448,1504,0.7410159418825213,0.4162360367824887,0.03530020648700323,11768,14848,conversation_group,ok,4976,4976,0,0.3553749729309856,0.2848618142257718,0.4605633549770096,conversation_group,conditional_on_both_classes_present,998.0,2.0,8448.0,1504.0
mlp,42,NF-CSE-CIC-IDS2018,dc_ssd,0.5918759873922761,0.18733092876465285,0.07191163210099188,0.06781858205795288,0.01,0.30391839146614075,0.37173697352409363,13308.0,10000.0,3308.0,1000,0.95,0.4992711271946424,0.6832865301846628,0.05863110401432987,0.2764407756469047,0.038922197521927944,0.26487416712062595,-0.06696612654669183,0.4145190732574508,conversation_group,ok,1000,0,8448,1504,0.5897372257203121,0.1822681246999998,0.044566510689841785,11768,14848,conversation_group,ok,4976,4976,0,0.20292632873514677,0.1422761118539879,0.3154297020212349,conversation_group,conditional_on_both_classes_present,998.0,2.0,8448.0,1504.0
mlp,42,NF-CSE-CIC-IDS2018,scrub_r,0.38263323624173573,0.04553651938683499,0.0546287947099489,-0.2522701025009155,0.01,0.9643177390098572,0.7120476365089417,13308.0,10000.0,3308.0,1000,0.95,0.31747560874312236,0.4567718566142622,0.021176898169284017,0.09624371743690648,0.026582761096902118,0.10414389165236282,-0.4170354240203446,-0.06090153038344916,conversation_group,ok,1000,0,8448,1504,0.6319786082048312,0.22874995603317272,0.01682609919922165,11768,14848,conversation_group,ok,4976,4976,0,-0.006316422415393597,-0.023086223499642563,0.06494074751600559,conversation_group,conditional_on_both_classes_present,998.0,2.0,8448.0,1504.0
mlp,42,NF-CSE-CIC-IDS2018,scrub_r@lr=0.001,0.37925952738968693,0.038548241659152396,0.044860234445446345,-0.24892497062683105,0.01,0.9613838791847229,0.7124589085578918,13308.0,10000.0,3308.0,1000,0.95,0.3135592328677413,0.4525844526802977,0.007863473424160316,0.10222157690405102,0.007871482497603334,0.10971179258412644,-0.41473094898926643,-0.06225741385214559,conversation_group,ok,1000,0,8448,1504,0.5780239368512223,0.13781086724021208,0.01308478674681418,11768,14848,conversation_group,ok,4976,4976,0,-0.009690131267442392,-0.02642215055383684,0.06523859749015869,conversation_group,conditional_on_both_classes_present,998.0,2.0,8448.0,1504.0
mlp,42,NF-CSE-CIC-IDS2018,retrained,0.3889496586571293,0.027502254283137906,0.00510970844604749,-0.4482088088989258,0.01,1.9094667434692383,1.4612579345703125,13308.0,10000.0,3308.0,1000,0.95,0.31241701336026856,0.46726925244709006,0.0,0.09560789429281391,0.0016265521065161144,0.0825160146245514,-0.9452237260173427,0.16758431125442838,conversation_group,ok,1000,0,8448,1504,0.5635183711186897,0.17409891183421072,0.004609985967203058,11768,14848,conversation_group,ok,4976,4976,0,0.0,0.0,0.0,,,,,,
numerical_feature_transformer,42,NF-UNSW-NB15,original,0.48114321277915195,0.0017235436056532993,0.008014477766287487,-0.000669973436743021,0.01,0.005778779275715351,0.00510880583897233,11604.0,10000.0,1604.0,1000,0.95,0.472391725771006,0.49037312109131137,0.00023969191092889654,0.013369310881436305,0.004308434290833557,0.011157470961080341,-0.003650348257378114,0.004317839588475535,conversation_group,ok,1000,0,254,29,0.515406134944239,0.02901693530531052,0.006907494750905837,9845,13363,conversation_group,ok,141,142,0,-0.04159931939336492,-0.06120707537210102,-0.027198853005126623,conversation_group,ok,1000.0,0.0,254.0,29.0
numerical_feature_transformer,42,NF-UNSW-NB15,rollback_repair,0.4919146770758957,0.0011203033436745224,0.005860048259220959,-0.0015552639961242676,0.01,0.6043983101844788,0.6028430461883545,11604.0,10000.0,1604.0,1000,0.95,0.4721071994774303,0.5039578263329539,9.22965254062814e-05,0.01653204348279429,0.00030319090124146335,0.016451284251561744,-0.006688462644928486,0.001234185437825951,conversation_group,ok,1000,0,254,29,0.5120607897862017,0.025646142606384426,0.009787248858685102,9845,13363,conversation_group,ok,141,142,0,-0.03082785509662117,-0.0643074634642515,-0.00832489436527363,conversation_group,ok,1000.0,0.0,254.0,29.0
numerical_feature_transformer,42,NF-UNSW-NB15,ssd_canonical,0.48114321277915195,0.0017235436056532993,0.008014477766287487,-0.000669973436743021,0.01,0.005778779275715351,0.00510880583897233,11604.0,10000.0,1604.0,1000,0.95,0.472391725771006,0.49037312109131137,0.00023969191092889654,0.013369310881436305,0.004308434290833557,0.011157470961080341,-0.003650348257378114,0.004317839588475535,conversation_group,ok,1000,0,254,29,0.515406134944239,0.02901693530531052,0.006907494750905837,9845,13363,conversation_group,ok,141,142,0,-0.04159931939336492,-0.06120707537210102,-0.027198853005126623,conversation_group,ok,1000.0,0.0,254.0,29.0
numerical_feature_transformer,42,NF-UNSW-NB15,ssd_canonical@alpha=1,0.48099300426067587,0.0014650120648053155,0.007928300586004825,-0.00022597284987568855,0.01,0.00493690324947238,0.004710930399596691,11604.0,10000.0,1604.0,1000,0.95,0.47070061393959617,0.490968228940047,0.0002297765306363597,0.015126878537226662,0.0031011946410417234,0.011445371762514303,-0.0030363817324757874,0.004872781026366431,conversation_group,ok,1000,0,254,29,0.5147038640980941,0.02971529783625998,0.00854131296586301,9845,13363,conversation_group,ok,141,142,0,-0.041749527911841,-0.06168600572838454,-0.02641421256773233,conversation_group,ok,1000.0,0.0,254.0,29.0
numerical_feature_transformer,42,NF-UNSW-NB15,ssd_canonical@alpha=2,0.4809951282415067,0.0018097207859358866,0.008445363667700793,-0.0006801518611609936,0.01,0.005895896814763546,0.005215744953602552,11604.0,10000.0,1604.0,1000,0.95,0.4719417860912517,0.490542362475184,0.00023366962596132868,0.012990180254362934,0.0041899724709509485,0.01164904701242576,-0.003649461446634098,0.004297251524892317,conversation_group,ok,1000,0,254,29,0.5146379880221035,0.02912998221781693,0.0071484530368285575,9845,13363,conversation_group,ok,141,142,0,-0.041747403931010174,-0.060434819246734744,-0.028250378019737187,conversation_group,ok,1000.0,0.0,254.0,29.0
numerical_feature_transformer,42,NF-UNSW-NB15,ssd_canonical@alpha=3,0.48114321277915195,0.0017235436056532993,0.008014477766287487,-0.000669973436743021,0.01,0.005778779275715351,0.00510880583897233,11604.0,10000.0,1604.0,1000,0.95,0.472391725771006,0.49037312109131137,0.00023969191092889654,0.013369310881436305,0.004308434290833557,0.011157470961080341,-0.003650348257378114,0.004317839588475535,conversation_group,ok,1000,0,254,29,0.515406134944239,0.02901693530531052,0.006907494750905837,9845,13363,conversation_group,ok,141,142,0,-0.04159931939336492,-0.06120707537210102,-0.027198853005126623,conversation_group,ok,1000.0,0.0,254.0,29.0
numerical_feature_transformer,42,NF-UNSW-NB15,ssd_canonical@alpha=5,0.48114321277915195,0.0017235436056532993,0.008014477766287487,-0.000669973436743021,0.01,0.005778779275715351,0.00510880583897233,11604.0,10000.0,1604.0,1000,0.95,0.472391725771006,0.49037312109131137,0.00023969191092889654,0.013369310881436305,0.004308434290833557,0.011157470961080341,-0.003650348257378114,0.004317839588475535,conversation_group,ok,1000,0,254,29,0.515406134944239,0.02901693530531052,0.006907494750905837,9845,13363,conversation_group,ok,141,142,0,-0.04159931939336492,-0.06120707537210102,-0.027198853005126623,conversation_group,ok,1000.0,0.0,254.0,29.0
numerical_feature_transformer,42,NF-UNSW-NB15,dc_ssd_no_contrast,0.47947921490182577,0.0015511892450879028,0.007066528783178214,-0.0007953215390443802,0.01,0.005301689263433218,0.004506367724388838,11604.0,10000.0,1604.0,1000,0.95,0.4687844559566169,0.489758193109875,0.00020698394966990168,0.01622502396786059,0.0017427168370151378,0.011916349237738488,-0.0036153581580707023,0.004539235980715725,conversation_group,ok,1000,0,254,29,0.5160121513126519,0.029960501745107282,0.007581394929936577,9845,13363,conversation_group,ok,141,142,0,-0.043263317270691104,-0.06368897752910077,-0.027311361267102163,conversation_group,ok,1000.0,0.0,254.0,29.0
numerical_feature_transformer,42,NF-UNSW-NB15,dc_ssd_no_class_balance,0.4791841041036973,0.0002585315408479835,0.007583591864874182,-0.0009398581460118294,0.01,0.005582637153565884,0.004642779007554054,11604.0,10000.0,1604.0,1000,0.95,0.4687878840301335,0.48938373318524575,9.479101527807307e-05,0.014608649836908951,0.0012721627536279982,0.013397284862075962,-0.003848265881080575,0.004433178106491611,conversation_group,ok,1000,0,254,29,0.5173110934612031,0.02822015026389979,0.00892528018023359,9845,13363,conversation_group,ok,141,142,0,-0.0435584280688196,-0.06309381353220217,-0.028831432721081695,conversation_group,ok,1000.0,0.0,254.0,29.0
numerical_feature_transformer,42,NF-UNSW-NB15,dc_ssd,0.48121557294427475,0.0018097207859358866,0.005515339538090314,-0.0008802101947367191,0.01,0.005633431952446699,0.00475322175770998,11604.0,10000.0,1604.0,1000,0.95,0.47004066504725645,0.49100576737331925,0.00018385595710608603,0.016925493617201377,0.0012816370848338756,0.011787452900867825,-0.003739372449342531,0.004511108667631796,conversation_group,ok,1000,0,254,29,0.5139265718876842,0.030354897713499585,0.0075813949299365704,9845,13363,conversation_group,ok,141,142,0,-0.04152695922824212,-0.06004429907610508,-0.0276200816017792,conversation_group,ok,1000.0,0.0,254.0,29.0
numerical_feature_transformer,42,NF-UNSW-NB15,scrub_r,0.510392604785926,0.02507755946225443,0.0119786280592899,0.031124114990234375,0.01,0.7507405877113342,0.7818647027015686,11604.0,10000.0,1604.0,1000,0.95,0.5032644816309433,0.5174366720294526,0.016192535575249058,0.0409326960329303,0.008515907106393142,0.014545523193919023,-0.038533908676147206,0.10038214405236277,conversation_group,ok,1000,0,254,29,0.501756632617786,0.024891623867044188,0.01229876784651437,9845,13363,conversation_group,ok,141,142,0,-0.012349927386590909,-0.02693823573769592,-0.002291904408065376,conversation_group,ok,1000.0,0.0,254.0,29.0
numerical_feature_transformer,42,NF-UNSW-NB15,scrub_r@lr=0.001,0.5125312381138765,0.02662874870734233,0.009565667011375388,0.0615505576133728,0.01,0.7068819403648376,0.7684324979782104,11604.0,10000.0,1604.0,1000,0.95,0.5042213458886976,0.5206348556067417,0.019257943829166096,0.040442095357630506,0.006939591223817013,0.012594852030989073,0.01627253886229397,0.11464566803055884,conversation_group,ok,1000,0,254,29,0.5134905007279612,0.02775475767908886,0.011011687490483852,9845,13363,conversation_group,ok,141,142,0,-0.010211294058640408,-0.023485679589375648,-0.0006051085789502622,conversation_group,ok,1000.0,0.0,254.0,29.0
numerical_feature_transformer,42,NF-UNSW-NB15,retrained,0.5227425321725169,0.042226818338504,0.009393312650810065,0.06563222408294678,0.01,1.237221598625183,1.3028538227081299,11604.0,10000.0,1604.0,1000,0.95,0.509569641212142,0.5390666443780452,0.02879080154568266,0.06380980042822403,0.0074408641231330525,0.025928992429797168,0.012345283060174577,0.13313862872019394,conversation_group,ok,1000,0,254,29,0.5199022994628717,0.03626999559079719,0.010304473063773844,9845,13363,conversation_group,ok,141,142,0,0.0,0.0,0.0,,,,,,
numerical_feature_transformer,42,NF-ToN-IoT,original,0.7851108090248415,0.5511116204446481,0.01913820765528306,0.45257002115249634,0.01,0.2807157635688782,0.7332857847213745,8726.0,2229.0,6497.0,1000,0.95,0.613341550859644,0.8288958741155945,0.2939107850419875,0.6216551534510332,0.01143315949294923,0.1024358130720859,0.13405633077179618,0.5147893014579926,conversation_group,conditional_on_both_classes_present,995,5,589,61,0.8197235358083022,0.5700892619352249,0.06641445690073267,7503,9949,conversation_group,ok,325,325,0,0.2695974549281407,0.1525964366554429,0.34002571622634925,conversation_group,conditional_on_both_classes_present,994.0,6.0,589.0,61.0
numerical_feature_transformer,42,NF-ToN-IoT,rollback_repair,0.46371125064608637,0.05363282145312853,0.020398808159523264,-0.0005069971084594727,0.01,1.0026663541793823,1.0021593570709229,8726.0,2229.0,6497.0,1000,0.95,0.4166965216495559,0.576952130312061,0.02780625971000802,0.2514776305738468,0.011685426097310953,0.03293490274490131,-0.001274691746484657,0.0004532531808347006,conversation_group,conditional_on_both_classes_present,995,5,589,61,0.5415580134005629,0.2530133988859839,0.011281159057918343,7503,9949,conversation_group,ok,325,325,0,-0.05180210345061448,-0.11200108543276455,0.151948164919216,conversation_group,conditional_on_both_classes_present,994.0,6.0,589.0,61.0
numerical_feature_transformer,42,NF-ToN-IoT,ssd_canonical,0.7851108090248415,0.5511116204446481,0.01913820765528306,0.45257002115249634,0.01,0.2807157635688782,0.7332857847213745,8726.0,2229.0,6497.0,1000,0.95,0.613341550859644,0.8288958741155945,0.2939107850419875,0.6216551534510332,0.01143315949294923,0.1024358130720859,0.13405633077179618,0.5147893014579926,conversation_group,conditional_on_both_classes_present,995,5,589,61,0.8197235358083022,0.5700892619352249,0.06641445690073267,7503,9949,conversation_group,ok,325,325,0,0.2695974549281407,0.1525964366554429,0.34002571622634925,conversation_group,conditional_on_both_classes_present,994.0,6.0,589.0,61.0
numerical_feature_transformer,42,NF-ToN-IoT,ssd_canonical@alpha=1,0.36142772193757977,0.09798303919321567,0.00825120330048132,-0.002396106719970703,0.01,0.7868607640266418,0.7844646573066711,8726.0,2229.0,6497.0,1000,0.95,0.33481074886564893,0.4065027031579026,0.05471282742661702,0.13232805243145357,0.00289459907418534,0.032662405254398,-0.0032241011008999117,-0.0014561678663498284,conversation_group,conditional_on_both_classes_present,995,5,589,61,0.6314678758193362,0.26406326396913266,0.03552723225702657,7503,9949,conversation_group,ok,325,325,0,-0.15408563215912108,-0.21368653185561368,-0.031876567443638724,conversation_group,conditional_on_both_classes_present,994.0,6.0,589.0,61.0
numerical_feature_transformer,42,NF-ToN-IoT,ssd_canonical@alpha=2,0.40705847633473596,0.08354343341737337,0.019825807930323174,-0.001734316349029541,0.01,0.8367583751678467,0.8350240588188171,8726.0,2229.0,6497.0,1000,0.95,0.34814248350996846,0.4552701758024489,0.04857940506559396,0.12215961072158268,0.009055317243058305,0.038683616125068855,-0.0033224905499041222,-0.0005641324470102573,conversation_group,conditional_on_both_classes_present,995,5,589,61,0.5704366248812542,0.18101820673552604,0.05573229325628349,7503,9949,conversation_group,ok,325,325,0,-0.10845487776196489,-0.16456863789986026,-0.03815330766820424,conversation_group,conditional_on_both_classes_present,994.0,6.0,589.0,61.0
numerical_feature_transformer,42,NF-ToN-IoT,ssd_canonical@alpha=3,0.45647964103787975,0.06257162502865002,0.04675681870272748,-0.005673110485076904,0.01,0.9704834222793579,0.964810311794281,8726.0,2229.0,6497.0,1000,0.95,0.3508613106592531,0.5196293619941657,0.047775257654769414,0.16407176642019886,0.01754771431258297,0.06293879006765404,-0.013759047474657289,-0.0001847673248945478,conversation_group,conditional_on_both_classes_present,995,5,589,61,0.5165977590003022,0.1392701486889696,0.09738834051723894,7503,9949,conversation_group,ok,325,325,0,-0.0590337130588211,-0.11223137287466461,-0.004975866868798901,conversation_group,conditional_on_both_classes_present,994.0,6.0,589.0,61.0
numerical_feature_transformer,42,NF-ToN-IoT,ssd_canonical@alpha=5,0.6843994061915755,0.3628237451294981,0.04652761861104744,0.18712788820266724,0.01,0.6844555735588074,0.8715834617614746,8726.0,2229.0,6497.0,1000,0.95,0.5674043919072997,0.7720446314929426,0.216425068086372,0.47755646339845564,0.0291014689782479,0.08189891703534209,0.02155386444316868,0.29988800517295966,conversation_group,conditional_on_both_classes_present,995,5,589,61,0.7168514592892838,0.43240705878211516,0.05262649249478242,7503,9949,conversation_group,ok,325,325,0,0.16888605209487462,0.11577136075364741,0.23180785243877244,conversation_group,conditional_on_both_classes_present,994.0,6.0,589.0,61.0
numerical_feature_transformer,42,NF-ToN-IoT,dc_ssd_no_contrast,0.6405366654743498,0.2859271143708457,0.0033234013293605316,0.3176131248474121,0.01,1.1298089027404785,1.4474220275878906,8726.0,2229.0,6497.0,1000,0.95,0.5024375621594902,0.6817489183906303,0.05283463128907104,0.3627611440624039,0.0015198356318359006,0.028964388459745024,0.00745481625673725,0.41628087202847447,conversation_group,conditional_on_both_classes_present,995,5,589,61,0.6812126150869818,0.3077660388996013,0.04090389865819317,7503,9949,conversation_group,ok,325,325,0,0.125023311377649,0.052280705290121625,0.20170434271361642,conversation_group,conditional_on_both_classes_present,994.0,6.0,589.0,61.0
numerical_feature_transformer,42,NF-ToN-IoT,dc_ssd_no_class_balance,0.38745878876760903,0.07746963098785242,0.007219802887921155,-6.318092346191406e-05,0.01,0.5844046473503113,0.5843414664268494,8726.0,2229.0,6497.0,1000,0.95,0.33204457739378807,0.43373948416960284,0.05183510300441347,0.11354473036488488,0.0016717881413750935,0.04342340046679352,-0.0002162361195382212,4.5720525723474935e-05,conversation_group,conditional_on_both_classes_present,995,5,589,61,0.5,0.0,0.0,7503,9949,conversation_group,ok,325,325,0,-0.12805456532909182,-0.182582782386825,-0.057513532220976764,conversation_group,conditional_on_both_classes_present,994.0,6.0,589.0,61.0
numerical_feature_transformer,42,NF-ToN-IoT,dc_ssd,0.6240508066682255,0.3546871418748567,0.036901214760485905,0.008568286895751953,0.01,0.6477394104003906,0.6563076972961426,8726.0,2229.0,6497.0,1000,0.95,0.5546841582823507,0.681753735794808,0.20611431479759712,0.4558178654461552,0.005323775012315218,0.10900647092977912,-0.004385354354446091,0.025574148002609254,conversation_group,conditional_on_both_classes_present,995,5,589,61,0.7021483267317534,0.39595769667670466,0.031149469040521315,7503,9949,conversation_group,ok,325,325,0,0.1085374525715247,0.06744670161475388,0.2038389929198406,conversation_group,conditional_on_both_classes_present,994.0,6.0,589.0,61.0
numerical_feature_transformer,42,NF-ToN-IoT,scrub_r,0.5459947730506711,0.20971808388723356,0.030139812055924822,-0.08832734823226929,0.01,0.8891136646270752,0.8007863163948059,8726.0,2229.0,6497.0,1000,0.95,0.4513891888717386,0.6123443538084696,0.08553717130077625,0.32819239011254236,0.012878267951748455,0.0667032023485541,-0.5326514300702391,0.23994864375182282,conversation_group,conditional_on_both_classes_present,995,5,589,61,0.626393463090889,0.2730893329141656,0.03511273591037699,7503,9949,conversation_group,ok,325,325,0,0.030481418953970274,-0.014131711325384513,0.11455721605196764,conversation_group,conditional_on_both_classes_present,994.0,6.0,589.0,61.0
numerical_feature_transformer,42,NF-ToN-IoT,scrub_r@lr=0.001,0.5290909773595172,0.16502406600962644,0.011345404538161815,0.05003178119659424,0.01,1.6809074878692627,1.730939269065857,8726.0,2229.0,6497.0,1000,0.95,0.3918196670862613,0.5854282054230963,0.04567071211297916,0.3006470809566909,0.0,0.059570337439695586,-0.6556835375783366,0.5960556595241642,conversation_group,conditional_on_both_classes_present,995,5,589,61,0.5570266550597214,0.20356545570239526,0.00658250088736453,7503,9949,conversation_group,ok,325,325,0,0.013577623262816307,-0.030901107554267566,0.05715323004467205,conversation_group,conditional_on_both_classes_present,994.0,6.0,589.0,61.0
numerical_feature_transformer,42,NF-ToN-IoT,retrained,0.5155133540967008,0.0982122392848957,0.029566811826724732,-0.3214882016181946,0.01,1.1608576774597168,0.8393694758415222,8726.0,2229.0,6497.0,1000,0.95,0.40704323679243964,0.5823887793264593,0.028971128893373093,0.22032680771555713,0.004600797335452228,0.05685233383144254,-0.90669795744768,0.19405319327376674,conversation_group,conditional_on_both_classes_present,995,5,589,61,0.6265112863912639,0.2210104554168122,0.012336276577316937,7503,9949,conversation_group,ok,325,325,0,0.0,0.0,0.0,,,,,,
numerical_feature_transformer,42,NF-BoT-IoT,original,0.8773984004336084,0.6902152251893185,0.692805898764448,0.02247362583875656,0.01,0.009312971495091915,0.03178659826517105,10036.0,36.0,10000.0,1000,0.95,0.7746955769095429,0.961839260349135,0.5108265335587188,0.8820452220349444,0.4826778754994986,0.8845394509400664,0.0017974128364720142,0.038487363872331516,conversation_group,conditional_on_both_classes_present,999,1,38,5,0.8143118403794278,0.6002140226464512,0.6035699268054521,6895,13177,conversation_group,ok,21,22,0,0.19037332482298486,-0.052576157862853364,0.37302564819670836,conversation_group,ok,1000.0,0.0,38.0,5.0
numerical_feature_transformer,42,NF-BoT-IoT,rollback_repair,0.1986164971507118,0.028796333200478363,0.005280988441610204,-0.003185868263244629,0.01,1.473598599433899,1.4704127311706543,10036.0,36.0,10000.0,1000,0.95,0.10248069205014383,0.2916856232317061,0.0005739338381825637,0.06690472046447028,0.0038196376958701773,0.007789104594726152,-0.003959075350781582,-0.002384634406304577,conversation_group,conditional_on_both_classes_present,999,1,38,5,0.7696871147046835,0.4911333830064061,0.016104335259639526,6895,13177,conversation_group,ok,21,22,0,-0.4884085784599117,-0.7775686110629465,-0.2523351712566293,conversation_group,ok,1000.0,0.0,38.0,5.0
numerical_feature_transformer,42,NF-BoT-IoT,ssd_canonical,0.8773984004336084,0.6902152251893185,0.692805898764448,0.02247362583875656,0.01,0.009312971495091915,0.03178659826517105,10036.0,36.0,10000.0,1000,0.95,0.7746955769095429,0.961839260349135,0.5108265335587188,0.8820452220349444,0.4826778754994986,0.8845394509400664,0.0017974128364720142,0.038487363872331516,conversation_group,conditional_on_both_classes_present,999,1,38,5,0.8143118403794278,0.6002140226464512,0.6035699268054521,6895,13177,conversation_group,ok,21,22,0,0.19037332482298486,-0.052576157862853364,0.37302564819670836,conversation_group,ok,1000.0,0.0,38.0,5.0
numerical_feature_transformer,42,NF-BoT-IoT,ssd_canonical@alpha=1,0.8783297575916815,0.6901155838979673,0.6929055400557991,0.022537080571055412,0.01,0.00945368967950344,0.03199077025055885,10036.0,36.0,10000.0,1000,0.95,0.7750639373803367,0.9623284108420745,0.5149793353529241,0.8820232216625981,0.4826897037629543,0.8845394509400664,0.0018099866547714122,0.03854778952916948,conversation_group,conditional_on_both_classes_present,999,1,38,5,0.8150873127379925,0.6008803192369887,0.6035699268054521,6895,13177,conversation_group,ok,21,22,0,0.191304681981058,-0.05239897487842423,0.37487174691707276,conversation_group,ok,1000.0,0.0,38.0,5.0
numerical_feature_transformer,42,NF-BoT-IoT,ssd_canonical@alpha=2,0.8773984004336084,0.6902152251893185,0.692805898764448,0.02247362583875656,0.01,0.009312971495091915,0.03178659826517105,10036.0,36.0,10000.0,1000,0.95,0.7746955769095429,0.961839260349135,0.5108265335587188,0.8820452220349444,0.4826778754994986,0.8845394509400664,0.0017974128364720142,0.038487363872331516,conversation_group,conditional_on_both_classes_present,999,1,38,5,0.8143118403794278,0.6002140226464512,0.6035699268054521,6895,13177,conversation_group,ok,21,22,0,0.19037332482298486,-0.052576157862853364,0.37302564819670836,conversation_group,ok,1000.0,0.0,38.0,5.0
numerical_feature_transformer,42,NF-BoT-IoT,ssd_canonical@alpha=3,0.8773984004336084,0.6902152251893185,0.692805898764448,0.02247362583875656,0.01,0.009312971495091915,0.03178659826517105,10036.0,36.0,10000.0,1000,0.95,0.7746955769095429,0.961839260349135,0.5108265335587188,0.8820452220349444,0.4826778754994986,0.8845394509400664,0.0017974128364720142,0.038487363872331516,conversation_group,conditional_on_both_classes_present,999,1,38,5,0.8143118403794278,0.6002140226464512,0.6035699268054521,6895,13177,conversation_group,ok,21,22,0,0.19037332482298486,-0.052576157862853364,0.37302564819670836,conversation_group,ok,1000.0,0.0,38.0,5.0
numerical_feature_transformer,42,NF-BoT-IoT,ssd_canonical@alpha=5,0.8773984004336084,0.6902152251893185,0.692805898764448,0.02247362583875656,0.01,0.009312971495091915,0.03178659826517105,10036.0,36.0,10000.0,1000,0.95,0.7746955769095429,0.961839260349135,0.5108265335587188,0.8820452220349444,0.4826778754994986,0.8845394509400664,0.0017974128364720142,0.038487363872331516,conversation_group,conditional_on_both_classes_present,999,1,38,5,0.8143118403794278,0.6002140226464512,0.6035699268054521,6895,13177,conversation_group,ok,21,22,0,0.19037332482298486,-0.052576157862853364,0.37302564819670836,conversation_group,ok,1000.0,0.0,38.0,5.0
numerical_feature_transformer,42,NF-BoT-IoT,dc_ssd_no_contrast,0.19850647573081268,0.04613391789557593,0.016739736946990835,-0.004167592152953148,0.01,0.03393494710326195,0.0297673549503088,10036.0,36.0,10000.0,1000,0.95,0.08879199200946751,0.31538667281373234,0.0060000645365061375,0.14959699745049382,0.001315258174079051,0.1528027830971591,-0.008735187302537393,-0.00012208179473194558,conversation_group,conditional_on_both_classes_present,999,1,38,5,0.7765359060329347,0.5854799058471917,0.003961284153706149,6895,13177,conversation_group,ok,21,22,0,-0.48851859987981083,-0.7567457437539578,-0.23072038895672023,conversation_group,ok,1000.0,0.0,38.0,5.0
numerical_feature_transformer,42,NF-BoT-IoT,dc_ssd_no_class_balance,0.8237431287619652,0.612893583100837,0.5882821841371064,0.04512949287891388,0.01,0.0195997953414917,0.06472928822040558,10036.0,36.0,10000.0,1000,0.95,0.6883368861119868,0.9396703000801434,0.4382335873136921,0.8436265053491556,0.4039926477619938,0.8247072694154789,0.032889535846681674,0.055428359712793834,conversation_group,conditional_on_both_classes_present,999,1,38,5,0.7974849755930093,0.5383216097774829,0.5293871909817897,6895,13177,conversation_group,ok,21,22,0,0.13671805315134167,0.005672884144122627,0.2613810245552655,conversation_group,ok,1000.0,0.0,38.0,5.0
numerical_feature_transformer,42,NF-BoT-IoT,dc_ssd,0.15490202786906154,0.028696691909127138,0.0,-0.08605983853340149,0.01,0.12458383291959763,0.03852399066090584,10036.0,36.0,10000.0,1000,0.95,0.0565594616147492,0.2788028506834599,0.002044698984539417,0.14479867196231785,0.0,0.1425677587611358,-0.11257977146660578,-0.05619722269697857,conversation_group,conditional_on_both_classes_present,999,1,38,5,0.81190815649635,0.6338533046990446,0.6251284271143523,6895,13177,conversation_group,ok,21,22,0,-0.5321230477415619,-0.7567573851842073,-0.31979333750386296,conversation_group,ok,1000.0,0.0,38.0,5.0
numerical_feature_transformer,42,NF-BoT-IoT,scrub_r,0.8788231835301246,0.7314667198086888,0.004882423276205659,0.47858214378356934,0.01,1.518142580986023,1.9967247247695923,10036.0,36.0,10000.0,1000,0.95,0.7973382963287926,0.9479285849567228,0.5685331561229446,0.8826805443735856,0.0026765815113259147,0.008770201768663164,0.3505778095983524,0.5863111651910088,conversation_group,conditional_on_both_classes_present,999,1,38,5,0.8324339462960336,0.6418673771617152,0.0031012801896952973,6895,13177,conversation_group,ok,21,22,0,0.19179810791950103,-0.04234674752397232,0.36575768113096574,conversation_group,ok,1000.0,0.0,38.0,5.0
numerical_feature_transformer,42,NF-BoT-IoT,scrub_r@lr=0.001,0.8266130828975831,0.6755679553607015,0.005480271024312475,1.3824822902679443,0.01,2.1654715538024902,3.5479538440704346,10036.0,36.0,10000.0,1000,0.95,0.7119207431294842,0.9223922169505497,0.471722008173399,0.8653955208774716,0.0034440371383155205,0.7389365860727278,0.632812602255719,1.9805126619736553,conversation_group,conditional_on_both_classes_present,999,1,38,5,0.7840538002803171,0.5995967585826247,0.6092619094246292,6895,13177,conversation_group,ok,21,22,0,0.13958800728695953,-0.1132511734560783,0.32908186477409235,conversation_group,ok,1000.0,0.0,38.0,5.0
numerical_feature_transformer,42,NF-BoT-IoT,retrained,0.6870250756106235,0.49093264248704666,0.0024910322837783977,0.6331379413604736,0.01,2.9012386798858643,3.534376621246338,10036.0,36.0,10000.0,1000,0.95,0.5155102617260731,0.9021812163014844,0.2937547954874667,0.74552682192242,0.0010122980600963726,0.007177698943614911,0.10044572527293219,1.3135691803195317,conversation_group,conditional_on_both_classes_present,999,1,38,5,0.8231242829310406,0.5614429716500745,0.18639911449455646,6895,13177,conversation_group,ok,21,22,0,0.0,0.0,0.0,,,,,,
numerical_feature_transformer,42,NF-CSE-CIC-IDS2018,original,0.7322283195826805,0.36451758340847606,0.09092275323113916,0.08910951763391495,0.01,0.07863648980855942,0.16774600744247437,13308.0,10000.0,3308.0,1000,0.95,0.6813074951752555,0.7727881552976154,0.28650165352999163,0.4323429566088562,0.05228514483920232,0.13769683258060408,-0.025093951460545143,0.8785957355325555,conversation_group,ok,1000,0,8448,1504,0.7201237200007353,0.34530717813937983,0.06767815393899475,11768,14848,conversation_group,ok,4976,4976,0,0.3866097557857676,0.25373731114755904,0.4723447934497957,conversation_group,conditional_on_both_classes_present,998.0,2.0,8448.0,1504.0
numerical_feature_transformer,42,NF-CSE-CIC-IDS2018,rollback_repair,0.29557909916126485,0.025398256687706622,0.002254283137962128,-0.06753790378570557,0.01,1.2930920124053955,1.22555410861969,13308.0,10000.0,3308.0,1000,0.95,0.28374402386999603,0.33070793425319295,0.0017080501603645357,0.24373922194404432,0.0004952687712422001,0.2440641909789855,-0.07097156023288241,-0.059452665831366054,conversation_group,ok,1000,0,8448,1504,0.8077047375354057,0.524436121376847,0.045356313548289354,11768,14848,conversation_group,ok,4976,4976,0,-0.05003946463564807,-0.13392806504029017,0.013799442089642283,conversation_group,conditional_on_both_classes_present,998.0,2.0,8448.0,1504.0
numerical_feature_transformer,42,NF-CSE-CIC-IDS2018,ssd_canonical,0.7322283195826805,0.36451758340847606,0.09092275323113916,0.08910951763391495,0.01,0.07863648980855942,0.16774600744247437,13308.0,10000.0,3308.0,1000,0.95,0.6813074951752555,0.7727881552976154,0.28650165352999163,0.4323429566088562,0.05228514483920232,0.13769683258060408,-0.025093951460545143,0.8785957355325555,conversation_group,ok,1000,0,8448,1504,0.7201237200007353,0.34530717813937983,0.06767815393899475,11768,14848,conversation_group,ok,4976,4976,0,0.3866097557857676,0.25373731114755904,0.4723447934497957,conversation_group,conditional_on_both_classes_present,998.0,2.0,8448.0,1504.0
numerical_feature_transformer,42,NF-CSE-CIC-IDS2018,ssd_canonical@alpha=1,0.3823953010720369,0.07724676886083559,0.056958220619176436,-0.017470479011535645,0.01,0.43781179189682007,0.4203413128852844,13308.0,10000.0,3308.0,1000,0.95,0.3255260387129532,0.43929157768698185,0.03495600647016386,0.218929138402807,0.024972605847212198,0.1045967841538299,-0.10208690588225278,0.3055364579739624,conversation_group,ok,1000,0,8448,1504,0.7281836007797913,0.4128949770845294,0.0057915346099278895,11768,14848,conversation_group,ok,4976,4976,0,0.03677673727512398,-0.03532483368704928,0.10500393136037206,conversation_group,conditional_on_both_classes_present,998.0,2.0,8448.0,1504.0
numerical_feature_transformer,42,NF-CSE-CIC-IDS2018,ssd_canonical@alpha=2,0.3794827168915801,0.06101593026750829,0.022392545837090473,-0.13492456078529358,0.01,0.4460700452327728,0.31114548444747925,13308.0,10000.0,3308.0,1000,0.95,0.32998468861799474,0.43347785054583116,0.015635156188218813,0.1515261028552469,0.0017827225078573018,0.040591196653000816,-0.3292141412483048,0.32362723018930745,conversation_group,ok,1000,0,8448,1504,0.5885746116046403,0.3449279076846695,0.0047180694156355755,11768,14848,conversation_group,ok,4976,4976,0,0.03386415309466717,-0.016074411896371817,0.08140872992730094,conversation_group,conditional_on_both_classes_present,998.0,2.0,8448.0,1504.0
numerical_feature_transformer,42,NF-CSE-CIC-IDS2018,ssd_canonical@alpha=3,0.7245311798006836,0.3920949804628795,0.042530808536218816,0.07443854212760925,0.01,0.09552660584449768,0.16996514797210693,13308.0,10000.0,3308.0,1000,0.95,0.7002802443969398,0.7548211848445202,0.3599167822774462,0.4267420246194077,0.02252643628900781,0.0671664560412248,-0.04343104823983051,0.8654841323535403,conversation_group,ok,1000,0,8448,1504,0.7057482250804198,0.3673759738381362,0.06111786634057563,11768,14848,conversation_group,ok,4976,4976,0,0.3789126160037707,0.2888361257476639,0.4404723176647733,conversation_group,conditional_on_both_classes_present,998.0,2.0,8448.0,1504.0
numerical_feature_transformer,42,NF-CSE-CIC-IDS2018,ssd_canonical@alpha=5,0.7322283195826805,0.36451758340847606,0.09092275323113916,0.08910951763391495,0.01,0.07863648980855942,0.16774600744247437,13308.0,10000.0,3308.0,1000,0.95,0.6813074951752555,0.7727881552976154,0.28650165352999163,0.4323429566088562,0.05228514483920232,0.13769683258060408,-0.025093951460545143,0.8785957355325555,conversation_group,ok,1000,0,8448,1504,0.7201237200007353,0.34530717813937983,0.06767815393899475,11768,14848,conversation_group,ok,4976,4976,0,0.3866097557857676,0.25373731114755904,0.4723447934497957,conversation_group,conditional_on_both_classes_present,998.0,2.0,8448.0,1504.0
numerical_feature_transformer,42,NF-CSE-CIC-IDS2018,dc_ssd_no_contrast,0.39896503028883823,0.04125338142470694,0.029005109708446046,-0.1169392466545105,0.01,0.41145285964012146,0.29451361298561096,13308.0,10000.0,3308.0,1000,0.95,0.3183128008418726,0.5025436566241467,0.014397239477273144,0.14267638872449886,0.0,0.09135947856566416,-0.3129304752439906,0.3196445807970899,conversation_group,ok,1000,0,8448,1504,0.40468841555510515,0.04413207979443056,0.015739633756508165,11768,14848,conversation_group,ok,4976,4976,0,0.053346466491925315,0.019804136596605855,0.1167569904122086,conversation_group,conditional_on_both_classes_present,998.0,2.0,8448.0,1504.0
numerical_feature_transformer,42,NF-CSE-CIC-IDS2018,dc_ssd_no_class_balance,0.27505115332296376,0.0143522693116922,0.0014277126540426812,-0.13796111941337585,0.01,0.3994426727294922,0.26148155331611633,13308.0,10000.0,3308.0,1000,0.95,0.19110401995607681,0.4082163996368878,0.00013900994296071003,0.17578684102977035,0.0,0.0081654065843662,-0.3156283380931886,0.3853800416013843,conversation_group,ok,1000,0,8448,1504,0.701894695319417,0.43340334907389516,0.007955546707996941,11768,14848,conversation_group,ok,4976,4976,0,-0.07056741047394915,-0.11908768553583195,0.026218210023159487,conversation_group,conditional_on_both_classes_present,998.0,2.0,8448.0,1504.0
numerical_feature_transformer,42,NF-CSE-CIC-IDS2018,dc_ssd,0.331105020978091,0.03456567478208596,0.024421400661256386,-0.11845830082893372,0.01,0.36137259006500244,0.24291428923606873,13308.0,10000.0,3308.0,1000,0.95,0.24657769550343925,0.4510241192232264,0.006676284368178983,0.20997500511904718,0.0,0.08319736081360382,-0.2654940084155442,0.40728733598244254,conversation_group,ok,1000,0,8448,1504,0.7022453815530797,0.4103862386196775,0.03350186414264211,11768,14848,conversation_group,ok,4976,4976,0,-0.01451354281882189,-0.04989803061283557,0.06476256199663499,conversation_group,conditional_on_both_classes_present,998.0,2.0,8448.0,1504.0
numerical_feature_transformer,42,NF-CSE-CIC-IDS2018,scrub_r,0.47922114065868526,0.13044785091674183,0.006762849413886384,0.07420086860656738,0.01,0.7011834979057312,0.7753843665122986,13308.0,10000.0,3308.0,1000,0.95,0.40900477218339437,0.5871903495958303,0.11497274757084137,0.22268859359975832,0.0011368647050876914,0.036475262426001895,-0.04452152645304149,0.24413291213182264,conversation_group,ok,1000,0,8448,1504,0.6653809086992316,0.2526928787846694,0.014261460296381132,11768,14848,conversation_group,ok,4976,4976,0,0.13360257686177235,0.10398476835489168,0.16175882777295272,conversation_group,conditional_on_both_classes_present,998.0,2.0,8448.0,1504.0
numerical_feature_transformer,42,NF-CSE-CIC-IDS2018,scrub_r@lr=0.001,0.46760488017856106,0.07221220318605348,0.0015028554253080854,-0.4460110664367676,0.01,1.984702229499817,1.5386911630630493,13308.0,10000.0,3308.0,1000,0.95,0.40410507796371725,0.5631542799221292,0.059335610445970445,0.13940148730375243,0.0008491884561629317,0.022752695299789877,-0.6250011410765328,-0.18831844483702342,conversation_group,ok,1000,0,8448,1504,0.61423586797527,0.2152990938145083,0.04015149068209178,11768,14848,conversation_group,ok,4976,4976,0,0.12198631638164814,0.06382670868910581,0.14013235181657568,conversation_group,conditional_on_both_classes_present,998.0,2.0,8448.0,1504.0
numerical_feature_transformer,42,NF-CSE-CIC-IDS2018,retrained,0.3456185637969129,0.00616170724376315,0.007439134355275023,-0.868322491645813,0.01,1.908586859703064,1.040264368057251,13308.0,10000.0,3308.0,1000,0.95,0.2878002571816657,0.4269472931957099,0.004901284198369393,0.08504806710546037,0.005955962036335992,0.009291201301910546,-1.1977065070624413,-0.3900821685938052,conversation_group,ok,1000,0,8448,1504,0.6401901739449691,0.33821108793375454,0.0035511460523846923,11768,14848,conversation_group,ok,4976,4976,0,0.0,0.0,0.0,,,,,,
mlp,1337,NF-UNSW-NB15,original,0.4857323481448765,0.0026714925887625363,0.011116856256463288,-0.0013328269124031067,0.01,0.006847897078841925,0.005515070166438818,11604.0,10000.0,1604.0,1000,0.95,0.4776894838420164,0.4945654504306512,0.0012679567670987651,0.023010133627565228,0.007613193839753223,0.01376958277486201,-0.005353685529833896,0.0037326694396477293,conversation_group,ok,1000,0,262,29,0.5187733973350653,0.04285779788796526,0.006727377873387859,12129,11079,conversation_group,ok,145,146,0,-0.019907882951367306,-0.036831224032190496,-0.007892655808772533,conversation_group,ok,1000.0,0.0,262.0,29.0
mlp,1337,NF-UNSW-NB15,rollback_repair,0.48561379882318984,0.0009479489831092786,0.00749741468459152,-0.0019074678421020508,0.01,0.6954238414764404,0.6935163736343384,11604.0,10000.0,1604.0,1000,0.95,0.47630545301616783,0.49519273244102824,7.209623422771854e-05,0.019171598680558236,0.002798201134883003,0.011729869219417453,-0.0032426399083803348,1.0185651104389764e-05,conversation_group,ok,1000,0,262,29,0.5119686270247658,0.032591055100661376,0.008393465783994657,12129,11079,conversation_group,ok,145,146,0,-0.02002643227305395,-0.03567157153989914,-0.008705138941303004,conversation_group,ok,1000.0,0.0,262.0,29.0
mlp,1337,NF-UNSW-NB15,ssd_canonical,0.4857323481448765,0.0026714925887625363,0.011116856256463288,-0.0013328269124031067,0.01,0.006847897078841925,0.005515070166438818,11604.0,10000.0,1604.0,1000,0.95,0.4776894838420164,0.4945654504306512,0.0012679567670987651,0.023010133627565228,0.007613193839753223,0.01376958277486201,-0.005353685529833896,0.0037326694396477293,conversation_group,ok,1000,0,262,29,0.5187733973350653,0.04285779788796526,0.006727377873387859,12129,11079,conversation_group,ok,145,146,0,-0.019907882951367306,-0.036831224032190496,-0.007892655808772533,conversation_group,ok,1000.0,0.0,262.0,29.0
mlp,1337,NF-UNSW-NB15,ssd_canonical@alpha=1,0.4870776115072113,0.002585315408479838,0.010168907273354016,-0.00635472871363163,0.01,0.0328964963555336,0.02654176764190197,11604.0,10000.0,1604.0,1000,0.95,0.47929778504699716,0.4947199982167141,0.000846017321235921,0.017622609893975225,0.007984200704969769,0.012964304543279324,-0.013801779113210611,0.0026154631205130337,conversation_group,ok,1000,0,262,29,0.5165256461188559,0.04032933647658965,0.011876077179408324,12129,11079,conversation_group,ok,145,146,0,-0.018562619589032492,-0.03435591192783199,-0.007153100022054151,conversation_group,ok,1000.0,0.0,262.0,29.0
mlp,1337,NF-UNSW-NB15,ssd_canonical@alpha=2,0.4845161574637994,0.0020682523267838704,0.009307135470527405,-0.006182709708809853,0.01,0.028950177133083344,0.02276746742427349,11604.0,10000.0,1604.0,1000,0.95,0.4767735380722922,0.49257817876563526,0.0006612785534756836,0.01620844131469141,0.0073628099463692535,0.0118475211449024,-0.014030794527489274,0.002624350572208617,conversation_group,ok,1000,0,262,29,0.5184358972654056,0.047889314403248145,0.013663464216468794,12129,11079,conversation_group,ok,145,146,0,-0.021124073632444396,-0.037488214164930186,-0.009611845033916998,conversation_group,ok,1000.0,0.0,262.0,29.0
mlp,1337,NF-UNSW-NB15,ssd_canonical@alpha=3,0.4847437576054852,0.00293002412961052,0.01051361599448466,-0.001363452523946762,0.01,0.006867808289825916,0.005504355765879154,11604.0,10000.0,1604.0,1000,0.95,0.4768286539233673,0.4930650746344746,0.00103601938362739,0.022114560703276925,0.008267524099634731,0.013355727706524255,-0.005397983197121235,0.0036995545510935322,conversation_group,ok,1000,0,262,29,0.5198862604306925,0.04457641529125528,0.007088898585015082,12129,11079,conversation_group,ok,145,146,0,-0.02089647349075857,-0.03744738445332174,-0.009029282600299091,conversation_group,ok,1000.0,0.0,262.0,29.0
mlp,1337,NF-UNSW-NB15,ssd_canonical@alpha=5,0.4857323481448765,0.0026714925887625363,0.011116856256463288,-0.0013328269124031067,0.01,0.006847897078841925,0.005515070166438818,11604.0,10000.0,1604.0,1000,0.95,0.4776894838420164,0.4945654504306512,0.0012679567670987651,0.023010133627565228,0.007613193839753223,0.01376958277486201,-0.005353685529833896,0.0037326694396477293,conversation_group,ok,1000,0,262,29,0.5187733973350653,0.04285779788796526,0.006727377873387859,12129,11079,conversation_group,ok,145,146,0,-0.019907882951367306,-0.036831224032190496,-0.007892655808772533,conversation_group,ok,1000.0,0.0,262.0,29.0
mlp,1337,NF-UNSW-NB15,dc_ssd_no_contrast,0.4875769512313801,0.007066528783178261,0.007325060324026198,-0.002197457477450371,0.01,0.019163768738508224,0.016966311261057854,11604.0,10000.0,1604.0,1000,0.95,0.47964035879217165,0.4966051599687211,0.0015812716701725077,0.02984115938369195,0.004915162908573329,0.011417190614488362,-0.006845869168810603,0.004156517202651871,conversation_group,ok,1000,0,262,29,0.4914508803011259,0.023714951640235182,0.013818653126137252,12129,11079,conversation_group,ok,145,146,0,-0.01806327986486367,-0.03179544533884597,-0.006863741641530786,conversation_group,ok,1000.0,0.0,262.0,29.0
mlp,1337,NF-UNSW-NB15,dc_ssd_no_class_balance,0.48572641065300853,0.002757669769045165,0.008790072388831437,-0.013017959892749786,0.01,0.058678410947322845,0.04566045105457306,11604.0,10000.0,1604.0,1000,0.95,0.4775200680600317,0.4941827193903493,0.0006283865671343153,0.014352266348750387,0.0063548097240293915,0.011131785342107542,-0.02635389653344177,-0.00018015327051287226,conversation_group,ok,1000,0,262,29,0.5183218161706772,0.04244837596560372,0.011364120893580928,12129,11079,conversation_group,ok,145,146,0,-0.019913820443235253,-0.036565855529220447,-0.008579253234982431,conversation_group,ok,1000.0,0.0,262.0,29.0
mlp,1337,NF-UNSW-NB15,dc_ssd,0.49377023425934147,0.00542916235780766,0.009393312650810065,-0.011675722897052765,0.01,0.05598673224449158,0.04431100934743881,11604.0,10000.0,1604.0,1000,0.95,0.486702607888889,0.5015574889066764,0.0007434106936585006,0.018908282352831443,0.007392451420752,0.011224584869221411,-0.020189690839720047,-2.9708025123276615e-05,conversation_group,ok,1000,0,262,29,0.5101886769508868,0.029392771514664462,0.010129123184499083,12129,11079,conversation_group,ok,145,146,0,-0.011869996836902319,-0.026004815917273265,0.00024452453859987914,conversation_group,ok,1000.0,0.0,262.0,29.0
mlp,1337,NF-UNSW-NB15,scrub_r,0.5142495571722763,0.035677352637021736,0.0,0.6313800811767578,0.01,19.97752571105957,20.608905792236328,11604.0,10000.0,1604.0,1000,0.95,0.5087690007809087,0.5223469078276534,0.023348748186901882,0.05852158074745691,0.0,0.0,0.3724201437960768,0.9861236983163822,conversation_group,ok,1000,0,262,29,0.523094466556385,0.04233361200900984,0.0,12129,11079,conversation_group,ok,145,146,0,0.008609326076032486,-0.004344665193120322,0.019597573424421727,conversation_group,ok,1000.0,0.0,262.0,29.0
mlp,1337,NF-UNSW-NB15,scrub_r@lr=0.001,0.5125424558517959,0.032230265425715277,0.0,0.5669460296630859,0.01,18.942121505737305,19.50906753540039,11604.0,10000.0,1604.0,1000,0.95,0.5068825667544857,0.5210928924945998,0.02045940027764512,0.06038489543637827,0.0,0.0,0.2812849957218101,0.9262056251523932,conversation_group,ok,1000,0,262,29,0.5180449084227207,0.044740401311047534,0.0,12129,11079,conversation_group,ok,145,146,0,0.006902224755552133,-0.005093646485268417,0.017157087920073408,conversation_group,ok,1000.0,0.0,262.0,29.0
mlp,1337,NF-UNSW-NB15,retrained,0.5056402310962438,0.025336091003102384,0.009393312650810065,0.010424256324768066,0.01,1.606325626373291,1.616749882698059,11604.0,10000.0,1604.0,1000,0.95,0.4957191314812448,0.5192120452680673,0.01616398503801516,0.04611887993946047,0.007383314783421703,0.012091448073517122,-0.03888346743202024,0.0765411374345534,conversation_group,ok,1000,0,262,29,0.5175297791541124,0.031489351634984786,0.007634744654056949,12129,11079,conversation_group,ok,145,146,0,0.0,0.0,0.0,,,,,,
mlp,1337,NF-ToN-IoT,original,0.7973155431755871,0.5380472152188861,0.07941783176713271,0.6780312657356262,0.01,0.24344958364963531,0.9214808344841003,8726.0,2229.0,6497.0,1000,0.95,0.6514517337796568,0.8263101292061485,0.3089640690702723,0.595563524685482,0.0201305353496309,0.1251937819750683,0.11160511081298692,0.7530143410303849,conversation_group,conditional_on_both_classes_present,995,5,556,61,0.7763173862250514,0.5554480628366897,0.044141054595127786,9834,7618,conversation_group,ok,308,309,0,0.2834792752528149,0.13269569119747263,0.3348723459019174,conversation_group,conditional_on_both_classes_present,993.0,7.0,556.0,61.0
mlp,1337,NF-ToN-IoT,rollback_repair,0.5602905180767848,0.23985789594315832,0.04973641989456796,-0.021973133087158203,0.01,3.2240488529205322,3.202075719833374,8726.0,2229.0,6497.0,1000,0.95,0.49517372785053765,0.6297033788317313,0.15353281846644568,0.34530064521595294,0.021151508842484915,0.07283256021742718,-0.06623228486700135,0.02112779446937201,conversation_group,conditional_on_both_classes_present,995,5,556,61,0.43487907133755166,0.14433103587192972,0.1535112894217514,9834,7618,conversation_group,ok,308,309,0,0.04645425015401261,-0.016397460174364328,0.12792628672476114,conversation_group,conditional_on_both_classes_present,993.0,7.0,556.0,61.0
mlp,1337,NF-ToN-IoT,ssd_canonical,0.7973155431755871,0.5380472152188861,0.07941783176713271,0.6780312657356262,0.01,0.24344958364963531,0.9214808344841003,8726.0,2229.0,6497.0,1000,0.95,0.6514517337796568,0.8263101292061485,0.3089640690702723,0.595563524685482,0.0201305353496309,0.1251937819750683,0.11160511081298692,0.7530143410303849,conversation_group,conditional_on_both_classes_present,995,5,556,61,0.7763173862250514,0.5554480628366897,0.044141054595127786,9834,7618,conversation_group,ok,308,309,0,0.2834792752528149,0.13269569119747263,0.3348723459019174,conversation_group,conditional_on_both_classes_present,993.0,7.0,556.0,61.0
mlp,1337,NF-ToN-IoT,ssd_canonical@alpha=1,0.5149824653787299,0.21716708686683478,0.0021774008709603485,0.015934109687805176,0.01,0.7253870964050293,0.7413212060928345,8726.0,2229.0,6497.0,1000,0.95,0.4446077720613806,0.5799100611177693,0.05721433728367928,0.31413307204400376,0.0006277144045308081,0.029314129328200038,-0.01648784640531073,0.06552490072738919,conversation_group,conditional_on_both_classes_present,995,5,556,61,0.4721526693585802,0.1971367851569698,0.002025543189071863,9834,7618,conversation_group,ok,308,309,0,0.001146197455957787,-0.0737165899133582,0.06453904820393162,conversation_group,conditional_on_both_classes_present,993.0,7.0,556.0,61.0
mlp,1337,NF-ToN-IoT,ssd_canonical@alpha=2,0.42865680262247347,0.09706623882649551,0.0035526014210405686,-0.15089654922485352,0.01,1.1270058155059814,0.9761092662811279,8726.0,2229.0,6497.0,1000,0.95,0.37693768936844013,0.5143451707721304,0.04755760172912081,0.210818434079396,0.0006150869479392434,0.04026282058082878,-0.22618403481315721,0.07337337426283734,conversation_group,conditional_on_both_classes_present,995,5,556,61,0.5828841001770567,0.3580911071274177,0.012034857184632645,9834,7618,conversation_group,ok,308,309,0,-0.08517946530029868,-0.15476386838098458,0.02146679649793805,conversation_group,conditional_on_both_classes_present,993.0,7.0,556.0,61.0
mlp,1337,NF-ToN-IoT,ssd_canonical@alpha=3,0.5171509488269163,0.18714187485674993,0.0005730002292000917,-0.15621060132980347,0.01,0.7363350987434387,0.5801244974136353,8726.0,2229.0,6497.0,1000,0.95,0.4489189361775677,0.5941569564189563,0.09366062445003281,0.2803135435299857,0.00015936901016895197,0.015517162924189195,-0.3672265129763189,0.1806697079099088,conversation_group,conditional_on_both_classes_present,995,5,556,61,0.6417665865871156,0.3025160738585722,0.020652929510602176,9834,7618,conversation_group,ok,308,309,0,0.003314680904144107,-0.05803753191461875,0.09009837978170283,conversation_group,conditional_on_both_classes_present,993.0,7.0,556.0,61.0
mlp,1337,NF-ToN-IoT,ssd_canonical@alpha=5,0.6478431275878584,0.3663763465505387,0.01650240660096264,0.8862820863723755,0.01,1.2773281335830688,2.1636102199554443,8726.0,2229.0,6497.0,1000,0.95,0.5065587659231837,0.698480221531104,0.0934283374523821,0.4663802195978169,0.009643157222379357,0.035050366936819066,0.1796705610914995,1.1517686936860223,conversation_group,conditional_on_both_classes_present,995,5,556,61,0.710311633145368,0.3868623739863226,0.048629016763812496,9834,7618,conversation_group,ok,308,309,0,0.1340068596650863,0.008618658730564928,0.1955462592959191,conversation_group,conditional_on_both_classes_present,993.0,7.0,556.0,61.0
mlp,1337,NF-ToN-IoT,dc_ssd_no_contrast,0.4886272193679173,0.11746504698601878,0.03632821453128581,-0.042899131774902344,0.01,1.9732310771942139,1.9303319454193115,8726.0,2229.0,6497.0,1000,0.95,0.4225272964785067,0.5222899368984418,0.04220455825000669,0.16886519089530705,0.014112362598972026,0.05185866184631458,-0.39692149706404267,0.16850400994872833,conversation_group,conditional_on_both_classes_present,995,5,556,61,0.6548570069340343,0.3275617009802073,0.03060820819041982,9834,7618,conversation_group,ok,308,309,0,-0.02520904855485484,-0.10430772309095844,0.02062589808931324,conversation_group,conditional_on_both_classes_present,993.0,7.0,556.0,61.0
mlp,1337,NF-ToN-IoT,dc_ssd_no_class_balance,0.42668733267355785,0.033921613568645426,0.00011460004584001834,-0.07136911153793335,0.01,0.7626593112945557,0.6912901997566223,8726.0,2229.0,6497.0,1000,0.95,0.34975552753965344,0.5695613187430516,0.003971306308773484,0.23621556128076932,0.0,0.014181601627788733,-0.16901702723413542,0.21391674918003134,conversation_group,conditional_on_both_classes_present,995,5,556,61,0.6304079811319021,0.3497304674141999,0.013372063538480614,9834,7618,conversation_group,ok,308,309,0,-0.0871489352492143,-0.14534805492343972,0.04809228035707363,conversation_group,conditional_on_both_classes_present,993.0,7.0,556.0,61.0
mlp,1337,NF-ToN-IoT,dc_ssd,0.42527007971151576,0.06944762777905111,0.052028420811368326,-0.17183411121368408,0.01,1.246242642402649,1.0744085311889648,8726.0,2229.0,6497.0,1000,0.95,0.383208000743476,0.47534365737848444,0.0318552545687323,0.1526099981442172,0.028016990397877813,0.08121332904843348,-0.30489055414480065,-0.03703601264517911,conversation_group,conditional_on_both_classes_present,995,5,556,61,0.7001144329553095,0.3590290190283273,0.09840964684373085,9834,7618,conversation_group,ok,308,309,0,-0.08856618821125639,-0.14497198005968456,-0.03216900801247229,conversation_group,conditional_on_both_classes_present,993.0,7.0,556.0,61.0
mlp,1337,NF-ToN-IoT,scrub_r,0.5530283869803211,0.15562686225074485,0.01787760715104286,0.09925699234008789,0.01,1.382414698600769,1.481671690940857,8726.0,2229.0,6497.0,1000,0.95,0.39936923775616723,0.6176604982825298,0.06981959945716361,0.28444011840063405,0.0068240420258193065,0.050511692906683954,-0.8573710961710073,0.5574489250155996,conversation_group,conditional_on_both_classes_present,995,5,556,61,0.5753702874472384,0.22548251784568019,0.06521328915135635,9834,7618,conversation_group,ok,308,309,0,0.039192119057548935,-0.13376436979723283,0.10401372161966667,conversation_group,conditional_on_both_classes_present,993.0,7.0,556.0,61.0
mlp,1337,NF-ToN-IoT,scrub_r@lr=0.001,0.6075289038756458,0.19734127893651165,0.019023607609443043,0.4739654064178467,0.01,1.3593578338623047,1.8333232402801514,8726.0,2229.0,6497.0,1000,0.95,0.459393373664559,0.6767349211552072,0.0754624791494719,0.33874685705497287,0.009907566908907222,0.06060719657059036,-0.28107738960578116,0.8015777081097951,conversation_group,conditional_on_both_classes_present,995,5,556,61,0.6522978820876515,0.2815965758139424,0.024373709356805013,9834,7618,conversation_group,ok,308,309,0,0.09369263595287369,-0.07249819577111993,0.15620939689519303,conversation_group,conditional_on_both_classes_present,993.0,7.0,556.0,61.0
mlp,1337,NF-ToN-IoT,retrained,0.5138362679227721,0.05592482236992902,0.011803804721521888,0.11532282829284668,0.01,2.664133310317993,2.77945613861084,8726.0,2229.0,6497.0,1000,0.95,0.4612838457760163,0.5613276708094531,0.028162179530967477,0.18620186270736497,0.007377900203876816,0.021657530186025908,-0.22373387948289844,0.4594827199187039,conversation_group,conditional_on_both_classes_present,995,5,556,61,0.44524701773910524,0.023911935545187557,0.006656806625011666,9834,7618,conversation_group,ok,308,309,0,0.0,0.0,0.0,,,,,,
mlp,1337,NF-BoT-IoT,original,0.842463628545844,0.6727779992028696,0.6787564766839378,0.02106829546391964,0.01,0.008837046101689339,0.02990534156560898,10036.0,36.0,10000.0,1000,0.95,0.7185161681226078,0.9329972824565653,0.5067832979960762,0.8393947791924669,0.5047853856599273,0.8420343545907356,0.00600706227971524,0.0352477271168979,conversation_group,ok,1000,0,45,5,0.8496195873279758,0.6443648174767951,0.6482374769625305,11576,8496,conversation_group,ok,25,25,0,0.33805348374389466,0.15249550108885204,0.6048979653157205,conversation_group,ok,1000.0,0.0,45.0,5.0
mlp,1337,NF-BoT-IoT,rollback_repair,0.6981572596127039,0.5132522917497011,0.004085292945396573,0.0019268989562988281,0.01,6.902655124664307,6.9045820236206055,10036.0,36.0,10000.0,1000,0.95,0.5284608002487418,0.881411952366237,0.28259395062594006,0.7927600275772747,0.003587086488640613,0.6759887742468771,1.3129586578753166e-05,0.004055784456576106,conversation_group,ok,1000,0,45,5,0.5415439585204165,0.31400937144404184,0.003931985385668624,11576,8496,conversation_group,ok,25,25,0,0.19374711481075457,-0.11701156461456204,0.6557860480323445,conversation_group,ok,1000.0,0.0,45.0,5.0
mlp,1337,NF-BoT-IoT,ssd_canonical,0.842463628545844,0.6727779992028696,0.6787564766839378,0.02106829546391964,0.01,0.008837046101689339,0.02990534156560898,10036.0,36.0,10000.0,1000,0.95,0.7185161681226078,0.9329972824565653,0.5067832979960762,0.8393947791924669,0.5047853856599273,0.8420343545907356,0.00600706227971524,0.0352477271168979,conversation_group,ok,1000,0,45,5,0.8496195873279758,0.6443648174767951,0.6482374769625305,11576,8496,conversation_group,ok,25,25,0,0.33805348374389466,0.15249550108885204,0.6048979653157205,conversation_group,ok,1000.0,0.0,45.0,5.0
mlp,1337,NF-BoT-IoT,ssd_canonical@alpha=1,0.848675666365532,0.6731765643682741,0.6808489438023116,0.018650449812412262,0.01,0.00843415129929781,0.027084602043032646,10036.0,36.0,10000.0,1000,0.95,0.7189738127470646,0.9378124287487699,0.5061754781936534,0.8433166011623237,0.5044989990884675,0.8465590846993367,0.005262353909701798,0.030897619480174256,conversation_group,ok,1000,0,45,5,0.8635457076838665,0.6467264240079289,0.6461680835803681,11576,8496,conversation_group,ok,25,25,0,0.3442655215635827,0.16152454614440237,0.6064502179265541,conversation_group,ok,1000.0,0.0,45.0,5.0
mlp,1337,NF-BoT-IoT,ssd_canonical@alpha=2,0.842214828133268,0.6711837385412515,0.6771622160223196,0.021043995395302773,0.01,0.00884111225605011,0.029885107651352882,10036.0,36.0,10000.0,1000,0.95,0.7184682711020144,0.9327839347029828,0.506126081678181,0.8378935928553112,0.5036233447022348,0.8421147571041073,0.006002051666630521,0.035210419899516114,conversation_group,ok,1000,0,45,5,0.8493450996971199,0.644019918579768,0.6470303308229358,11576,8496,conversation_group,ok,25,25,0,0.33780468333131863,0.1521604844382754,0.6047647614720804,conversation_group,ok,1000.0,0.0,45.0,5.0
mlp,1337,NF-BoT-IoT,ssd_canonical@alpha=3,0.842463628545844,0.6727779992028696,0.6787564766839378,0.02106829546391964,0.01,0.008837046101689339,0.02990534156560898,10036.0,36.0,10000.0,1000,0.95,0.7185161681226078,0.9329972824565653,0.5067832979960762,0.8393947791924669,0.5047853856599273,0.8420343545907356,0.00600706227971524,0.0352477271168979,conversation_group,ok,1000,0,45,5,0.8496195873279758,0.6443648174767951,0.6482374769625305,11576,8496,conversation_group,ok,25,25,0,0.33805348374389466,0.15249550108885204,0.6048979653157205,conversation_group,ok,1000.0,0.0,45.0,5.0
mlp,1337,NF-BoT-IoT,ssd_canonical@alpha=5,0.842463628545844,0.6727779992028696,0.6787564766839378,0.02106829546391964,0.01,0.008837046101689339,0.02990534156560898,10036.0,36.0,10000.0,1000,0.95,0.7185161681226078,0.9329972824565653,0.5067832979960762,0.8393947791924669,0.5047853856599273,0.8420343545907356,0.00600706227971524,0.0352477271168979,conversation_group,ok,1000,0,45,5,0.8496195873279758,0.6443648174767951,0.6482374769625305,11576,8496,conversation_group,ok,25,25,0,0.33805348374389466,0.15249550108885204,0.6048979653157205,conversation_group,ok,1000.0,0.0,45.0,5.0
mlp,1337,NF-BoT-IoT,dc_ssd_no_contrast,0.8604613417603363,0.6795536070147469,0.5116580310880829,0.5201616287231445,0.01,0.10364323854446411,0.6238048672676086,10036.0,36.0,10000.0,1000,0.95,0.7402215017892725,0.9401114451923334,0.5039123606989061,0.8512864448440164,0.36120416015327406,0.8523773936398622,-0.07187200428048571,1.0079299688838104,conversation_group,ok,1000,0,45,5,0.8672833686836079,0.7125987295144052,0.7127853141636195,11576,8496,conversation_group,ok,25,25,0,0.35605119695838694,0.21023356993390363,0.6059510420874554,conversation_group,ok,1000.0,0.0,45.0,5.0
mlp,1337,NF-BoT-IoT,dc_ssd_no_class_balance,0.842218486743856,0.6719808688720607,0.6783579115185333,0.02079838514328003,0.01,0.008852878585457802,0.02965126372873783,10036.0,36.0,10000.0,1000,0.95,0.7185292076681177,0.9327159380856729,0.5067909364610801,0.8382908198594855,0.5050355912338628,0.8416572517833297,0.005984000096139138,0.03472641862162562,conversation_group,ok,1000,0,45,5,0.8491998658631363,0.6441923680282815,0.6478925780655035,11576,8496,conversation_group,ok,25,25,0,0.3378083419419067,0.15222918834429758,0.6047799734820685,conversation_group,ok,1000.0,0.0,45.0,5.0
mlp,1337,NF-BoT-IoT,dc_ssd,0.7755930086523112,0.5205261060183339,0.5259067357512953,0.061672504991292953,0.01,0.03320546820759773,0.09487797319889069,10036.0,36.0,10000.0,1000,0.95,0.6241911134598398,0.8791624253694164,0.3938564587002843,0.678305495462321,0.3901511927194844,0.6835318081438566,-0.009759297208642744,0.11838185106730861,conversation_group,ok,1000,0,45,5,0.8189919183780869,0.5338532483846661,0.5397667738475166,11576,8496,conversation_group,ok,25,25,0,0.27118286385036183,0.11711073448382013,0.4948781405532274,conversation_group,ok,1000.0,0.0,45.0,5.0
mlp,1337,NF-BoT-IoT,scrub_r,0.5752181246754411,0.17178158628935825,0.0027899561578318055,0.18814170360565186,0.01,0.9786083698272705,1.1667500734329224,10036.0,36.0,10000.0,1000,0.95,0.487821684457231,0.6462541827399387,0.09064825202409366,0.3766760729841438,0.0008691531782787154,0.00880664763658306,-0.07538863258652274,0.4038470058218709,conversation_group,ok,1000,0,45,5,0.6762682667732705,0.3538968234880153,0.055183823524348474,11576,8496,conversation_group,ok,25,25,0,0.07080797987349174,-0.08329474052656065,0.30268066653079373,conversation_group,ok,1000.0,0.0,45.0,5.0
mlp,1337,NF-BoT-IoT,scrub_r@lr=0.001,0.10979231244204801,0.0006974890394579514,0.0027899561578318055,-1.5233163833618164,0.01,5.643972873687744,4.120656490325928,10036.0,36.0,10000.0,1000,0.95,0.03912804858193291,0.21628602039553466,0.00018667283701400423,0.034267779875429775,0.0010246230453484822,0.006765422599483324,-2.0764775722994417,-0.8608393367249398,conversation_group,ok,1000,0,45,5,0.890727736073651,0.7217807416623179,0.47251148892723466,11576,8496,conversation_group,ok,25,25,0,-0.39461783235990133,-0.5991924401917603,-0.11454659595370581,conversation_group,ok,1000.0,0.0,45.0,5.0
mlp,1337,NF-BoT-IoT,retrained,0.5044101448019493,0.2270825029892387,0.003288162614587485,0.43987107276916504,0.01,3.4982104301452637,3.9380815029144287,10036.0,36.0,10000.0,1000,0.95,0.2815793324808337,0.6836810810095736,0.03909500907426634,0.44064969936172027,0.0017798407278424493,0.011655308387381075,-0.3904520235131821,1.1147398649181925,conversation_group,ok,1000,0,45,5,0.5712176186168553,0.2762685711759991,0.0075015941227032255,11576,8496,conversation_group,ok,25,25,0,0.0,0.0,0.0,,,,,,
mlp,1337,NF-CSE-CIC-IDS2018,original,0.77972563447647,0.430868650435828,0.07980162308385934,0.7299079895019531,0.01,0.07943563908338547,0.8093436360359192,13308.0,10000.0,3308.0,1000,0.95,0.6870456985226332,0.8388844593655599,0.2953402272026243,0.5189501600664592,0.04611366445369218,0.12726965716427693,0.07187337447724493,1.5708816238072483,conversation_group,conditional_on_both_classes_present,998,2,8535,1510,0.7697364445657526,0.4158337874545995,0.10826978062001703,12298,14318,conversation_group,ok,5022,5023,0,0.3336244861630243,0.23427541525598236,0.4580150790560411,conversation_group,conditional_on_both_classes_present,995.0,5.0,8535.0,1510.0
mlp,1337,NF-CSE-CIC-IDS2018,rollback_repair,0.6995099441192549,0.5224676886083559,0.0,0.012988090515136719,0.01,11.896121978759766,11.909110069274902,13308.0,10000.0,3308.0,1000,0.95,0.6867261541750896,0.7092227191583396,0.48987890513912974,0.5478250630031073,0.0,0.0,0.012150411578096154,0.013620129389858347,conversation_group,conditional_on_both_classes_present,998,2,8535,1510,0.8139807131040779,0.5239276243466318,0.036213383742364096,12298,14318,conversation_group,ok,5022,5023,0,0.2534087958058092,0.19723321603349067,0.3362986469984312,conversation_group,conditional_on_both_classes_present,995.0,5.0,8535.0,1510.0
mlp,1337,NF-CSE-CIC-IDS2018,ssd_canonical,0.77972563447647,0.430868650435828,0.07980162308385934,0.7299079895019531,0.01,0.07943563908338547,0.8093436360359192,13308.0,10000.0,3308.0,1000,0.95,0.6870456985226332,0.8388844593655599,0.2953402272026243,0.5189501600664592,0.04611366445369218,0.12726965716427693,0.07187337447724493,1.5708816238072483,conversation_group,conditional_on_both_classes_present,998,2,8535,1510,0.7697364445657526,0.4158337874545995,0.10826978062001703,12298,14318,conversation_group,ok,5022,5023,0,0.3336244861630243,0.23427541525598236,0.4580150790560411,conversation_group,conditional_on_both_classes_present,995.0,5.0,8535.0,1510.0
mlp,1337,NF-CSE-CIC-IDS2018,ssd_canonical@alpha=1,0.7331961187256689,0.4531109107303877,0.017357980162308388,0.47560781240463257,0.01,0.21408645808696747,0.6896942853927612,13308.0,10000.0,3308.0,1000,0.95,0.6362478508710486,0.8189514493616408,0.3459381929441955,0.5660902436169913,0.0067440696330096864,0.2461928752623098,0.09494517842277193,0.9707405880683734,conversation_group,conditional_on_both_classes_present,998,2,8535,1510,0.7050626816075016,0.4291241482813838,0.011274717498326736,12298,14318,conversation_group,ok,5022,5023,0,0.2870949704122232,0.1818211975472645,0.3941960021996337,conversation_group,conditional_on_both_classes_present,995.0,5.0,8535.0,1510.0
mlp,1337,NF-CSE-CIC-IDS2018,ssd_canonical@alpha=2,0.6906100852214339,0.292380522993688,0.07769762548842801,0.6603773236274719,0.01,0.10420214384794235,0.7645794749259949,13308.0,10000.0,3308.0,1000,0.95,0.6635435846942216,0.7205269206196141,0.2506103968849392,0.35786810648226447,0.0521212061150647,0.11317154812908484,0.06952307872809814,1.4095869706660757,conversation_group,conditional_on_both_classes_present,998,2,8535,1510,0.69867548385555,0.30859145665594356,0.09376802459044588,12298,14318,conversation_group,ok,5022,5023,0,0.24450893690798814,0.20201832051842475,0.3266441785958106,conversation_group,conditional_on_both_classes_present,995.0,5.0,8535.0,1510.0
mlp,1337,NF-CSE-CIC-IDS2018,ssd_canonical@alpha=3,0.7947897386910694,0.48083859332732193,0.08040276525398257,0.7308306694030762,0.01,0.08080384135246277,0.8116344809532166,13308.0,10000.0,3308.0,1000,0.95,0.7111387121902322,0.8496964930109515,0.3486465239998305,0.5669133321713967,0.044636546710605386,0.12668760884571645,0.0707430191100755,1.5747308292540225,conversation_group,conditional_on_both_classes_present,998,2,8535,1510,0.7858866932604165,0.46502664742244987,0.10542582288345075,12298,14318,conversation_group,ok,5022,5023,0,0.3486885903776237,0.2567792369684444,0.46840259791327143,conversation_group,conditional_on_both_classes_present,995.0,5.0,8535.0,1510.0
mlp,1337,NF-CSE-CIC-IDS2018,ssd_canonical@alpha=5,0.77972563447647,0.430868650435828,0.07980162308385934,0.7299079895019531,0.01,0.07943563908338547,0.8093436360359192,13308.0,10000.0,3308.0,1000,0.95,0.6870456985226332,0.8388844593655599,0.2953402272026243,0.5189501600664592,0.04611366445369218,0.12726965716427693,0.07187337447724493,1.5708816238072483,conversation_group,conditional_on_both_classes_present,998,2,8535,1510,0.7697364445657526,0.4158337874545995,0.10826978062001703,12298,14318,conversation_group,ok,5022,5023,0,0.3336244861630243,0.23427541525598236,0.4580150790560411,conversation_group,conditional_on_both_classes_present,995.0,5.0,8535.0,1510.0
mlp,1337,NF-CSE-CIC-IDS2018,dc_ssd_no_contrast,0.7005326322673133,0.295536519386835,0.08656447249774572,0.6475322246551514,0.01,0.08537683635950089,0.732909083366394,13308.0,10000.0,3308.0,1000,0.95,0.6019634023023601,0.7690781519235861,0.18559655319477086,0.41001004807150554,0.050198365290297024,0.185848413660974,0.06341564990278889,1.3917360770247589,conversation_group,conditional_on_both_classes_present,998,2,8535,1510,0.6877417160022583,0.27690792582557733,0.10911333944130758,12298,14318,conversation_group,ok,5022,5023,0,0.2544314839538676,0.15015393969283425,0.3738258193946272,conversation_group,conditional_on_both_classes_present,995.0,5.0,8535.0,1510.0
mlp,1337,NF-CSE-CIC-IDS2018,dc_ssd_no_class_balance,0.7728062997332442,0.460399759543132,0.037045386233844305,0.7132253646850586,0.01,0.08882933109998703,0.8020547032356262,13308.0,10000.0,3308.0,1000,0.95,0.6696151497984277,0.8375414325634637,0.32030960698512384,0.5526079599170789,0.014759224066592498,0.14144681508429974,0.09040957837938203,1.4787539941087848,conversation_group,conditional_on_both_classes_present,998,2,8535,1510,0.7564619444028202,0.43758941578741145,0.034869441165708885,12298,14318,conversation_group,ok,5022,5023,0,0.3267051514197985,0.2135272675279909,0.45878738870183106,conversation_group,conditional_on_both_classes_present,995.0,5.0,8535.0,1510.0
mlp,1337,NF-CSE-CIC-IDS2018,dc_ssd,0.6784057738332228,0.24489029155395253,0.07348963029756538,0.5103914737701416,0.01,0.116975337266922,0.627366840839386,13308.0,10000.0,3308.0,1000,0.95,0.5800108267912046,0.7562591167260001,0.11963659499014351,0.34199171543212686,0.03952231554686013,0.21100450218698819,0.04041526127559951,1.1022333787047125,conversation_group,conditional_on_both_classes_present,998,2,8535,1510,0.66302515037054,0.22860191599622626,0.08909017849717538,12298,14318,conversation_group,ok,5022,5023,0,0.23230462551977704,0.12695497244596987,0.3439046279197678,conversation_group,conditional_on_both_classes_present,995.0,5.0,8535.0,1510.0
mlp,1337,NF-CSE-CIC-IDS2018,scrub_r,0.36788918896308753,0.05380222422602946,0.06372107003306282,-0.27658164501190186,0.01,0.989492654800415,0.7129110097885132,13308.0,10000.0,3308.0,1000,0.95,0.30194987971438236,0.44206627650278424,0.024396874185541616,0.10343744557548865,0.030004598943085655,0.11077568789347782,-0.45646290668699935,-0.061690848050303546,conversation_group,conditional_on_both_classes_present,998,2,8535,1510,0.6644344040814648,0.3177499990387385,0.029197431178772118,12298,14318,conversation_group,ok,5022,5023,0,-0.07821195935035818,-0.12095930641430326,0.005535087080522897,conversation_group,conditional_on_both_classes_present,995.0,5.0,8535.0,1510.0
mlp,1337,NF-CSE-CIC-IDS2018,scrub_r@lr=0.001,0.3175000292485388,0.019612263300270515,0.028929966937180644,-0.43332499265670776,0.01,1.0476233959197998,0.614298403263092,13308.0,10000.0,3308.0,1000,0.95,0.257702802764589,0.39670504944027757,0.0065867073700101334,0.04303686739506548,0.013202080941781292,0.050368208454703106,-0.5969103591854157,-0.216319133404262,conversation_group,conditional_on_both_classes_present,998,2,8535,1510,0.6516700451284568,0.2769591808809899,0.016296022684062852,12298,14318,conversation_group,ok,5022,5023,0,-0.1286011190649069,-0.16734010179503644,-0.026645789473933725,conversation_group,conditional_on_both_classes_present,995.0,5.0,8535.0,1510.0
mlp,1337,NF-CSE-CIC-IDS2018,retrained,0.4461011483134457,0.12451157198677487,0.003832281334535618,-0.06315112113952637,0.01,1.46745765209198,1.4043065309524536,13308.0,10000.0,3308.0,1000,0.95,0.3635777976298129,0.49662349656055,0.059474486206673546,0.2051072587396824,0.00020955478823039912,0.00957582942421173,-0.544281307444661,0.5027300376092027,conversation_group,conditional_on_both_classes_present,998,2,8535,1510,0.6815171950150848,0.3138715436143566,0.0001508890989265046,12298,14318,conversation_group,ok,5022,5023,0,0.0,0.0,0.0,,,,,,
numerical_feature_transformer,1337,NF-UNSW-NB15,original,0.4827701226835093,0.003964150293002344,0.0077559462254395035,-0.0005387524142861366,0.01,0.010100653395056725,0.009561900980770588,11604.0,10000.0,1604.0,1000,0.95,0.47203999229846894,0.49381775442343323,0.00034298157198077184,0.02574538854961028,0.0057118596246812595,0.010192101854360952,-0.004840819153239243,0.005992150021656348,conversation_group,ok,1000,0,262,29,0.5230369119276641,0.04540944221778154,0.007248254085886114,12129,11079,conversation_group,ok,145,146,0,-0.03161468973660386,-0.04820502114647056,-0.01683473434910923,conversation_group,ok,1000.0,0.0,262.0,29.0
numerical_feature_transformer,1337,NF-UNSW-NB15,rollback_repair,0.5083838684814435,0.031023784901758,0.0043950361944157185,7.063150405883789e-05,0.01,0.7627950310707092,0.7628656625747681,11604.0,10000.0,1604.0,1000,0.95,0.5020628749802051,0.5158782099681997,0.0233643683584544,0.04440968460452997,0.001522951818824803,0.010897805932404758,3.307947323562544e-05,0.0001334211929265971,conversation_group,ok,1000,0,262,29,0.5,0.0,0.0,12129,11079,conversation_group,ok,145,146,0,-0.006000943938669678,-0.01614377185821075,0.00421766128695938,conversation_group,ok,1000.0,0.0,262.0,29.0
numerical_feature_transformer,1337,NF-UNSW-NB15,ssd_canonical,0.4827701226835093,0.003964150293002344,0.0077559462254395035,-0.0005387524142861366,0.01,0.010100653395056725,0.009561900980770588,11604.0,10000.0,1604.0,1000,0.95,0.47203999229846894,0.49381775442343323,0.00034298157198077184,0.02574538854961028,0.0057118596246812595,0.010192101854360952,-0.004840819153239243,0.005992150021656348,conversation_group,ok,1000,0,262,29,0.5230369119276641,0.04540944221778154,0.007248254085886114,12129,11079,conversation_group,ok,145,146,0,-0.03161468973660386,-0.04820502114647056,-0.01683473434910923,conversation_group,ok,1000.0,0.0,262.0,29.0
numerical_feature_transformer,1337,NF-UNSW-NB15,ssd_canonical@alpha=1,0.4817221572254382,0.004222681833850439,0.009565667011375388,-0.00296929944306612,0.01,0.0153691116720438,0.01239981222897768,11604.0,10000.0,1604.0,1000,0.95,0.47022857013598185,0.49291870454963316,0.0005097648605408413,0.024750552636535885,0.006622891574027694,0.012079425339810509,-0.008110263989394923,0.004303551852494127,conversation_group,ok,1000,0,262,29,0.5211644337387767,0.04248238846313307,0.013501732047863856,12129,11079,conversation_group,ok,145,146,0,-0.03266265519467493,-0.04804560248395571,-0.018496928825540476,conversation_group,ok,1000.0,0.0,262.0,29.0
numerical_feature_transformer,1337,NF-UNSW-NB15,ssd_canonical@alpha=2,0.4821787314124942,0.004222681833850439,0.007325060324026198,-0.00047443807125091553,0.01,0.010005504824221134,0.009531066752970219,11604.0,10000.0,1604.0,1000,0.95,0.47092324609071634,0.4942832436403835,0.00031107803738836276,0.025634968273127792,0.004882807439134695,0.009924577009155526,-0.004636146319079033,0.00591880999730619,conversation_group,ok,1000,0,262,29,0.5243870865362465,0.05195743439333639,0.007248254085886117,12129,11079,conversation_group,ok,145,146,0,-0.03220608100761896,-0.047849566087870776,-0.017505402489719775,conversation_group,ok,1000.0,0.0,262.0,29.0
numerical_feature_transformer,1337,NF-UNSW-NB15,ssd_canonical@alpha=3,0.48295294841810066,0.0040503274732850425,0.008014477766287487,-0.0005976678803563118,0.01,0.010017337277531624,0.009419669397175312,11604.0,10000.0,1604.0,1000,0.95,0.4725137594877013,0.49384002321888143,0.0003670672528345454,0.02591616657400356,0.005734891048194915,0.010565529421062122,-0.004874152953807394,0.005929177355302748,conversation_group,ok,1000,0,262,29,0.5228972857943462,0.04465069591888293,0.007248254085886115,12129,11079,conversation_group,ok,145,146,0,-0.03143186400201248,-0.04783114478963875,-0.01675491228038609,conversation_group,ok,1000.0,0.0,262.0,29.0
numerical_feature_transformer,1337,NF-UNSW-NB15,ssd_canonical@alpha=5,0.4827701226835093,0.003964150293002344,0.0077559462254395035,-0.0005387524142861366,0.01,0.010100653395056725,0.009561900980770588,11604.0,10000.0,1604.0,1000,0.95,0.47203999229846894,0.49381775442343323,0.00034298157198077184,0.02574538854961028,0.0057118596246812595,0.010192101854360952,-0.004840819153239243,0.005992150021656348,conversation_group,ok,1000,0,262,29,0.5230369119276641,0.04540944221778154,0.007248254085886114,12129,11079,conversation_group,ok,145,146,0,-0.03161468973660386,-0.04820502114647056,-0.01683473434910923,conversation_group,ok,1000.0,0.0,262.0,29.0
numerical_feature_transformer,1337,NF-UNSW-NB15,dc_ssd_no_contrast,0.48592105567253785,0.008962426749396735,0.010168907273354016,0.022133350372314453,0.01,0.21164892613887787,0.23378227651119232,11604.0,10000.0,1604.0,1000,0.95,0.47786617817270155,0.492786147725049,0.0019877939422321884,0.01846572299917728,0.00809628659119141,0.012628161087302317,-0.027012044835018418,0.05526409460675295,conversation_group,ok,1000,0,262,29,0.5240185785344593,0.04172496205566553,0.0092152131448933,12129,11079,conversation_group,ok,145,146,0,-0.028463756747575286,-0.0466236241212214,-0.013861692697608544,conversation_group,ok,1000.0,0.0,262.0,29.0
numerical_feature_transformer,1337,NF-UNSW-NB15,dc_ssd_no_class_balance,0.48387674268913916,0.0014650120648052045,0.008876249569114099,-0.006619170308113098,0.01,0.11788472533226013,0.11126555502414703,11604.0,10000.0,1604.0,1000,0.95,0.47477165901437174,0.49145934040202843,0.0003959583639776608,0.015797829258703454,0.003405778777749565,0.011978668605078404,-0.046866133553566905,0.024360513119399716,conversation_group,ok,1000,0,262,29,0.5301345846186849,0.05280340972499975,0.010921734097651261,12129,11079,conversation_group,ok,145,146,0,-0.030508069730973975,-0.0469259181186998,-0.016669123485607576,conversation_group,ok,1000.0,0.0,262.0,29.0
numerical_feature_transformer,1337,NF-UNSW-NB15,dc_ssd,0.4871439376358828,0.007842123405722212,0.007325060324026198,0.02175995707511902,0.01,0.22849157452583313,0.25025153160095215,11604.0,10000.0,1604.0,1000,0.95,0.4793101547174827,0.494314207014012,0.0015115703959771615,0.01787647722690875,0.005973613836845894,0.010442011020836865,-0.050711456335309074,0.06550392032115197,conversation_group,ok,1000,0,262,29,0.5307185228534862,0.052965364776006135,0.007358256617935085,12129,11079,conversation_group,ok,145,146,0,-0.027240874784230318,-0.04417482967890676,-0.013034854623908779,conversation_group,ok,1000.0,0.0,262.0,29.0
numerical_feature_transformer,1337,NF-UNSW-NB15,scrub_r,0.4952417705100204,0.006290934160634268,0.014133057566356428,-0.025258541107177734,0.01,1.022418737411499,0.9971601963043213,11604.0,10000.0,1604.0,1000,0.95,0.48360558539172677,0.5132146527477903,0.0031829585849905595,0.02837578562309881,0.010291622206883653,0.019656535537821224,-0.06816227672102972,0.05603664003990049,conversation_group,ok,1000,0,262,29,0.4961560837935005,0.024898535465487884,0.029871833420732404,12129,11079,conversation_group,ok,145,146,0,-0.01914304191009275,-0.03189270199003186,-0.006635127291530608,conversation_group,ok,1000.0,0.0,262.0,29.0
numerical_feature_transformer,1337,NF-UNSW-NB15,scrub_r@lr=0.001,0.49219770494810894,0.009048603929679433,0.005860048259220959,-0.013562649488449097,0.01,0.44566482305526733,0.43210217356681824,11604.0,10000.0,1604.0,1000,0.95,0.48300120724253887,0.5059120069031731,0.0007979070913295936,0.030714756499569177,0.0030869954212617433,0.010984346396739236,-0.04556929265538972,0.05217680656906443,conversation_group,ok,1000,0,262,29,0.49088932813219005,0.007428654523825906,0.008265623398604203,12129,11079,conversation_group,ok,145,146,0,-0.022187107472004197,-0.030495839630579946,-0.014615525444511217,conversation_group,ok,1000.0,0.0,262.0,29.0
numerical_feature_transformer,1337,NF-UNSW-NB15,retrained,0.5143848124201131,0.02300930713547053,0.023095484315753187,0.05798506736755371,0.01,1.091568946838379,1.1495540142059326,11604.0,10000.0,1604.0,1000,0.95,0.5046082484312072,0.5269854351447157,0.017583375073403035,0.044747334330744376,0.01747186416473477,0.03248782347227325,0.0069503709455235865,0.1108009070175296,conversation_group,ok,1000,0,262,29,0.5203485801605113,0.030421525247693038,0.03111158446528232,12129,11079,conversation_group,ok,145,146,0,0.0,0.0,0.0,,,,,,
numerical_feature_transformer,1337,NF-ToN-IoT,original,0.8058510402180233,0.5650928260371304,0.05970662388264955,0.3964272141456604,0.01,0.2521863579750061,0.6486135721206665,8726.0,2229.0,6497.0,1000,0.95,0.6359122933102187,0.8508413724001952,0.3156251449439136,0.6422019262543488,0.027378997294092006,0.20664388077827123,0.12093710004841102,0.4493136662258935,conversation_group,conditional_on_both_classes_present,995,5,556,61,0.8546513760065827,0.5767995344388188,0.0798438027023704,9834,7618,conversation_group,ok,308,309,0,0.28587135749546033,0.19145831599796292,0.3756070833124033,conversation_group,conditional_on_both_classes_present,993.0,7.0,556.0,61.0
numerical_feature_transformer,1337,NF-ToN-IoT,rollback_repair,0.6745951201130882,0.4440751776300711,0.010543204217281686,0.07057100534439087,0.01,0.9802542328834534,1.0508252382278442,8726.0,2229.0,6497.0,1000,0.95,0.5671169490303364,0.7076094164864749,0.26083931481671374,0.5317426617967077,0.005111098129507613,0.04760750809035129,0.015908638952894395,0.11357892567338555,conversation_group,conditional_on_both_classes_present,995,5,556,61,0.7511470311159831,0.4825603411076571,0.16718152074811984,9834,7618,conversation_group,ok,308,309,0,0.1546154373905252,0.06559397559787725,0.27832705257190665,conversation_group,conditional_on_both_classes_present,993.0,7.0,556.0,61.0
numerical_feature_transformer,1337,NF-ToN-IoT,ssd_canonical,0.8058510402180233,0.5650928260371304,0.05970662388264955,0.3964272141456604,0.01,0.2521863579750061,0.6486135721206665,8726.0,2229.0,6497.0,1000,0.95,0.6359122933102187,0.8508413724001952,0.3156251449439136,0.6422019262543488,0.027378997294092006,0.20664388077827123,0.12093710004841102,0.4493136662258935,conversation_group,conditional_on_both_classes_present,995,5,556,61,0.8546513760065827,0.5767995344388188,0.0798438027023704,9834,7618,conversation_group,ok,308,309,0,0.28587135749546033,0.19145831599796292,0.3756070833124033,conversation_group,conditional_on_both_classes_present,993.0,7.0,556.0,61.0
numerical_feature_transformer,1337,NF-ToN-IoT,ssd_canonical@alpha=1,0.5743885694872637,0.20032088012835209,0.010543204217281686,0.002343416213989258,0.01,0.7354946136474609,0.7378380298614502,8726.0,2229.0,6497.0,1000,0.95,0.5188701738292365,0.6412687562664332,0.10818325207743501,0.34345143733181627,0.0025915366802222502,0.04700326635154365,0.0004481760968564237,0.004579661335764612,conversation_group,conditional_on_both_classes_present,995,5,556,61,0.5852435035448802,0.22023991870729293,0.017329647284281265,9834,7618,conversation_group,ok,308,309,0,0.05440888676470068,-0.06491676343143549,0.2589847206910129,conversation_group,conditional_on_both_classes_present,993.0,7.0,556.0,61.0
numerical_feature_transformer,1337,NF-ToN-IoT,ssd_canonical@alpha=2,0.5459538566579579,0.2716021086408435,0.012262204904881962,0.0038362741470336914,0.01,0.7249875664710999,0.7288238406181335,8726.0,2229.0,6497.0,1000,0.95,0.48868908277910483,0.6155736243047345,0.11923563000478628,0.385887147188608,0.0042002170497761355,0.050494549648938694,0.0003199495200043729,0.007929312323553322,conversation_group,conditional_on_both_classes_present,995,5,556,61,0.57018341305811,0.325472503997233,0.01597928515823337,9834,7618,conversation_group,ok,308,309,0,0.025974173935394917,-0.09725389680459233,0.22838203286434833,conversation_group,conditional_on_both_classes_present,993.0,7.0,556.0,61.0
numerical_feature_transformer,1337,NF-ToN-IoT,ssd_canonical@alpha=3,0.6092610443003379,0.25785010314004125,0.13419665367866146,0.017826974391937256,0.01,0.6511971354484558,0.6690241098403931,8726.0,2229.0,6497.0,1000,0.95,0.4645291124651031,0.6577764583361315,0.09442019414016845,0.33638992832777154,0.0068900471140673335,0.24909324306804864,-0.0048653618942209875,0.029077007174009014,conversation_group,conditional_on_both_classes_present,995,5,556,61,0.6237703210739118,0.3029765473793881,0.11927880676325002,9834,7618,conversation_group,ok,308,309,0,0.08928136157777489,-0.012256812921591085,0.21145089901860936,conversation_group,conditional_on_both_classes_present,993.0,7.0,556.0,61.0
numerical_feature_transformer,1337,NF-ToN-IoT,ssd_canonical@alpha=5,0.43628424598974697,0.047444418977767605,0.021544808617923447,-0.30174875259399414,0.01,1.6636172533035278,1.3618685007095337,8726.0,2229.0,6497.0,1000,0.95,0.3963869937017002,0.5480305270200757,0.014169364487775992,0.16887827411972822,0.0047371198432253235,0.057476175520081885,-0.4670830344243327,0.10838134103631632,conversation_group,conditional_on_both_classes_present,995,5,556,61,0.6214662295711507,0.19099641926597,0.028578250028633907,9834,7618,conversation_group,ok,308,309,0,-0.08369543673281604,-0.16501713252464603,0.13712600383694296,conversation_group,conditional_on_both_classes_present,993.0,7.0,556.0,61.0
numerical_feature_transformer,1337,NF-ToN-IoT,dc_ssd_no_contrast,0.710209500861247,0.46206738482695386,0.01512720605088242,1.6795381307601929,0.01,1.3799539804458618,3.0594921112060547,8726.0,2229.0,6497.0,1000,0.95,0.61786351473101,0.7560314585963971,0.27194122982745417,0.5435820168931579,0.008937128176348185,0.03539838418333008,0.8007157333590356,1.9971592755485972,conversation_group,conditional_on_both_classes_present,995,5,556,61,0.7891979314942259,0.5101140949477694,0.06355751981082589,9834,7618,conversation_group,ok,308,309,0,0.190229818138684,0.10438072584153268,0.3108700972556605,conversation_group,conditional_on_both_classes_present,993.0,7.0,556.0,61.0
numerical_feature_transformer,1337,NF-ToN-IoT,dc_ssd_no_class_balance,0.46434183326137224,0.10978684391473757,0.11574604629841852,-4.9591064453125e-05,0.01,0.6928294897079468,0.6927798986434937,8726.0,2229.0,6497.0,1000,0.95,0.4113385646309412,0.5514105131895416,0.02342109919053909,0.21993441909449932,0.0044796387192151624,0.21532143034149978,-0.0001400955267455539,9.474694555932084e-05,conversation_group,conditional_on_both_classes_present,995,5,556,61,0.5,0.0,0.0,9834,7618,conversation_group,ok,308,309,0,-0.05563784946119077,-0.18722124061753148,0.16573986423526924,conversation_group,conditional_on_both_classes_present,993.0,7.0,556.0,61.0
numerical_feature_transformer,1337,NF-ToN-IoT,dc_ssd,0.4227253506280728,0.04354801741920694,0.0027504011001604402,-0.014230728149414062,0.01,2.780194044113159,2.765963315963745,8726.0,2229.0,6497.0,1000,0.95,0.3896514019450166,0.5511841674600197,0.01870827122124054,0.1436546143061616,0.0006865838685776205,0.012616147771095008,-0.04656308109518101,0.05519208810412113,conversation_group,conditional_on_both_classes_present,995,5,556,61,0.5741123980548247,0.24121112999139116,0.009452534882335568,9834,7618,conversation_group,ok,308,309,0,-0.09725433209449019,-0.19354313199961493,0.13456854290392173,conversation_group,conditional_on_both_classes_present,993.0,7.0,556.0,61.0
numerical_feature_transformer,1337,NF-ToN-IoT,scrub_r,0.33754683091605076,0.033004813201925276,0.02280540912216365,-0.15822333097457886,0.01,1.0286576747894287,0.8704343438148499,8726.0,2229.0,6497.0,1000,0.95,0.2990980074014009,0.3821765044333212,0.011687485449649577,0.0814080890592637,0.015053713727240913,0.030365436596353414,-0.5959173186587958,0.21765432822588993,conversation_group,conditional_on_both_classes_present,995,5,556,61,0.6921206427302791,0.40132008055753693,0.16302086236560207,9834,7618,conversation_group,ok,308,309,0,-0.18243285180651225,-0.24903725793039516,-0.03793639938032888,conversation_group,conditional_on_both_classes_present,993.0,7.0,556.0,61.0
numerical_feature_transformer,1337,NF-ToN-IoT,scrub_r@lr=0.001,0.7315127707737996,0.40281916112766447,0.0343800137520055,1.51970636844635,0.01,1.1292043924331665,2.6489107608795166,8726.0,2229.0,6497.0,1000,0.95,0.5213868573299366,0.7876364017433888,0.12361232467923061,0.512994018304073,0.00010238376801397182,0.0726033696449842,-0.30597708946645835,2.1216507541125753,conversation_group,conditional_on_both_classes_present,995,5,556,61,0.7315936718736946,0.4329829592807183,0.01872088895387257,9834,7618,conversation_group,ok,308,309,0,0.2115330880512366,0.12569835557690093,0.25285717520339857,conversation_group,conditional_on_both_classes_present,993.0,7.0,556.0,61.0
numerical_feature_transformer,1337,NF-ToN-IoT,retrained,0.519979682722563,0.17614027045610814,0.0275040110016044,-0.646371603012085,0.01,1.5270816087722778,0.8807100057601929,8726.0,2229.0,6497.0,1000,0.95,0.3707427330865608,0.5949581090193927,0.02857186625485253,0.3139290844854896,0.013508600499093625,0.04516777409419936,-1.5174989919071928,0.08799909346178608,conversation_group,conditional_on_both_classes_present,995,5,556,61,0.7078534019940934,0.3966996421791355,0.0836916361519176,9834,7618,conversation_group,ok,308,309,0,0.0,0.0,0.0,,,,,,
numerical_feature_transformer,1337,NF-BoT-IoT,original,0.9235797214126394,0.8053009166998805,0.8114786767636508,0.01336770411580801,0.01,0.008165779523551464,0.021533483639359474,10036.0,36.0,10000.0,1000,0.95,0.8400163067803871,0.9795528242547255,0.649417252154963,0.9401931729859118,0.592256721693772,0.9438615957263643,0.0006380056368386235,0.025445800908596224,conversation_group,ok,1000,0,45,5,0.9170493942887114,0.787028314076214,0.7863694852218728,11576,8496,conversation_group,ok,25,25,0,0.4714857372367408,0.2999525249420821,0.7408539851355244,conversation_group,ok,1000.0,0.0,45.0,5.0
numerical_feature_transformer,1337,NF-BoT-IoT,rollback_repair,0.16242832598182613,0.002291749701076126,0.004583499402152252,-0.009516119956970215,0.01,1.7792805433273315,1.7697644233703613,10036.0,36.0,10000.0,1000,0.95,0.05624112535256203,0.3229406134720776,0.00134515743324056,0.1457867455391394,0.00391842614909677,0.006988257464730742,-0.012417239310123618,-0.006089883165251326,conversation_group,ok,1000,0,45,5,0.862475345719736,0.6196685658284629,0.6037455192460384,11576,8496,conversation_group,ok,25,25,0,-0.28966565819407253,-0.5486001160703944,0.08174616319085275,conversation_group,ok,1000.0,0.0,45.0,5.0
numerical_feature_transformer,1337,NF-BoT-IoT,ssd_canonical,0.9235797214126394,0.8053009166998805,0.8114786767636508,0.01336770411580801,0.01,0.008165779523551464,0.021533483639359474,10036.0,36.0,10000.0,1000,0.95,0.8400163067803871,0.9795528242547255,0.649417252154963,0.9401931729859118,0.592256721693772,0.9438615957263643,0.0006380056368386235,0.025445800908596224,conversation_group,ok,1000,0,45,5,0.9170493942887114,0.787028314076214,0.7863694852218728,11576,8496,conversation_group,ok,25,25,0,0.4714857372367408,0.2999525249420821,0.7408539851355244,conversation_group,ok,1000.0,0.0,45.0,5.0
numerical_feature_transformer,1337,NF-BoT-IoT,ssd_canonical@alpha=1,0.7796570201002975,0.4410123555201276,0.12475089677162216,0.035618022084236145,0.01,0.015071051195263863,0.05068907514214516,10036.0,36.0,10000.0,1000,0.95,0.6510899803630819,0.921684936830031,0.27945183848133887,0.7475420802864235,0.03719400129098545,0.24403441560382755,0.01785609035615265,0.05923086307041779,conversation_group,ok,1000,0,45,5,0.6519262545181674,0.2843622015004127,0.12261155789316189,11576,8496,conversation_group,ok,25,25,0,0.32756303592439884,0.04434136320071214,0.732622164472743,conversation_group,ok,1000.0,0.0,45.0,5.0
numerical_feature_transformer,1337,NF-BoT-IoT,ssd_canonical@alpha=2,0.9184003549755754,0.7380430450378638,0.6078118772419291,0.014843248762190342,0.01,0.008845134638249874,0.023688383400440216,10036.0,36.0,10000.0,1000,0.95,0.8388710352205659,0.9751920939151368,0.5999985881858009,0.8879474075164265,0.43677266589673464,0.8707432571438415,0.0019506000258402486,0.02745874819910415,conversation_group,ok,1000,0,45,5,0.9161176068004145,0.7811818665657659,0.7429122241964617,11576,8496,conversation_group,ok,25,25,0,0.46630637079967674,0.29535036670175796,0.7305467518710143,conversation_group,ok,1000.0,0.0,45.0,5.0
numerical_feature_transformer,1337,NF-BoT-IoT,ssd_canonical@alpha=3,0.9235797214126394,0.8053009166998805,0.8114786767636508,0.01336770411580801,0.01,0.008165779523551464,0.021533483639359474,10036.0,36.0,10000.0,1000,0.95,0.8400163067803871,0.9795528242547255,0.649417252154963,0.9401931729859118,0.592256721693772,0.9438615957263643,0.0006380056368386235,0.025445800908596224,conversation_group,ok,1000,0,45,5,0.9170493942887114,0.787028314076214,0.7863694852218728,11576,8496,conversation_group,ok,25,25,0,0.4714857372367408,0.2999525249420821,0.7408539851355244,conversation_group,ok,1000.0,0.0,45.0,5.0
numerical_feature_transformer,1337,NF-BoT-IoT,ssd_canonical@alpha=5,0.9235797214126394,0.8053009166998805,0.8114786767636508,0.01336770411580801,0.01,0.008165779523551464,0.021533483639359474,10036.0,36.0,10000.0,1000,0.95,0.8400163067803871,0.9795528242547255,0.649417252154963,0.9401931729859118,0.592256721693772,0.9438615957263643,0.0006380056368386235,0.025445800908596224,conversation_group,ok,1000,0,45,5,0.9170493942887114,0.787028314076214,0.7863694852218728,11576,8496,conversation_group,ok,25,25,0,0.4714857372367408,0.2999525249420821,0.7408539851355244,conversation_group,ok,1000.0,0.0,45.0,5.0
numerical_feature_transformer,1337,NF-BoT-IoT,dc_ssd_no_contrast,0.7455646569519916,0.5825029892387406,0.0025906735751295338,0.18568962812423706,0.01,0.8840238451957703,1.0697134733200073,10036.0,36.0,10000.0,1000,0.95,0.6535227282712185,0.8586253178307606,0.3983199062237159,0.789160842118995,0.0007130753083993459,0.00839406676545779,0.0940470122214056,0.25514906014835376,conversation_group,ok,1000,0,45,5,0.6429188558421035,0.40867071676008704,0.001534825959188213,11576,8496,conversation_group,ok,25,25,0,0.29347067277609296,0.05744770865856502,0.6700026462962669,conversation_group,ok,1000.0,0.0,45.0,5.0
numerical_feature_transformer,1337,NF-BoT-IoT,dc_ssd_no_class_balance,0.9226310888612871,0.7956357114388203,0.7621562375448386,0.013927054591476917,0.01,0.008919660933315754,0.02284671552479267,10036.0,36.0,10000.0,1000,0.95,0.8397197891969845,0.9786629155394767,0.641460411116715,0.9352314243858915,0.5425570955496923,0.9287239528107042,0.0013146243496609841,0.02687194913670249,conversation_group,ok,1000,0,45,5,0.916457135571027,0.788209117341781,0.7882664291555217,11576,8496,conversation_group,ok,25,25,0,0.47053710468538845,0.29911117791234326,0.7399904560958482,conversation_group,ok,1000.0,0.0,45.0,5.0
numerical_feature_transformer,1337,NF-BoT-IoT,dc_ssd,0.8817076082897106,0.6802510960542049,0.6896173774412117,0.02378004789352417,0.01,0.3082735538482666,0.33205360174179077,10036.0,36.0,10000.0,1000,0.95,0.7968650033769474,0.9538421946039797,0.5293139032183968,0.8632215667179394,0.06439815565438155,0.863558617808611,0.016814510084705334,0.0299395470404224,conversation_group,ok,1000,0,45,5,0.8273315133389971,0.5772890496053801,0.05604607076691642,11576,8496,conversation_group,ok,25,25,0,0.429613624113812,0.2167558206329304,0.7394149083804332,conversation_group,ok,1000.0,0.0,45.0,5.0
numerical_feature_transformer,1337,NF-BoT-IoT,scrub_r,0.7766226717336917,0.5802112395376644,0.003786369071343165,0.27521276473999023,0.01,3.038850784301758,3.314063549041748,10036.0,36.0,10000.0,1000,0.95,0.6139081180492504,0.9243876369800857,0.38394190083850227,0.7996808223045395,0.0024203678757186695,0.028573010200703464,0.0021988019592860068,0.5770942896571197,conversation_group,ok,1000,0,45,5,0.6523175096697783,0.4514482219978402,0.0017244944851358829,11576,8496,conversation_group,ok,25,25,0,0.32452868755779307,0.021607867774950787,0.7456796250376393,conversation_group,ok,1000.0,0.0,45.0,5.0
numerical_feature_transformer,1337,NF-BoT-IoT,scrub_r@lr=0.001,0.9142468341551127,0.7635512156237545,0.6938023116779594,1.9454048871994019,0.01,1.2348593473434448,3.1802642345428467,10036.0,36.0,10000.0,1000,0.95,0.824157046841704,0.9730234595789472,0.6350741385963236,0.8948251433923146,0.48883487182555607,0.8725421078987343,1.419456863285292,2.4001789810051553,conversation_group,ok,1000,0,45,5,0.9055467166547674,0.7410016590694035,0.5951747902773881,11576,8496,conversation_group,ok,25,25,0,0.462152849979214,0.2925808635632176,0.738649820825295,conversation_group,ok,1000.0,0.0,45.0,5.0
numerical_feature_transformer,1337,NF-BoT-IoT,retrained,0.45209398417589863,0.28716620167397366,0.003786369071343165,-0.06302857398986816,0.01,2.5740880966186523,2.511059522628784,10036.0,36.0,10000.0,1000,0.95,0.1964555147726964,0.6263512324751858,0.026872940195761794,0.5077259580008645,0.002403588834528003,0.008133285893497863,-0.7337483216324511,0.4317998258724631,conversation_group,ok,1000,0,45,5,0.820179587867278,0.6047617116743796,0.3017865348987812,11576,8496,conversation_group,ok,25,25,0,0.0,0.0,0.0,,,,,,
numerical_feature_transformer,1337,NF-CSE-CIC-IDS2018,original,0.7318231002746516,0.4157649534114818,0.08415990381725277,0.14720775187015533,0.01,0.07808102667331696,0.2252887785434723,13308.0,10000.0,3308.0,1000,0.95,0.6327473978914283,0.7941831709030666,0.2779592762284705,0.5059486014982124,0.05603186478330206,0.13720301391940312,0.0549383057756376,0.7272263751479237,conversation_group,conditional_on_both_classes_present,998,2,8535,1510,0.7193568061319572,0.39786823733690524,0.10182038999540564,12298,14318,conversation_group,ok,5022,5023,0,0.33178374800308136,0.16132752594055552,0.43530598244041463,conversation_group,conditional_on_both_classes_present,995.0,5.0,8535.0,1510.0
numerical_feature_transformer,1337,NF-CSE-CIC-IDS2018,rollback_repair,0.4349886628597943,0.07138563270213405,0.04192966636609558,0.00046241283416748047,0.01,0.811519980430603,0.8119823932647705,13308.0,10000.0,3308.0,1000,0.95,0.4175936277626133,0.4482020831190175,0.0651295983303946,0.1474523604058952,9.445075847320135e-05,0.12000934612362679,-0.005859305328787028,0.005834644815265037,conversation_group,conditional_on_both_classes_present,998,2,8535,1510,0.6286912389904386,0.2400263584562176,0.06306716993328312,12298,14318,conversation_group,ok,5022,5023,0,0.03494931058822409,-0.03779615936567125,0.08481364850188569,conversation_group,conditional_on_both_classes_present,995.0,5.0,8535.0,1510.0
numerical_feature_transformer,1337,NF-CSE-CIC-IDS2018,ssd_canonical,0.7318231002746516,0.4157649534114818,0.08415990381725277,0.14720775187015533,0.01,0.07808102667331696,0.2252887785434723,13308.0,10000.0,3308.0,1000,0.95,0.6327473978914283,0.7941831709030666,0.2779592762284705,0.5059486014982124,0.05603186478330206,0.13720301391940312,0.0549383057756376,0.7272263751479237,conversation_group,conditional_on_both_classes_present,998,2,8535,1510,0.7193568061319572,0.39786823733690524,0.10182038999540564,12298,14318,conversation_group,ok,5022,5023,0,0.33178374800308136,0.16132752594055552,0.43530598244041463,conversation_group,conditional_on_both_classes_present,995.0,5.0,8535.0,1510.0
numerical_feature_transformer,1337,NF-CSE-CIC-IDS2018,ssd_canonical@alpha=1,0.7054886051983892,0.3739104298166517,0.03990081154192967,0.28477591276168823,0.01,0.17161449790000916,0.4563904106616974,13308.0,10000.0,3308.0,1000,0.95,0.6487781535018806,0.7467363733445783,0.28699444137399854,0.43859955139549656,0.027554105169891485,0.05430670796771052,-0.027657240328724873,0.6037667478299649,conversation_group,conditional_on_both_classes_present,998,2,8535,1510,0.6892679337417931,0.3406772200257944,0.031988488972420556,12298,14318,conversation_group,ok,5022,5023,0,0.30544925292681896,0.16869941800240176,0.3971789108107482,conversation_group,conditional_on_both_classes_present,995.0,5.0,8535.0,1510.0
numerical_feature_transformer,1337,NF-CSE-CIC-IDS2018,ssd_canonical@alpha=2,0.7758172758854989,0.47926059513074837,0.047114517583408476,0.24308162927627563,0.01,0.1260034441947937,0.36908507347106934,13308.0,10000.0,3308.0,1000,0.95,0.6682586017606243,0.847126292566629,0.3453912350852283,0.5709197648161408,0.013685002926350305,0.2687308382666511,0.1922001690646755,0.4522713738178449,conversation_group,conditional_on_both_classes_present,998,2,8535,1510,0.7621921559561342,0.45503371289812977,0.045173924006279446,12298,14318,conversation_group,ok,5022,5023,0,0.37577792361392864,0.19438881527903212,0.48679748218007096,conversation_group,conditional_on_both_classes_present,995.0,5.0,8535.0,1510.0
numerical_feature_transformer,1337,NF-CSE-CIC-IDS2018,ssd_canonical@alpha=3,0.7318231002746516,0.4157649534114818,0.08415990381725277,0.14720775187015533,0.01,0.07808102667331696,0.2252887785434723,13308.0,10000.0,3308.0,1000,0.95,0.6327473978914283,0.7941831709030666,0.2779592762284705,0.5059486014982124,0.05603186478330206,0.13720301391940312,0.0549383057756376,0.7272263751479237,conversation_group,conditional_on_both_classes_present,998,2,8535,1510,0.7193568061319572,0.39786823733690524,0.10182038999540564,12298,14318,conversation_group,ok,5022,5023,0,0.33178374800308136,0.16132752594055552,0.43530598244041463,conversation_group,conditional_on_both_classes_present,995.0,5.0,8535.0,1510.0
numerical_feature_transformer,1337,NF-CSE-CIC-IDS2018,ssd_canonical@alpha=5,0.7318231002746516,0.4157649534114818,0.08415990381725277,0.14720775187015533,0.01,0.07808102667331696,0.2252887785434723,13308.0,10000.0,3308.0,1000,0.95,0.6327473978914283,0.7941831709030666,0.2779592762284705,0.5059486014982124,0.05603186478330206,0.13720301391940312,0.0549383057756376,0.7272263751479237,conversation_group,conditional_on_both_classes_present,998,2,8535,1510,0.7193568061319572,0.39786823733690524,0.10182038999540564,12298,14318,conversation_group,ok,5022,5023,0,0.33178374800308136,0.16132752594055552,0.43530598244041463,conversation_group,conditional_on_both_classes_present,995.0,5.0,8535.0,1510.0
numerical_feature_transformer,1337,NF-CSE-CIC-IDS2018,dc_ssd_no_contrast,0.7030000147259052,0.38683498647430126,0.06988277727682597,0.11582551151514053,0.01,0.08970019966363907,0.2055257111787796,13308.0,10000.0,3308.0,1000,0.95,0.5912488861430952,0.7734138649663409,0.2601279348343219,0.47745237634863996,0.03789156917141348,0.26468133994572607,0.0376719387832818,0.6044339889409097,conversation_group,conditional_on_both_classes_present,998,2,8535,1510,0.6888595084615989,0.3708881331792422,0.08456038123745066,12298,14318,conversation_group,ok,5022,5023,0,0.302960662454335,0.12102257045989806,0.4131512875228807,conversation_group,conditional_on_both_classes_present,995.0,5.0,8535.0,1510.0
numerical_feature_transformer,1337,NF-CSE-CIC-IDS2018,dc_ssd_no_class_balance,0.7162104758509156,0.4100541027953111,0.026525398256687708,0.13684535026550293,0.01,0.09664562344551086,0.2334909737110138,13308.0,10000.0,3308.0,1000,0.95,0.6079771104663869,0.7855262524644945,0.2747755466662038,0.5009954040829173,0.006494210907954756,0.1310199845233589,0.07151801399449034,0.5093676352807164,conversation_group,conditional_on_both_classes_present,998,2,8535,1510,0.6957921681314487,0.38539930524730176,0.022112673186067203,12298,14318,conversation_group,ok,5022,5023,0,0.31617112357934535,0.13661132371919393,0.42730758318931816,conversation_group,conditional_on_both_classes_present,995.0,5.0,8535.0,1510.0
numerical_feature_transformer,1337,NF-CSE-CIC-IDS2018,dc_ssd,0.6974625294597157,0.35993387436128654,0.058385933273219115,0.10744952410459518,0.01,0.11500019580125809,0.22244971990585327,13308.0,10000.0,3308.0,1000,0.95,0.5899742429694377,0.7735757954694202,0.2417805626020157,0.457682325720299,0.02593307443479798,0.2674904387777035,0.04627696818034991,0.47091402133516624,conversation_group,conditional_on_both_classes_present,998,2,8535,1510,0.683654881612682,0.3422057021685434,0.06870530975542831,12298,14318,conversation_group,ok,5022,5023,0,0.2974231771881454,0.11930455452371541,0.4076494583790189,conversation_group,conditional_on_both_classes_present,995.0,5.0,8535.0,1510.0
numerical_feature_transformer,1337,NF-CSE-CIC-IDS2018,scrub_r,0.3635675761855551,0.039525097685602695,0.024571686203787194,-0.46258699893951416,0.01,2.061908721923828,1.599321722984314,13308.0,10000.0,3308.0,1000,0.95,0.34557779610290923,0.3880598140535953,0.031672742350100175,0.09700218985256115,0.01958229323594262,0.05883614565409775,-0.5019493297559191,-0.41242754136530946,conversation_group,conditional_on_both_classes_present,998,2,8535,1510,0.7250026767089062,0.39983787092100626,0.031058657089856667,12298,14318,conversation_group,ok,5022,5023,0,-0.03647177608601515,-0.09041854192887394,0.0008481064655813243,conversation_group,conditional_on_both_classes_present,995.0,5.0,8535.0,1510.0
numerical_feature_transformer,1337,NF-CSE-CIC-IDS2018,scrub_r@lr=0.001,0.3775537898698239,0.05515479410880673,0.01495341148181545,-0.43723320960998535,0.01,1.855736494064331,1.4185032844543457,13308.0,10000.0,3308.0,1000,0.95,0.3618772141287581,0.3996941668259544,0.043265726393213126,0.11770876456751152,0.01302877554932848,0.12034374855366214,-0.47073658686709746,-0.3906357223264248,conversation_group,conditional_on_both_classes_present,998,2,8535,1510,0.6978774301032337,0.32970786961494025,0.02477187165891373,12298,14318,conversation_group,ok,5022,5023,0,-0.022485562401746317,-0.08049865531876468,0.014445215981600557,conversation_group,conditional_on_both_classes_present,995.0,5.0,8535.0,1510.0
numerical_feature_transformer,1337,NF-CSE-CIC-IDS2018,retrained,0.4000393522715702,0.10519987977156597,0.028103396453261195,-0.43393373489379883,0.01,1.5619546175003052,1.1280208826065063,13308.0,10000.0,3308.0,1000,0.95,0.3522236025806568,0.4735623166266599,0.08834991201642613,0.1750867056588733,0.0039073220157051555,0.04938026711849534,-0.5675813643170646,-0.20270923481248918,conversation_group,conditional_on_both_classes_present,998,2,8535,1510,0.7744633603319913,0.5148025883260019,0.057366260245987656,12298,14318,conversation_group,ok,5022,5023,0,0.0,0.0,0.0,,,,,,
mlp,2026,NF-UNSW-NB15,original,0.48496927089887226,0.00293002412961052,0.009910375732506032,-0.0005218414589762688,0.01,0.004642616957426071,0.004120775498449802,11604.0,10000.0,1604.0,1000,0.95,0.47664555972947875,0.4936137141734147,0.00022222878843611868,0.02100315246243432,0.007570989507140454,0.011904815596620285,-0.00319512350832034,0.003622768144996325,conversation_group,ok,1000,0,271,29,0.5152933783515045,0.03115600036980526,0.010619094245829155,13152,10056,conversation_group,ok,150,150,0,-0.03263895721274773,-0.048426906263938474,-0.019919683453342534,conversation_group,ok,1000.0,0.0,271.0,29.0
mlp,2026,NF-UNSW-NB15,rollback_repair,0.4876541646184362,0.009220958290244746,0.00973802137194071,-0.006115913391113281,0.01,0.7470149397850037,0.7408990263938904,11604.0,10000.0,1604.0,1000,0.95,0.4792026857936786,0.49417991795348504,0.002887083249981525,0.01971783710278566,0.004911251388133032,0.01872759699961399,-0.010690836917448314,-0.0031768589826112748,conversation_group,ok,1000,0,271,29,0.507510401759023,0.034116846029598594,0.04388881860077711,13152,10056,conversation_group,ok,150,150,0,-0.029954063493183802,-0.04491898443955479,-0.01732560345020413,conversation_group,ok,1000.0,0.0,271.0,29.0
mlp,2026,NF-UNSW-NB15,ssd_canonical,0.48496927089887226,0.00293002412961052,0.009910375732506032,-0.0005218414589762688,0.01,0.004642616957426071,0.004120775498449802,11604.0,10000.0,1604.0,1000,0.95,0.47664555972947875,0.4936137141734147,0.00022222878843611868,0.02100315246243432,0.007570989507140454,0.011904815596620285,-0.00319512350832034,0.003622768144996325,conversation_group,ok,1000,0,271,29,0.5152933783515045,0.03115600036980526,0.010619094245829155,13152,10056,conversation_group,ok,150,150,0,-0.03263895721274773,-0.048426906263938474,-0.019919683453342534,conversation_group,ok,1000.0,0.0,271.0,29.0
mlp,2026,NF-UNSW-NB15,ssd_canonical@alpha=1,0.48774243236027087,0.0006032402619786281,0.010168907273354016,0.0003121299669146538,0.01,0.010559922084212303,0.010872052051126957,11604.0,10000.0,1604.0,1000,0.95,0.4803489591034005,0.4955914433535458,0.00048001690412471953,0.017935032455043957,0.0067808228708659615,0.012409578057465809,-0.0030696607089416707,0.004652671605191787,conversation_group,ok,1000,0,271,29,0.5103578001276409,0.025414333824216873,0.012647116024599772,13152,10056,conversation_group,ok,150,150,0,-0.029865795751349122,-0.044640831349904396,-0.01812191415973145,conversation_group,ok,1000.0,0.0,271.0,29.0
mlp,2026,NF-UNSW-NB15,ssd_canonical@alpha=2,0.4871987415398724,0.0033609100310237894,0.008790072388831437,-0.0006702477112412453,0.01,0.005586219020187855,0.0049159713089466095,11604.0,10000.0,1604.0,1000,0.95,0.47875980769658616,0.49657646604693373,0.00010662131752182733,0.023306984639836454,0.005437607224414357,0.010816450900199963,-0.0036470595401120603,0.0036967426444318857,conversation_group,ok,1000,0,271,29,0.5114265595214113,0.025664463613080696,0.013228857037118456,13152,10056,conversation_group,ok,150,150,0,-0.03040948657174758,-0.045466532198204554,-0.0184036977373187,conversation_group,ok,1000.0,0.0,271.0,29.0
mlp,2026,NF-UNSW-NB15,ssd_canonical@alpha=3,0.48553383762876523,0.0024991382281972507,0.010255084453636676,-0.0006140219047665596,0.01,0.004580949433147907,0.003966927528381348,11604.0,10000.0,1604.0,1000,0.95,0.47746321362887634,0.4941525508659549,0.00017790114603622017,0.021110450172884786,0.007655288401256447,0.011944100669976315,-0.0033371312202750405,0.003575471295714068,conversation_group,ok,1000,0,271,29,0.5160860464546564,0.0351140592736246,0.009983626449693814,13152,10056,conversation_group,ok,150,150,0,-0.032074390482854764,-0.04783909767723658,-0.019433872667044248,conversation_group,ok,1000.0,0.0,271.0,29.0
mlp,2026,NF-UNSW-NB15,ssd_canonical@alpha=5,0.48496927089887226,0.00293002412961052,0.009910375732506032,-0.0005218414589762688,0.01,0.004642616957426071,0.004120775498449802,11604.0,10000.0,1604.0,1000,0.95,0.47664555972947875,0.4936137141734147,0.00022222878843611868,0.02100315246243432,0.007570989507140454,0.011904815596620285,-0.00319512350832034,0.003622768144996325,conversation_group,ok,1000,0,271,29,0.5152933783515045,0.03115600036980526,0.010619094245829155,13152,10056,conversation_group,ok,150,150,0,-0.03263895721274773,-0.048426906263938474,-0.019919683453342534,conversation_group,ok,1000.0,0.0,271.0,29.0
mlp,2026,NF-UNSW-NB15,dc_ssd_no_contrast,0.4905511333680537,0.0021544295070665305,0.010685970355049982,0.00028002262115478516,0.01,0.019625622779130936,0.01990564540028572,11604.0,10000.0,1604.0,1000,0.95,0.48198613340836843,0.49938946646970334,0.0008299354195278234,0.017926693216389886,0.008107654221041937,0.013156924424823215,-0.0038953481258228134,0.004611846188918503,conversation_group,ok,1000,0,271,29,0.5086959204437795,0.022592441064246738,0.009470730845872969,13152,10056,conversation_group,ok,150,150,0,-0.027057094743566268,-0.03914624830996634,-0.015900152676257343,conversation_group,ok,1000.0,0.0,271.0,29.0
mlp,2026,NF-UNSW-NB15,dc_ssd_no_class_balance,0.4882839323612809,0.001723543605653223,0.01051361599448466,-8.028559386730194e-05,0.01,0.015764277428388596,0.015683991834521294,11604.0,10000.0,1604.0,1000,0.95,0.4804761484385388,0.49691231460128876,0.001066113812537767,0.017024871848749665,0.008400173679256887,0.012525600668771723,-0.004112321034329378,0.00442845416994737,conversation_group,ok,1000,0,271,29,0.5074401634973168,0.019627568772316972,0.012750825487092162,13152,10056,conversation_group,ok,150,150,0,-0.02932429575033907,-0.04321095301507492,-0.016972464504300233,conversation_group,ok,1000.0,0.0,271.0,29.0
mlp,2026,NF-UNSW-NB15,dc_ssd,0.4993585577890922,0.0066356428817648805,0.011633919338159255,-0.0011038072407245636,0.01,0.03905119001865387,0.037947382777929306,11604.0,10000.0,1604.0,1000,0.95,0.49089369274345807,0.5101345206189898,0.002010158708046632,0.025677342763282495,0.008135117078763807,0.014387725289131492,-0.006986424459624203,0.004853059905968107,conversation_group,ok,1000,0,271,29,0.4985902398989496,0.008274518419153942,0.011444072039076901,13152,10056,conversation_group,ok,150,150,0,-0.018249670322527778,-0.028785441950639062,-0.0076698341175012955,conversation_group,ok,1000.0,0.0,271.0,29.0
mlp,2026,NF-UNSW-NB15,scrub_r,0.5090125371013406,0.024215787659427807,0.0,0.2754201889038086,0.01,12.025494575500488,12.300914764404297,11604.0,10000.0,1604.0,1000,0.95,0.5000974694287218,0.5190672132619579,0.012709452784447307,0.04200417641285401,0.0,0.0,-0.08344910291258127,0.6242567185883264,conversation_group,ok,1000,0,271,29,0.501150717929504,0.02257919838210748,0.006262271916142542,13152,10056,conversation_group,ok,150,150,0,-0.00859569101027935,-0.021230700301561878,0.002499926861110616,conversation_group,ok,1000.0,0.0,271.0,29.0
mlp,2026,NF-UNSW-NB15,scrub_r@lr=0.001,0.5137338271484794,0.03559117545673906,0.01120303343674595,0.40167903900146484,0.01,14.72060775756836,15.122286796569824,11604.0,10000.0,1604.0,1000,0.95,0.5051697870064142,0.523281164233443,0.026870703578949943,0.0519819863576553,0.0,0.035038257117403236,0.05065199554746538,0.7634731424409628,conversation_group,ok,1000,0,271,29,0.5087309648770095,0.03262895367832521,0.0,13152,10056,conversation_group,ok,150,150,0,-0.003874400963140623,-0.016321092735724005,0.006740865477104199,conversation_group,ok,1000.0,0.0,271.0,29.0
mlp,2026,NF-UNSW-NB15,retrained,0.51760822811162,0.034987935194760456,0.022147535332643915,0.059101104736328125,0.01,1.6602494716644287,1.7193505764007568,11604.0,10000.0,1604.0,1000,0.95,0.507631207044772,0.5307657866448121,0.027776056977479296,0.054620572995446606,0.016959102636240033,0.029263844390558496,0.009442761398617563,0.1327538538549744,conversation_group,ok,1000,0,271,29,0.5164995822678736,0.036482955841979796,0.020954435948493527,13152,10056,conversation_group,ok,150,150,0,0.0,0.0,0.0,,,,,,
mlp,2026,NF-ToN-IoT,original,0.7801685342998226,0.5199404079761633,0.041943616777446714,1.2994816303253174,0.01,0.2476082593202591,1.54708993434906,8726.0,2229.0,6497.0,1000,0.95,0.6586175616448025,0.8099856614689094,0.3712125294858415,0.5729735093056899,0.02152944613265642,0.08627161175879366,0.11892718344310989,1.536125706070404,conversation_group,conditional_on_both_classes_present,992,8,580,61,0.6799039259710716,0.49323957101439264,0.047696963442596316,5589,11863,conversation_group,ok,320,321,0,0.20436926530259947,0.1352001335020062,0.245140500295612,conversation_group,conditional_on_both_classes_present,991.0,9.0,580.0,61.0
mlp,2026,NF-ToN-IoT,rollback_repair,0.569877942677283,0.262892505157002,0.039766215906486366,-0.010334968566894531,0.01,1.5676902532577515,1.557355284690857,8726.0,2229.0,6497.0,1000,0.95,0.4987767080789756,0.632907889243032,0.14640045266304025,0.36351242643970993,0.021040734839555753,0.06845749450966053,-0.027965543600799288,0.006381658639997562,conversation_group,conditional_on_both_classes_present,992,8,580,61,0.4566335301694594,0.2329519083171893,0.20439177930119798,5589,11863,conversation_group,ok,320,321,0,-0.0059213263199401345,-0.055539004364450154,0.07768114052471128,conversation_group,conditional_on_both_classes_present,991.0,9.0,580.0,61.0
mlp,2026,NF-ToN-IoT,ssd_canonical,0.7801685342998226,0.5199404079761633,0.041943616777446714,1.2994816303253174,0.01,0.2476082593202591,1.54708993434906,8726.0,2229.0,6497.0,1000,0.95,0.6586175616448025,0.8099856614689094,0.3712125294858415,0.5729735093056899,0.02152944613265642,0.08627161175879366,0.11892718344310989,1.536125706070404,conversation_group,conditional_on_both_classes_present,992,8,580,61,0.6799039259710716,0.49323957101439264,0.047696963442596316,5589,11863,conversation_group,ok,320,321,0,0.20436926530259947,0.1352001335020062,0.245140500295612,conversation_group,conditional_on_both_classes_present,991.0,9.0,580.0,61.0
mlp,2026,NF-ToN-IoT,ssd_canonical@alpha=1,0.5080225679351331,0.07322942929177173,0.005271602108640843,0.00282973051071167,0.01,0.824257493019104,0.8270872235298157,8726.0,2229.0,6497.0,1000,0.95,0.4615298348628722,0.560671568411841,0.028795497715124567,0.20496855537702227,0.002605674797975982,0.02524084047866602,-0.021029481831187406,0.024716304305742256,conversation_group,conditional_on_both_classes_present,992,8,580,61,0.4572644154565445,0.01052255470973218,0.008830435756647305,5589,11863,conversation_group,ok,320,321,0,-0.06777670106209,-0.12285324587890567,0.04801607511192163,conversation_group,conditional_on_both_classes_present,991.0,9.0,580.0,61.0
mlp,2026,NF-ToN-IoT,ssd_canonical@alpha=2,0.665542557014639,0.3710749484299794,0.006761402704561082,0.09440219402313232,0.01,0.7104623317718506,0.8048645257949829,8726.0,2229.0,6497.0,1000,0.95,0.6215030110548205,0.714502110111088,0.29300949387852115,0.4449199794256712,0.004214747296471383,0.016115384751052727,0.0642952708908813,0.14564133307864002,conversation_group,conditional_on_both_classes_present,992,8,580,61,0.6727666480294955,0.3928731380105954,0.004810018984761684,5589,11863,conversation_group,ok,320,321,0,0.08974328801741593,0.024410072808700698,0.20982780317429794,conversation_group,conditional_on_both_classes_present,991.0,9.0,580.0,61.0
mlp,2026,NF-ToN-IoT,ssd_canonical@alpha=3,0.5729187575768544,0.2238138895255558,0.0027504011001604402,0.04633307456970215,0.01,1.0501278638839722,1.0964609384536743,8726.0,2229.0,6497.0,1000,0.95,0.41643262629929695,0.6251982263552259,0.08047286619562943,0.3004845688682782,0.00012877242584973414,0.06850197586208416,-0.020480025767581064,0.07455043276056351,conversation_group,conditional_on_both_classes_present,992,8,580,61,0.38592026480215325,0.007198992598719752,0.012453131435254953,5589,11863,conversation_group,ok,320,321,0,-0.0028805114203687143,-0.13678642111269454,0.07212348560486939,conversation_group,conditional_on_both_classes_present,991.0,9.0,580.0,61.0
mlp,2026,NF-ToN-IoT,ssd_canonical@alpha=5,0.4401990536867725,0.07712583085033231,0.00045840018336007336,-0.04472309350967407,0.01,0.78211510181427,0.737392008304596,8726.0,2229.0,6497.0,1000,0.95,0.3704937798764869,0.48811569284242473,0.0009697757419688519,0.18029234012471707,0.0,0.003942491333329923,-0.2970209363972417,0.13711308421186325,conversation_group,conditional_on_both_classes_present,992,8,580,61,0.5733750979903599,0.2748460249685425,0.00908434942072154,5589,11863,conversation_group,ok,320,321,0,-0.13560021531045063,-0.19254484455358353,-0.0854515326796159,conversation_group,conditional_on_both_classes_present,991.0,9.0,580.0,61.0
mlp,2026,NF-ToN-IoT,dc_ssd_no_contrast,0.56354688770388,0.16559706623882653,0.032890213156085264,0.1950974464416504,0.01,1.7317194938659668,1.9268169403076172,8726.0,2229.0,6497.0,1000,0.95,0.5259740170702171,0.6322124203323173,0.10003049193599446,0.3234018823254543,0.015920544217852616,0.04471146077594659,0.09972945621505303,0.3703595638964646,conversation_group,conditional_on_both_classes_present,992,8,580,61,0.6426259453430004,0.3028468734095918,0.011845706502819337,5589,11863,conversation_group,ok,320,321,0,-0.012252381293343162,-0.07131521217128298,0.12695027339063003,conversation_group,conditional_on_both_classes_present,991.0,9.0,580.0,61.0
mlp,2026,NF-ToN-IoT,dc_ssd_no_class_balance,0.7072049663451999,0.5136374054549622,0.022117808847123537,0.026351988315582275,0.01,0.7340118288993835,0.7603638172149658,8726.0,2229.0,6497.0,1000,0.95,0.618922706061275,0.7355093461288695,0.28253731727672143,0.5982297041944274,0.012086036474457072,0.053459526157277795,0.009318605326113028,0.03829614266817244,conversation_group,conditional_on_both_classes_present,992,8,580,61,0.7345899984748775,0.5699399785929693,0.024624320654815197,5589,11863,conversation_group,ok,320,321,0,0.1314056973479768,0.07122210980015516,0.18096564571628074,conversation_group,conditional_on_both_classes_present,991.0,9.0,580.0,61.0
mlp,2026,NF-ToN-IoT,dc_ssd,0.6048924330296296,0.24776529910611966,0.03415081366032546,0.07010906934738159,0.01,0.8260231018066406,0.8961321711540222,8726.0,2229.0,6497.0,1000,0.95,0.4301439715646564,0.6501762328634141,0.030404859191594222,0.357721635804611,0.01780619306125821,0.04560969069178549,-0.043890714523460356,0.0995215880731208,conversation_group,conditional_on_both_classes_present,992,8,580,61,0.36966420420066687,0.03640641399535416,0.005384412046736141,5589,11863,conversation_group,ok,320,321,0,0.02909316403240647,-0.12154674518497491,0.09061211954985766,conversation_group,conditional_on_both_classes_present,991.0,9.0,580.0,61.0
mlp,2026,NF-ToN-IoT,scrub_r,0.5356463140522456,0.14405225762090312,0.012147604859041943,0.003527522087097168,0.01,1.3887684345245361,1.3922959566116333,8726.0,2229.0,6497.0,1000,0.95,0.4203724604510412,0.6019611404915801,0.08447747778287457,0.27036901770270366,0.007823250502793722,0.024017423865586765,-0.6701631699218368,0.41282804171074133,conversation_group,conditional_on_both_classes_present,992,8,580,61,0.5216088133310988,0.12072803288686096,0.016992386158776497,5589,11863,conversation_group,ok,320,321,0,-0.040152954944977504,-0.11128064330054184,0.0071177919149434665,conversation_group,conditional_on_both_classes_present,991.0,9.0,580.0,61.0
mlp,2026,NF-ToN-IoT,scrub_r@lr=0.001,0.5824070924058807,0.20616548246619298,0.0035526014210405686,0.3282853364944458,0.01,1.2609872817993164,1.5892726182937622,8726.0,2229.0,6497.0,1000,0.95,0.4531838694439294,0.6516313328516607,0.10050400979456378,0.3078614320827168,0.0022824453502011803,0.046101984464771394,-0.5529804469044867,0.730648511658091,conversation_group,conditional_on_both_classes_present,992,8,580,61,0.5433322697382222,0.1342058008950474,0.005682535535726582,5589,11863,conversation_group,ok,320,321,0,0.00660782340865762,-0.0724250529427064,0.05201022604835173,conversation_group,conditional_on_both_classes_present,991.0,9.0,580.0,61.0
mlp,2026,NF-ToN-IoT,retrained,0.5757992689972231,0.2363052945221178,0.0032088012835205133,0.6776597499847412,0.01,1.9888229370117188,2.66648268699646,8726.0,2229.0,6497.0,1000,0.95,0.5017260473568306,0.6065204216860296,0.07307839075290976,0.30852417093624745,0.0007480370118732048,0.03770049077301807,-0.03413225235004012,1.0234566495374422,conversation_group,conditional_on_both_classes_present,992,8,580,61,0.5492151754020895,0.2532369666785176,0.011807001989646458,5589,11863,conversation_group,ok,320,321,0,0.0,0.0,0.0,,,,,,
mlp,2026,NF-BoT-IoT,original,0.8822499911041654,0.7223993622957353,0.7317656436827421,0.01798522286117077,0.01,0.0074335504323244095,0.025418773293495178,10036.0,36.0,10000.0,1000,0.95,0.7728963974543717,0.9599135714371468,0.5634833512969503,0.8975417614395861,0.564972254711912,0.900740758417135,0.004015817544906369,0.026226959244662958,conversation_group,ok,1000,0,39,5,0.8775054250915686,0.8172931316418893,0.823303084714816,11313,8759,conversation_group,ok,22,22,0,0.49726295718037633,0.3167749772513658,0.7379594617440617,conversation_group,ok,1000.0,0.0,39.0,5.0
mlp,2026,NF-BoT-IoT,rollback_repair,0.16335610395640657,0.009764846552411388,0.005280988441610204,-0.008410453796386719,0.01,8.739359855651855,8.730949401855469,10036.0,36.0,10000.0,1000,0.95,0.08030047169542331,0.27475953136234643,0.0011921801356909486,0.08157531698541344,0.003979373926749495,0.028720448130512475,-0.015375007156268161,0.0003942087147014367,conversation_group,ok,1000,0,39,5,0.8157812134505543,0.6912561669630263,0.003795544387340151,11313,8759,conversation_group,ok,22,22,0,-0.22163092996738246,-0.45122430522101314,0.05889109529137013,conversation_group,ok,1000.0,0.0,39.0,5.0
mlp,2026,NF-BoT-IoT,ssd_canonical,0.8822499911041654,0.7223993622957353,0.7317656436827421,0.01798522286117077,0.01,0.0074335504323244095,0.025418773293495178,10036.0,36.0,10000.0,1000,0.95,0.7728963974543717,0.9599135714371468,0.5634833512969503,0.8975417614395861,0.564972254711912,0.900740758417135,0.004015817544906369,0.026226959244662958,conversation_group,ok,1000,0,39,5,0.8775054250915686,0.8172931316418893,0.823303084714816,11313,8759,conversation_group,ok,22,22,0,0.49726295718037633,0.3167749772513658,0.7379594617440617,conversation_group,ok,1000.0,0.0,39.0,5.0
mlp,2026,NF-BoT-IoT,ssd_canonical@alpha=1,0.8852108495506252,0.7236946990833002,0.7323634914308489,0.019562024623155594,0.01,0.007981986738741398,0.027544012293219566,10036.0,36.0,10000.0,1000,0.95,0.7766865743616674,0.9616579530275883,0.5650307266998842,0.9022241869445962,0.5626077934428644,0.9083333284212152,0.004191254147568349,0.028821268977141892,conversation_group,ok,1000,0,39,5,0.878686529988992,0.8172840281518167,0.8252833687429937,11313,8759,conversation_group,ok,22,22,0,0.5002238156268362,0.32028594227488455,0.7401822452152695,conversation_group,ok,1000.0,0.0,39.0,5.0
mlp,2026,NF-BoT-IoT,ssd_canonical@alpha=2,0.8827100576624828,0.7233957752092467,0.7323634914308489,0.018434129655361176,0.01,0.007528100628405809,0.025962229818105698,10036.0,36.0,10000.0,1000,0.95,0.7736409019381717,0.9602580209813495,0.5647954190909589,0.8990212537734583,0.5658647215918156,0.9020012985289524,0.0041245125296308985,0.02686882900084942,conversation_group,ok,1000,0,39,5,0.8779735826642178,0.8186133209940079,0.8266035580951122,11313,8759,conversation_group,ok,22,22,0,0.49772302373869376,0.3170939028859155,0.7384076250241781,conversation_group,ok,1000.0,0.0,39.0,5.0
mlp,2026,NF-BoT-IoT,ssd_canonical@alpha=3,0.8822499513906176,0.7223993622957353,0.7317656436827421,0.017979729920625687,0.01,0.007433582097291946,0.025413312017917633,10036.0,36.0,10000.0,1000,0.95,0.7728963974543717,0.9599134616098336,0.5634833512969503,0.8975417614395861,0.564972254711912,0.900740758417135,0.0040156886648784005,0.026217731474449703,conversation_group,ok,1000,0,39,5,0.8775054250915686,0.8172931316418893,0.823303084714816,11313,8759,conversation_group,ok,22,22,0,0.49726291746682855,0.31677493272771945,0.7379594425601737,conversation_group,ok,1000.0,0.0,39.0,5.0
mlp,2026,NF-BoT-IoT,ssd_canonical@alpha=5,0.8822499911041654,0.7223993622957353,0.7317656436827421,0.01798522286117077,0.01,0.0074335504323244095,0.025418773293495178,10036.0,36.0,10000.0,1000,0.95,0.7728963974543717,0.9599135714371468,0.5634833512969503,0.8975417614395861,0.564972254711912,0.900740758417135,0.004015817544906369,0.026226959244662958,conversation_group,ok,1000,0,39,5,0.8775054250915686,0.8172931316418893,0.823303084714816,11313,8759,conversation_group,ok,22,22,0,0.49726295718037633,0.3167749772513658,0.7379594617440617,conversation_group,ok,1000.0,0.0,39.0,5.0
mlp,2026,NF-BoT-IoT,dc_ssd_no_contrast,0.865506213303689,0.6764647269828616,0.6863292148266241,1.062859296798706,0.01,0.2667599618434906,1.329619288444519,10036.0,36.0,10000.0,1000,0.95,0.7716600627095876,0.9454651997284735,0.49708264777826355,0.8605902346565728,0.4987405391120938,0.8662645789692938,-0.050936540406205676,1.9477819471136817,conversation_group,ok,1000,0,39,5,0.907822567787359,0.8354756303217538,0.8392945863439126,11313,8759,conversation_group,ok,22,22,0,0.4805191793799,0.26681388802241296,0.738099675100373,conversation_group,ok,1000.0,0.0,39.0,5.0
mlp,2026,NF-BoT-IoT,dc_ssd_no_class_balance,0.8821640956645355,0.7224990035870865,0.7306695894778796,0.018027499318122864,0.01,0.007630523294210434,0.025658022612333298,10036.0,36.0,10000.0,1000,0.95,0.7722764920241404,0.9599988525412909,0.5642269717230772,0.8972995837006732,0.5636867189415227,0.9012911155022352,0.003962452012474081,0.02638171446047521,conversation_group,ok,1000,0,39,5,0.8772672952509878,0.8177882026489337,0.8266035580951122,11313,8759,conversation_group,ok,22,22,0,0.49717706174074644,0.3172143217589561,0.7379391336982398,conversation_group,ok,1000.0,0.0,39.0,5.0
mlp,2026,NF-BoT-IoT,dc_ssd,0.7837550164167864,0.6015344758868074,0.0014946193702670386,1.3116978406906128,0.01,0.3337837755680084,1.6454815864562988,10036.0,36.0,10000.0,1000,0.95,0.7051102627500819,0.8929865378816884,0.45548224281612604,0.7964728785611984,0.0,0.7449877246431853,0.02749237566029871,2.3442555795992566,conversation_group,ok,1000,0,39,5,0.9092454378082755,0.8239180698124232,0.8011741188014896,11313,8759,conversation_group,ok,22,22,0,0.39876798249299733,0.15618589089396392,0.7439640826054362,conversation_group,ok,1000.0,0.0,39.0,5.0
mlp,2026,NF-BoT-IoT,scrub_r,0.459849141536066,0.22917497010761256,0.004583499402152252,1.0209726095199585,0.01,1.0966137647628784,2.117586374282837,10036.0,36.0,10000.0,1000,0.95,0.284492513146671,0.5907301553173747,0.03305251640886352,0.45240158721173773,0.0010140785435605332,0.02158335767144932,-0.299115388394668,2.098166436138572,conversation_group,ok,1000,0,39,5,0.6676284320225692,0.4099953427712737,0.005115733739458459,11313,8759,conversation_group,ok,22,22,0,0.07486210761227696,0.0015821862939622419,0.1543002546933871,conversation_group,ok,1000.0,0.0,39.0,5.0
mlp,2026,NF-BoT-IoT,scrub_r@lr=0.001,0.7275997868415037,0.4630330809087286,0.0031885213232363493,0.8898265957832336,0.01,0.6960462927818298,1.5858728885650635,10036.0,36.0,10000.0,1000,0.95,0.6701542080477443,0.7981560237076432,0.36947209391516617,0.6089005188026485,0.001365714656472422,0.023143066113747588,-0.025983965796694656,1.6367753736449953,conversation_group,ok,1000,0,39,5,0.7298425471564439,0.4798889516895125,0.04389629595793407,11313,8759,conversation_group,ok,22,22,0,0.3426127529177147,0.1450785689705699,0.618894455327161,conversation_group,ok,1000.0,0.0,39.0,5.0
mlp,2026,NF-BoT-IoT,retrained,0.384987033923789,0.21582303706656036,0.004882423276205659,-0.8101503849029541,0.01,3.671379566192627,2.861229181289673,10036.0,36.0,10000.0,1000,0.95,0.14765061090622478,0.5668340727031388,0.017088707120870135,0.43021967424887203,0.002535373269361025,0.0082034557826662,-2.145897371446935,0.29039829601723344,conversation_group,ok,1000,0,39,5,0.680866881479658,0.29843437765705194,0.15573890932027817,11313,8759,conversation_group,ok,22,22,0,0.0,0.0,0.0,,,,,,
mlp,2026,NF-CSE-CIC-IDS2018,original,0.6876337301919635,0.36511872557859937,0.056807935076645624,0.45870745182037354,0.01,0.07282788306474686,0.5315353274345398,13308.0,10000.0,3308.0,1000,0.95,0.6074030294574603,0.7399140940981037,0.24049573178511982,0.4659605613919254,0.04511039197400962,0.07258049428218467,0.04703264195794101,0.9245433984000986,conversation_group,conditional_on_both_classes_present,996,4,8487,1471,0.7318627489896463,0.4583990037707831,0.047935140559148416,14561,12055,conversation_group,ok,4979,4979,0,0.33751874842633833,0.27393766330015784,0.4164800615044673,conversation_group,conditional_on_both_classes_present,997.0,3.0,8487.0,1471.0
mlp,2026,NF-CSE-CIC-IDS2018,rollback_repair,0.30198791703334626,0.0,0.0,-0.03858184814453125,0.01,18.921260833740234,18.882678985595703,13308.0,10000.0,3308.0,1000,0.95,0.29142257203322364,0.3151194148866598,0.0,0.0001496812086732649,0.0,0.0,-0.04056529048729862,-0.03609334451812485,conversation_group,conditional_on_both_classes_present,996,4,8487,1471,0.8126944266881487,0.49854819327127586,0.03417597984309659,14561,12055,conversation_group,ok,4979,4979,0,-0.0481270647322789,-0.09173073832365626,0.0012200557308326592,conversation_group,conditional_on_both_classes_present,997.0,3.0,8487.0,1471.0
mlp,2026,NF-CSE-CIC-IDS2018,ssd_canonical,0.6876337301919635,0.36511872557859937,0.056807935076645624,0.45870745182037354,0.01,0.07282788306474686,0.5315353274345398,13308.0,10000.0,3308.0,1000,0.95,0.6074030294574603,0.7399140940981037,0.24049573178511982,0.4659605613919254,0.04511039197400962,0.07258049428218467,0.04703264195794101,0.9245433984000986,conversation_group,conditional_on_both_classes_present,996,4,8487,1471,0.7318627489896463,0.4583990037707831,0.047935140559148416,14561,12055,conversation_group,ok,4979,4979,0,0.33751874842633833,0.27393766330015784,0.4164800615044673,conversation_group,conditional_on_both_classes_present,997.0,3.0,8487.0,1471.0
mlp,2026,NF-CSE-CIC-IDS2018,ssd_canonical@alpha=1,0.43874017757273537,0.13104899308686505,0.07424105801021942,-0.2362564206123352,0.01,0.7465575337409973,0.5103011131286621,13308.0,10000.0,3308.0,1000,0.95,0.3966589703726243,0.5230306732713176,0.04300203390038215,0.20514815865163905,0.041043991187732776,0.2118571769821988,-0.31961585850908947,0.10000616480504286,conversation_group,conditional_on_both_classes_present,996,4,8487,1471,0.47176969531592017,0.037790125981584266,0.012131733104475774,14561,12055,conversation_group,ok,4979,4979,0,0.0886251958071102,0.061934176501265745,0.1447566789704693,conversation_group,conditional_on_both_classes_present,997.0,3.0,8487.0,1471.0
mlp,2026,NF-CSE-CIC-IDS2018,ssd_canonical@alpha=2,0.6301250272271147,0.3349113315299068,0.03734595731890592,0.48249489068984985,0.01,0.07824892550706863,0.5607438087463379,13308.0,10000.0,3308.0,1000,0.95,0.5700974009293484,0.6746952851491803,0.2135517383206857,0.4387312525195951,0.03367512873810688,0.04070554003870787,0.03950752718402441,0.985866132814769,conversation_group,conditional_on_both_classes_present,996,4,8487,1471,0.6675831435426571,0.4371869139605578,0.03550751152529517,14561,12055,conversation_group,ok,4979,4979,0,0.28001004546148955,0.2331583451228359,0.34683213657252543,conversation_group,conditional_on_both_classes_present,997.0,3.0,8487.0,1471.0
mlp,2026,NF-CSE-CIC-IDS2018,ssd_canonical@alpha=3,0.6937613414314971,0.36511872557859937,0.05718364893297265,0.4589964747428894,0.01,0.07310663908720016,0.5321031212806702,13308.0,10000.0,3308.0,1000,0.95,0.615357887540154,0.7449642640131983,0.240402213849547,0.4658057767689004,0.043996102330322175,0.07177355192433638,0.0467273447550352,0.9255589477223813,conversation_group,conditional_on_both_classes_present,996,4,8487,1471,0.73656718453809,0.4582909724399155,0.048526932417903325,14561,12055,conversation_group,ok,4979,4979,0,0.343646359665872,0.28155838944476436,0.42188876205402037,conversation_group,conditional_on_both_classes_present,997.0,3.0,8487.0,1471.0
mlp,2026,NF-CSE-CIC-IDS2018,ssd_canonical@alpha=5,0.6876337301919635,0.36511872557859937,0.056807935076645624,0.45870745182037354,0.01,0.07282788306474686,0.5315353274345398,13308.0,10000.0,3308.0,1000,0.95,0.6074030294574603,0.7399140940981037,0.24049573178511982,0.4659605613919254,0.04511039197400962,0.07258049428218467,0.04703264195794101,0.9245433984000986,conversation_group,conditional_on_both_classes_present,996,4,8487,1471,0.7318627489896463,0.4583990037707831,0.047935140559148416,14561,12055,conversation_group,ok,4979,4979,0,0.33751874842633833,0.27393766330015784,0.4164800615044673,conversation_group,conditional_on_both_classes_present,997.0,3.0,8487.0,1471.0
mlp,2026,NF-CSE-CIC-IDS2018,dc_ssd_no_contrast,0.5676138246979451,0.261346558461076,0.007213706041478809,0.42719340324401855,0.01,0.07721198350191116,0.5044053792953491,13308.0,10000.0,3308.0,1000,0.95,0.490124130870542,0.6333590258046801,0.15347954834453975,0.38358185466769357,0.005764923094094899,0.009164897787578919,0.029227984042118817,0.8887626675599009,conversation_group,conditional_on_both_classes_present,996,4,8487,1471,0.6311816079768592,0.3839992604345131,0.006657658410992805,14561,12055,conversation_group,ok,4979,4979,0,0.2174988429323199,0.15565490249213806,0.2763479515954733,conversation_group,conditional_on_both_classes_present,997.0,3.0,8487.0,1471.0
mlp,2026,NF-CSE-CIC-IDS2018,dc_ssd_no_class_balance,0.5638073532227011,0.2294860234445446,0.014502554854223023,0.3105023503303528,0.01,0.12670250236988068,0.43720486760139465,13308.0,10000.0,3308.0,1000,0.95,0.4604164173947582,0.6440465221052203,0.1250610763284299,0.34441108267083903,0.006981956369299101,0.035101324003351565,0.016623775365541403,0.7642541698228146,conversation_group,conditional_on_both_classes_present,996,4,8487,1471,0.6487799534083397,0.3502164543439344,0.02966456252116693,14561,12055,conversation_group,ok,4979,4979,0,0.21369237145707598,0.12332434310022075,0.293817823453547,conversation_group,conditional_on_both_classes_present,997.0,3.0,8487.0,1471.0
mlp,2026,NF-CSE-CIC-IDS2018,dc_ssd,0.5324256133994536,0.22580402765253982,0.0009768560264502555,0.32889679074287415,0.01,0.0988263487815857,0.42772313952445984,13308.0,10000.0,3308.0,1000,0.95,0.44882649774737576,0.6149547606853202,0.11298246393718095,0.34717932557077874,0.0005254411320020393,0.0015779588097620356,0.011576434056115777,0.8378094628163941,conversation_group,conditional_on_both_classes_present,996,4,8487,1471,0.6164384986757986,0.3518800512035507,0.001035635752821104,14561,12055,conversation_group,ok,4979,4979,0,0.18231063163382843,0.11603783763387447,0.2332020708315075,conversation_group,conditional_on_both_classes_present,997.0,3.0,8487.0,1471.0
mlp,2026,NF-CSE-CIC-IDS2018,scrub_r,0.30852169335895097,0.05222422602945597,0.06011421701232342,-0.6276642084121704,0.01,1.2377814054489136,0.6101171970367432,13308.0,10000.0,3308.0,1000,0.95,0.2748693998484092,0.36603335355926414,0.022577583619880045,0.11155087493833206,0.026551414950971866,0.12074104759607741,-0.710672729448381,-0.4625907695424698,conversation_group,conditional_on_both_classes_present,996,4,8487,1471,0.6733411642887516,0.3346427146188045,0.0380226269250036,14561,12055,conversation_group,ok,4979,4979,0,-0.0415932884066742,-0.0607291981749308,-0.008734640005026478,conversation_group,conditional_on_both_classes_present,997.0,3.0,8487.0,1471.0
mlp,2026,NF-CSE-CIC-IDS2018,scrub_r@lr=0.001,0.282166868289606,0.003231139164412311,0.003005710850616171,-0.689055323600769,0.01,1.207655668258667,0.518600344657898,13308.0,10000.0,3308.0,1000,0.95,0.259737820209881,0.3665420574864079,0.0006676834122094856,0.04464779074481581,0.0020736602246794536,0.003964540540440844,-0.749648688669508,-0.3472732534362441,conversation_group,conditional_on_both_classes_present,996,4,8487,1471,0.5847415573527293,0.26314661156298425,0.02884985311430226,14561,12055,conversation_group,ok,4979,4979,0,-0.06794811347601915,-0.09624055676343801,-0.009958922923964185,conversation_group,conditional_on_both_classes_present,997.0,3.0,8487.0,1471.0
mlp,2026,NF-CSE-CIC-IDS2018,retrained,0.35011498176562517,0.0,0.004283137962128043,-0.7619732618331909,0.01,1.8277939558029175,1.0658206939697266,13308.0,10000.0,3308.0,1000,0.95,0.3015379480212909,0.3967000013584354,0.0,0.009061875881834366,0.0006654498637245504,0.011422742742327434,-0.9130473473293054,-0.5773085539088962,conversation_group,conditional_on_both_classes_present,996,4,8487,1471,0.666394075903967,0.24179749801129014,0.03831852285438106,14561,12055,conversation_group,ok,4979,4979,0,0.0,0.0,0.0,,,,,,
numerical_feature_transformer,2026,NF-UNSW-NB15,original,0.4841856445096552,0.0017235436056532993,0.008876249569114099,0.00015817256644368172,0.01,0.00776211591437459,0.007920288480818272,11604.0,10000.0,1604.0,1000,0.95,0.47595712395893136,0.49253503124126347,0.001030141984771072,0.017396625667819906,0.007073350996926349,0.011510595729808039,-0.004555742805382418,0.0066614525648086564,conversation_group,ok,1000,0,271,29,0.5218604808426236,0.035596238265174884,0.00538261353732832,13152,10056,conversation_group,ok,150,150,0,-0.014963196165165948,-0.029513441048152747,-0.003658650710126676,conversation_group,ok,1000.0,0.0,271.0,29.0
numerical_feature_transformer,2026,NF-UNSW-NB15,rollback_repair,0.4836962414510514,0.0013788348845225895,0.0062047569803516025,-0.00017774105072021484,0.01,0.8304270505905151,0.8302493095397949,11604.0,10000.0,1604.0,1000,0.95,0.4755831209736612,0.49053447792847893,0.0008606783480094931,0.012896398709713167,0.0012741469913951796,0.01910328366708046,-0.00025606877674758105,-0.0001224891900172526,conversation_group,ok,1000,0,271,29,0.5,0.0,0.0,13152,10056,conversation_group,ok,150,150,0,-0.015452599223769736,-0.030133473695769093,-0.004731733468770461,conversation_group,ok,1000.0,0.0,271.0,29.0
numerical_feature_transformer,2026,NF-UNSW-NB15,ssd_canonical,0.4841856445096552,0.0017235436056532993,0.008876249569114099,0.00015817256644368172,0.01,0.00776211591437459,0.007920288480818272,11604.0,10000.0,1604.0,1000,0.95,0.47595712395893136,0.49253503124126347,0.001030141984771072,0.017396625667819906,0.007073350996926349,0.011510595729808039,-0.004555742805382418,0.0066614525648086564,conversation_group,ok,1000,0,271,29,0.5218604808426236,0.035596238265174884,0.00538261353732832,13152,10056,conversation_group,ok,150,150,0,-0.014963196165165948,-0.029513441048152747,-0.003658650710126676,conversation_group,ok,1000.0,0.0,271.0,29.0
numerical_feature_transformer,2026,NF-UNSW-NB15,ssd_canonical@alpha=1,0.48606556063409767,0.0006894174422612887,0.009996552912788694,-0.0014658104628324509,0.01,0.009821547195315361,0.00835573673248291,11604.0,10000.0,1604.0,1000,0.95,0.47831067119408166,0.4928772719623457,0.0005048488494231715,0.011243355822175744,0.007877071457424887,0.012441581144612327,-0.0038559533328168583,0.0009867952964216142,conversation_group,ok,1000,0,271,29,0.5142247801226556,0.036150084459492415,0.01117441321598523,13152,10056,conversation_group,ok,150,150,0,-0.013083280040723455,-0.02767911815929945,-0.0012147779677117586,conversation_group,ok,1000.0,0.0,271.0,29.0
numerical_feature_transformer,2026,NF-UNSW-NB15,ssd_canonical@alpha=2,0.48593194293092246,0.004739744915546351,0.010685970355049982,-0.0013116677291691303,0.01,0.006122569553554058,0.004810901824384928,11604.0,10000.0,1604.0,1000,0.95,0.47742451443478906,0.49406482861059864,0.0009024111378460574,0.017245093061082545,0.00826133262360347,0.013584619540645455,-0.0036798740068437643,0.0018747197685455195,conversation_group,ok,1000,0,271,29,0.5199348472940329,0.03552380725313886,0.005993566895000775,13152,10056,conversation_group,ok,150,150,0,-0.01321689774389867,-0.028099714221594314,-0.001464785997084156,conversation_group,ok,1000.0,0.0,271.0,29.0
numerical_feature_transformer,2026,NF-UNSW-NB15,ssd_canonical@alpha=3,0.48406093118765525,0.0017235436056532993,0.009479489831092727,-0.0007154266349971294,0.01,0.0077035753056406975,0.006988148670643568,11604.0,10000.0,1604.0,1000,0.95,0.47567042956481353,0.49231248715220566,0.000967720343014043,0.017199575336121323,0.007479222297353086,0.011684906970297948,-0.004555657707123642,0.004728034998115609,conversation_group,ok,1000,0,271,29,0.5220362382653707,0.036370161391753975,0.00538261353732832,13152,10056,conversation_group,ok,150,150,0,-0.015087909487165874,-0.029538365180490606,-0.0038592682685347083,conversation_group,ok,1000.0,0.0,271.0,29.0
numerical_feature_transformer,2026,NF-UNSW-NB15,ssd_canonical@alpha=5,0.4841856445096552,0.0017235436056532993,0.008876249569114099,0.00015817256644368172,0.01,0.00776211591437459,0.007920288480818272,11604.0,10000.0,1604.0,1000,0.95,0.47595712395893136,0.49253503124126347,0.001030141984771072,0.017396625667819906,0.007073350996926349,0.011510595729808039,-0.004555742805382418,0.0066614525648086564,conversation_group,ok,1000,0,271,29,0.5218604808426236,0.035596238265174884,0.00538261353732832,13152,10056,conversation_group,ok,150,150,0,-0.014963196165165948,-0.029513441048152747,-0.003658650710126676,conversation_group,ok,1000.0,0.0,271.0,29.0
numerical_feature_transformer,2026,NF-UNSW-NB15,dc_ssd_no_contrast,0.4859060169970749,0.005170630816959676,0.010599793174767322,-0.00016505643725395203,0.01,0.017306406050920486,0.017141349613666534,11604.0,10000.0,1604.0,1000,0.95,0.4781182128169766,0.49357583135646566,0.0008720820617302547,0.021276106641022252,0.007875643243089007,0.012907623498264867,-0.00657742600205683,0.008944304167063153,conversation_group,ok,1000,0,271,29,0.5154693518370052,0.0355654445191248,0.005816314117119776,13152,10056,conversation_group,ok,150,150,0,-0.013242823677746207,-0.02707232902743245,-0.0021643428673692212,conversation_group,ok,1000.0,0.0,271.0,29.0
numerical_feature_transformer,2026,NF-UNSW-NB15,dc_ssd_no_class_balance,0.4850907054182959,0.00293002412961052,0.009307135470527405,0.0018528718501329422,0.01,0.007982183247804642,0.009835055097937584,11604.0,10000.0,1604.0,1000,0.95,0.477255333710749,0.49283911568184136,0.0006989573362195761,0.018709319723175057,0.007016209099913685,0.012783227828488957,-0.003527022469842847,0.010038505981856705,conversation_group,ok,1000,0,271,29,0.5176444379836403,0.03732742396400757,0.006897739712278018,13152,10056,conversation_group,ok,150,150,0,-0.014058135256525217,-0.027422707040995052,-0.002073451710593523,conversation_group,ok,1000.0,0.0,271.0,29.0
numerical_feature_transformer,2026,NF-UNSW-NB15,dc_ssd,0.48555632137689564,0.0018097207859358866,0.009910375732506032,-0.0012727770954370499,0.01,0.011040320619940758,0.009767543524503708,11604.0,10000.0,1604.0,1000,0.95,0.4778425638107509,0.4929035737472923,0.00041171943256004443,0.0137730871030083,0.007246873646854127,0.0125834969966834,-0.004315144540899429,0.002235349771508722,conversation_group,ok,1000,0,271,29,0.5186150563663886,0.04027629496986335,0.009482034263154523,13152,10056,conversation_group,ok,150,150,0,-0.013592519297925487,-0.027342142767367548,-0.002409430181165138,conversation_group,ok,1000.0,0.0,271.0,29.0
numerical_feature_transformer,2026,NF-UNSW-NB15,scrub_r,0.491615084381154,0.014305411926921807,0.010772147535332644,0.03680974245071411,0.01,0.4325608015060425,0.4693705439567566,11604.0,10000.0,1604.0,1000,0.95,0.4842615055881377,0.49845917258989936,0.009806796613605782,0.024335033293666253,0.00794837964828935,0.01264857631685547,-0.004377497900292025,0.06730734675310734,conversation_group,ok,1000,0,271,29,0.5139254468341681,0.03796755310999461,0.012501936997721418,13152,10056,conversation_group,ok,150,150,0,-0.007533756293667149,-0.01883593993434115,0.000669649371305164,conversation_group,ok,1000.0,0.0,271.0,29.0
numerical_feature_transformer,2026,NF-UNSW-NB15,scrub_r@lr=0.001,0.5074235580784289,0.02568079972423304,0.010255084453636676,0.040145039558410645,0.01,0.43769875168800354,0.4778437912464142,11604.0,10000.0,1604.0,1000,0.95,0.4998140209031381,0.515467178273989,0.01723299790551571,0.039454169449607245,0.007958311387525415,0.014082573051287305,0.010836684856005993,0.06239022998936881,conversation_group,ok,1000,0,271,29,0.49309493577789243,0.01002714450783826,0.009152996947804467,13152,10056,conversation_group,ok,150,150,0,0.008274717403607745,-0.00390684294336674,0.017677222564001543,conversation_group,ok,1000.0,0.0,271.0,29.0
numerical_feature_transformer,2026,NF-UNSW-NB15,retrained,0.4991488406748211,0.012409513960703222,0.00818683212685281,0.00718158483505249,0.01,0.5170915126800537,0.5242730975151062,11604.0,10000.0,1604.0,1000,0.95,0.4899903862013497,0.5105726135327303,0.0024346911964969985,0.03355852602733751,0.0035255801402884358,0.014654214358352118,-0.03533182293665768,0.069935006770359,conversation_group,ok,1000,0,271,29,0.5137790937896249,0.035773498280135485,0.00874285700452676,13152,10056,conversation_group,ok,150,150,0,0.0,0.0,0.0,,,,,,
numerical_feature_transformer,2026,NF-ToN-IoT,original,0.7429281488444203,0.4936969974787989,0.005844602337840935,0.23633137345314026,0.01,0.2738082706928253,0.5101396441459656,8726.0,2229.0,6497.0,1000,0.95,0.6227825176434819,0.7834961537445029,0.3263110051547243,0.5753105901639388,0.0,0.12712197954434987,0.08259501521896379,0.2943271062527877,conversation_group,conditional_on_both_classes_present,992,8,580,61,0.7384575112990435,0.46515256526260784,0.0,5589,11863,conversation_group,ok,320,321,0,0.14957847907273936,0.0377696261450845,0.2291850944013387,conversation_group,conditional_on_both_classes_present,991.0,9.0,580.0,61.0
numerical_feature_transformer,2026,NF-ToN-IoT,rollback_repair,0.5450790430373472,0.2037588815035526,0.01031400412560165,0.0023039579391479492,0.01,1.3312379121780396,1.3335418701171875,8726.0,2229.0,6497.0,1000,0.95,0.5129618893079296,0.5895880847078562,0.10879560161757339,0.26095556686724947,0.007717955361232133,0.01732698751793763,-0.00010075066206800468,0.006346023465560536,conversation_group,conditional_on_both_classes_present,992,8,580,61,0.5854460626040454,0.22440093235930203,0.024729590901813075,5589,11863,conversation_group,ok,320,321,0,-0.04827062673433369,-0.16354203227132272,0.09825636682484365,conversation_group,conditional_on_both_classes_present,991.0,9.0,580.0,61.0
numerical_feature_transformer,2026,NF-ToN-IoT,ssd_canonical,0.7429281488444203,0.4936969974787989,0.005844602337840935,0.23633137345314026,0.01,0.2738082706928253,0.5101396441459656,8726.0,2229.0,6497.0,1000,0.95,0.6227825176434819,0.7834961537445029,0.3263110051547243,0.5753105901639388,0.0,0.12712197954434987,0.08259501521896379,0.2943271062527877,conversation_group,conditional_on_both_classes_present,992,8,580,61,0.7384575112990435,0.46515256526260784,0.0,5589,11863,conversation_group,ok,320,321,0,0.14957847907273936,0.0377696261450845,0.2291850944013387,conversation_group,conditional_on_both_classes_present,991.0,9.0,580.0,61.0
numerical_feature_transformer,2026,NF-ToN-IoT,ssd_canonical@alpha=1,0.6732054271093539,0.4043089617235847,0.03758881503552602,0.004352688789367676,0.01,0.6720907688140869,0.6764434576034546,8726.0,2229.0,6497.0,1000,0.95,0.5183106232410354,0.7070769194331836,0.11685708253520885,0.47236701588865554,0.013459885461071497,0.06095303528555952,-0.0008865200992407965,0.006586906762046005,conversation_group,conditional_on_both_classes_present,992,8,580,61,0.31169458116781057,0.07676404025007241,0.04708386586744912,5589,11863,conversation_group,ok,320,321,0,0.07985575733767303,-0.04122699352631512,0.1893057283992823,conversation_group,conditional_on_both_classes_present,991.0,9.0,580.0,61.0
numerical_feature_transformer,2026,NF-ToN-IoT,ssd_canonical@alpha=2,0.6982896251787883,0.4550767820307128,0.03781801512720605,0.013748466968536377,0.01,0.6874663829803467,0.7012148499488831,8726.0,2229.0,6497.0,1000,0.95,0.5459539747485852,0.7322370679722474,0.18948555718970203,0.5252236895877396,0.013091985402433877,0.062147543650384954,0.00045008947613776537,0.020017106854955696,conversation_group,conditional_on_both_classes_present,992,8,580,61,0.7135114850114169,0.4910687381284904,0.03575249599032847,5589,11863,conversation_group,ok,320,321,0,0.10493995540710743,-0.011278317391115835,0.21056074396666785,conversation_group,conditional_on_both_classes_present,991.0,9.0,580.0,61.0
numerical_feature_transformer,2026,NF-ToN-IoT,ssd_canonical@alpha=3,0.6764631231866703,0.42253036901214763,0.03552601421040569,0.012954652309417725,0.01,0.6651766896247864,0.6781313419342041,8726.0,2229.0,6497.0,1000,0.95,0.5357581596501642,0.7118837995976808,0.1822265623236945,0.48274701907838846,0.00799568137418002,0.07270788203595636,0.0021343154676560622,0.018485353601930623,conversation_group,conditional_on_both_classes_present,992,8,580,61,0.6870226215967556,0.4441979466263257,0.04199841396454254,5589,11863,conversation_group,ok,320,321,0,0.08311345341498944,-0.013530509798030742,0.1782248606100272,conversation_group,conditional_on_both_classes_present,991.0,9.0,580.0,61.0
numerical_feature_transformer,2026,NF-ToN-IoT,ssd_canonical@alpha=5,0.6845407650723225,0.43215677286270915,0.03357781343112537,0.15275311470031738,0.01,0.5501586198806763,0.7029117345809937,8726.0,2229.0,6497.0,1000,0.95,0.517180942210865,0.7534492759626803,0.1412294024696152,0.5793154637511836,0.0026068491667041063,0.39673380284526305,-0.04912888389590627,0.3021595837421133,conversation_group,conditional_on_both_classes_present,992,8,580,61,0.6828068707324747,0.42160366202154786,0.00974148948981705,5589,11863,conversation_group,ok,320,321,0,0.09119109530064162,-0.07182489957486388,0.1610013875469864,conversation_group,conditional_on_both_classes_present,991.0,9.0,580.0,61.0
numerical_feature_transformer,2026,NF-ToN-IoT,dc_ssd_no_contrast,0.632092831395464,0.2804263121705248,0.03942241576896631,0.717584490776062,0.01,0.643651008605957,1.361235499382019,8726.0,2229.0,6497.0,1000,0.95,0.493753419445397,0.6661435886020775,0.06339668228139936,0.3443903696271793,0.010168218245911,0.09314710944374191,-0.009865252709818863,0.8904721808716137,conversation_group,conditional_on_both_classes_present,992,8,580,61,0.44699792782179437,0.05444327945206717,0.0004307529637388911,5589,11863,conversation_group,ok,320,321,0,0.03874316162378311,-0.10745577347241744,0.14841522356694264,conversation_group,conditional_on_both_classes_present,991.0,9.0,580.0,61.0
numerical_feature_transformer,2026,NF-ToN-IoT,dc_ssd_no_class_balance,0.3434916853109533,0.043891817556727025,0.016960806784322713,-0.004273712635040283,0.01,0.9138674736022949,0.9095937609672546,8726.0,2229.0,6497.0,1000,0.95,0.3199508073501924,0.42307664927745225,0.01856502215481701,0.08661254882448143,0.007062000162555394,0.07221973191501369,-0.005237914971743146,-0.002260244294239355,conversation_group,conditional_on_both_classes_present,992,8,580,61,0.6870786402764971,0.41565599352197663,0.21645336427879816,5589,11863,conversation_group,ok,320,321,0,-0.2498579844607276,-0.3333692840383336,-0.10774162955395035,conversation_group,conditional_on_both_classes_present,991.0,9.0,580.0,61.0
numerical_feature_transformer,2026,NF-ToN-IoT,dc_ssd,0.38328576980525453,0.041026816410726585,0.029108411643364657,-0.04215151071548462,0.01,0.6501414775848389,0.6079899668693542,8726.0,2229.0,6497.0,1000,0.95,0.3437599096321983,0.42829478085677064,0.022840255915343704,0.09047447650188951,0.016775882657448386,0.0462656965976513,-0.05882626604526301,-0.02424469439283916,conversation_group,conditional_on_both_classes_present,992,8,580,61,0.6284292322114325,0.3228404636873944,0.012176861862271316,5589,11863,conversation_group,ok,320,321,0,-0.21006389996642638,-0.32900332685490896,-0.06380206136320776,conversation_group,conditional_on_both_classes_present,991.0,9.0,580.0,61.0
numerical_feature_transformer,2026,NF-ToN-IoT,scrub_r,0.6055586853360113,0.21556268622507446,0.015471006188402475,0.04022622108459473,0.01,1.4332698583602905,1.4734960794448853,8726.0,2229.0,6497.0,1000,0.95,0.42049236259928885,0.693773315295198,0.0276634368154138,0.3365340293758936,0.0016438075963296057,0.20851112564673924,-0.6598334123777652,0.5792808619125954,conversation_group,conditional_on_both_classes_present,992,8,580,61,0.33470398302442256,0.0,0.000756570342414823,5589,11863,conversation_group,ok,320,321,0,0.012209015564330405,-0.1495646528114695,0.08840776904180844,conversation_group,conditional_on_both_classes_present,991.0,9.0,580.0,61.0
numerical_feature_transformer,2026,NF-ToN-IoT,scrub_r@lr=0.001,0.6033450303478678,0.38024295209718084,0.09534723813889526,-0.26695966720581055,0.01,1.3134872913360596,1.046527624130249,8726.0,2229.0,6497.0,1000,0.95,0.4852006772808347,0.6844555760344387,0.16235717453458323,0.4952955601225414,0.0012344215683172178,0.4183005455464933,-1.0671120305957669,0.4652450120674102,conversation_group,conditional_on_both_classes_present,992,8,580,61,0.42051776081399606,0.19581770645937363,0.16117334482197687,5589,11863,conversation_group,ok,320,321,0,0.009995360576186885,-0.06354944951866323,0.05692190153378393,conversation_group,conditional_on_both_classes_present,991.0,9.0,580.0,61.0
numerical_feature_transformer,2026,NF-ToN-IoT,retrained,0.5933496697716809,0.3106807242722897,0.01787760715104286,-0.4143483638763428,0.01,1.0749744176864624,0.6606260538101196,8726.0,2229.0,6497.0,1000,0.95,0.4879546755340155,0.6743920576756239,0.13902957272261618,0.403435030770603,0.0035228404350970896,0.06414088552106724,-0.8842690426879476,0.036429914481839104,conversation_group,conditional_on_both_classes_present,992,8,580,61,0.7686585221957982,0.4967469154241181,0.009399156175910328,5589,11863,conversation_group,ok,320,321,0,0.0,0.0,0.0,,,,,,
numerical_feature_transformer,2026,NF-BoT-IoT,original,0.8753453043336535,0.6505579912315663,0.5956556396970905,0.01579604670405388,0.01,0.008212603628635406,0.024008650332689285,10036.0,36.0,10000.0,1000,0.95,0.7661188432017602,0.951392321354516,0.5076498941142144,0.8006915926858227,0.3982814120370825,0.7886478607010542,0.001755360723135869,0.024346208961896744,conversation_group,ok,1000,0,39,5,0.8368644548958393,0.690815411410156,0.575767581192589,11313,8759,conversation_group,ok,22,22,0,-0.006504691917387562,-0.11749013511568154,0.09373905080903505,conversation_group,ok,1000.0,0.0,39.0,5.0
numerical_feature_transformer,2026,NF-BoT-IoT,rollback_repair,0.5344520090368972,0.2633519330410522,0.0050817058589079315,0.0005632638931274414,0.01,1.8883583545684814,1.8889216184616089,10036.0,36.0,10000.0,1000,0.95,0.23987470787814089,0.7567151296605307,0.001991411502704382,0.5471308349355155,0.0040972881626462005,0.006961261314340643,-0.0007494270133532319,0.001577568403703605,conversation_group,ok,1000,0,39,5,0.20839281751557512,0.0009782963150838176,0.005732394185832915,11313,8759,conversation_group,ok,22,22,0,-0.34739798721414394,-0.6863662260378856,-0.08741316880866357,conversation_group,ok,1000.0,0.0,39.0,5.0
numerical_feature_transformer,2026,NF-BoT-IoT,ssd_canonical,0.8753453043336535,0.6505579912315663,0.5956556396970905,0.01579604670405388,0.01,0.008212603628635406,0.024008650332689285,10036.0,36.0,10000.0,1000,0.95,0.7661188432017602,0.951392321354516,0.5076498941142144,0.8006915926858227,0.3982814120370825,0.7886478607010542,0.001755360723135869,0.024346208961896744,conversation_group,ok,1000,0,39,5,0.8368644548958393,0.690815411410156,0.575767581192589,11313,8759,conversation_group,ok,22,22,0,-0.006504691917387562,-0.11749013511568154,0.09373905080903505,conversation_group,ok,1000.0,0.0,39.0,5.0
numerical_feature_transformer,2026,NF-BoT-IoT,ssd_canonical@alpha=1,0.8746438737245796,0.6489637305699483,0.5701474691111997,0.016031503677368164,0.01,0.008466718718409538,0.024498222395777702,10036.0,36.0,10000.0,1000,0.95,0.7654446919476107,0.9510842124920234,0.5038314277860092,0.7992508529937231,0.3734805938556297,0.7810778540111024,0.0017766152194282024,0.024654154807465092,conversation_group,ok,1000,0,39,5,0.8344901855170906,0.6769534232129113,0.5559647409108108,11313,8759,conversation_group,ok,22,22,0,-0.007206122526461467,-0.12039869228629799,0.09379826960709893,conversation_group,ok,1000.0,0.0,39.0,5.0
numerical_feature_transformer,2026,NF-BoT-IoT,ssd_canonical@alpha=2,0.8753453043336535,0.6505579912315663,0.5956556396970905,0.015796182677149773,0.01,0.0082150399684906,0.024011222645640373,10036.0,36.0,10000.0,1000,0.95,0.7661188432017602,0.951392321354516,0.5076498941142144,0.8006915926858227,0.3982814120370825,0.7886478607010542,0.0017497984283185554,0.02434932629469855,conversation_group,ok,1000,0,39,5,0.8368641505054009,0.690815411410156,0.575767581192589,11313,8759,conversation_group,ok,22,22,0,-0.006504691917387562,-0.11749013511568154,0.09373905080903505,conversation_group,ok,1000.0,0.0,39.0,5.0
numerical_feature_transformer,2026,NF-BoT-IoT,ssd_canonical@alpha=3,0.8753453043336535,0.6505579912315663,0.5956556396970905,0.01579604670405388,0.01,0.008212603628635406,0.024008650332689285,10036.0,36.0,10000.0,1000,0.95,0.7661188432017602,0.951392321354516,0.5076498941142144,0.8006915926858227,0.3982814120370825,0.7886478607010542,0.001755360723135869,0.024346208961896744,conversation_group,ok,1000,0,39,5,0.8368644548958393,0.690815411410156,0.575767581192589,11313,8759,conversation_group,ok,22,22,0,-0.006504691917387562,-0.11749013511568154,0.09373905080903505,conversation_group,ok,1000.0,0.0,39.0,5.0
numerical_feature_transformer,2026,NF-BoT-IoT,ssd_canonical@alpha=5,0.8753453043336535,0.6505579912315663,0.5956556396970905,0.01579604670405388,0.01,0.008212603628635406,0.024008650332689285,10036.0,36.0,10000.0,1000,0.95,0.7661188432017602,0.951392321354516,0.5076498941142144,0.8006915926858227,0.3982814120370825,0.7886478607010542,0.001755360723135869,0.024346208961896744,conversation_group,ok,1000,0,39,5,0.8368644548958393,0.690815411410156,0.575767581192589,11313,8759,conversation_group,ok,22,22,0,-0.006504691917387562,-0.11749013511568154,0.09373905080903505,conversation_group,ok,1000.0,0.0,39.0,5.0
numerical_feature_transformer,2026,NF-BoT-IoT,dc_ssd_no_contrast,0.52521318331726,0.3543244320446393,0.004583499402152252,-0.07936155796051025,0.01,1.8178966045379639,1.7385350465774536,10036.0,36.0,10000.0,1000,0.95,0.2459701040450264,0.8867915862325061,0.03424294288955495,0.7744432663653519,0.0037650412089519484,0.02059220836243118,-0.26664669227350174,0.1553766081847365,conversation_group,ok,1000,0,39,5,0.06477970272860675,0.003260987716946495,0.006105875753547194,11313,8759,conversation_group,ok,22,22,0,-0.35663681293378113,-0.6253221031542597,-0.046852665904533124,conversation_group,ok,1000.0,0.0,39.0,5.0
numerical_feature_transformer,2026,NF-BoT-IoT,dc_ssd_no_class_balance,0.8755712843488431,0.6523515344758868,0.5775209246711838,0.01569429412484169,0.01,0.009073362685739994,0.02476765587925911,10036.0,36.0,10000.0,1000,0.95,0.7674279221865428,0.9516756351882314,0.5071535578005443,0.8041651360254792,0.38382033644273605,0.7843440327521123,0.0016649786715942816,0.02436209199703346,conversation_group,ok,1000,0,39,5,0.8357697565097291,0.6819041332833558,0.5660311847207147,11313,8759,conversation_group,ok,22,22,0,-0.006278711902197975,-0.11791107453721215,0.09422103828031901,conversation_group,ok,1000.0,0.0,39.0,5.0
numerical_feature_transformer,2026,NF-BoT-IoT,dc_ssd,0.14673119376859486,0.011558389796731738,0.0013949780789159027,-0.11759963631629944,0.01,0.5546562075614929,0.4370565712451935,10036.0,36.0,10000.0,1000,0.95,0.05426064185336881,0.2762338772900749,0.0014480381642457195,0.08034304878215996,0.00019510992918969435,0.006792253224818297,-0.21223190355089044,-0.0009277521764732816,conversation_group,ok,1000,0,39,5,0.837973163741712,0.7864110995540669,0.006227465192877281,11313,8759,conversation_group,ok,22,22,0,-0.7351188024824462,-0.8785947174247086,-0.5684598009953747,conversation_group,ok,1000.0,0.0,39.0,5.0
numerical_feature_transformer,2026,NF-BoT-IoT,scrub_r,0.7326619337781356,0.4831606217616581,0.003487445197289757,0.93061363697052,0.01,1.9775587320327759,2.908172369003296,10036.0,36.0,10000.0,1000,0.95,0.6750185423890536,0.8144491091734968,0.3896279947996125,0.6215665234561082,0.0019431316519982352,0.07579412703806687,0.26341352246247485,1.475896377448888,conversation_group,ok,1000,0,39,5,0.6710701711490872,0.49662574873465615,0.023079622264060573,11313,8759,conversation_group,ok,22,22,0,-0.1491880624729055,-0.23123466193226686,-0.062100308750571716,conversation_group,ok,1000.0,0.0,39.0,5.0
numerical_feature_transformer,2026,NF-BoT-IoT,scrub_r@lr=0.001,0.7160546017994049,0.49163013152650464,0.004982064567556795,0.292712926864624,0.01,2.3978216648101807,2.6905345916748047,10036.0,36.0,10000.0,1000,0.95,0.6377262227984598,0.8231301131544538,0.34448742608062144,0.6820499582977356,0.003930233033790738,0.4923554437110877,0.13013673048986643,0.4362234616287281,conversation_group,ok,1000,0,39,5,0.5559517196582502,0.22346764759325932,0.019802840281774647,11313,8759,conversation_group,ok,22,22,0,-0.16579539445163616,-0.2257163970822659,-0.10225986482024592,conversation_group,ok,1000.0,0.0,39.0,5.0
numerical_feature_transformer,2026,NF-BoT-IoT,retrained,0.8818499962510411,0.6882223993622958,0.003487445197289757,1.5633187294006348,0.01,2.6322178840637207,4.1955366134643555,10036.0,36.0,10000.0,1000,0.95,0.7919946723521183,0.9550448941658475,0.524762683423541,0.8605097140911125,0.00208052167061434,0.026302419266862612,1.166725806307093,1.9228746419284048,conversation_group,ok,1000,0,39,5,0.9558345150501459,0.830825166884133,0.8374951202500901,11313,8759,conversation_group,ok,22,22,0,0.0,0.0,0.0,,,,,,
numerical_feature_transformer,2026,NF-CSE-CIC-IDS2018,original,0.7175711511926763,0.3422001803426511,0.05410279531109107,0.10586435347795486,0.01,0.08953114598989487,0.19539549946784973,13308.0,10000.0,3308.0,1000,0.95,0.6963162262059721,0.7383134236382718,0.29364730647650844,0.45874346886448886,0.04509897824223016,0.0655886548905894,0.00579471425093308,0.7404986898295874,conversation_group,conditional_on_both_classes_present,996,4,8487,1471,0.6263192323247073,0.3322791210856837,0.0028000659496656573,14561,12055,conversation_group,ok,4979,4979,0,0.3234745938383018,0.2080017494144315,0.4056800945348912,conversation_group,conditional_on_both_classes_present,997.0,3.0,8487.0,1471.0
numerical_feature_transformer,2026,NF-CSE-CIC-IDS2018,rollback_repair,0.7777968655549241,0.6218815749924858,0.045761947700631196,0.47749078273773193,0.01,0.8167328834533691,1.294223666191101,13308.0,10000.0,3308.0,1000,0.95,0.695513087366303,0.8578129158642073,0.5199603594947676,0.7307703169082176,0.03379818061222081,0.06243047898053743,0.29010527740302744,0.6708113175041973,conversation_group,conditional_on_both_classes_present,996,4,8487,1471,0.730814708316787,0.5298016405212822,0.25346227452586245,14561,12055,conversation_group,ok,4979,4979,0,0.38370030820054957,0.2339746471366539,0.5323990068315227,conversation_group,conditional_on_both_classes_present,997.0,3.0,8487.0,1471.0
numerical_feature_transformer,2026,NF-CSE-CIC-IDS2018,ssd_canonical,0.7175711511926763,0.3422001803426511,0.05410279531109107,0.10586435347795486,0.01,0.08953114598989487,0.19539549946784973,13308.0,10000.0,3308.0,1000,0.95,0.6963162262059721,0.7383134236382718,0.29364730647650844,0.45874346886448886,0.04509897824223016,0.0655886548905894,0.00579471425093308,0.7404986898295874,conversation_group,conditional_on_both_classes_present,996,4,8487,1471,0.6263192323247073,0.3322791210856837,0.0028000659496656573,14561,12055,conversation_group,ok,4979,4979,0,0.3234745938383018,0.2080017494144315,0.4056800945348912,conversation_group,conditional_on_both_classes_present,997.0,3.0,8487.0,1471.0
numerical_feature_transformer,2026,NF-CSE-CIC-IDS2018,ssd_canonical@alpha=1,0.524325806498533,0.20904718966035474,0.014652840396753831,-0.17905807495117188,0.01,4.204145431518555,4.025087356567383,13308.0,10000.0,3308.0,1000,0.95,0.5019010476690682,0.5404074369289628,0.19423788135272807,0.22714297831817143,0.002684637683012312,0.17056694434592515,-0.19926855816474365,-0.15740227192244372,conversation_group,conditional_on_both_classes_present,996,4,8487,1471,0.5673367606858658,0.3699146040905099,0.00325485522315204,14561,12055,conversation_group,ok,4979,4979,0,0.13022924914415845,0.005610243480244444,0.21749510612972173,conversation_group,conditional_on_both_classes_present,997.0,3.0,8487.0,1471.0
numerical_feature_transformer,2026,NF-CSE-CIC-IDS2018,ssd_canonical@alpha=2,0.3330647210764474,0.028779681394649842,0.0,-0.5993268489837646,0.01,0.9471901655197144,0.3478632867336273,13308.0,10000.0,3308.0,1000,0.95,0.30401548306625215,0.49628389250727484,0.0,0.20809293727201983,0.0,0.20959370594946383,-0.6921861241603078,-0.03315122649609603,conversation_group,conditional_on_both_classes_present,996,4,8487,1471,0.49688833460493653,0.22124588861708783,0.005030230799416786,14561,12055,conversation_group,ok,4979,4979,0,-0.06103183627792713,-0.1475003579475682,0.05629037226791001,conversation_group,conditional_on_both_classes_present,997.0,3.0,8487.0,1471.0
numerical_feature_transformer,2026,NF-CSE-CIC-IDS2018,ssd_canonical@alpha=3,0.654362283491926,0.30305079651337546,0.052149083258190565,0.04179571568965912,0.01,0.15075376629829407,0.19254948198795319,13308.0,10000.0,3308.0,1000,0.95,0.6386003802441179,0.6847741720842029,0.2504653215191766,0.4236518293921494,0.03971682857945867,0.06765740619590421,-0.056517891234323825,0.6973294574365195,conversation_group,conditional_on_both_classes_present,996,4,8487,1471,0.5541764500744356,0.2397521366894375,0.008138758575001662,14561,12055,conversation_group,ok,4979,4979,0,0.2602657261375515,0.15385602192131992,0.33251487449597605,conversation_group,conditional_on_both_classes_present,997.0,3.0,8487.0,1471.0
numerical_feature_transformer,2026,NF-CSE-CIC-IDS2018,ssd_canonical@alpha=5,0.7175711511926763,0.3422001803426511,0.05410279531109107,0.10586435347795486,0.01,0.08953114598989487,0.19539549946784973,13308.0,10000.0,3308.0,1000,0.95,0.6963162262059721,0.7383134236382718,0.29364730647650844,0.45874346886448886,0.04509897824223016,0.0655886548905894,0.00579471425093308,0.7404986898295874,conversation_group,conditional_on_both_classes_present,996,4,8487,1471,0.6263192323247073,0.3322791210856837,0.0028000659496656573,14561,12055,conversation_group,ok,4979,4979,0,0.3234745938383018,0.2080017494144315,0.4056800945348912,conversation_group,conditional_on_both_classes_present,997.0,3.0,8487.0,1471.0
numerical_feature_transformer,2026,NF-CSE-CIC-IDS2018,dc_ssd_no_contrast,0.33576283385230854,0.007288848812744275,0.0016531409678388939,-0.143453449010849,0.01,0.3947690427303314,0.2513155937194824,13308.0,10000.0,3308.0,1000,0.95,0.259663973680767,0.47174604725215313,0.0005947585531536062,0.206629723931462,0.0010488262127060282,0.0025113074497069023,-0.2881501607628614,0.4850320480146661,conversation_group,conditional_on_both_classes_present,996,4,8487,1471,0.5858256012172273,0.26233959693778486,0.0008876877881323745,14561,12055,conversation_group,ok,4979,4979,0,-0.058333723502066004,-0.08772412565455304,0.02835926308626065,conversation_group,conditional_on_both_classes_present,997.0,3.0,8487.0,1471.0
numerical_feature_transformer,2026,NF-CSE-CIC-IDS2018,dc_ssd_no_class_balance,0.23104773167304624,7.514277126541291e-05,0.0018034265103697023,-1.0062317848205566,0.01,1.4686434268951416,0.4624116122722626,13308.0,10000.0,3308.0,1000,0.95,0.19451315810551512,0.3910897251910946,0.0,0.0758908858724502,0.0,0.007243441646309104,-1.1299664025773593,-0.17865066656969775,conversation_group,conditional_on_both_classes_present,996,4,8487,1471,0.6807065274017852,0.28116757646546986,0.028084981497775083,14561,12055,conversation_group,ok,4979,4979,0,-0.1630488256813283,-0.241962981769684,-0.04839862607649078,conversation_group,conditional_on_both_classes_present,997.0,3.0,8487.0,1471.0
numerical_feature_transformer,2026,NF-CSE-CIC-IDS2018,dc_ssd,0.3118171256677137,0.03238653441538923,0.002554854223023745,-0.38842642307281494,0.01,0.7606314420700073,0.3722050189971924,13308.0,10000.0,3308.0,1000,0.95,0.2591398107833733,0.44279236221885426,0.002438127996622001,0.10039930993312862,0.0010160834463171944,0.08138372311943398,-0.5031959493542809,0.08975733081212572,conversation_group,conditional_on_both_classes_present,996,4,8487,1471,0.5712407051891616,0.1855316881435911,0.0005115349281396723,14561,12055,conversation_group,ok,4979,4979,0,-0.08227943168666085,-0.129793458609112,0.0018531110743507339,conversation_group,conditional_on_both_classes_present,997.0,3.0,8487.0,1471.0
numerical_feature_transformer,2026,NF-CSE-CIC-IDS2018,scrub_r,0.2800188115534936,0.05823564773068831,0.024947400060114217,-2.481318950653076,0.01,3.893744707107544,1.4124256372451782,13308.0,10000.0,3308.0,1000,0.95,0.25808307185718043,0.31959924725454253,0.00418978373429641,0.12081386537257999,0.0,0.1181807709849452,-2.61880725381478,-2.2173648451587997,conversation_group,conditional_on_both_classes_present,996,4,8487,1471,0.7437672671769429,0.46511407765143076,0.02071271505642205,14561,12055,conversation_group,ok,4979,4979,0,-0.11407774580088093,-0.20317925784622082,-0.040909880363969996,conversation_group,conditional_on_both_classes_present,997.0,3.0,8487.0,1471.0
numerical_feature_transformer,2026,NF-CSE-CIC-IDS2018,scrub_r@lr=0.001,0.40255234099432746,0.05507965133754132,0.004132852419597235,-0.39296913146972656,0.01,1.3404653072357178,0.9474961757659912,13308.0,10000.0,3308.0,1000,0.95,0.3251468355944451,0.5126516391935279,0.00833853795831764,0.1344393637947312,0.0005938379631762259,0.10371743341007977,-0.6364010946905788,-0.03510145162279901,conversation_group,conditional_on_both_classes_present,996,4,8487,1471,0.6901755574363218,0.3687707712675613,0.035213236113039253,14561,12055,conversation_group,ok,4979,4979,0,0.008455783639952918,-0.038224701435901745,0.04678111410910468,conversation_group,conditional_on_both_classes_present,997.0,3.0,8487.0,1471.0
numerical_feature_transformer,2026,NF-CSE-CIC-IDS2018,retrained,0.39409655735437454,0.023669972948602347,0.03321310489930868,-0.4196879267692566,0.01,1.3527427911758423,0.9330548644065857,13308.0,10000.0,3308.0,1000,0.95,0.3208902443995203,0.49508423271024976,0.019284874855028347,0.13932566996216045,0.027722602322929165,0.03960580673497081,-0.8126022659505461,0.21488864152984036,conversation_group,conditional_on_both_classes_present,996,4,8487,1471,0.5912189710596688,0.1904861206739139,0.12379264733109112,14561,12055,conversation_group,ok,4979,4979,0,0.0,0.0,0.0,,,,,,
