architecture,seed,forgotten_domain,candidate_model,evaluation_domain,evaluation_scope,prediction_agreement,mean_abs_attack_probability_gap,root_mean_square_probability_gap,mean_jensen_shannon_divergence,linear_cka_to_retrained,f1_gap_to_retrained,roc_auc_gap_to_retrained,log_loss_gap_to_retrained
mlp,42,NF-UNSW-NB15,original,NF-UNSW-NB15,forgotten,0.45453245639119244,0.5129122426167813,0.6108700390792597,0.2677273092072476,0.34516413277990854,0.9385338413220191,0.7380334352219358,-1.144047580581496
mlp,42,NF-UNSW-NB15,original,NF-ToN-IoT,retained,0.9429291771716709,0.06426871916009513,0.09812785566346253,0.007191802175799682,0.8184284810769454,0.0097364508669594,0.02281009290756597,-0.18685598920054725
mlp,42,NF-UNSW-NB15,original,NF-BoT-IoT,retained,0.9955371502090704,0.0030820180411660738,0.02622688325501951,0.00045893753341044285,0.9288381015004357,-0.001079150185139932,-0.0022771603944093943,0.00155341292569329
mlp,42,NF-UNSW-NB15,original,NF-CSE-CIC-IDS2018,retained,0.9910298577591731,0.011508701661912356,0.033220263514744844,0.000974934392173277,0.9383195581796936,-0.011789088776670509,-0.0026632492001139596,0.02529439856887461
mlp,42,NF-UNSW-NB15,rollback_repair,NF-UNSW-NB15,forgotten,0.4990944619197407,0.30104299710025767,0.3373457734115284,0.07417428018283644,0.39580950887595723,-0.0318836389168822,-0.20943273138754925,-0.6130077525669106
mlp,42,NF-UNSW-NB15,rollback_repair,NF-ToN-IoT,retained,0.48521659408663764,0.3211341951239042,0.3433434742330039,0.0801069717369165,0.38436711829385584,-0.6345676995667919,-0.47070294306382787,-0.24224956787531893
mlp,42,NF-UNSW-NB15,rollback_repair,NF-BoT-IoT,retained,0.5683097458990028,0.4860110094390578,0.49087153562850405,0.20726214869823614,0.7505244661028981,-0.2707899856820909,-0.3501525563250478,0.6641174139955691
mlp,42,NF-UNSW-NB15,rollback_repair,NF-CSE-CIC-IDS2018,retained,0.6140275938661313,0.43374589298130617,0.44556388666587393,0.1603769858294197,0.4741050746747719,-0.5800621055535812,-0.4966522695301784,0.3347800789240761
mlp,42,NF-UNSW-NB15,ssd_canonical,NF-UNSW-NB15,forgotten,0.45453245639119244,0.5129122426167813,0.6108700390792597,0.2677273092072476,0.34516413277990854,0.9385338413220191,0.7380334352219358,-1.144047580581496
mlp,42,NF-UNSW-NB15,ssd_canonical,NF-ToN-IoT,retained,0.9429291771716709,0.06426871916009513,0.09812785566346253,0.007191802175799682,0.8184284810769454,0.0097364508669594,0.02281009290756597,-0.18685598920054725
mlp,42,NF-UNSW-NB15,ssd_canonical,NF-BoT-IoT,retained,0.9955371502090704,0.0030820180411660738,0.02622688325501951,0.00045893753341044285,0.9288381015004357,-0.001079150185139932,-0.0022771603944093943,0.00155341292569329
mlp,42,NF-UNSW-NB15,ssd_canonical,NF-CSE-CIC-IDS2018,retained,0.9910298577591731,0.011508701661912356,0.033220263514744844,0.000974934392173277,0.9383195581796936,-0.011789088776670509,-0.0026632492001139596,0.02529439856887461
mlp,42,NF-UNSW-NB15,ssd_canonical@alpha=1,NF-UNSW-NB15,forgotten,0.4559622533600229,0.5111572501038196,0.6092317532527258,0.2660587097052579,0.36909180511222733,0.9284185680656182,0.737942965761363,-1.1388393477440872
mlp,42,NF-UNSW-NB15,ssd_canonical@alpha=1,NF-ToN-IoT,retained,0.9422415768966308,0.06029712427005066,0.09575451882838217,0.006592627850091636,0.8368089446074668,0.009797046134665144,0.013073535751359167,-0.15580090858458207
mlp,42,NF-UNSW-NB15,ssd_canonical@alpha=1,NF-BoT-IoT,retained,0.9954969443550981,0.0031205801148311303,0.026236786817964663,0.00045929513195396834,0.9285833380473963,-0.0010995337770733915,-0.0019315599219770219,0.0016676535917383994
mlp,42,NF-UNSW-NB15,ssd_canonical@alpha=1,NF-CSE-CIC-IDS2018,retained,0.9915424373157917,0.011063772315063045,0.03125494419340835,0.0008824545227169575,0.9378165830819127,-0.008689561565543125,-0.04501402871944671,0.043447139285311465
mlp,42,NF-UNSW-NB15,ssd_canonical@alpha=2,NF-UNSW-NB15,forgotten,0.45519969497664664,0.512043397478799,0.6100504063708729,0.26692556258781497,0.34013604490970917,0.9334893580092074,0.7380200835767945,-1.1419566492949982
mlp,42,NF-UNSW-NB15,ssd_canonical@alpha=2,NF-ToN-IoT,retained,0.9420123768049508,0.0691069122959427,0.10291164510532794,0.008160246110943624,0.8180067741518481,0.010418838448384204,0.0290668371425592,-0.21756317442543383
mlp,42,NF-UNSW-NB15,ssd_canonical@alpha=2,NF-BoT-IoT,retained,0.9954969443550981,0.0030589497200542884,0.026079553563335692,0.0004524203810045203,0.928916006508847,-0.0010995337770733915,-0.0020120881873981755,0.001569752020432743
mlp,42,NF-UNSW-NB15,ssd_canonical@alpha=2,NF-CSE-CIC-IDS2018,retained,0.9910298577591731,0.011525480360069286,0.03318055759896302,0.0009697992814942244,0.9371723735899324,-0.011789088776670509,-0.018716518033698337,0.03280708126493492
mlp,42,NF-UNSW-NB15,ssd_canonical@alpha=3,NF-UNSW-NB15,forgotten,0.4545801162901535,0.5128136586704122,0.6107457757778608,0.2676093546495895,0.3390271664057493,0.9382204726985179,0.7380340465020749,-1.143912176478333
mlp,42,NF-UNSW-NB15,ssd_canonical@alpha=3,NF-ToN-IoT,retained,0.9430437772175109,0.06234215697966286,0.09647505876554135,0.006854470860764291,0.8211870996060449,0.009364721718254976,0.019477671752838988,-0.17289185570888288
mlp,42,NF-UNSW-NB15,ssd_canonical@alpha=3,NF-BoT-IoT,retained,0.9955371502090704,0.0030784269174392634,0.026181105988375086,0.0004574108943099486,0.9288115504195353,-0.001079150185139932,-0.002271568153755288,0.0015600191476458532
mlp,42,NF-UNSW-NB15,ssd_canonical@alpha=3,NF-CSE-CIC-IDS2018,retained,0.9910298577591731,0.01150110430723579,0.033235906581637345,0.0009736856361697899,0.9386409576766924,-0.011789088776670509,-0.009426626693568085,0.028405489575327625
mlp,42,NF-UNSW-NB15,ssd_canonical@alpha=5,NF-UNSW-NB15,forgotten,0.45453245639119244,0.5129122426167813,0.6108700390792597,0.2677273092072476,0.34516413277990854,0.9385338413220191,0.7380334352219358,-1.144047580581496
mlp,42,NF-UNSW-NB15,ssd_canonical@alpha=5,NF-ToN-IoT,retained,0.9429291771716709,0.06426871916009513,0.09812785566346253,0.007191802175799682,0.8184284810769454,0.0097364508669594,0.02281009290756597,-0.18685598920054725
mlp,42,NF-UNSW-NB15,ssd_canonical@alpha=5,NF-BoT-IoT,retained,0.9955371502090704,0.0030820180411660738,0.02622688325501951,0.00045893753341044285,0.9288381015004357,-0.001079150185139932,-0.0022771603944093943,0.00155341292569329
mlp,42,NF-UNSW-NB15,ssd_canonical@alpha=5,NF-CSE-CIC-IDS2018,retained,0.9910298577591731,0.011508701661912356,0.033220263514744844,0.000974934392173277,0.9383195581796936,-0.011789088776670509,-0.0026632492001139596,0.02529439856887461
mlp,42,NF-UNSW-NB15,dc_ssd_no_contrast,NF-UNSW-NB15,forgotten,0.45553331426937377,0.5107682155495653,0.6090237592867541,0.26449812282710194,0.4407623065456122,0.9319519940397059,0.7377548201691047,-1.1407012651162773
mlp,42,NF-UNSW-NB15,dc_ssd_no_contrast,NF-ToN-IoT,retained,0.9428145771258308,0.049117413720136796,0.09521737168740217,0.005998864082524308,0.8755277780868388,0.010020029300981004,-0.06218275294674802,0.07673923854331721
mlp,42,NF-UNSW-NB15,dc_ssd_no_contrast,NF-BoT-IoT,retained,0.9951752975233193,0.0032576455528152094,0.026505695139144764,0.0004732421572303476,0.9263225839857115,-0.001058767418804063,-0.0021317621373990736,0.0014619432650580348
mlp,42,NF-UNSW-NB15,dc_ssd_no_contrast,NF-CSE-CIC-IDS2018,retained,0.9919268719832557,0.011931251156046875,0.031261215444751654,0.00101420925602472,0.9345872062258331,-0.01010712557830451,0.08171445622155937,-0.041687411764967486
mlp,42,NF-UNSW-NB15,dc_ssd_no_class_balance,NF-UNSW-NB15,forgotten,0.456343532551711,0.5107778612370013,0.6089078576228655,0.2657129464902048,0.3428634531109722,0.9239271580509523,0.7379057741908002,-1.1370602502912468
mlp,42,NF-UNSW-NB15,dc_ssd_no_class_balance,NF-ToN-IoT,retained,0.9413247765299106,0.07362772320252577,0.10844200137645037,0.009166708663299394,0.8298611648356508,0.00935705392031383,0.03096873989465254,-0.23796051294485954
mlp,42,NF-UNSW-NB15,dc_ssd_no_class_balance,NF-BoT-IoT,retained,0.9954567385011258,0.0030820985364205726,0.025955231820516685,0.0004484824487017467,0.9322910048254706,-0.0011199181946546233,-0.0015546429018806762,0.0017909414868141384
mlp,42,NF-UNSW-NB15,dc_ssd_no_class_balance,NF-CSE-CIC-IDS2018,retained,0.9915424373157917,0.011259334728347725,0.03238045520984559,0.0009370162522135492,0.9362986901952447,-0.010418787934555085,0.008899970773250443,0.020463552285445885
mlp,42,NF-UNSW-NB15,dc_ssd,NF-UNSW-NB15,forgotten,0.4568201315413211,0.5067940228659881,0.6059629441450818,0.2595825245203928,0.473972136188891,0.9227201891172832,0.7373987012291752,-1.1350118658077173
mlp,42,NF-UNSW-NB15,dc_ssd,NF-ToN-IoT,retained,0.9414393765757506,0.059139359544229594,0.10317724978007264,0.007634927687299596,0.8919885130571917,0.010820751158015507,-0.08054585430705408,0.1784732404285032
mlp,42,NF-UNSW-NB15,dc_ssd,NF-BoT-IoT,retained,0.995255709231264,0.003332506508008156,0.027296523249243934,0.0005015226741336982,0.9266894387613056,-0.0008954799993112772,-0.0018353733827239926,0.0010493612976214053
mlp,42,NF-UNSW-NB15,dc_ssd,NF-CSE-CIC-IDS2018,retained,0.991328862500534,0.013315562614404225,0.0325500263406061,0.0012472533192124876,0.9308078002601202,-0.006826215069468011,0.09856478404656155,-0.06905190389609067
mlp,42,NF-UNSW-NB15,scrub_r,NF-UNSW-NB15,forgotten,0.5462777618911447,0.44565485966257906,0.5448396677499,0.2096832322243812,0.3172222669790562,0.10799133638534096,0.23556656596201725,13.952460195241207
mlp,42,NF-UNSW-NB15,scrub_r,NF-ToN-IoT,retained,0.9282603713041485,0.08736775214890752,0.12627257150479948,0.01131945600934355,0.11026885650115797,-0.01012357894362037,-0.10637280014594874,0.15094458866096172
mlp,42,NF-UNSW-NB15,scrub_r,NF-BoT-IoT,retained,0.997507237053715,0.005662702190668928,0.029784902186840583,0.0012018941566216098,0.7802469234037037,-0.0002846034445166401,-0.011053622877185476,0.0024809098239019084
mlp,42,NF-UNSW-NB15,scrub_r,NF-CSE-CIC-IDS2018,retained,0.9670667634872496,0.05796986449824458,0.10865580438390313,0.01079098426400792,0.8845260400026073,-0.014958803441365243,0.05609517875324177,0.03436783664614068
mlp,42,NF-UNSW-NB15,scrub_r@lr=0.001,NF-UNSW-NB15,forgotten,0.5896482699456678,0.3837350222807209,0.45810465913154136,0.1548875956373484,0.25465884557560464,0.07638776465008738,0.10109851223422511,12.346532201473408
mlp,42,NF-UNSW-NB15,scrub_r@lr=0.001,NF-ToN-IoT,retained,0.9255099702039881,0.06457873866128515,0.11163617324823086,0.009152131308867793,0.7891573053366903,-0.04382801451879459,-0.10187881862581727,0.09220307970968511
mlp,42,NF-UNSW-NB15,scrub_r@lr=0.001,NF-BoT-IoT,retained,0.9946928272756513,0.006657726299977948,0.03382054160465202,0.0014550406047271099,0.7990147909163043,-0.0013847158297400908,-0.01203338343980942,0.004501351642485302
mlp,42,NF-UNSW-NB15,scrub_r@lr=0.001,NF-CSE-CIC-IDS2018,retained,0.953440690273803,0.07041375657881736,0.13185031370506045,0.014887448005583441,0.8768647745644907,-0.04619034151967416,0.04047611571868004,0.03461061986713915
mlp,42,NF-ToN-IoT,original,NF-UNSW-NB15,retained,0.9995234010103898,0.0008687857294358674,0.012903700627212213,0.0001807585051616251,0.9684290145118992,-0.0006226650062266526,-2.2971264171167682e-05,0.0006980294389789775
mlp,42,NF-ToN-IoT,original,NF-ToN-IoT,forgotten,0.568416227366491,0.2951800319927726,0.40061539569098004,0.09963008833194616,0.7574255437496974,0.5072561055740429,0.06114928427814925,-0.8820265237621265
mlp,42,NF-ToN-IoT,original,NF-BoT-IoT,retained,0.9893454486973303,0.008232659187587517,0.06503984417021977,0.0026254465923859823,0.9316011180124908,0.00046593516452797523,0.004169574631807005,-0.011938514954196375
mlp,42,NF-ToN-IoT,original,NF-CSE-CIC-IDS2018,retained,0.9656998846695998,0.05380028023697665,0.1428000979126524,0.01799077063812622,0.7241913872992257,-0.02235297678324577,0.0948006295390107,-0.02254440847998679
mlp,42,NF-ToN-IoT,rollback_repair,NF-UNSW-NB15,retained,0.9233628824706892,0.07968413563846034,0.27417045739380425,0.05229672516738703,0.19985467220298764,-0.9943960149439601,-0.13681387343386808,0.4132740477366147
mlp,42,NF-ToN-IoT,rollback_repair,NF-ToN-IoT,forgotten,0.8950263580105432,0.17672911391484555,0.2878108457822465,0.07406158943601475,0.21659680516762037,-0.16889248617293942,-0.11195866843467739,2.2925457420916318
mlp,42,NF-ToN-IoT,rollback_repair,NF-BoT-IoT,retained,0.013308137664844,0.9817125393069125,0.9867168290583646,0.6658292029806333,0.4710098812123414,-0.9930534459363671,0.0019818900878653123,5.283549377103897
mlp,42,NF-ToN-IoT,rollback_repair,NF-CSE-CIC-IDS2018,retained,0.9332365127504165,0.07050423200781405,0.24837810606368105,0.04305092224621432,0.26155311543926374,-0.6401149661260521,0.13530533141263246,0.35303338861689704
mlp,42,NF-ToN-IoT,ssd_canonical,NF-UNSW-NB15,retained,0.9995234010103898,0.0008687857294358674,0.012903700627212213,0.0001807585051616251,0.9684290145118992,-0.0006226650062266526,-2.2971264171167682e-05,0.0006980294389789775
mlp,42,NF-ToN-IoT,ssd_canonical,NF-ToN-IoT,forgotten,0.568416227366491,0.2951800319927726,0.40061539569098004,0.09963008833194616,0.7574255437496974,0.5072561055740429,0.06114928427814925,-0.8820265237621265
mlp,42,NF-ToN-IoT,ssd_canonical,NF-BoT-IoT,retained,0.9893454486973303,0.008232659187587517,0.06503984417021977,0.0026254465923859823,0.9316011180124908,0.00046593516452797523,0.004169574631807005,-0.011938514954196375
mlp,42,NF-ToN-IoT,ssd_canonical,NF-CSE-CIC-IDS2018,retained,0.9656998846695998,0.05380028023697665,0.1428000979126524,0.01799077063812622,0.7241913872992257,-0.02235297678324577,0.0948006295390107,-0.02254440847998679
mlp,42,NF-ToN-IoT,ssd_canonical@alpha=1,NF-UNSW-NB15,retained,0.24411400247831475,0.5566806925186342,0.5634681596740618,0.24977937780707993,0.15521045259823826,-0.9329758966007649,-0.7651482939879118,0.8291758736693358
mlp,42,NF-ToN-IoT,ssd_canonical@alpha=1,NF-ToN-IoT,forgotten,0.37497134998854,0.37398657021628806,0.41037953200923616,0.11408942696687126,0.23281506065769297,0.5659201125140049,-0.02084542177143156,-1.0624588130625998
mlp,42,NF-ToN-IoT,ssd_canonical@alpha=1,NF-BoT-IoT,retained,0.7009890640077195,0.4383944949137614,0.4451991867831127,0.1829568467733059,0.8856562295306597,-0.16402301156342824,-0.33908551207029225,0.5602149643207193
mlp,42,NF-ToN-IoT,ssd_canonical@alpha=1,NF-CSE-CIC-IDS2018,retained,0.7877493485968134,0.4130521773876032,0.42819055469935835,0.16102880117444984,0.31599785839474565,-0.36790800641909244,-0.17138135217896283,0.1960365356466881
mlp,42,NF-ToN-IoT,ssd_canonical@alpha=2,NF-UNSW-NB15,retained,0.9210275474215994,0.20129975707121625,0.29846321656135655,0.09027079976056603,0.09491461501192713,-0.9041373468096728,-0.7105311857110244,0.34750798234233127
mlp,42,NF-ToN-IoT,ssd_canonical@alpha=2,NF-ToN-IoT,forgotten,0.7834059133623653,0.18949141444330428,0.2701807212049396,0.05190379628729298,0.1219350517182957,0.060716246808785096,-0.17458618613567256,-0.34424422218548645
mlp,42,NF-ToN-IoT,ssd_canonical@alpha=2,NF-BoT-IoT,retained,0.5787632679318109,0.5353639491130923,0.5681659781952095,0.25132453747667377,0.8473001057177499,-0.2646874462434139,-0.26060400672858397,0.9057365176102856
mlp,42,NF-ToN-IoT,ssd_canonical@alpha=2,NF-CSE-CIC-IDS2018,retained,0.883430865832301,0.18366542095878854,0.3013987861972169,0.07648033923693438,0.16580012925049953,-0.6110016004445347,-0.3488319916637299,0.15324615325617053
mlp,42,NF-ToN-IoT,ssd_canonical@alpha=3,NF-UNSW-NB15,retained,0.3520160137260509,0.5112909884445238,0.5311296197116104,0.22767141125979243,0.061630782369340505,-0.9358087573262316,-0.689237901607834,0.7545559547128216
mlp,42,NF-ToN-IoT,ssd_canonical@alpha=3,NF-ToN-IoT,forgotten,0.593972037588815,0.32966768020792087,0.3956600572214834,0.10353658582514084,0.3548059912690569,0.40806241659909204,0.03260206439621882,-0.9608489177156049
mlp,42,NF-ToN-IoT,ssd_canonical@alpha=3,NF-BoT-IoT,retained,0.011579285944033452,0.7288160404770264,0.7387884133828546,0.372668876865973,0.8012076676625159,-0.9754150724976824,-0.7126628460478517,1.3979027483961728
mlp,42,NF-ToN-IoT,ssd_canonical@alpha=3,NF-CSE-CIC-IDS2018,retained,0.6867284609798813,0.3205622499328024,0.4072128761221784,0.13365958759767999,0.3945055157668347,-0.6236005986263273,-0.2971269004529936,0.2194682213864435
mlp,42,NF-ToN-IoT,ssd_canonical@alpha=5,NF-UNSW-NB15,retained,0.9307978267086073,0.1440186164134775,0.2503465064133263,0.0645290178638418,0.3162642461870194,-0.8209266271888581,-0.3775851197941775,0.24802310619830917
mlp,42,NF-ToN-IoT,ssd_canonical@alpha=5,NF-ToN-IoT,forgotten,0.9041943616777447,0.15104464175332,0.2451197875223674,0.04616207880645263,0.4218329028203998,-0.15904908572551213,-0.23615257979094206,0.3658573590186469
mlp,42,NF-ToN-IoT,ssd_canonical@alpha=5,NF-BoT-IoT,retained,0.9178996461884851,0.17065414036038445,0.24728132854700524,0.06971157907981827,0.7306572067061221,-0.042970005221523166,-0.2799140137077003,0.24710331763697735
mlp,42,NF-ToN-IoT,ssd_canonical@alpha=5,NF-CSE-CIC-IDS2018,retained,0.9301183204476529,0.14899055063562097,0.27356950949611186,0.062115746768597824,0.4066586689348294,-0.6318723991551954,-0.19084053881879548,0.12268071653693124
mlp,42,NF-ToN-IoT,dc_ssd_no_contrast,NF-UNSW-NB15,retained,0.9777428271852063,0.12961600064717094,0.18198445245789627,0.04951653613318694,0.6630417163443666,-0.1285321112755199,-0.00639530933220156,0.1522825486011927
mlp,42,NF-ToN-IoT,dc_ssd_no_contrast,NF-ToN-IoT,forgotten,0.6009626403850562,0.3095749220887336,0.40957560492577905,0.1063516371340679,0.6051501519445354,0.3882012996082618,-0.03372053623396476,-0.8800684648595686
mlp,42,NF-ToN-IoT,dc_ssd_no_contrast,NF-BoT-IoT,retained,0.9899887423608877,0.009739358959693351,0.05572790666968432,0.002850657235787428,0.7513919506564392,0.00010084579612368305,-0.009611943236520482,-0.00587077934883003
mlp,42,NF-ToN-IoT,dc_ssd_no_contrast,NF-CSE-CIC-IDS2018,retained,0.6874119003887061,0.30215988912458785,0.44412089580193675,0.14091915064523325,0.39977281480826793,-0.43837150410861747,-0.0418537247805002,0.2669091514844094
mlp,42,NF-ToN-IoT,dc_ssd_no_class_balance,NF-UNSW-NB15,retained,0.4738347154704032,0.43588114378971604,0.4755999615557467,0.19201599867579738,0.10928149636121447,-0.9522158378913651,-0.7630635713327889,0.6413870052845386
mlp,42,NF-ToN-IoT,dc_ssd_no_class_balance,NF-ToN-IoT,forgotten,0.17086866834746733,0.3847981527240171,0.41490189177632275,0.11550298297679079,0.2532360326452269,0.7134357634422838,0.06539063858924288,-1.1470581675043112
mlp,42,NF-ToN-IoT,dc_ssd_no_class_balance,NF-BoT-IoT,retained,0.6742923769700868,0.5537151402702426,0.5819394766933567,0.25997884796618576,0.8238961648795047,-0.18373262976623594,-0.39094459655339053,0.9060457774183528
mlp,42,NF-ToN-IoT,dc_ssd_no_class_balance,NF-CSE-CIC-IDS2018,retained,0.5467942420229807,0.4033657366626942,0.4324749326943842,0.15963014729997782,0.19401331220903445,-0.4079637606228129,-0.2860204048304798,0.24057004112496927
mlp,42,NF-ToN-IoT,dc_ssd,NF-UNSW-NB15,retained,0.9571537508340482,0.22102871482636388,0.2592227685191752,0.08712310557664296,0.5201679308101852,-0.2209957640029313,-0.02400699793503147,0.2737863083997679
mlp,42,NF-ToN-IoT,dc_ssd,NF-ToN-IoT,forgotten,0.5983268393307357,0.34349410628221166,0.4458143433111538,0.12520710957197756,0.4742709358319217,0.38045030539810176,-0.04206890394179241,-0.891848923757623
mlp,42,NF-ToN-IoT,dc_ssd,NF-BoT-IoT,retained,0.9906320360244452,0.011683271800620705,0.05143657418890494,0.003262906434378051,0.942825537225412,-0.0002651791832677386,-0.005347300513591335,-0.0024563945450604904
mlp,42,NF-ToN-IoT,dc_ssd,NF-CSE-CIC-IDS2018,retained,0.6749818461407031,0.3318244710925605,0.41470043948455754,0.13828140051784388,0.5197515469251686,-0.5212448209710894,-0.13385899377576704,0.17889578388230232
mlp,42,NF-ToN-IoT,scrub_r,NF-UNSW-NB15,retained,0.9979506243446764,0.00438443045226726,0.03733022276220375,0.001538414487165181,0.8675692746071986,-0.011686175270901322,-0.0001293661809970148,0.006139652283410034
mlp,42,NF-ToN-IoT,scrub_r,NF-ToN-IoT,forgotten,0.87497134998854,0.13151165875184065,0.21050794242600177,0.03249900175871129,0.6629124111559886,0.014711494969019717,-0.1942277876395726,0.44982897559418644
mlp,42,NF-ToN-IoT,scrub_r,NF-BoT-IoT,retained,0.9912753296880026,0.025221141832194368,0.07549353958884404,0.008572825745521073,0.8101801226459506,-0.0037475458835065645,-0.258463297006138,0.04557489809948175
mlp,42,NF-ToN-IoT,scrub_r,NF-CSE-CIC-IDS2018,retained,0.9864593567126565,0.02351125199687079,0.07609901032312202,0.006035774902655474,0.7482517956067221,-0.06765427764326415,0.01476050847205812,-0.024405045846650042
mlp,42,NF-ToN-IoT,scrub_r@lr=0.001,NF-UNSW-NB15,retained,0.9986178629301306,0.002469896483511446,0.029476537392041587,0.0008214546875367373,0.803647067938459,-0.0072366037319337995,-7.155194890262617e-05,0.0034131682848963936
mlp,42,NF-ToN-IoT,scrub_r@lr=0.001,NF-ToN-IoT,forgotten,0.9126747650699061,0.1026376977214163,0.17678318132333584,0.021944311937359833,0.5776554129238946,-0.058253022938652144,-0.12250679524725272,0.38988520113109626
mlp,42,NF-ToN-IoT,scrub_r@lr=0.001,NF-BoT-IoT,retained,0.9940093277581216,0.027709370059445484,0.07570702165482941,0.009392451867382454,0.7547191738743871,-0.0020240580487230764,-0.296434611048478,0.040008870197598016
mlp,42,NF-ToN-IoT,scrub_r@lr=0.001,NF-CSE-CIC-IDS2018,retained,0.9910298577591731,0.013516724866415109,0.05496628427163876,0.002944273852935063,0.5946268822214137,-0.04521292273022315,-0.03390075121588154,0.12017178743544776
mlp,42,NF-BoT-IoT,original,NF-UNSW-NB15,retained,0.9993327614145459,0.0008047477319912156,0.01283828230991436,0.00013045866821932852,0.9775450593911865,0.0006440557466029784,2.0300935142714138e-05,-8.265283729880528e-05
mlp,42,NF-BoT-IoT,original,NF-ToN-IoT,retained,0.881732752693101,0.061269358611868045,0.08849258071025964,0.004857716690358639,0.9122522800924256,0.10346136707737874,0.0038543861876961794,-0.08409057961301158
mlp,42,NF-BoT-IoT,original,NF-BoT-IoT,forgotten,0.02621421678996462,0.8439694044230485,0.8578751737400768,0.49394408262985434,0.9099616197033975,0.9681677161561284,0.6441299368300497,-2.9595871893584698
mlp,42,NF-BoT-IoT,original,NF-CSE-CIC-IDS2018,retained,0.9695015163811883,0.025468476131004954,0.11185664929126016,0.008024970771164184,0.841805160566863,0.1616149192547175,0.006107294410809816,-0.048497210388360246
mlp,42,NF-BoT-IoT,rollback_repair,NF-UNSW-NB15,retained,0.9238394814602993,0.07599609936926514,0.27392355426780585,0.05158280688847496,0.1631640041292527,-0.9931292941911305,-0.08678960239508571,0.6749675386030367
mlp,42,NF-BoT-IoT,rollback_repair,NF-ToN-IoT,retained,0.6259454503781802,0.38570151234405264,0.4916732277805284,0.18871192640063966,0.44698391523951536,-0.5726872246696035,0.02202976933896339,5.63699104975441
mlp,42,NF-BoT-IoT,rollback_repair,NF-BoT-IoT,forgotten,0.9867320681891283,0.1441380492373992,0.1894081978733489,0.05522441183451489,0.9352684679762494,-0.02535166494476675,0.008606458366886782,5.900070403892688
mlp,42,NF-BoT-IoT,rollback_repair,NF-CSE-CIC-IDS2018,retained,0.91824356071932,0.10613742307479417,0.2647304761383633,0.056621724550046874,0.7245380956882017,-0.45614707008808886,-0.25297049397537386,0.8125571264672338
mlp,42,NF-BoT-IoT,ssd_canonical,NF-UNSW-NB15,retained,0.9993327614145459,0.0008047477319912156,0.01283828230991436,0.00013045866821932852,0.9775450593911865,0.0006440557466029784,2.0300935142714138e-05,-8.265283729880528e-05
mlp,42,NF-BoT-IoT,ssd_canonical,NF-ToN-IoT,retained,0.881732752693101,0.061269358611868045,0.08849258071025964,0.004857716690358639,0.9122522800924256,0.10346136707737874,0.0038543861876961794,-0.08409057961301158
mlp,42,NF-BoT-IoT,ssd_canonical,NF-BoT-IoT,forgotten,0.02621421678996462,0.8439694044230485,0.8578751737400768,0.49394408262985434,0.9099616197033975,0.9681677161561284,0.6441299368300497,-2.9595871893584698
mlp,42,NF-BoT-IoT,ssd_canonical,NF-CSE-CIC-IDS2018,retained,0.9695015163811883,0.025468476131004954,0.11185664929126016,0.008024970771164184,0.841805160566863,0.1616149192547175,0.006107294410809816,-0.048497210388360246
mlp,42,NF-BoT-IoT,ssd_canonical@alpha=1,NF-UNSW-NB15,retained,0.9993327614145459,0.0008773218094245901,0.013649978849134135,0.0001515883204856914,0.9774470633775996,0.0006440557466029784,2.1491322781952427e-05,-6.499241933343065e-05
mlp,42,NF-BoT-IoT,ssd_canonical@alpha=1,NF-ToN-IoT,retained,0.8851707540683016,0.06032206737736083,0.08681168289778045,0.004693333184474711,0.9102262034714667,0.1032083884629379,0.004368237595665514,-0.08199051982478489
mlp,42,NF-BoT-IoT,ssd_canonical@alpha=1,NF-BoT-IoT,forgotten,0.026334834351881633,0.8437992783332524,0.8578485115502396,0.49390688710189223,0.9108964493609589,0.9681065629033345,0.6438369034197668,-2.958634127642037
mlp,42,NF-BoT-IoT,ssd_canonical@alpha=1,NF-CSE-CIC-IDS2018,retained,0.969245226602879,0.02604227846237832,0.11443349595573649,0.008428668603516728,0.8366274938691508,0.1621898169055146,0.0019552042771745493,-0.050925218824013796
mlp,42,NF-BoT-IoT,ssd_canonical@alpha=2,NF-UNSW-NB15,retained,0.9993327614145459,0.0008040209070216767,0.012760004079091685,0.00013025787445845025,0.9771091517328887,0.0006440557466029784,2.2295638754332714e-05,-9.763109207525751e-05
mlp,42,NF-BoT-IoT,ssd_canonical@alpha=2,NF-ToN-IoT,retained,0.8818473527389411,0.061704387654337924,0.08860128960694881,0.004885311170379608,0.9118847449139067,0.10308963792867432,0.0046731717914049176,-0.08799302976535173
mlp,42,NF-BoT-IoT,ssd_canonical@alpha=2,NF-BoT-IoT,forgotten,0.02621421678996462,0.8439897422956281,0.8578811734560625,0.49395238058293145,0.9103755256372813,0.9681677161561284,0.6438480879010755,-2.9595897798314996
mlp,42,NF-BoT-IoT,ssd_canonical@alpha=2,NF-CSE-CIC-IDS2018,retained,0.9695015163811883,0.02546194332706047,0.11188034824970663,0.008027786312678642,0.8416617982891266,0.1616149192547175,0.00480088758131425,-0.04795896362180885
mlp,42,NF-BoT-IoT,ssd_canonical@alpha=3,NF-UNSW-NB15,retained,0.9993327614145459,0.0008047477319912156,0.01283828230991436,0.00013045866821932852,0.9775450593911865,0.0006440557466029784,2.0300935142714138e-05,-8.265283729880528e-05
mlp,42,NF-BoT-IoT,ssd_canonical@alpha=3,NF-ToN-IoT,retained,0.881732752693101,0.061269358611868045,0.08849258071025964,0.004857716690358639,0.9122522800924256,0.10346136707737874,0.0038543861876961794,-0.08409057961301158
mlp,42,NF-BoT-IoT,ssd_canonical@alpha=3,NF-BoT-IoT,forgotten,0.02621421678996462,0.8439694044230485,0.8578751737400768,0.49394408262985434,0.9099616197033975,0.9681677161561284,0.6441299368300497,-2.9595871893584698
mlp,42,NF-BoT-IoT,ssd_canonical@alpha=3,NF-CSE-CIC-IDS2018,retained,0.9695015163811883,0.025468476131004954,0.11185664929126016,0.008024970771164184,0.841805160566863,0.1616149192547175,0.006107294410809816,-0.048497210388360246
mlp,42,NF-BoT-IoT,ssd_canonical@alpha=5,NF-UNSW-NB15,retained,0.9993327614145459,0.0008047477319912156,0.01283828230991436,0.00013045866821932852,0.9775450593911865,0.0006440557466029784,2.0300935142714138e-05,-8.265283729880528e-05
mlp,42,NF-BoT-IoT,ssd_canonical@alpha=5,NF-ToN-IoT,retained,0.881732752693101,0.061269358611868045,0.08849258071025964,0.004857716690358639,0.9122522800924256,0.10346136707737874,0.0038543861876961794,-0.08409057961301158
mlp,42,NF-BoT-IoT,ssd_canonical@alpha=5,NF-BoT-IoT,forgotten,0.02621421678996462,0.8439694044230485,0.8578751737400768,0.49394408262985434,0.9099616197033975,0.9681677161561284,0.6441299368300497,-2.9595871893584698
mlp,42,NF-BoT-IoT,ssd_canonical@alpha=5,NF-CSE-CIC-IDS2018,retained,0.9695015163811883,0.025468476131004954,0.11185664929126016,0.008024970771164184,0.841805160566863,0.1616149192547175,0.006107294410809816,-0.048497210388360246
mlp,42,NF-BoT-IoT,dc_ssd_no_contrast,NF-UNSW-NB15,retained,0.9399961872080831,0.06310919785352628,0.2171310641263411,0.03385346874404375,0.6820309398756612,-0.6419297025627486,-0.029423390383572556,0.16622307756522842
mlp,42,NF-BoT-IoT,dc_ssd_no_contrast,NF-ToN-IoT,retained,0.8743983497593399,0.13620241032925484,0.19410847056630715,0.025244606537227397,0.8745476942638184,0.09045377070295291,-0.07309837518272055,0.022523608924038818
mlp,42,NF-BoT-IoT,dc_ssd_no_contrast,NF-BoT-IoT,forgotten,0.2979253779350273,0.46142643443913245,0.551806945384919,0.17501043116627485,0.9334754066888435,0.8080364543320588,0.3522440543297364,-1.6064749110247312
mlp,42,NF-BoT-IoT,dc_ssd_no_contrast,NF-CSE-CIC-IDS2018,retained,0.9489556191533894,0.08235371306672076,0.16962796172828168,0.0227499576461021,0.7616319026431416,0.1576398591867545,-0.03992198641326061,-0.02342492816819669
mlp,42,NF-BoT-IoT,dc_ssd_no_class_balance,NF-UNSW-NB15,retained,0.9994757411114289,0.0008951133482910802,0.012663383134699136,0.00014623500421547252,0.9772837230612982,-0.0009247416498145977,2.039745305948415e-05,0.0003167436193448345
mlp,42,NF-BoT-IoT,dc_ssd_no_class_balance,NF-ToN-IoT,retained,0.8839101535640614,0.06000829693779747,0.08775984443421084,0.004783914709240417,0.9130871477190486,0.10350858997912593,-0.006887397316896804,-0.04864456620149904
mlp,42,NF-BoT-IoT,dc_ssd_no_class_balance,NF-BoT-IoT,forgotten,0.02625442264393696,0.8439453118953232,0.857848702092467,0.4939266912867987,0.9074204581501275,0.96814759587461,0.642262128451531,-2.9591725175557038
mlp,42,NF-BoT-IoT,dc_ssd_no_class_balance,NF-CSE-CIC-IDS2018,retained,0.9689462218615181,0.0256384838453705,0.11204237381037106,0.008054896150405494,0.842291476213374,0.16243527135799396,-0.023876867866882145,-0.03764410121217948
mlp,42,NF-BoT-IoT,dc_ssd,NF-UNSW-NB15,retained,0.9294633495376989,0.07914168825846896,0.2473192901827448,0.044442371206741244,0.618843086863346,-0.853567587155375,-0.13419151381016958,0.24026014237763754
mlp,42,NF-BoT-IoT,dc_ssd,NF-ToN-IoT,retained,0.8666055466422187,0.11523768499591386,0.18370975557184108,0.021971634837439278,0.8061550797198831,0.06620992895530964,0.01889456106082843,-0.09292429585252737
mlp,42,NF-BoT-IoT,dc_ssd,NF-BoT-IoT,forgotten,0.9892650369893856,0.08185674919310555,0.1098688978836816,0.015055556964162336,0.9249341392243801,-0.01223218972377559,0.0969839927703513,-0.8755857749158342
mlp,42,NF-BoT-IoT,dc_ssd,NF-CSE-CIC-IDS2018,retained,0.8822348468668575,0.13742619505012604,0.23513586676511516,0.04358422471106669,0.7478805897778038,-0.13114257611001945,-0.05159054358566073,0.00980448165025033
mlp,42,NF-BoT-IoT,scrub_r,NF-UNSW-NB15,retained,0.9953769898007816,0.009667043514908056,0.056120485283259816,0.00347919404457877,0.750790296529338,-0.030641317275452384,-0.0002617887626892301,0.013176300003288326
mlp,42,NF-BoT-IoT,scrub_r,NF-ToN-IoT,retained,0.8238597295438919,0.20124671581338405,0.2609161232071347,0.05283990887707913,0.7708198569624941,0.07108882171561115,-0.22318514263372957,0.8358320826803962
mlp,42,NF-BoT-IoT,scrub_r,NF-BoT-IoT,forgotten,0.6383885493727887,0.2609896169088306,0.32954384163289874,0.06651909446550847,0.8985698495857545,0.5154317046013017,0.16152516060915156,-1.665448401777507
mlp,42,NF-BoT-IoT,scrub_r,NF-CSE-CIC-IDS2018,retained,0.8863354833198069,0.12023183888279,0.2170889981184206,0.035372675350612,0.7969064828889045,0.02506176369726565,-0.051048963015801085,0.026675416803677354
mlp,42,NF-BoT-IoT,scrub_r@lr=0.001,NF-UNSW-NB15,retained,0.9987608426270136,0.0032805062962933105,0.026138182513627376,0.0008978235118470831,0.7983506513944629,-0.007576530372034984,-3.439255097881233e-05,0.0037193253448290263
mlp,42,NF-BoT-IoT,scrub_r@lr=0.001,NF-ToN-IoT,retained,0.8522805409122164,0.15572567725646536,0.1952975053090299,0.03331237056641021,0.7294984990020366,0.0748537589369539,-0.2340318163202355,0.9250495646452304
mlp,42,NF-BoT-IoT,scrub_r@lr=0.001,NF-BoT-IoT,forgotten,0.951391122547443,0.11275935028519202,0.18374529137997891,0.024579958895785646,0.866342924535987,0.06027123976025425,0.0018264257976772225,-0.7601662377029457
mlp,42,NF-BoT-IoT,scrub_r@lr=0.001,NF-CSE-CIC-IDS2018,retained,0.9527999658280295,0.07112370832305172,0.15563841584104876,0.019160699519970306,0.8114317588312961,0.15486117768164687,-0.09119345076603969,0.050796128165583154
mlp,42,NF-CSE-CIC-IDS2018,original,NF-UNSW-NB15,retained,0.9994757411114289,0.0009244547907692208,0.014905375486183538,0.00020843048786902974,0.9689159386403382,-0.001558115981967756,-5.607690959419376e-05,0.0007614520133310617
mlp,42,NF-CSE-CIC-IDS2018,original,NF-ToN-IoT,retained,0.6574604629841851,0.2871898184811878,0.4132742699879554,0.09901029575450178,0.6244263395136809,-0.24164336551670673,-0.13878303773153278,0.5423157916801367
mlp,42,NF-CSE-CIC-IDS2018,original,NF-BoT-IoT,retained,0.9940495336120939,0.0054572973244370595,0.053937712068050196,0.0018743583562150054,0.8577061502656141,-0.002522622130122665,0.0009473255668296376,0.008412594971151672
mlp,42,NF-CSE-CIC-IDS2018,original,NF-CSE-CIC-IDS2018,forgotten,0.5505958737345692,0.4163103453068748,0.5298944573516684,0.19089017729964905,0.6876208275789519,0.35297779217889524,0.24848682098558816,-0.9725551093268852
mlp,42,NF-CSE-CIC-IDS2018,rollback_repair,NF-UNSW-NB15,retained,0.07668477742827186,0.923647710461298,0.9606318228653244,0.6395887982094004,0.1630199266473833,-0.8532965770504902,-0.8388947064169486,15.31525012780375
mlp,42,NF-CSE-CIC-IDS2018,rollback_repair,NF-ToN-IoT,retained,0.800022920009168,0.2934594974860714,0.4083854076023603,0.1421171005749756,0.28185072347396667,-0.06421513272187729,-0.3394847385475839,3.892646432388257
mlp,42,NF-CSE-CIC-IDS2018,rollback_repair,NF-BoT-IoT,retained,0.9924412994532004,0.007654011109091795,0.06556338353047658,0.0035735448426205815,0.36865081682022866,0.003233767268700616,-0.9739021313147581,0.009724494235782147
mlp,42,NF-CSE-CIC-IDS2018,rollback_repair,NF-CSE-CIC-IDS2018,forgotten,0.548502840545043,0.48345012079421074,0.604854742200333,0.26240407539977423,0.39217940529819706,-0.017170139751582797,-0.22662318683928906,12.908050332609236
mlp,42,NF-CSE-CIC-IDS2018,ssd_canonical,NF-UNSW-NB15,retained,0.9994757411114289,0.0009244547907692208,0.014905375486183538,0.00020843048786902974,0.9689159386403382,-0.001558115981967756,-5.607690959419376e-05,0.0007614520133310617
mlp,42,NF-CSE-CIC-IDS2018,ssd_canonical,NF-ToN-IoT,retained,0.6574604629841851,0.2871898184811878,0.4132742699879554,0.09901029575450178,0.6244263395136809,-0.24164336551670673,-0.13878303773153278,0.5423157916801367
mlp,42,NF-CSE-CIC-IDS2018,ssd_canonical,NF-BoT-IoT,retained,0.9940495336120939,0.0054572973244370595,0.053937712068050196,0.0018743583562150054,0.8577061502656141,-0.002522622130122665,0.0009473255668296376,0.008412594971151672
mlp,42,NF-CSE-CIC-IDS2018,ssd_canonical,NF-CSE-CIC-IDS2018,forgotten,0.5505958737345692,0.4163103453068748,0.5298944573516684,0.19089017729964905,0.6876208275789519,0.35297779217889524,0.24848682098558816,-0.9725551093268852
mlp,42,NF-CSE-CIC-IDS2018,ssd_canonical@alpha=1,NF-UNSW-NB15,retained,0.9974263654561052,0.008818814056572238,0.0432837239447638,0.002971447754277087,0.9334715692387432,-0.01267615213855966,-0.00014661071544486148,0.009730647961125686
mlp,42,NF-CSE-CIC-IDS2018,ssd_canonical@alpha=1,NF-ToN-IoT,retained,0.6774008709603484,0.20813757752371206,0.2678136031989323,0.0444215918453097,0.6028858455002265,-0.2176557793245152,-0.11152622948521707,0.22428552947756264
mlp,42,NF-CSE-CIC-IDS2018,ssd_canonical@alpha=1,NF-BoT-IoT,retained,0.9939691219041492,0.027693818648497577,0.06082979432794688,0.008824882010007588,0.8513516436100791,-0.001664980577296138,-0.0077709776131423824,0.028143394602101614
mlp,42,NF-CSE-CIC-IDS2018,ssd_canonical@alpha=1,NF-CSE-CIC-IDS2018,forgotten,0.5589252915296228,0.35517895938533955,0.47437402064271317,0.13837780374481753,0.6616827417515835,0.33545224938228047,0.12460750803254417,-0.9559491410224168
mlp,42,NF-CSE-CIC-IDS2018,ssd_canonical@alpha=2,NF-UNSW-NB15,retained,0.9995710609093509,0.0044718363633097094,0.019131500417267706,0.0013619433490768102,0.9343578553988414,-0.0003034982379113149,-6.77877501519264e-05,0.004032926824878695
mlp,42,NF-CSE-CIC-IDS2018,ssd_canonical@alpha=2,NF-ToN-IoT,retained,0.6636488654595462,0.256360856281618,0.35958629764334105,0.07371445658329082,0.6286148906231371,-0.2307465654949753,-0.14227317394583128,0.3881486965226033
mlp,42,NF-CSE-CIC-IDS2018,ssd_canonical@alpha=2,NF-BoT-IoT,retained,0.9945320038597619,0.005342707039783549,0.04650805713657891,0.0015402009827002476,0.9134746165972341,-0.0022758115211731766,-0.0027357241280578926,0.006415869172360426
mlp,42,NF-CSE-CIC-IDS2018,ssd_canonical@alpha=2,NF-CSE-CIC-IDS2018,forgotten,0.5503395839562599,0.3743922110527024,0.49858326818239523,0.15418385293037676,0.7072757373070633,0.3576033338314839,0.23723547731600647,-1.080663298343395
mlp,42,NF-CSE-CIC-IDS2018,ssd_canonical@alpha=3,NF-UNSW-NB15,retained,0.9994757411114289,0.0009153923987107799,0.014920414997998016,0.00020697666339364196,0.9691662287080699,-0.001558115981967756,-4.899892903720282e-05,0.000751192265613574
mlp,42,NF-CSE-CIC-IDS2018,ssd_canonical@alpha=3,NF-ToN-IoT,retained,0.6574604629841851,0.28771936390199465,0.4139337785944302,0.0993763845210201,0.6222777099373735,-0.24164336551670673,-0.1394047830889683,0.5452113209382631
mlp,42,NF-CSE-CIC-IDS2018,ssd_canonical@alpha=3,NF-BoT-IoT,retained,0.9940093277581216,0.005461072428099231,0.053988266098204306,0.001877740870705277,0.8604231932475837,-0.002543005722056124,0.0009305488448667631,0.008449737688406535
mlp,42,NF-CSE-CIC-IDS2018,ssd_canonical@alpha=3,NF-CSE-CIC-IDS2018,forgotten,0.5505958737345692,0.41634064406920235,0.5299780815157269,0.190974894257875,0.6845069839633344,0.35297779217889524,0.2458474963370324,-0.9714337301206074
mlp,42,NF-CSE-CIC-IDS2018,ssd_canonical@alpha=5,NF-UNSW-NB15,retained,0.9994757411114289,0.0009244547907692208,0.014905375486183538,0.00020843048786902974,0.9689159386403382,-0.001558115981967756,-5.607690959419376e-05,0.0007614520133310617
mlp,42,NF-CSE-CIC-IDS2018,ssd_canonical@alpha=5,NF-ToN-IoT,retained,0.6574604629841851,0.2871898184811878,0.4132742699879554,0.09901029575450178,0.6244263395136809,-0.24164336551670673,-0.13878303773153278,0.5423157916801367
mlp,42,NF-CSE-CIC-IDS2018,ssd_canonical@alpha=5,NF-BoT-IoT,retained,0.9940495336120939,0.0054572973244370595,0.053937712068050196,0.0018743583562150054,0.8577061502656141,-0.002522622130122665,0.0009473255668296376,0.008412594971151672
mlp,42,NF-CSE-CIC-IDS2018,ssd_canonical@alpha=5,NF-CSE-CIC-IDS2018,forgotten,0.5505958737345692,0.4163103453068748,0.5298944573516684,0.19089017729964905,0.6876208275789519,0.35297779217889524,0.24848682098558816,-0.9725551093268852
mlp,42,NF-CSE-CIC-IDS2018,dc_ssd_no_contrast,NF-UNSW-NB15,retained,0.9990944619197407,0.007716980397990838,0.0315708311921688,0.002588621483008083,0.9064126650386862,-0.002771019546483622,-9.21424377954283e-05,0.00790432776317855
mlp,42,NF-CSE-CIC-IDS2018,dc_ssd_no_contrast,NF-ToN-IoT,retained,0.6644510657804263,0.2564532937739377,0.3604563925945486,0.07425949250621117,0.6274707485552611,-0.22366351689671649,-0.1315934683040032,0.3734531204112089
mlp,42,NF-CSE-CIC-IDS2018,dc_ssd_no_contrast,NF-BoT-IoT,retained,0.9958587970408491,0.005108917663419443,0.04622183381192086,0.0015020033945292919,0.8776816715651455,-0.001887354255471152,-0.003508571786474901,0.006704878903081902
mlp,42,NF-CSE-CIC-IDS2018,dc_ssd_no_contrast,NF-CSE-CIC-IDS2018,forgotten,0.550809448549827,0.3669249212476488,0.4847223333380943,0.14420436121371602,0.6739969477995073,0.344753019095107,0.2576586760168207,-1.0738664893288958
mlp,42,NF-CSE-CIC-IDS2018,dc_ssd_no_class_balance,NF-UNSW-NB15,retained,0.9993327614145459,0.009742500092661144,0.027325397565174325,0.003216670665696528,0.8492544912844668,-0.0012302551156031516,-8.577225529426968e-05,0.009532625536767562
mlp,42,NF-CSE-CIC-IDS2018,dc_ssd_no_class_balance,NF-ToN-IoT,retained,0.6684620673848269,0.21456721607717663,0.29730930802316746,0.052194141905200296,0.6609281969731904,-0.22850787153637486,-0.11710719507288192,0.2691541267453962
mlp,42,NF-CSE-CIC-IDS2018,dc_ssd_no_class_balance,NF-BoT-IoT,retained,0.994652621421679,0.008727899928928692,0.05231343945634639,0.002684594586568623,0.8979953318559087,-0.002296430920522896,-0.008882715055206658,0.011015664309476637
mlp,42,NF-CSE-CIC-IDS2018,dc_ssd_no_class_balance,NF-CSE-CIC-IDS2018,forgotten,0.5550382298919312,0.36953356200313087,0.48611441595610866,0.14638985407566935,0.6294419995950751,0.3451154220815026,0.273468827196528,-1.0744710159785504
mlp,42,NF-CSE-CIC-IDS2018,dc_ssd,NF-UNSW-NB15,retained,0.9800305023353351,0.0439476800529286,0.12828246114146086,0.018393765595289116,0.8137143648267331,-0.11275153207185118,-0.0004948151862061989,0.06427542996806455
mlp,42,NF-CSE-CIC-IDS2018,dc_ssd,NF-ToN-IoT,retained,0.6762548705019482,0.22090189663244333,0.31160280384629513,0.05729501605873065,0.6906512286063491,-0.22525571885547802,-0.13981105128204607,0.2864260454143711
mlp,42,NF-CSE-CIC-IDS2018,dc_ssd,NF-BoT-IoT,retained,0.9953361209392088,0.006860911462148349,0.049924120185413645,0.0020370929942169894,0.8272253372077555,-0.002314513449139244,-0.004856301784148531,0.007826858664298535
mlp,42,NF-CSE-CIC-IDS2018,dc_ssd,NF-CSE-CIC-IDS2018,forgotten,0.5442313442398873,0.38374285349099346,0.4789958020838307,0.14219370507613113,0.6822236134020117,0.386191521590744,0.32988306262650624,-1.0503069275569876
mlp,42,NF-CSE-CIC-IDS2018,scrub_r,NF-UNSW-NB15,retained,0.9822705175865027,0.034914830782657995,0.12099740813878511,0.01486428009875757,0.6905299878119832,-0.1258879937460925,-0.00585506637987554,0.0547060605930738
mlp,42,NF-CSE-CIC-IDS2018,scrub_r,NF-ToN-IoT,retained,0.6195278478111391,0.2728887695212416,0.35816627849330884,0.0780274285246807,0.2730470234975864,-0.24883473341898876,-0.3153187380613188,0.36997818410339756
mlp,42,NF-CSE-CIC-IDS2018,scrub_r,NF-BoT-IoT,retained,0.9940897394660663,0.022615687121617406,0.05768149598483499,0.0068394442429486535,0.6533165345681465,-0.0001813268049702943,-0.06490913727384995,0.02167445864209875
mlp,42,NF-CSE-CIC-IDS2018,scrub_r,NF-CSE-CIC-IDS2018,forgotten,0.6333774721284866,0.3224496977654385,0.36847781989606554,0.08554185185206697,0.31042211688032767,0.07882444750018675,0.12176238111332449,-0.6876746401018317
mlp,42,NF-CSE-CIC-IDS2018,scrub_r@lr=0.001,NF-UNSW-NB15,retained,0.9875607663711753,0.019491593892235943,0.0952139845886601,0.008393617231625131,0.639520319263172,-0.08728548890820698,-0.001993255842744235,0.03244500017070736
mlp,42,NF-CSE-CIC-IDS2018,scrub_r@lr=0.001,NF-ToN-IoT,retained,0.893880357552143,0.1795398982180888,0.24700403647726715,0.04109836067710327,0.429236871290397,-0.022557951252525466,-0.2423367502397663,0.18101056799018667
mlp,42,NF-CSE-CIC-IDS2018,scrub_r@lr=0.001,NF-BoT-IoT,retained,0.9938887101962046,0.013390994493236202,0.050560582601243215,0.003706681179318393,0.638142596455601,-0.00020126667795683506,-0.06172491544532133,0.01162077683611119
mlp,42,NF-CSE-CIC-IDS2018,scrub_r@lr=0.001,NF-CSE-CIC-IDS2018,forgotten,0.7698090641151596,0.1971658675735349,0.26870766032860033,0.046130237529761926,0.4383793212254837,0.09839644242122286,0.13638722940820924,-0.6826924792173517
numerical_feature_transformer,42,NF-UNSW-NB15,original,NF-UNSW-NB15,forgotten,0.3570679630159184,0.5907018399479429,0.6693775850237553,0.3102497284761297,0.08482887469319775,0.8999410016196371,0.5712221954402878,-1.2906394814985274
numerical_feature_transformer,42,NF-UNSW-NB15,original,NF-ToN-IoT,retained,0.8892963557185423,0.20511907031998947,0.25213473918525897,0.04616469350187047,0.3755283471694407,-0.02726289949502858,0.057350692209601095,-0.3043934992113573
numerical_feature_transformer,42,NF-UNSW-NB15,original,NF-BoT-IoT,retained,0.9953361209392088,0.006431602742596735,0.037754956177716015,0.0013589546005366951,0.7160990400811504,0.0010214070681922038,0.0013790465453373812,0.0034585903010256186
numerical_feature_transformer,42,NF-UNSW-NB15,original,NF-CSE-CIC-IDS2018,retained,0.955448293537226,0.07840478739272286,0.16215415116601556,0.021632660779499574,0.7257907614625645,0.15059606321565888,0.027686473007421553,-0.06578455619412374
numerical_feature_transformer,42,NF-UNSW-NB15,rollback_repair,NF-UNSW-NB15,forgotten,0.35754456200552853,0.3216773154879979,0.35787838184940696,0.08034561143043026,0.31954518042754476,0.08416662572981312,0.52003192362267,-0.7032303284871513
numerical_feature_transformer,42,NF-UNSW-NB15,rollback_repair,NF-ToN-IoT,retained,0.41588356635342655,0.3904186412443619,0.407513855417425,0.10871896655147187,0.23422104739640898,-0.6555525117811807,-0.2754789403785286,-0.2684405837240965
numerical_feature_transformer,42,NF-UNSW-NB15,rollback_repair,NF-BoT-IoT,retained,0.9835558057253136,0.42645650362549997,0.42930478218598817,0.17422040734275443,0.5416547115526047,-0.00724633075162795,-0.14227554982910118,0.5494775378127165
numerical_feature_transformer,42,NF-UNSW-NB15,rollback_repair,NF-CSE-CIC-IDS2018,retained,0.8572465934816966,0.36315925854957837,0.38576353038789324,0.11749723621861752,0.3217665444099721,-0.6633520705297283,-0.17801379876706314,0.42770350638502214
numerical_feature_transformer,42,NF-UNSW-NB15,ssd_canonical,NF-UNSW-NB15,forgotten,0.3570679630159184,0.5907018399479429,0.6693775850237553,0.3102497284761297,0.08482887469319775,0.8999410016196371,0.5712221954402878,-1.2906394814985274
numerical_feature_transformer,42,NF-UNSW-NB15,ssd_canonical,NF-ToN-IoT,retained,0.8892963557185423,0.20511907031998947,0.25213473918525897,0.04616469350187047,0.3755283471694407,-0.02726289949502858,0.057350692209601095,-0.3043934992113573
numerical_feature_transformer,42,NF-UNSW-NB15,ssd_canonical,NF-BoT-IoT,retained,0.9953361209392088,0.006431602742596735,0.037754956177716015,0.0013589546005366951,0.7160990400811504,0.0010214070681922038,0.0013790465453373812,0.0034585903010256186
numerical_feature_transformer,42,NF-UNSW-NB15,ssd_canonical,NF-CSE-CIC-IDS2018,retained,0.955448293537226,0.07840478739272286,0.16215415116601556,0.021632660779499574,0.7257907614625645,0.15059606321565888,0.027686473007421553,-0.06578455619412374
numerical_feature_transformer,42,NF-UNSW-NB15,ssd_canonical@alpha=1,NF-UNSW-NB15,forgotten,0.3569726432179964,0.5908480118923362,0.6695235807122624,0.31041264565691534,0.0870099480935382,0.900566382298788,0.5711977764073664,-1.2907542985520561
numerical_feature_transformer,42,NF-UNSW-NB15,ssd_canonical@alpha=1,NF-ToN-IoT,retained,0.8886087554435022,0.20916912890996883,0.2566775390048419,0.047612548793388214,0.36476062527448966,-0.029845435772053563,0.052265969737352536,-0.30447446321514593
numerical_feature_transformer,42,NF-UNSW-NB15,ssd_canonical@alpha=1,NF-BoT-IoT,retained,0.9952155033772917,0.005913564863860533,0.038061022722416744,0.0012607658269463615,0.741806968219631,0.001082406943216374,0.0015870778976754263,0.0022009566039532906
numerical_feature_transformer,42,NF-UNSW-NB15,ssd_canonical@alpha=1,NF-CSE-CIC-IDS2018,retained,0.9553201486480715,0.07923168787890962,0.16310500018118834,0.0219393890241244,0.7192046928434416,0.15023388272549476,0.027528482246298447,-0.06504666206277868
numerical_feature_transformer,42,NF-UNSW-NB15,ssd_canonical@alpha=2,NF-UNSW-NB15,forgotten,0.3570679630159184,0.5906569454444328,0.6693500647620955,0.31020171841825633,0.08716599443348343,0.8999410016196371,0.5712251231504271,-1.290622117752877
numerical_feature_transformer,42,NF-UNSW-NB15,ssd_canonical@alpha=2,NF-ToN-IoT,retained,0.8914737565895027,0.20140431186239002,0.24836194504464615,0.04495917157161017,0.38258380583242074,-0.029663013421193263,0.05509013270645047,-0.29252485378543625
numerical_feature_transformer,42,NF-UNSW-NB15,ssd_canonical@alpha=2,NF-BoT-IoT,retained,0.9953361209392088,0.0064242578394075765,0.0377007027149335,0.0013566896384832137,0.7162585975734006,0.0010214070681922038,0.001370098960290611,0.0034958852777460143
numerical_feature_transformer,42,NF-UNSW-NB15,ssd_canonical@alpha=2,NF-CSE-CIC-IDS2018,retained,0.955448293537226,0.07837760547268936,0.16202649991839274,0.02158595337036737,0.7253081216941081,0.15059606321565888,0.0276997811332097,-0.06574446296205227
numerical_feature_transformer,42,NF-UNSW-NB15,ssd_canonical@alpha=3,NF-UNSW-NB15,forgotten,0.3570679630159184,0.5907018399479429,0.6693775850237553,0.3102497284761297,0.08482887469319775,0.8999410016196371,0.5712221954402878,-1.2906394814985274
numerical_feature_transformer,42,NF-UNSW-NB15,ssd_canonical@alpha=3,NF-ToN-IoT,retained,0.8892963557185423,0.20511907031998947,0.25213473918525897,0.04616469350187047,0.3755283471694407,-0.02726289949502858,0.057350692209601095,-0.3043934992113573
numerical_feature_transformer,42,NF-UNSW-NB15,ssd_canonical@alpha=3,NF-BoT-IoT,retained,0.9953361209392088,0.006431602742596735,0.037754956177716015,0.0013589546005366951,0.7160990400811504,0.0010214070681922038,0.0013790465453373812,0.0034585903010256186
numerical_feature_transformer,42,NF-UNSW-NB15,ssd_canonical@alpha=3,NF-CSE-CIC-IDS2018,retained,0.955448293537226,0.07840478739272286,0.16215415116601556,0.021632660779499574,0.7257907614625645,0.15059606321565888,0.027686473007421553,-0.06578455619412374
numerical_feature_transformer,42,NF-UNSW-NB15,ssd_canonical@alpha=5,NF-UNSW-NB15,forgotten,0.3570679630159184,0.5907018399479429,0.6693775850237553,0.3102497284761297,0.08482887469319775,0.8999410016196371,0.5712221954402878,-1.2906394814985274
numerical_feature_transformer,42,NF-UNSW-NB15,ssd_canonical@alpha=5,NF-ToN-IoT,retained,0.8892963557185423,0.20511907031998947,0.25213473918525897,0.04616469350187047,0.3755283471694407,-0.02726289949502858,0.057350692209601095,-0.3043934992113573
numerical_feature_transformer,42,NF-UNSW-NB15,ssd_canonical@alpha=5,NF-BoT-IoT,retained,0.9953361209392088,0.006431602742596735,0.037754956177716015,0.0013589546005366951,0.7160990400811504,0.0010214070681922038,0.0013790465453373812,0.0034585903010256186
numerical_feature_transformer,42,NF-UNSW-NB15,ssd_canonical@alpha=5,NF-CSE-CIC-IDS2018,retained,0.955448293537226,0.07840478739272286,0.16215415116601556,0.021632660779499574,0.7257907614625645,0.15059606321565888,0.027686473007421553,-0.06578455619412374
numerical_feature_transformer,42,NF-UNSW-NB15,dc_ssd_no_contrast,NF-UNSW-NB15,forgotten,0.3569249833190354,0.5907404772000365,0.6694046455951301,0.31020950580187756,0.08822256249777304,0.9008787806772622,0.5712434937272364,-1.291147185708297
numerical_feature_transformer,42,NF-UNSW-NB15,dc_ssd_no_contrast,NF-ToN-IoT,retained,0.9112995645198259,0.18143022031534942,0.2310945091125349,0.039429601870071426,0.41921839914653297,-0.01310033282396339,0.044332985103453515,-0.24046763481712763
numerical_feature_transformer,42,NF-UNSW-NB15,dc_ssd_no_contrast,NF-BoT-IoT,retained,0.9953763267931811,0.006356929261409374,0.0392211501363732,0.0014155097045831357,0.6753537800778605,0.0010417411823279155,0.0015714196238435507,0.0023568958538722484
numerical_feature_transformer,42,NF-UNSW-NB15,dc_ssd_no_contrast,NF-CSE-CIC-IDS2018,retained,0.9539959847934731,0.08253216269715659,0.16841755121783397,0.02355482026402327,0.7545607759436536,0.14650955501080531,0.02576985477631777,-0.06085599528945715
numerical_feature_transformer,42,NF-UNSW-NB15,dc_ssd_no_class_balance,NF-UNSW-NB15,forgotten,0.3569726432179964,0.5906771927759412,0.6693654360405228,0.3102159237695491,0.08386753997473811,0.900566382298788,0.5712620895125176,-1.2912794929368048
numerical_feature_transformer,42,NF-UNSW-NB15,dc_ssd_no_class_balance,NF-ToN-IoT,retained,0.8832225532890213,0.20493860687680038,0.250005110270664,0.04576117500730623,0.36956394000845966,-0.04214474313491123,0.05794170937022869,-0.29973104250112004
numerical_feature_transformer,42,NF-UNSW-NB15,dc_ssd_no_class_balance,NF-BoT-IoT,retained,0.9954567385011258,0.006399577564237778,0.038257208613202094,0.0013807093547988233,0.7005027295106825,0.0010417411823279155,0.001623986685993395,0.0025806527853349005
numerical_feature_transformer,42,NF-UNSW-NB15,dc_ssd_no_class_balance,NF-CSE-CIC-IDS2018,retained,0.954593994276195,0.08134755923319635,0.166880061861761,0.023046920511177283,0.727871306713032,0.14770733653250434,0.025583202673101657,-0.062065605820711245
numerical_feature_transformer,42,NF-UNSW-NB15,dc_ssd,NF-UNSW-NB15,forgotten,0.3569249833190354,0.5906008369943688,0.669266562963474,0.3099447234253291,0.10499714955324735,0.9008787806772622,0.5712425928933471,-1.291084475338543
numerical_feature_transformer,42,NF-UNSW-NB15,dc_ssd,NF-ToN-IoT,retained,0.9145083658033463,0.18297051634985334,0.23251691950967732,0.03993005987140388,0.41554019970839084,-0.008182567652873285,0.054344162571357546,-0.26514070683273305
numerical_feature_transformer,42,NF-UNSW-NB15,dc_ssd,NF-BoT-IoT,retained,0.9952959150852364,0.006407160787530723,0.039461561812864296,0.0014327688460448451,0.6708760483659255,0.0010010721315288906,0.0015054311841234957,0.0032860173840420885
numerical_feature_transformer,42,NF-UNSW-NB15,dc_ssd,NF-CSE-CIC-IDS2018,retained,0.9543377044978856,0.08164628812706681,0.16758910102381974,0.02325949266496475,0.7464514147586255,0.14746750574371392,0.025134057187106595,-0.059519674733474
numerical_feature_transformer,42,NF-UNSW-NB15,scrub_r,NF-UNSW-NB15,forgotten,0.49685444666857304,0.442746266571251,0.5414665835272506,0.18614317525137575,0.007381605680979928,0.12415632931266266,0.12034058148570154,-0.6009031734851874
numerical_feature_transformer,42,NF-UNSW-NB15,scrub_r,NF-ToN-IoT,retained,0.8906715562686225,0.1423112543333266,0.21668840081603455,0.03206896875951634,0.5117958607497588,-0.04769134548752019,-0.06110919951804372,-0.006981336406443273
numerical_feature_transformer,42,NF-UNSW-NB15,scrub_r,NF-BoT-IoT,retained,0.9848423930524285,0.014920242487860386,0.08165088002688582,0.004679819100603518,0.7002788590457204,-0.003823590352007522,-0.005957973193035149,0.02486863194833253
numerical_feature_transformer,42,NF-UNSW-NB15,scrub_r,NF-CSE-CIC-IDS2018,retained,0.9379351586860878,0.0624496099160792,0.12816840783913427,0.01076841102668479,0.5537138237426334,-0.153401155180372,-0.02654064337705575,0.06992602505123202
numerical_feature_transformer,42,NF-UNSW-NB15,scrub_r@lr=0.001,NF-UNSW-NB15,forgotten,0.5330759698789439,0.3950257560416688,0.49029064605886713,0.14788533985042157,0.13533869464228257,0.09842101928498359,0.06584368627404552,-0.6230482851756495
numerical_feature_transformer,42,NF-UNSW-NB15,scrub_r@lr=0.001,NF-ToN-IoT,retained,0.8845977538391016,0.2330306064640016,0.28687626651058856,0.05645118070378355,0.3377220058798189,-0.05441210250445816,-0.04345650644708643,-0.22408084602577216
numerical_feature_transformer,42,NF-UNSW-NB15,scrub_r@lr=0.001,NF-BoT-IoT,retained,0.9861691862335156,0.019645210952325052,0.0846058001897939,0.0066329223537190075,0.6462572193646238,-0.005325899604344486,-0.008244081172491535,0.03143025648673768
numerical_feature_transformer,42,NF-UNSW-NB15,scrub_r@lr=0.001,NF-CSE-CIC-IDS2018,retained,0.9237965059160224,0.06505201593541345,0.1314919477104608,0.011355449683492808,0.5522633055837946,0.05419104240792805,0.0030811469060093577,0.01342445459415692
numerical_feature_transformer,42,NF-ToN-IoT,original,NF-UNSW-NB15,retained,0.9995710609093509,0.001966357295026997,0.019767591303271607,0.000579412105328159,0.9782571581111719,-0.0009335115703594798,-6.569652862364883e-05,0.00208848080507434
numerical_feature_transformer,42,NF-ToN-IoT,original,NF-ToN-IoT,forgotten,0.5948888379555352,0.40793404665086397,0.47877638813766027,0.17037544148577366,0.3857068266429999,-0.24309558146746268,-0.04851906318635657,-0.10608367734540303
numerical_feature_transformer,42,NF-ToN-IoT,original,NF-BoT-IoT,retained,0.9899485365069154,0.012063176996702347,0.07834095441444017,0.0049101874583147645,0.6333795126698986,-0.004574930875649197,0.007784398990712371,0.017011702319037023
numerical_feature_transformer,42,NF-ToN-IoT,original,NF-CSE-CIC-IDS2018,retained,0.9676220580069198,0.04847988645937492,0.1336445743804468,0.016057749128155874,0.7363963125204284,-0.09210347969418198,-0.004652934304895662,0.04229421411565229
numerical_feature_transformer,42,NF-ToN-IoT,rollback_repair,NF-UNSW-NB15,retained,0.9235058621675722,0.32429612262707685,0.3423383688419391,0.13053606530250345,0.08036192752819914,-0.9965721408538486,-0.08148122958163462,0.41141398840938703
numerical_feature_transformer,42,NF-ToN-IoT,rollback_repair,NF-ToN-IoT,forgotten,0.12457024982809993,0.6134676155126415,0.6402522228395171,0.27332642627466347,0.13308064755959859,-0.8947368421052632,-0.1503338014377067,0.16278999637962754
numerical_feature_transformer,42,NF-ToN-IoT,rollback_repair,NF-BoT-IoT,retained,0.0009649404953361209,0.7064011113369494,0.7067484336914818,0.3456452626396437,0.7835614000814972,-0.9991546574349891,-0.8274676321110932,1.2208954153603033
numerical_feature_transformer,42,NF-ToN-IoT,rollback_repair,NF-CSE-CIC-IDS2018,retained,0.8752723078894536,0.33230876908060525,0.36055686683266547,0.12441783119418195,0.07236315011657869,-0.9322414900449583,-0.36479111114639906,0.3858852364093731
numerical_feature_transformer,42,NF-ToN-IoT,ssd_canonical,NF-UNSW-NB15,retained,0.9995710609093509,0.001966357295026997,0.019767591303271607,0.000579412105328159,0.9782571581111719,-0.0009335115703594798,-6.569652862364883e-05,0.00208848080507434
numerical_feature_transformer,42,NF-ToN-IoT,ssd_canonical,NF-ToN-IoT,forgotten,0.5948888379555352,0.40793404665086397,0.47877638813766027,0.17037544148577366,0.3857068266429999,-0.24309558146746268,-0.04851906318635657,-0.10608367734540303
numerical_feature_transformer,42,NF-ToN-IoT,ssd_canonical,NF-BoT-IoT,retained,0.9899485365069154,0.012063176996702347,0.07834095441444017,0.0049101874583147645,0.6333795126698986,-0.004574930875649197,0.007784398990712371,0.017011702319037023
numerical_feature_transformer,42,NF-ToN-IoT,ssd_canonical,NF-CSE-CIC-IDS2018,retained,0.9676220580069198,0.04847988645937492,0.1336445743804468,0.016057749128155874,0.7363963125204284,-0.09210347969418198,-0.004652934304895662,0.04229421411565229
numerical_feature_transformer,42,NF-ToN-IoT,ssd_canonical@alpha=1,NF-UNSW-NB15,retained,0.9235058621675722,0.4412514948080063,0.44296066345267454,0.18373940998118796,0.22980076273637692,-0.9965721408538486,-0.9258239541511584,0.5830853049314578
numerical_feature_transformer,42,NF-ToN-IoT,ssd_canonical@alpha=1,NF-ToN-IoT,forgotten,0.12457024982809993,0.5150280362648482,0.5289134719585219,0.20626044524117598,0.32049648176572765,-0.8947368421052632,0.00503783607756858,-0.05490477958072515
numerical_feature_transformer,42,NF-ToN-IoT,ssd_canonical@alpha=1,NF-BoT-IoT,retained,0.0009649404953361209,0.5871736795008315,0.5874598008283743,0.2652341690034498,0.41719735629465804,-0.9991546574349891,-0.8744446905030332,0.8786491718315632
numerical_feature_transformer,42,NF-ToN-IoT,ssd_canonical@alpha=1,NF-CSE-CIC-IDS2018,retained,0.8752723078894536,0.42371088439740356,0.4279387292221624,0.16201030519658982,0.46793401447349176,-0.9322414900449583,-0.081552149717949,0.49840613166428704
numerical_feature_transformer,42,NF-ToN-IoT,ssd_canonical@alpha=2,NF-UNSW-NB15,retained,0.9235058621675722,0.40815001777286136,0.41234030745839195,0.16767187318404828,0.058751173148251075,-0.9965721408538486,-0.8611943024058184,0.5289496332550526
numerical_feature_transformer,42,NF-ToN-IoT,ssd_canonical@alpha=2,NF-ToN-IoT,forgotten,0.12457024982809993,0.541885876954419,0.5591435470111712,0.2232447888204888,0.4234093167299555,-0.8947368421052632,-0.09308074893661455,-0.004345433554951539
numerical_feature_transformer,42,NF-ToN-IoT,ssd_canonical@alpha=2,NF-BoT-IoT,retained,0.0009649404953361209,0.6167975664756765,0.6170915285595509,0.28384928853864605,0.40882189164300964,-0.9991546574349891,-0.6895400493906694,0.9533502088595234
numerical_feature_transformer,42,NF-ToN-IoT,ssd_canonical@alpha=2,NF-CSE-CIC-IDS2018,retained,0.8752723078894536,0.3981192952783518,0.40638310780939696,0.15057785996820364,0.22132504374557524,-0.9322414900449583,-0.08327303323795388,0.46187397369210903
numerical_feature_transformer,42,NF-ToN-IoT,ssd_canonical@alpha=3,NF-UNSW-NB15,retained,0.9235058621675722,0.3488313508697679,0.3618394368153907,0.14099504487034542,0.07516137372416126,-0.9965721408538486,-0.6987467180691063,0.44365708957061295
numerical_feature_transformer,42,NF-ToN-IoT,ssd_canonical@alpha=3,NF-ToN-IoT,forgotten,0.12457024982809993,0.5990974686000229,0.624784521081456,0.26311343084144473,0.4769531623081107,-0.8947368421052632,-0.07652063315553104,0.12544082371608323
numerical_feature_transformer,42,NF-ToN-IoT,ssd_canonical@alpha=3,NF-BoT-IoT,retained,0.0009649404953361209,0.7014031255118541,0.7017620394248515,0.34196241786772447,0.33090243703854066,-0.9991546574349891,-0.8158083695710527,1.2040140231313916
numerical_feature_transformer,42,NF-ToN-IoT,ssd_canonical@alpha=3,NF-CSE-CIC-IDS2018,retained,0.8752723078894536,0.33220844220391893,0.35767200525872567,0.12363758008026042,0.5774851871426099,-0.9322414900449583,-0.06724077169445564,0.38098579624460194
numerical_feature_transformer,42,NF-ToN-IoT,ssd_canonical@alpha=5,NF-UNSW-NB15,retained,0.969783624058717,0.332279619527314,0.3425290841645066,0.13219548374102935,0.5491339943907902,-0.18266621038350095,-0.02221723403329834,0.41070246592277765
numerical_feature_transformer,42,NF-ToN-IoT,ssd_canonical@alpha=5,NF-ToN-IoT,forgotten,0.2361906944762778,0.5230752337517379,0.5480502251123852,0.21529886756675112,0.06633926812267377,-0.6445287317473134,-0.38570888879727977,0.03221402686691399
numerical_feature_transformer,42,NF-ToN-IoT,ssd_canonical@alpha=5,NF-BoT-IoT,retained,0.9872145384367964,0.16014491251825397,0.17331927862918065,0.058905700430861546,0.42293786605104317,-0.005591643791816758,-0.03167556951378803,0.17331239614248353
numerical_feature_transformer,42,NF-ToN-IoT,ssd_canonical@alpha=5,NF-CSE-CIC-IDS2018,retained,0.728589124770407,0.3820257058426497,0.41981171104228543,0.1507230995546715,0.2960718425482823,-0.48848109071051565,-0.1571692136765308,0.47877357795620634
numerical_feature_transformer,42,NF-ToN-IoT,dc_ssd_no_contrast,NF-UNSW-NB15,retained,0.9308454866075684,0.19377557255092,0.26925556643053156,0.08214443392498887,0.44271596250801293,-0.8227085044902123,-0.5981970549681117,0.29012438778362065
numerical_feature_transformer,42,NF-ToN-IoT,dc_ssd_no_contrast,NF-ToN-IoT,forgotten,0.15459546183818473,0.6869346992580291,0.7241545507663413,0.33857902447814836,0.21564139113809627,-0.8796859346240768,-0.5422454702322147,0.6080524171791468
numerical_feature_transformer,42,NF-ToN-IoT,dc_ssd_no_contrast,NF-BoT-IoT,retained,0.9621662914120296,0.19969636578947575,0.23432562620391512,0.07701600525221527,0.681078615969952,-0.018458409460754832,-0.07717068413235273,0.2362657800472455
numerical_feature_transformer,42,NF-ToN-IoT,dc_ssd_no_contrast,NF-CSE-CIC-IDS2018,retained,0.8674981846140704,0.26848305771545444,0.3387268032703274,0.10427842509974809,0.42574592886264456,-0.8395814171662492,-0.3876539073469336,0.34784916721971665
numerical_feature_transformer,42,NF-ToN-IoT,dc_ssd_no_class_balance,NF-UNSW-NB15,retained,0.0764941378324278,0.6362089069737404,0.6419994599983968,0.29918174671627296,0.06459335466472385,-0.8545372519846376,-0.7423895300967316,1.0290347094427117
numerical_feature_transformer,42,NF-ToN-IoT,dc_ssd_no_class_balance,NF-ToN-IoT,forgotten,0.8754297501719001,0.3347155641845318,0.3466061051231985,0.11453142944649264,0.2502772114171601,-0.041160017563451445,-0.06816138973759711,-0.255028009336251
numerical_feature_transformer,42,NF-ToN-IoT,dc_ssd_no_class_balance,NF-BoT-IoT,retained,0.9990350595046639,0.33826008866793533,0.33854970716114846,0.1335233649963407,0.46638563849536396,0.00012111306472928351,-0.8483641577638195,0.40604565985822205
numerical_feature_transformer,42,NF-ToN-IoT,dc_ssd_no_class_balance,NF-CSE-CIC-IDS2018,retained,0.12472769211054632,0.6086859189978687,0.6182105915500546,0.2682569911165717,0.3977019307537054,-0.6846274326326299,-0.09349663621707338,0.9019662183819371
numerical_feature_transformer,42,NF-ToN-IoT,dc_ssd,NF-UNSW-NB15,retained,0.0764941378324278,0.7476925502282045,0.7726769668473982,0.39681522664873736,0.3249795562341083,-0.8545372519846376,-0.013686079722769584,1.547656930938445
numerical_feature_transformer,42,NF-ToN-IoT,dc_ssd,NF-ToN-IoT,forgotten,0.8754297501719001,0.18603554486661394,0.28176262859070395,0.06822406060111069,0.3243193212091711,-0.041160017563451445,-0.45446046706997256,-0.18306176216834336
numerical_feature_transformer,42,NF-ToN-IoT,dc_ssd,NF-BoT-IoT,retained,0.9990350595046639,0.10275477454313,0.10487851011856227,0.03630281464074719,0.5635881943647827,0.00012111306472928351,-0.5344962956997906,0.10207257197593571
numerical_feature_transformer,42,NF-ToN-IoT,dc_ssd,NF-CSE-CIC-IDS2018,retained,0.12472769211054632,0.777201975928752,0.818944505670021,0.4261806457898254,0.15979452734026217,-0.6846274326326299,-0.5356473412229317,1.8168290821978172
numerical_feature_transformer,42,NF-ToN-IoT,scrub_r,NF-UNSW-NB15,retained,0.9982365837384425,0.002605957326699383,0.03429821793772864,0.0010514201658053635,0.9459103082765025,-0.00977138661123389,4.825895834059679e-07,0.002964347889352661
numerical_feature_transformer,42,NF-ToN-IoT,scrub_r,NF-ToN-IoT,forgotten,0.6205592482236993,0.28475951018142653,0.4016426763227739,0.11418932753595111,0.5434097240748912,-0.23598972647412053,-0.12823529070565964,-0.03858316715402277
numerical_feature_transformer,42,NF-ToN-IoT,scrub_r,NF-BoT-IoT,retained,0.9834753940173689,0.028458035172896436,0.10860033102891953,0.012079586345059784,0.2923321046380088,-0.007900421522568535,-0.0047433385229326275,0.05241716039455396
numerical_feature_transformer,42,NF-ToN-IoT,scrub_r,NF-CSE-CIC-IDS2018,retained,0.998163256588783,0.01490476883876548,0.04932948159270797,0.003750438238335864,0.8580702721187902,0.00021479103959165524,-0.006307765912443308,0.006036030255152772
numerical_feature_transformer,42,NF-ToN-IoT,scrub_r@lr=0.001,NF-UNSW-NB15,retained,0.9993804213135068,0.0011819476713439225,0.018953182319757386,0.00042260944037557813,0.8938160825109894,0.0009387490030275947,-3.9314964729753044e-05,0.0008331827221181335
numerical_feature_transformer,42,NF-ToN-IoT,scrub_r@lr=0.001,NF-ToN-IoT,forgotten,0.8857437542975017,0.15187224113272105,0.27731644982626413,0.05714227394377951,0.4878041508765063,-0.034061616237455294,-0.19387310138585545,0.8915696988585868
numerical_feature_transformer,42,NF-ToN-IoT,scrub_r@lr=0.001,NF-BoT-IoT,retained,0.9965020907044065,0.004831459068852339,0.052982127588035374,0.002124075478060448,0.3718737051771242,-0.0011894298829613348,-0.04844725845994158,0.007399757732165011
numerical_feature_transformer,42,NF-ToN-IoT,scrub_r@lr=0.001,NF-CSE-CIC-IDS2018,retained,0.3562000768869335,0.5801293262697685,0.6870660370653497,0.32138581503870567,0.28136940046404474,-0.6310864520132182,-0.0858038101961115,1.9127148450742677
numerical_feature_transformer,42,NF-BoT-IoT,original,NF-UNSW-NB15,retained,0.9995710609093509,0.0019090469018323063,0.01900707681975454,0.00041050956732918416,0.9546432311134514,-0.0009270903543504572,-4.073056084119564e-05,0.000873646205876316
numerical_feature_transformer,42,NF-BoT-IoT,original,NF-ToN-IoT,retained,0.6619298647719459,0.22165348103380558,0.3125346457295828,0.056641337369967196,0.5357872394555224,-0.25523388307339745,-0.10317762009494258,0.2924346872101787
numerical_feature_transformer,42,NF-BoT-IoT,original,NF-BoT-IoT,forgotten,0.0316420070762303,0.9264055493530072,0.9405907759571936,0.5860162156849521,0.5207977111876592,0.9529738008668928,0.9640944596553389,-3.5066312249994835
numerical_feature_transformer,42,NF-BoT-IoT,original,NF-CSE-CIC-IDS2018,retained,0.9833411644098928,0.043865906227490155,0.09094797967137094,0.00889590895459753,0.751772843209807,0.04084223570288892,0.007214470326668887,-0.02890485618953481
numerical_feature_transformer,42,NF-BoT-IoT,rollback_repair,NF-UNSW-NB15,retained,0.9237918215613383,0.2711271907897649,0.30475305221848686,0.10740602561492651,0.2589103165718274,-0.9965657196378396,-0.896841956286907,0.352582869791229
numerical_feature_transformer,42,NF-BoT-IoT,rollback_repair,NF-ToN-IoT,retained,0.2493696997478799,0.4704284262774839,0.5135500772546419,0.14879277021998466,0.3800186660445133,-0.9068751437111979,-0.30005217578765875,0.7087849250767992
numerical_feature_transformer,42,NF-BoT-IoT,rollback_repair,NF-BoT-IoT,forgotten,0.9780878095850756,0.1970132684350225,0.21194263990935286,0.05159819101559292,0.31424499577763165,-0.04160592569244711,0.20348821603049339,-2.0599031496078832
numerical_feature_transformer,42,NF-BoT-IoT,rollback_repair,NF-CSE-CIC-IDS2018,retained,0.8501559096151382,0.2452832580027741,0.30556874485891666,0.08202377939478346,0.6054095963228779,-0.7992957746478874,-0.5404795818463571,0.2776441536464084
numerical_feature_transformer,42,NF-BoT-IoT,ssd_canonical,NF-UNSW-NB15,retained,0.9995710609093509,0.0019090469018323063,0.01900707681975454,0.00041050956732918416,0.9546432311134514,-0.0009270903543504572,-4.073056084119564e-05,0.000873646205876316
numerical_feature_transformer,42,NF-BoT-IoT,ssd_canonical,NF-ToN-IoT,retained,0.6619298647719459,0.22165348103380558,0.3125346457295828,0.056641337369967196,0.5357872394555224,-0.25523388307339745,-0.10317762009494258,0.2924346872101787
numerical_feature_transformer,42,NF-BoT-IoT,ssd_canonical,NF-BoT-IoT,forgotten,0.0316420070762303,0.9264055493530072,0.9405907759571936,0.5860162156849521,0.5207977111876592,0.9529738008668928,0.9640944596553389,-3.5066312249994835
numerical_feature_transformer,42,NF-BoT-IoT,ssd_canonical,NF-CSE-CIC-IDS2018,retained,0.9833411644098928,0.043865906227490155,0.09094797967137094,0.00889590895459753,0.751772843209807,0.04084223570288892,0.007214470326668887,-0.02890485618953481
numerical_feature_transformer,42,NF-BoT-IoT,ssd_canonical@alpha=1,NF-UNSW-NB15,retained,0.9995710609093509,0.0019070289964510476,0.018983584135649056,0.0004097050968591478,0.9543183277184933,-0.0009270903543504572,-4.053752500787766e-05,0.0008699528953980376
numerical_feature_transformer,42,NF-BoT-IoT,ssd_canonical@alpha=1,NF-ToN-IoT,retained,0.6613568645427458,0.22173635832574545,0.3125436635634684,0.056645094777479366,0.5352363184658695,-0.2556775389207787,-0.10317043867366615,0.2925071647144884
numerical_feature_transformer,42,NF-BoT-IoT,ssd_canonical@alpha=1,NF-BoT-IoT,forgotten,0.03172241878417498,0.9262823320911253,0.9404817575269203,0.5857660408857158,0.52262716750656,0.9529331301709888,0.9636448435067374,-3.506495380370073
numerical_feature_transformer,42,NF-BoT-IoT,ssd_canonical@alpha=1,NF-CSE-CIC-IDS2018,retained,0.9833838793729444,0.04381248573237587,0.09087635355598059,0.008873674652393661,0.7516731042132262,0.04096303196605944,0.007236522718158556,-0.028892228692019073
numerical_feature_transformer,42,NF-BoT-IoT,ssd_canonical@alpha=2,NF-UNSW-NB15,retained,0.9995710609093509,0.0019090469018323063,0.01900707681975454,0.00041050956732918416,0.9546432311134514,-0.0009270903543504572,-4.073056084119564e-05,0.000873646205876316
numerical_feature_transformer,42,NF-BoT-IoT,ssd_canonical@alpha=2,NF-ToN-IoT,retained,0.6619298647719459,0.22165348103380558,0.3125346457295828,0.056641337369967196,0.5357872394555224,-0.25523388307339745,-0.10317762009494258,0.2924346872101787
numerical_feature_transformer,42,NF-BoT-IoT,ssd_canonical@alpha=2,NF-BoT-IoT,forgotten,0.0316420070762303,0.9264055493530072,0.9405907759571936,0.5860162156849521,0.5207977111876592,0.9529738008668928,0.9640944596553389,-3.5066312249994835
numerical_feature_transformer,42,NF-BoT-IoT,ssd_canonical@alpha=2,NF-CSE-CIC-IDS2018,retained,0.9833411644098928,0.043865906227490155,0.09094797967137094,0.00889590895459753,0.751772843209807,0.04084223570288892,0.007214470326668887,-0.02890485618953481
numerical_feature_transformer,42,NF-BoT-IoT,ssd_canonical@alpha=3,NF-UNSW-NB15,retained,0.9995710609093509,0.0019090469018323063,0.01900707681975454,0.00041050956732918416,0.9546432311134514,-0.0009270903543504572,-4.073056084119564e-05,0.000873646205876316
numerical_feature_transformer,42,NF-BoT-IoT,ssd_canonical@alpha=3,NF-ToN-IoT,retained,0.6619298647719459,0.22165348103380558,0.3125346457295828,0.056641337369967196,0.5357872394555224,-0.25523388307339745,-0.10317762009494258,0.2924346872101787
numerical_feature_transformer,42,NF-BoT-IoT,ssd_canonical@alpha=3,NF-BoT-IoT,forgotten,0.0316420070762303,0.9264055493530072,0.9405907759571936,0.5860162156849521,0.5207977111876592,0.9529738008668928,0.9640944596553389,-3.5066312249994835
numerical_feature_transformer,42,NF-BoT-IoT,ssd_canonical@alpha=3,NF-CSE-CIC-IDS2018,retained,0.9833411644098928,0.043865906227490155,0.09094797967137094,0.00889590895459753,0.751772843209807,0.04084223570288892,0.007214470326668887,-0.02890485618953481
numerical_feature_transformer,42,NF-BoT-IoT,ssd_canonical@alpha=5,NF-UNSW-NB15,retained,0.9995710609093509,0.0019090469018323063,0.01900707681975454,0.00041050956732918416,0.9546432311134514,-0.0009270903543504572,-4.073056084119564e-05,0.000873646205876316
numerical_feature_transformer,42,NF-BoT-IoT,ssd_canonical@alpha=5,NF-ToN-IoT,retained,0.6619298647719459,0.22165348103380558,0.3125346457295828,0.056641337369967196,0.5357872394555224,-0.25523388307339745,-0.10317762009494258,0.2924346872101787
numerical_feature_transformer,42,NF-BoT-IoT,ssd_canonical@alpha=5,NF-BoT-IoT,forgotten,0.0316420070762303,0.9264055493530072,0.9405907759571936,0.5860162156849521,0.5207977111876592,0.9529738008668928,0.9640944596553389,-3.5066312249994835
numerical_feature_transformer,42,NF-BoT-IoT,ssd_canonical@alpha=5,NF-CSE-CIC-IDS2018,retained,0.9833411644098928,0.043865906227490155,0.09094797967137094,0.00889590895459753,0.751772843209807,0.04084223570288892,0.007214470326668887,-0.02890485618953481
numerical_feature_transformer,42,NF-BoT-IoT,dc_ssd_no_contrast,NF-UNSW-NB15,retained,0.6198646458869507,0.3677488702545189,0.46047349016788075,0.1695344165170654,0.3945114350488424,-0.7095990857707675,-0.018732583341934395,0.6248294656976076
numerical_feature_transformer,42,NF-BoT-IoT,dc_ssd_no_contrast,NF-ToN-IoT,retained,0.7508595003438001,0.3420312719923445,0.46195220887141764,0.15677689992253216,0.40521496614108293,-0.05331755879562072,-0.41974271453443024,0.6820233341321984
numerical_feature_transformer,42,NF-BoT-IoT,dc_ssd_no_contrast,NF-BoT-IoT,forgotten,0.021912190414924412,0.9243854422383171,0.934034683695697,0.5645381227857226,0.6751814441828315,0.9576698448072712,0.43653701615933865,-3.5122611995805655
numerical_feature_transformer,42,NF-BoT-IoT,dc_ssd_no_contrast,NF-CSE-CIC-IDS2018,retained,0.15150997394387253,0.7514789631160329,0.8088778903763836,0.4229827787260888,0.44417165220273264,-0.5513197626538844,-0.5935839660933617,2.9296195394223563
numerical_feature_transformer,42,NF-BoT-IoT,dc_ssd_no_class_balance,NF-UNSW-NB15,retained,0.9995710609093509,0.0018903863843999366,0.0189553329833188,0.0004078825864085681,0.9544528682701421,-0.0009270903543504572,-4.098794195250832e-05,0.000852744604485678
numerical_feature_transformer,42,NF-BoT-IoT,dc_ssd_no_class_balance,NF-ToN-IoT,retained,0.6513866605546642,0.22579454221477124,0.31433729085944884,0.05758386627137803,0.5314646475549119,-0.26176844069342975,-0.11083087455969787,0.29813833404768325
numerical_feature_transformer,42,NF-BoT-IoT,dc_ssd_no_class_balance,NF-BoT-IoT,forgotten,0.0335316822129302,0.8987103344734639,0.9140865056715637,0.5395013257683623,0.5912432706940824,0.9520194916909385,0.9265224315957122,-3.4747637582482183
numerical_feature_transformer,42,NF-BoT-IoT,dc_ssd_no_class_balance,NF-CSE-CIC-IDS2018,retained,0.9832984494468412,0.043457121679324064,0.09059709413059043,0.008758148444000479,0.748210675173747,0.04072147416625671,0.007557331255521382,-0.02907295519300504
numerical_feature_transformer,42,NF-BoT-IoT,dc_ssd,NF-UNSW-NB15,retained,0.9791726241540368,0.11929714055953905,0.17155766089157118,0.04558969073549552,0.6827492579393846,-0.1276835444112535,-0.01358899878490405,0.1681825026567634
numerical_feature_transformer,42,NF-BoT-IoT,dc_ssd,NF-ToN-IoT,retained,0.7502865001146001,0.3409981999761421,0.4618485467752895,0.1552817242679354,0.48622943451009926,-0.05331920838846882,-0.38544794080685896,0.6574574019420767
numerical_feature_transformer,42,NF-BoT-IoT,dc_ssd,NF-BoT-IoT,forgotten,0.022676101640398842,0.9173730028269236,0.9261015319216457,0.5525116616218579,0.8774503245666776,0.9572065931764268,0.5212315008679157,-3.5043839051197936
numerical_feature_transformer,42,NF-BoT-IoT,dc_ssd,NF-CSE-CIC-IDS2018,retained,0.13502199820597155,0.7911768331704293,0.8414160122269814,0.4625803285244536,0.32449657996699854,-0.6057752902569147,-0.6076879929908734,3.4078448674883615
numerical_feature_transformer,42,NF-BoT-IoT,scrub_r,NF-UNSW-NB15,retained,0.9989514822228577,0.004873736358294403,0.030157062250791313,0.0013233570428316703,0.8702267624913967,-0.0043953469475795925,-4.163139473034594e-05,0.00298769745524948
numerical_feature_transformer,42,NF-BoT-IoT,scrub_r,NF-ToN-IoT,retained,0.831308732523493,0.16998054932284173,0.22485892161866597,0.0325581518977833,0.6058527574516989,-0.0809812055402398,-0.06391050623288674,0.13495524998637548
numerical_feature_transformer,42,NF-BoT-IoT,scrub_r,NF-BoT-IoT,forgotten,0.9799774847217755,0.10686527423047015,0.13536091724239369,0.025234705549220755,0.3391742769681924,-0.021291247341520998,0.061446421860739814,-1.538613093395022
numerical_feature_transformer,42,NF-BoT-IoT,scrub_r,NF-CSE-CIC-IDS2018,retained,0.951603946862586,0.07292388635956122,0.14119553046180874,0.017237785217419078,0.5927488460745314,-0.07823209375215612,-0.013159608608171114,0.05836590291827126
numerical_feature_transformer,42,NF-BoT-IoT,scrub_r@lr=0.001,NF-UNSW-NB15,retained,0.9890858831379278,0.014515336020105813,0.08686642206789552,0.005936804679524632,0.6804677251282298,-0.0763244327745688,-0.002125453215964357,0.030466599670205798
numerical_feature_transformer,42,NF-BoT-IoT,scrub_r@lr=0.001,NF-ToN-IoT,retained,0.8132019252807701,0.20119689471712218,0.2663849346614969,0.04625578125703582,0.38218825207958473,-0.06312760608610923,-0.08297869886871212,0.14953152024377342
numerical_feature_transformer,42,NF-BoT-IoT,scrub_r@lr=0.001,NF-BoT-IoT,forgotten,0.9790527500804117,0.057904132731327274,0.11462983489346887,0.014729482333211093,0.5170786256918041,-0.024844811477425958,0.03695911848392121,0.016946989799033307
numerical_feature_transformer,42,NF-BoT-IoT,scrub_r@lr=0.001,NF-CSE-CIC-IDS2018,retained,0.9263594036991158,0.11010860741017194,0.2002363207764496,0.03222449655849859,0.49840406078168825,-0.27494620827030236,-0.12169765249473063,0.15212049444437095
numerical_feature_transformer,42,NF-CSE-CIC-IDS2018,original,NF-UNSW-NB15,retained,0.9994280812124678,0.0018501572448897706,0.020988592488731483,0.0004893331966746493,0.9745636684094517,-0.0012402720897942698,-8.049594251546832e-05,0.0017847791287098663
numerical_feature_transformer,42,NF-CSE-CIC-IDS2018,original,NF-ToN-IoT,retained,0.6492092596837039,0.20842185954402104,0.2680238117465318,0.04138788392329097,0.5721916221540568,-0.2752216648451802,-0.1570127303812029,0.31897058634806
numerical_feature_transformer,42,NF-CSE-CIC-IDS2018,original,NF-BoT-IoT,retained,0.9938082984882599,0.008981646031450083,0.047090729666123834,0.0022659341165295497,0.5318345849422818,-0.0021104853478245422,0.0030891537374062583,0.0071172911140552735
numerical_feature_transformer,42,NF-CSE-CIC-IDS2018,original,NF-CSE-CIC-IDS2018,forgotten,0.5771218657895861,0.34428289372527815,0.499086019223775,0.16371922634186406,0.39714429907648624,0.5497111892924755,0.20921557936722612,-0.8795658754040502
numerical_feature_transformer,42,NF-CSE-CIC-IDS2018,rollback_repair,NF-UNSW-NB15,retained,0.07625583833762273,0.7621178093257438,0.7803557084895582,0.4026030234279207,0.015374717725905932,-0.8548440125040724,-0.36003142237295616,1.5499781130734782
numerical_feature_transformer,42,NF-CSE-CIC-IDS2018,rollback_repair,NF-ToN-IoT,retained,0.7502865001146001,0.22940917496972785,0.3350334916926862,0.06604327544375678,0.2433728773944403,-0.07328610094116894,-0.036442847314766436,0.1548036104711445
numerical_feature_transformer,42,NF-CSE-CIC-IDS2018,rollback_repair,NF-BoT-IoT,retained,0.9936474750723705,0.2041751652644291,0.20752930230785993,0.07192721493565452,0.5142367625973295,0.002585558592553938,-0.7857662935523702,0.21545239965498902
numerical_feature_transformer,42,NF-CSE-CIC-IDS2018,rollback_repair,NF-CSE-CIC-IDS2018,forgotten,0.49318696339327667,0.4261738293049645,0.5347673441035515,0.18893794732059005,0.4701940728222689,-0.0428127636459725,0.14676907878476642,0.36403194818740103
numerical_feature_transformer,42,NF-CSE-CIC-IDS2018,ssd_canonical,NF-UNSW-NB15,retained,0.9994280812124678,0.0018501572448897706,0.020988592488731483,0.0004893331966746493,0.9745636684094517,-0.0012402720897942698,-8.049594251546832e-05,0.0017847791287098663
numerical_feature_transformer,42,NF-CSE-CIC-IDS2018,ssd_canonical,NF-ToN-IoT,retained,0.6492092596837039,0.20842185954402104,0.2680238117465318,0.04138788392329097,0.5721916221540568,-0.2752216648451802,-0.1570127303812029,0.31897058634806
numerical_feature_transformer,42,NF-CSE-CIC-IDS2018,ssd_canonical,NF-BoT-IoT,retained,0.9938082984882599,0.008981646031450083,0.047090729666123834,0.0022659341165295497,0.5318345849422818,-0.0021104853478245422,0.0030891537374062583,0.0071172911140552735
numerical_feature_transformer,42,NF-CSE-CIC-IDS2018,ssd_canonical,NF-CSE-CIC-IDS2018,forgotten,0.5771218657895861,0.34428289372527815,0.499086019223775,0.16371922634186406,0.39714429907648624,0.5497111892924755,0.20921557936722612,-0.8795658754040502
numerical_feature_transformer,42,NF-CSE-CIC-IDS2018,ssd_canonical@alpha=1,NF-UNSW-NB15,retained,0.9565341721475551,0.15084993812720696,0.1897635508396847,0.05673259377150685,0.6139287161838383,-0.39032152432410305,-0.002238926113347084,0.1773595016611455
numerical_feature_transformer,42,NF-CSE-CIC-IDS2018,ssd_canonical@alpha=1,NF-ToN-IoT,retained,0.21900068760027505,0.49597994791385974,0.5377084484342557,0.1675253392679881,0.3679398341471349,-0.8485289025895867,-0.562113769871217,1.178554128006011
numerical_feature_transformer,42,NF-CSE-CIC-IDS2018,ssd_canonical@alpha=1,NF-BoT-IoT,retained,0.9865310389192666,0.02575849702163631,0.07835102985291319,0.007713970807777799,0.5152328718045603,-0.005968081042515783,-0.07142633453230962,0.03162256682954066
numerical_feature_transformer,42,NF-CSE-CIC-IDS2018,ssd_canonical@alpha=1,NF-CSE-CIC-IDS2018,forgotten,0.544829353722609,0.4187817734342951,0.49560843530677207,0.16691332371881912,0.5784350656657813,0.022754997123517362,0.1155741477340908,-0.6830192482533857
numerical_feature_transformer,42,NF-CSE-CIC-IDS2018,ssd_canonical@alpha=2,NF-UNSW-NB15,retained,0.9889429034410447,0.09421452609374781,0.12294040221826213,0.03383292903256948,0.8128308938808997,-0.07602041713451746,-0.014666380029902615,0.10513694264910595
numerical_feature_transformer,42,NF-CSE-CIC-IDS2018,ssd_canonical@alpha=2,NF-ToN-IoT,retained,0.33738253495301396,0.4256664443981423,0.4925319422687042,0.14365083286837182,0.3452230712492014,-0.7386825211283927,-0.43034397695923843,1.2170485992359998
numerical_feature_transformer,42,NF-CSE-CIC-IDS2018,ssd_canonical@alpha=2,NF-BoT-IoT,retained,0.9889433901576069,0.01228934099332278,0.06700070869301468,0.0038026976347561316,0.5739754779084764,-0.004460393076140545,0.0014651670514129744,0.013902895998442959
numerical_feature_transformer,42,NF-CSE-CIC-IDS2018,ssd_canonical@alpha=2,NF-CSE-CIC-IDS2018,forgotten,0.5921575327837342,0.32512670781001984,0.45339861268300663,0.13035174797350288,0.5453609546555652,0.4309400584009557,0.16423411420302725,-0.7962341619632844
numerical_feature_transformer,42,NF-CSE-CIC-IDS2018,ssd_canonical@alpha=3,NF-UNSW-NB15,retained,0.9994280812124678,0.0017283618421553308,0.021063683400373276,0.0004620414835478009,0.9754202822535829,-0.0012402720897942698,-8.316627154381084e-05,0.0016829588919210852
numerical_feature_transformer,42,NF-CSE-CIC-IDS2018,ssd_canonical@alpha=3,NF-ToN-IoT,retained,0.6415310566124226,0.2113852522562866,0.27045467680987617,0.0421291080333005,0.5714444174677851,-0.28477354211507566,-0.15703165066418123,0.3264051985885508
numerical_feature_transformer,42,NF-CSE-CIC-IDS2018,ssd_canonical@alpha=3,NF-BoT-IoT,retained,0.9938082984882599,0.008945509601195653,0.04706192910411427,0.0022557846951571474,0.5321063993709382,-0.0021104853478245422,0.0030567187416117303,0.00691735560573652
numerical_feature_transformer,42,NF-CSE-CIC-IDS2018,ssd_canonical@alpha=3,NF-CSE-CIC-IDS2018,forgotten,0.5773354406048439,0.34327275079751335,0.4973856384430705,0.16211762755944442,0.4132964179670595,0.5505574932315251,0.21037434118762377,-0.8785222434154027
numerical_feature_transformer,42,NF-CSE-CIC-IDS2018,ssd_canonical@alpha=5,NF-UNSW-NB15,retained,0.9994280812124678,0.0018501572448897706,0.020988592488731483,0.0004893331966746493,0.9745636684094517,-0.0012402720897942698,-8.049594251546832e-05,0.0017847791287098663
numerical_feature_transformer,42,NF-CSE-CIC-IDS2018,ssd_canonical@alpha=5,NF-ToN-IoT,retained,0.6492092596837039,0.20842185954402104,0.2680238117465318,0.04138788392329097,0.5721916221540568,-0.2752216648451802,-0.1570127303812029,0.31897058634806
numerical_feature_transformer,42,NF-CSE-CIC-IDS2018,ssd_canonical@alpha=5,NF-BoT-IoT,retained,0.9938082984882599,0.008981646031450083,0.047090729666123834,0.0022659341165295497,0.5318345849422818,-0.0021104853478245422,0.0030891537374062583,0.0071172911140552735
numerical_feature_transformer,42,NF-CSE-CIC-IDS2018,ssd_canonical@alpha=5,NF-CSE-CIC-IDS2018,forgotten,0.5771218657895861,0.34428289372527815,0.499086019223775,0.16371922634186406,0.39714429907648624,0.5497111892924755,0.20921557936722612,-0.8795658754040502
numerical_feature_transformer,42,NF-CSE-CIC-IDS2018,dc_ssd_no_contrast,NF-UNSW-NB15,retained,0.9979029644457154,0.028936437975068098,0.045470526101417115,0.009371356165737397,0.9194454202183918,-0.010715379360704769,-7.81795125152085e-05,0.029795566943320535
numerical_feature_transformer,42,NF-CSE-CIC-IDS2018,dc_ssd_no_contrast,NF-ToN-IoT,retained,0.4360531744212698,0.3065145092639812,0.3565925455071784,0.07156399805189134,0.44673125545809855,-0.5014190740506748,-0.32123450288993505,0.548534923935279
numerical_feature_transformer,42,NF-CSE-CIC-IDS2018,dc_ssd_no_contrast,NF-BoT-IoT,retained,0.9957783853329045,0.022037816476796063,0.054903868870113455,0.00638390468412201,0.5027667019632073,-0.001480122778443227,5.368551028095414e-05,0.019198186193312344
numerical_feature_transformer,42,NF-CSE-CIC-IDS2018,dc_ssd_no_contrast,NF-CSE-CIC-IDS2018,forgotten,0.6072786297039853,0.3139893017246253,0.44517225228342794,0.12555622666647503,0.5045857386117242,0.39814854026310315,0.16574278198835846,-0.7995306636499423
numerical_feature_transformer,42,NF-CSE-CIC-IDS2018,dc_ssd_no_class_balance,NF-UNSW-NB15,retained,0.9969021065675341,0.02804478977171884,0.047802459479345034,0.009124367993738353,0.919118483269445,-0.018762821449401335,-0.0003588857868745965,0.02883785209169759
numerical_feature_transformer,42,NF-CSE-CIC-IDS2018,dc_ssd_no_class_balance,NF-ToN-IoT,retained,0.43891817556727025,0.3231924296219266,0.3974139693671678,0.09039218856213406,0.36230185207099047,-0.5603817015608665,-0.3312820017769874,0.7577522982637943
numerical_feature_transformer,42,NF-CSE-CIC-IDS2018,dc_ssd_no_class_balance,NF-BoT-IoT,retained,0.9940495336120939,0.011842151502093529,0.0511502191753749,0.0030229324136140084,0.5751209153331033,-0.0023147819715030327,0.0012795046616919103,0.011510071639180833
numerical_feature_transformer,42,NF-CSE-CIC-IDS2018,dc_ssd_no_class_balance,NF-CSE-CIC-IDS2018,forgotten,0.5871171671436505,0.3246583967365366,0.4595661545588143,0.13337987413496527,0.5019243664380336,0.4490017503702706,0.1793145590414924,-0.8278442857214543
numerical_feature_transformer,42,NF-CSE-CIC-IDS2018,dc_ssd,NF-UNSW-NB15,retained,0.9956629491945477,0.07123509038506545,0.08277330923559567,0.024511822620332198,0.8945226780146985,-0.025924544526810367,-0.001560952093911272,0.07461047052379194
numerical_feature_transformer,42,NF-CSE-CIC-IDS2018,dc_ssd,NF-ToN-IoT,retained,0.5789594315837726,0.2206941755158991,0.27057329530946606,0.043173247441668665,0.4963586810991284,-0.28691993599429366,-0.27742451860136563,0.2897957911520232
numerical_feature_transformer,42,NF-CSE-CIC-IDS2018,dc_ssd,NF-BoT-IoT,retained,0.996662914120296,0.02241542002953471,0.05077672203426215,0.00643008109195373,0.5796799322428248,-0.0009120076853686987,-0.009324502066891949,0.017641505840087675
numerical_feature_transformer,42,NF-CSE-CIC-IDS2018,dc_ssd,NF-CSE-CIC-IDS2018,forgotten,0.5905343641877749,0.33780846634318434,0.46555455548039265,0.13814490701436005,0.42935881291473205,0.44532635498525636,0.1874020950508749,-0.8337897710420838
numerical_feature_transformer,42,NF-CSE-CIC-IDS2018,scrub_r,NF-UNSW-NB15,retained,0.9995234010103898,0.00432390794414714,0.017905838584548604,0.0010696575837197326,0.8978128256927536,-0.0006125665879691544,-2.313212736559933e-05,0.0027363755347333085
numerical_feature_transformer,42,NF-CSE-CIC-IDS2018,scrub_r,NF-ToN-IoT,retained,0.8487279394911758,0.178565292950519,0.2549241999003524,0.040675326779670964,0.3611756514129652,-0.029231791811237806,-0.10261363684229308,0.029204268762477503
numerical_feature_transformer,42,NF-CSE-CIC-IDS2018,scrub_r,NF-BoT-IoT,retained,0.9938485043422323,0.013437774536518564,0.038887613482159696,0.003192850730305776,0.3858883827720305,-0.00026228916090298426,0.0009819974588859415,0.0016811087279972187
numerical_feature_transformer,42,NF-CSE-CIC-IDS2018,scrub_r,NF-CSE-CIC-IDS2018,forgotten,0.924992524881466,0.161403875185136,0.22580421370886034,0.04949754402074074,0.7252647170020754,0.02308821919025167,0.012032305091896456,-0.1857067732505675
numerical_feature_transformer,42,NF-CSE-CIC-IDS2018,scrub_r@lr=0.001,NF-UNSW-NB15,retained,0.9994757411114289,0.0028864497952288005,0.01689758018943881,0.0007140738999433466,0.9150215519514447,-0.0003003632706395365,-4.060187028565032e-05,0.001738103808182284
numerical_feature_transformer,42,NF-CSE-CIC-IDS2018,scrub_r@lr=0.001,NF-ToN-IoT,retained,0.887577355030942,0.2142984748584379,0.26148933466929947,0.04971729702284465,0.6168518577663294,-0.019173912846441765,-0.061484290675483666,-0.009548561838791547
numerical_feature_transformer,42,NF-CSE-CIC-IDS2018,scrub_r@lr=0.001,NF-BoT-IoT,retained,0.9956577677709875,0.009530220854500403,0.04393418465782303,0.0024101855356204595,0.4808145190852444,0.0016987687203275925,0.0034504124836707284,-0.009005262898594232
numerical_feature_transformer,42,NF-CSE-CIC-IDS2018,scrub_r@lr=0.001,NF-CSE-CIC-IDS2018,forgotten,0.6947161590705224,0.3016289418180341,0.40050252377047274,0.12055316096921029,0.4465493649477435,-0.08664291406035232,-0.13310435537513854,0.6759851523701281
mlp,1337,NF-UNSW-NB15,original,NF-UNSW-NB15,forgotten,0.28943856639023924,0.6298017565506042,0.709395000451509,0.3463610936167336,0.28758942153183803,0.9356527264818559,0.7303415041969851,-1.580589549022742
mlp,1337,NF-UNSW-NB15,original,NF-ToN-IoT,retained,0.9616089846435939,0.08222352676072611,0.11438415131674502,0.013249861264812408,0.8283149223918721,0.00864174380361038,0.08668690170215576,-0.45709085197636024
mlp,1337,NF-UNSW-NB15,original,NF-BoT-IoT,retained,0.9974670311997427,0.0034877465206592582,0.027202767739071616,0.0005372858766943194,0.8980409820254348,0.0002241528187449937,-0.0018342549345931047,-8.335189133961904e-05
mlp,1337,NF-UNSW-NB15,original,NF-CSE-CIC-IDS2018,retained,0.9852206227841613,0.022995072469214707,0.057152244986251925,0.0023098934035967397,0.917413592889661,-0.015003347707405745,-0.030604576575737674,0.09753982122168248
mlp,1337,NF-UNSW-NB15,rollback_repair,NF-UNSW-NB15,forgotten,0.5125345534267467,0.31844542019981065,0.34950991356800276,0.08509957025958026,0.33719027990780903,-0.03474638667686429,-0.19026369402636456,-0.8947392219911188
mlp,1337,NF-UNSW-NB15,rollback_repair,NF-ToN-IoT,retained,0.7547559019023607,0.3423932984821386,0.3700938327835002,0.09721802777374625,0.5229780194782011,0.00453413101115685,-0.25509951689059923,-0.6913778869640488
mlp,1337,NF-UNSW-NB15,rollback_repair,NF-BoT-IoT,retained,0.9849228047603731,0.43157393040260866,0.4334154555453979,0.17729987931591293,0.4513381482940113,0.0052595717078784965,-0.3512363325638409,0.5489568928524832
mlp,1337,NF-UNSW-NB15,rollback_repair,NF-CSE-CIC-IDS2018,retained,0.22087907393960104,0.46588580295671694,0.47700553016243413,0.1720139334097644,0.45940267254494815,-0.41172694678156446,-0.35192375499550954,0.34635161800288805
mlp,1337,NF-UNSW-NB15,ssd_canonical,NF-UNSW-NB15,forgotten,0.28943856639023924,0.6298017565506042,0.709395000451509,0.3463610936167336,0.28758942153183803,0.9356527264818559,0.7303415041969851,-1.580589549022742
mlp,1337,NF-UNSW-NB15,ssd_canonical,NF-ToN-IoT,retained,0.9616089846435939,0.08222352676072611,0.11438415131674502,0.013249861264812408,0.8283149223918721,0.00864174380361038,0.08668690170215576,-0.45709085197636024
mlp,1337,NF-UNSW-NB15,ssd_canonical,NF-BoT-IoT,retained,0.9974670311997427,0.0034877465206592582,0.027202767739071616,0.0005372858766943194,0.8980409820254348,0.0002241528187449937,-0.0018342549345931047,-8.335189133961904e-05
mlp,1337,NF-UNSW-NB15,ssd_canonical,NF-CSE-CIC-IDS2018,retained,0.9852206227841613,0.022995072469214707,0.057152244986251925,0.0023098934035967397,0.917413592889661,-0.015003347707405745,-0.030604576575737674,0.09753982122168248
mlp,1337,NF-UNSW-NB15,ssd_canonical@alpha=1,NF-UNSW-NB15,forgotten,0.29310837861023736,0.6252669470300928,0.7054642676717326,0.3421249479839816,0.2854031595843831,0.9082486542097664,0.7300986007733273,-1.5689812483486096
mlp,1337,NF-UNSW-NB15,ssd_canonical@alpha=1,NF-ToN-IoT,retained,0.9653907861563145,0.07201874225341999,0.10202121330487897,0.010182471184788638,0.8375658823185654,0.007375806982742761,0.06250802299408242,-0.38267574403851157
mlp,1337,NF-UNSW-NB15,ssd_canonical@alpha=1,NF-BoT-IoT,retained,0.9972257960759087,0.0035064668455483438,0.027718735376882027,0.000547080012287583,0.8928725127756715,0.0004281004108036557,-0.0014237844705712321,-0.0004844172562255347
mlp,1337,NF-UNSW-NB15,ssd_canonical@alpha=1,NF-CSE-CIC-IDS2018,retained,0.9858613472299347,0.021791447692115544,0.05518876898953684,0.002198507848407413,0.9102362595554951,-0.012822707174440229,-0.02156878773229598,0.08640517632328626
mlp,1337,NF-UNSW-NB15,ssd_canonical@alpha=2,NF-UNSW-NB15,forgotten,0.2923934801258221,0.6268842430862465,0.7070238862708664,0.34397398085559444,0.27221341303324786,0.9138481614612863,0.7301503987219483,-1.5710377026595002
mlp,1337,NF-UNSW-NB15,ssd_canonical@alpha=2,NF-ToN-IoT,retained,0.9635571854228742,0.07573118389482578,0.10638656949646934,0.011178991165213368,0.824612765933782,0.0076791956385717786,0.0688768733583287,-0.4063830869426138
mlp,1337,NF-UNSW-NB15,ssd_canonical@alpha=2,NF-BoT-IoT,retained,0.9970649726600193,0.003561686877661411,0.027842064007282313,0.0005598471402493449,0.8969410247134479,0.0003873175027991893,-0.002202224369642569,-8.203183363349187e-05
mlp,1337,NF-UNSW-NB15,ssd_canonical@alpha=2,NF-CSE-CIC-IDS2018,retained,0.9851779078211097,0.022894046848059655,0.057329994222087274,0.0023129268936575927,0.9158258744941761,-0.01523015311072895,-0.025526579229423252,0.09323427536469553
mlp,1337,NF-UNSW-NB15,ssd_canonical@alpha=3,NF-UNSW-NB15,forgotten,0.28943856639023924,0.6297888754300343,0.7093768481044617,0.34633932899283093,0.28546142213130477,0.9356527264818559,0.7303385443142066,-1.5805952495370368
mlp,1337,NF-UNSW-NB15,ssd_canonical@alpha=3,NF-ToN-IoT,retained,0.9616089846435939,0.08204501024306762,0.1141652713269958,0.013181056383476527,0.8267245171759268,0.00864174380361038,0.08610068366440038,-0.4567987691797738
mlp,1337,NF-UNSW-NB15,ssd_canonical@alpha=3,NF-BoT-IoT,retained,0.9974268253457703,0.003531919683573739,0.027506513190061616,0.0005478342768436567,0.8979948657865662,0.00024455129683231824,-0.001983008535995978,-0.00016096580532076396
mlp,1337,NF-UNSW-NB15,ssd_canonical@alpha=3,NF-CSE-CIC-IDS2018,retained,0.9852206227841613,0.022995911985736677,0.057156396017792786,0.002310160499312922,0.9172374020753126,-0.015003347707405745,-0.03037041371158622,0.09793054683812175
mlp,1337,NF-UNSW-NB15,ssd_canonical@alpha=5,NF-UNSW-NB15,forgotten,0.28943856639023924,0.6298017565506042,0.709395000451509,0.3463610936167336,0.28758942153183803,0.9356527264818559,0.7303415041969851,-1.580589549022742
mlp,1337,NF-UNSW-NB15,ssd_canonical@alpha=5,NF-ToN-IoT,retained,0.9616089846435939,0.08222352676072611,0.11438415131674502,0.013249861264812408,0.8283149223918721,0.00864174380361038,0.08668690170215576,-0.45709085197636024
mlp,1337,NF-UNSW-NB15,ssd_canonical@alpha=5,NF-BoT-IoT,retained,0.9974670311997427,0.0034877465206592582,0.027202767739071616,0.0005372858766943194,0.8980409820254348,0.0002241528187449937,-0.0018342549345931047,-8.335189133961904e-05
mlp,1337,NF-UNSW-NB15,ssd_canonical@alpha=5,NF-CSE-CIC-IDS2018,retained,0.9852206227841613,0.022995072469214707,0.057152244986251925,0.0023098934035967397,0.917413592889661,-0.015003347707405745,-0.030604576575737674,0.09753982122168248
mlp,1337,NF-UNSW-NB15,dc_ssd_no_contrast,NF-UNSW-NB15,forgotten,0.29120198265179675,0.6245584926325288,0.7045640124574241,0.3392220134807207,0.3281117543089262,0.922755172624261,0.7298728775388393,-1.5724323996064726
mlp,1337,NF-UNSW-NB15,dc_ssd_no_contrast,NF-ToN-IoT,retained,0.955878982351593,0.10624329972105662,0.14055402787530372,0.01864007097722037,0.8415909295120642,0.017864584983093956,0.059340394742011915,-0.47757041199721584
mlp,1337,NF-UNSW-NB15,dc_ssd_no_contrast,NF-BoT-IoT,retained,0.9969845609520747,0.003896014171092049,0.03063013984904855,0.0006647408227364997,0.8687025875702746,0.0008362496241817174,-0.0025836151822621334,-0.003563247456082802
mlp,1337,NF-UNSW-NB15,dc_ssd_no_contrast,NF-CSE-CIC-IDS2018,retained,0.9865447866387596,0.0215036915508703,0.05451218182801177,0.002216330566711696,0.8920106631255595,-0.0024795770903999204,0.014983678974683112,0.025283110832058142
mlp,1337,NF-UNSW-NB15,dc_ssd_no_class_balance,NF-UNSW-NB15,forgotten,0.2955390334572491,0.6238293792874641,0.7046886766162641,0.3415658010872055,0.2862248583595296,0.8910782901767853,0.729669739496856,-1.5584176201570032
mlp,1337,NF-UNSW-NB15,dc_ssd_no_class_balance,NF-ToN-IoT,retained,0.9633279853311941,0.07192730258121374,0.10119040725933125,0.010005873560738975,0.8303795056723463,0.00930958783524427,0.05710911334098845,-0.3758526615248632
mlp,1337,NF-UNSW-NB15,dc_ssd_no_class_balance,NF-BoT-IoT,retained,0.997145384367964,0.0035571909927301615,0.027946942350165073,0.000557377415635715,0.9011100698870433,0.0004281004108036557,-0.0017805694243122616,-0.0004292756886088711
mlp,1337,NF-UNSW-NB15,dc_ssd_no_class_balance,NF-CSE-CIC-IDS2018,retained,0.9852633377472129,0.023039924634697603,0.05620760595653462,0.0022936111128792503,0.910508998967578,-0.015550460605924354,-0.018254199758787615,0.08470152037916534
mlp,1337,NF-UNSW-NB15,dc_ssd,NF-UNSW-NB15,forgotten,0.29615861214374223,0.6189807654523204,0.7001079991768966,0.3346974257284007,0.35082489177824583,0.8866099607254395,0.729371692170132,-1.5583949408575557
mlp,1337,NF-UNSW-NB15,dc_ssd,NF-ToN-IoT,retained,0.9616089846435939,0.07086252505542301,0.10500975894846118,0.008827141118211652,0.8519746372750543,0.010304375024487,-0.012675174026898328,-0.17928937726991734
mlp,1337,NF-UNSW-NB15,dc_ssd,NF-BoT-IoT,retained,0.9977082663235767,0.005033906504851745,0.03102729317661464,0.0009096080743445395,0.8503067064350145,0.00046941172920644814,-0.0037646964084393497,0.0012021363791373044
mlp,1337,NF-UNSW-NB15,dc_ssd,NF-CSE-CIC-IDS2018,retained,0.9856904873777285,0.024267079180653864,0.059616959838867084,0.0027224885031658427,0.876748609686151,0.0010421615257214523,0.11723865592801652,-0.04364710832268487
mlp,1337,NF-UNSW-NB15,scrub_r,NF-UNSW-NB15,forgotten,0.6235344581069489,0.40669722036628514,0.519761101647281,0.20168930449089473,0.1993625291624736,0.04053968100762484,0.018378732573046674,20.503955070762323
mlp,1337,NF-UNSW-NB15,scrub_r,NF-ToN-IoT,retained,0.9202383680953472,0.09412721103316264,0.1523491179732739,0.01704940548198577,0.037007718126006034,-0.032057649286741596,-0.045963892780551685,-0.18091720443367731
mlp,1337,NF-UNSW-NB15,scrub_r,NF-BoT-IoT,retained,0.9963814731424896,0.009877570620251267,0.04117853505108285,0.0025548288096290234,0.6358801640063856,-0.0004080069136603859,-0.10736095452837269,0.00932168369181199
mlp,1337,NF-UNSW-NB15,scrub_r,NF-CSE-CIC-IDS2018,retained,0.9818461407030883,0.05421384879183942,0.0935420952220607,0.007947834267939137,0.8585086765899903,0.018137996749061136,0.03031945937911895,-0.02833518725006373
mlp,1337,NF-UNSW-NB15,scrub_r@lr=0.001,NF-UNSW-NB15,forgotten,0.694595367457821,0.36811991795174004,0.49400398812931623,0.18530480175622624,0.22963680584764848,0.06994324215975471,0.014926978404952662,19.352551773337964
mlp,1337,NF-UNSW-NB15,scrub_r@lr=0.001,NF-ToN-IoT,retained,0.9076323630529453,0.08746753638465295,0.16475044858445387,0.018986287193323778,0.0535111823197731,-0.03590771174595919,-0.11229578092190518,-0.03040269787416472
mlp,1337,NF-UNSW-NB15,scrub_r@lr=0.001,NF-BoT-IoT,retained,0.9967835316822129,0.004428155788276121,0.03330689397627292,0.0009380292169896517,0.435094429541634,-0.00032602375654811055,-0.0022782788425402822,0.0005288201759095744
mlp,1337,NF-UNSW-NB15,scrub_r@lr=0.001,NF-CSE-CIC-IDS2018,retained,0.973004143351416,0.049505584855867306,0.09747361998125703,0.00899772694023099,0.7727733841207691,0.048468084885967544,0.13888884127035972,-0.13702392423264814
mlp,1337,NF-ToN-IoT,original,NF-UNSW-NB15,retained,0.9992851015155848,0.0009117298671598867,0.015490489159471517,0.00022531624898108484,0.9665901728965482,0.00033189143427769796,-2.358254431011897e-05,0.0003984955064946973
mlp,1337,NF-ToN-IoT,original,NF-ToN-IoT,forgotten,0.4981663992665597,0.42708845135144974,0.5432513320975922,0.18726310589936657,0.7316070322725012,0.6319600085053341,0.26072288048464654,-1.8579753732282067
mlp,1337,NF-ToN-IoT,original,NF-BoT-IoT,retained,0.9873351559987135,0.00963131617837207,0.07372747914283226,0.0034343336189151977,0.7369613909467134,-0.00010307075043924918,0.0012985182799162276,-0.02106845630968672
mlp,1337,NF-ToN-IoT,original,NF-CSE-CIC-IDS2018,retained,0.9340053820853444,0.09253672782025221,0.2097407235436622,0.03444914354511737,0.6950545309978022,-0.0253249114825026,-0.018483137115920645,0.05071316921934288
mlp,1337,NF-ToN-IoT,rollback_repair,NF-UNSW-NB15,retained,0.9239824611571823,0.08673694271348126,0.27115652611768826,0.05322561830207656,0.26863350104709216,-0.9928102532041263,-0.09703412667629108,0.33457549062097397
mlp,1337,NF-ToN-IoT,rollback_repair,NF-ToN-IoT,forgotten,0.9531285812514325,0.08116527468964076,0.19325814406286834,0.03059680100112833,0.2852465008315947,-0.052128583840139006,0.11686399347926946,0.422619288561108
mlp,1337,NF-ToN-IoT,rollback_repair,NF-BoT-IoT,retained,0.013629784496622709,0.9696019992754632,0.9752319523335223,0.6397229339492597,0.3224523480114897,-0.9932953877939598,-0.0008723895420625905,4.0961876267657225
mlp,1337,NF-ToN-IoT,rollback_repair,NF-CSE-CIC-IDS2018,retained,0.9378070137969331,0.06875110195218848,0.23814725513965015,0.03945115143164852,0.45627163463976134,-0.609151973131822,0.1099574870793888,0.14386322070162438
mlp,1337,NF-ToN-IoT,ssd_canonical,NF-UNSW-NB15,retained,0.9992851015155848,0.0009117298671598867,0.015490489159471517,0.00022531624898108484,0.9665901728965482,0.00033189143427769796,-2.358254431011897e-05,0.0003984955064946973
mlp,1337,NF-ToN-IoT,ssd_canonical,NF-ToN-IoT,forgotten,0.4981663992665597,0.42708845135144974,0.5432513320975922,0.18726310589936657,0.7316070322725012,0.6319600085053341,0.26072288048464654,-1.8579753732282067
mlp,1337,NF-ToN-IoT,ssd_canonical,NF-BoT-IoT,retained,0.9873351559987135,0.00963131617837207,0.07372747914283226,0.0034343336189151977,0.7369613909467134,-0.00010307075043924918,0.0012985182799162276,-0.02106845630968672
mlp,1337,NF-ToN-IoT,ssd_canonical,NF-CSE-CIC-IDS2018,retained,0.9340053820853444,0.09253672782025221,0.2097407235436622,0.03444914354511737,0.6950545309978022,-0.0253249114825026,-0.018483137115920645,0.05071316921934288
mlp,1337,NF-ToN-IoT,ssd_canonical@alpha=1,NF-UNSW-NB15,retained,0.919407110856925,0.46353065564026064,0.4645369360130586,0.19568165325001421,0.20228282177365253,-0.8325728644800907,-0.5692700079710931,0.6221269264349782
mlp,1337,NF-ToN-IoT,ssd_canonical@alpha=1,NF-ToN-IoT,forgotten,0.881388952555581,0.3912635233124566,0.4017280178811758,0.12834915504403646,0.4501058565625067,0.0662800473129291,0.184324020756241,-2.038135059335425
mlp,1337,NF-ToN-IoT,ssd_canonical@alpha=1,NF-BoT-IoT,retained,0.5772756513348344,0.4614498382623981,0.4720668165606584,0.1961962648726785,0.8476923370577225,-0.26922383272889805,-0.47654390579982464,0.6010356255035331
mlp,1337,NF-ToN-IoT,ssd_canonical@alpha=1,NF-CSE-CIC-IDS2018,retained,0.9163213873819999,0.4107417256926185,0.4152122873942271,0.15747799693935344,0.2810586836996718,-0.5064401900744666,-0.13725825000040603,0.11835988798268204
mlp,1337,NF-ToN-IoT,ssd_canonical@alpha=2,NF-UNSW-NB15,retained,0.9266514154989991,0.34576813319404914,0.3649617681202532,0.14184341478941526,0.2626957324189715,-0.9218967916656647,-0.6667909066738665,0.45328653462307056
mlp,1337,NF-ToN-IoT,ssd_canonical@alpha=2,NF-ToN-IoT,forgotten,0.9635571854228742,0.2623569587416042,0.2856039451961337,0.07696316579606555,0.2220044394727707,-0.04339890292502763,0.0621282708180253,-1.803347022216037
mlp,1337,NF-ToN-IoT,ssd_canonical@alpha=2,NF-BoT-IoT,retained,0.016202959150852365,0.8688867238525328,0.8760419602216275,0.499386204773464,0.6280720873601717,-0.988315468115245,-0.8866195576313953,2.161959934690326
mlp,1337,NF-ToN-IoT,ssd_canonical@alpha=2,NF-CSE-CIC-IDS2018,retained,0.9376361539447269,0.3128873798916563,0.3320488216461874,0.11469860946187907,0.19182219574913834,-0.609151973131822,-0.31749910722776487,0.044307784771114855
mlp,1337,NF-ToN-IoT,ssd_canonical@alpha=3,NF-UNSW-NB15,retained,0.7235249261271566,0.43382440402146394,0.4599499125360097,0.18732074942050525,0.10761513928808022,-0.8924695904602428,-0.6008400050807032,0.6113960327441702
mlp,1337,NF-ToN-IoT,ssd_canonical@alpha=3,NF-ToN-IoT,forgotten,0.11815264726105891,0.7291424725652618,0.7712137574849941,0.37176545404619865,0.32067570488179675,0.8199377160414684,0.21581296485460766,-2.1993317502595597
mlp,1337,NF-ToN-IoT,ssd_canonical@alpha=3,NF-BoT-IoT,retained,0.9271469926021229,0.20014094071887065,0.2914856269971163,0.08377706920501203,0.7555613875894597,-0.028099523515526692,-0.5361750863441956,0.22811249483603463
mlp,1337,NF-ToN-IoT,ssd_canonical@alpha=3,NF-CSE-CIC-IDS2018,retained,0.41770962368117553,0.5457426557182341,0.6240372276803293,0.26861119213441637,0.21532208522007912,-0.40557157797845445,-0.28306418889514645,0.7796737836750511
mlp,1337,NF-ToN-IoT,ssd_canonical@alpha=5,NF-UNSW-NB15,retained,0.2968735106281575,0.5616892214251787,0.6197500517387194,0.27686976673513164,0.4323005357721129,-0.8185517193485023,-0.07483167597056484,1.0197782200104109
mlp,1337,NF-ToN-IoT,ssd_canonical@alpha=5,NF-ToN-IoT,forgotten,0.9253953701581481,0.13686159563604627,0.2085528397684301,0.040694836795820345,0.3911732113350912,0.052177228295714334,-0.023645209339465956,-0.6158464022444687
mlp,1337,NF-ToN-IoT,ssd_canonical@alpha=5,NF-BoT-IoT,retained,0.9645786426503699,0.16267730125219038,0.2510841028508156,0.06573198958531534,0.8654225689091423,-0.015889840012249357,-0.07752523218983198,0.1993661308688382
mlp,1337,NF-ToN-IoT,ssd_canonical@alpha=5,NF-CSE-CIC-IDS2018,retained,0.9409679210627483,0.07075558932542633,0.16420823677403826,0.025221917789390685,0.5258711335287873,-0.24504457793634393,0.12193198828933038,-0.15587582320109022
mlp,1337,NF-ToN-IoT,dc_ssd_no_contrast,NF-UNSW-NB15,retained,0.9678295682013154,0.05865084336545699,0.14107702261422694,0.023380331068324448,0.5715570591897534,-0.1825510143734589,-0.007418576198578886,0.07472320932599008
mlp,1337,NF-ToN-IoT,dc_ssd_no_contrast,NF-ToN-IoT,forgotten,0.9418977767591107,0.18014677992823214,0.24638061589641855,0.0577248272211424,0.6906089025685612,-0.023147451764667308,0.0666201117221994,-0.8491244149297847
mlp,1337,NF-ToN-IoT,dc_ssd_no_contrast,NF-BoT-IoT,retained,0.6877211321968478,0.4155349168817796,0.4728009684101369,0.18706108113361197,0.7272181320427669,-0.18735393704166436,-0.1700924732914585,0.661172987821351
mlp,1337,NF-ToN-IoT,dc_ssd_no_contrast,NF-CSE-CIC-IDS2018,retained,0.8434069454529922,0.18295655395503638,0.3141606131587058,0.07919882750015919,0.35762694142945556,-0.5788813178611667,-0.2748240906369681,0.2083482783472318
mlp,1337,NF-ToN-IoT,dc_ssd_no_class_balance,NF-UNSW-NB15,retained,0.11133352397292917,0.4987541307053178,0.5041189436536467,0.21603001109807488,0.010500816731713065,-0.8678043876886647,-0.4737844469227386,0.7006314274842609
mlp,1337,NF-ToN-IoT,dc_ssd_no_class_balance,NF-ToN-IoT,forgotten,0.31343112537245016,0.40625745545127123,0.4338781919424296,0.13974268506385387,0.19122131160161848,0.7476779145876608,0.20055831407296865,-2.088166085001002
mlp,1337,NF-ToN-IoT,dc_ssd_no_class_balance,NF-BoT-IoT,retained,0.23978771309102606,0.8017807058902029,0.8279486021117337,0.4594761463882707,0.6051648497807756,-0.6021811104065695,-0.751009958662157,2.0449287006288706
mlp,1337,NF-ToN-IoT,dc_ssd_no_class_balance,NF-CSE-CIC-IDS2018,retained,0.5521763273674768,0.4156175545567141,0.4331477994896782,0.16323902870408702,0.18401888248520668,-0.24951556159184046,-0.018405995098639827,0.12330980541326741
mlp,1337,NF-ToN-IoT,dc_ssd,NF-UNSW-NB15,retained,0.5743971022781432,0.45708580409140237,0.5196033472413136,0.21246298324742013,0.15929520558885404,-0.761465042772936,-0.23367594083734833,0.7394408914740186
mlp,1337,NF-ToN-IoT,dc_ssd,NF-ToN-IoT,forgotten,0.8943387577355031,0.2806183761553956,0.32646072074564536,0.09106707993835537,0.6251509259878018,-0.016323678286149716,-0.014207509791764328,-1.705047750069963
mlp,1337,NF-ToN-IoT,dc_ssd,NF-BoT-IoT,retained,0.38368446445802507,0.5147556696684378,0.5437593352866129,0.2321456830660119,0.7366649357489382,-0.44911915156241533,-0.2794431470446126,0.7580665158428964
mlp,1337,NF-ToN-IoT,dc_ssd,NF-CSE-CIC-IDS2018,retained,0.8501131946520867,0.2524523910617819,0.32272346316890194,0.09710378528298817,0.3911041437813601,-0.5718872069682297,-0.07782629554529352,-0.008774725137061345
mlp,1337,NF-ToN-IoT,scrub_r,NF-UNSW-NB15,retained,0.9875131064722142,0.02755239003098623,0.10402583127459691,0.01130203421825724,0.6772625566336987,-0.08488445219232188,-0.0029388740451482542,0.03928497932900772
mlp,1337,NF-ToN-IoT,scrub_r,NF-ToN-IoT,forgotten,0.6517304606921843,0.2742719141583833,0.37968508060163686,0.09668509413818849,0.47491363507400275,0.44740035994715294,0.1479121778467931,-1.2977846416319418
mlp,1337,NF-ToN-IoT,scrub_r,NF-BoT-IoT,retained,0.9878980379543262,0.018301921066687918,0.07835256092412762,0.006311972854302434,0.6997580226071235,-0.0019384652164561311,-0.04093184624469848,0.012671760652168317
mlp,1337,NF-ToN-IoT,scrub_r,NF-CSE-CIC-IDS2018,retained,0.9855623424885738,0.02169528597661885,0.08616604886538275,0.007005580332778033,0.6695938926467406,-0.052552229432548225,0.06412148986528332,-0.0362488926883735
mlp,1337,NF-ToN-IoT,scrub_r@lr=0.001,NF-UNSW-NB15,retained,0.9977599847488323,0.00691109722351448,0.03793822118160138,0.0023177251778950417,0.7260920578083478,-0.011072217939642637,-0.00023090302935002693,0.007580656225658885
mlp,1337,NF-ToN-IoT,scrub_r@lr=0.001,NF-ToN-IoT,forgotten,0.9171441668576668,0.1285544558754638,0.21667069934452293,0.03730231028324397,0.5128075359664651,0.0533791379037451,0.11862330358774831,-0.9461330687796432
mlp,1337,NF-ToN-IoT,scrub_r@lr=0.001,NF-BoT-IoT,retained,0.9952155033772917,0.009695091781104516,0.04615664131346856,0.0026166980693880797,0.7403130337358718,-0.0016520467530283245,-0.12447544782663156,-0.003969642906476306
mlp,1337,NF-ToN-IoT,scrub_r@lr=0.001,NF-CSE-CIC-IDS2018,retained,0.9939771902097305,0.014070609324840814,0.046751720894081486,0.002843934220677185,0.7656659310499242,0.006073083910285382,-0.027769682627816206,0.00461887659901089
mlp,1337,NF-BoT-IoT,original,NF-UNSW-NB15,retained,0.9994280812124678,0.0007935581280173335,0.011694752633397868,0.00013200292150172783,0.9836258046364567,0.0018921446384040363,1.6794117503216022e-05,-0.00018058615959570812
mlp,1337,NF-BoT-IoT,original,NF-ToN-IoT,retained,0.9808617923447169,0.04639594026936611,0.06617468334433385,0.00397738635276107,0.9267035525663949,0.00538350252511377,0.05502329024687724,-0.18907927246190714
mlp,1337,NF-BoT-IoT,original,NF-BoT-IoT,forgotten,0.021268896751367,0.9461454251250995,0.9557472692385164,0.6107423673387932,0.6322311799533559,0.9789699527752133,0.939015497217301,-3.911453690419074
mlp,1337,NF-BoT-IoT,original,NF-CSE-CIC-IDS2018,retained,0.9683482123787963,0.03508988072822958,0.12698570784497568,0.00996980443640917,0.9314787725344871,0.1333212813024986,0.05818924618023713,-0.04473099593748264
mlp,1337,NF-BoT-IoT,rollback_repair,NF-UNSW-NB15,retained,0.9239348012582214,0.07654156706941392,0.2732360518562522,0.05136729774939023,0.27986850545312625,-0.99125,-0.0712062056387569,0.5260857280073318
mlp,1337,NF-BoT-IoT,rollback_repair,NF-ToN-IoT,retained,0.5197112078844831,0.4446176782961819,0.5815208239610539,0.2371286395404833,0.3521431093313135,-0.6787050898203593,0.032215752268034414,4.043739438647106
mlp,1337,NF-BoT-IoT,rollback_repair,NF-BoT-IoT,forgotten,0.992159858475394,0.04019555361832237,0.09143990536607656,0.014451201026509911,0.8551897528478166,-0.0142223642683073,0.1060646731447182,2.982317576160031
mlp,1337,NF-BoT-IoT,rollback_repair,NF-CSE-CIC-IDS2018,retained,0.9048310623211311,0.12726625202001804,0.2831804968596174,0.06532846979957457,0.5128427760208972,-0.4505057803468208,-0.22281340876830152,0.4138863066585331
mlp,1337,NF-BoT-IoT,ssd_canonical,NF-UNSW-NB15,retained,0.9994280812124678,0.0007935581280173335,0.011694752633397868,0.00013200292150172783,0.9836258046364567,0.0018921446384040363,1.6794117503216022e-05,-0.00018058615959570812
mlp,1337,NF-BoT-IoT,ssd_canonical,NF-ToN-IoT,retained,0.9808617923447169,0.04639594026936611,0.06617468334433385,0.00397738635276107,0.9267035525663949,0.00538350252511377,0.05502329024687724,-0.18907927246190714
mlp,1337,NF-BoT-IoT,ssd_canonical,NF-BoT-IoT,forgotten,0.021268896751367,0.9461454251250995,0.9557472692385164,0.6107423673387932,0.6322311799533559,0.9789699527752133,0.939015497217301,-3.911453690419074
mlp,1337,NF-BoT-IoT,ssd_canonical,NF-CSE-CIC-IDS2018,retained,0.9683482123787963,0.03508988072822958,0.12698570784497568,0.00996980443640917,0.9314787725344871,0.1333212813024986,0.05818924618023713,-0.04473099593748264
mlp,1337,NF-BoT-IoT,ssd_canonical@alpha=1,NF-UNSW-NB15,retained,0.9994280812124678,0.0008297210913116519,0.01239002345750046,0.0001428328247554511,0.982598837420291,0.0018921446384040363,1.4155961113870852e-05,-0.00029411134955899037
mlp,1337,NF-BoT-IoT,ssd_canonical@alpha=1,NF-ToN-IoT,retained,0.9797157918863167,0.05025332715885919,0.07124743081479698,0.004662044050877517,0.9215711998439426,0.005207752089701034,0.05976993350211057,-0.21257126713832175
mlp,1337,NF-BoT-IoT,ssd_canonical@alpha=1,NF-BoT-IoT,forgotten,0.020866838211643614,0.9468592766714797,0.9561397719684579,0.6113184365358852,0.63946273332794,0.9791739003672719,0.939921440203289,-3.913729067704178
mlp,1337,NF-BoT-IoT,ssd_canonical@alpha=1,NF-CSE-CIC-IDS2018,retained,0.966639613856734,0.03802407228691232,0.13616991111352889,0.011610291991821816,0.9281875423988982,0.14036717242786517,0.08554127170104198,-0.07478529613790003
mlp,1337,NF-BoT-IoT,ssd_canonical@alpha=2,NF-UNSW-NB15,retained,0.9994280812124678,0.0007936573800902967,0.011705738059386489,0.00013216446971948834,0.983551555899362,0.0018921446384040363,1.682629014210235e-05,-0.000181355997094494
mlp,1337,NF-BoT-IoT,ssd_canonical@alpha=2,NF-ToN-IoT,retained,0.980747192298877,0.04640157738832564,0.06610138951735364,0.003969694369436834,0.9265177013887838,0.0054469027653683,0.05588951466228709,-0.1890556459033912
mlp,1337,NF-BoT-IoT,ssd_canonical@alpha=2,NF-BoT-IoT,forgotten,0.021268896751367,0.9461474844582264,0.9557478034723859,0.6107427861320592,0.6314765630109664,0.9789699527752133,0.9390255632504788,-3.911467281032106
mlp,1337,NF-BoT-IoT,ssd_canonical@alpha=2,NF-CSE-CIC-IDS2018,retained,0.9683482123787963,0.03511794221172795,0.1271581426124921,0.00999747200735373,0.9314522776035514,0.1333212813024986,0.05823058407604709,-0.04480714457620316
mlp,1337,NF-BoT-IoT,ssd_canonical@alpha=3,NF-UNSW-NB15,retained,0.9994280812124678,0.0007935581280173335,0.011694752633397868,0.00013200292150172783,0.9836258046364567,0.0018921446384040363,1.6794117503216022e-05,-0.00018058615959570812
mlp,1337,NF-BoT-IoT,ssd_canonical@alpha=3,NF-ToN-IoT,retained,0.9808617923447169,0.04639594026936611,0.06617468334433385,0.00397738635276107,0.9267035525663949,0.00538350252511377,0.05502329024687724,-0.18907927246190714
mlp,1337,NF-BoT-IoT,ssd_canonical@alpha=3,NF-BoT-IoT,forgotten,0.021268896751367,0.9461454251250995,0.9557472692385164,0.6107423673387932,0.6322311799533559,0.9789699527752133,0.939015497217301,-3.911453690419074
mlp,1337,NF-BoT-IoT,ssd_canonical@alpha=3,NF-CSE-CIC-IDS2018,retained,0.9683482123787963,0.03508988072822958,0.12698570784497568,0.00996980443640917,0.9314787725344871,0.1333212813024986,0.05818924618023713,-0.04473099593748264
mlp,1337,NF-BoT-IoT,ssd_canonical@alpha=5,NF-UNSW-NB15,retained,0.9994280812124678,0.0007935581280173335,0.011694752633397868,0.00013200292150172783,0.9836258046364567,0.0018921446384040363,1.6794117503216022e-05,-0.00018058615959570812
mlp,1337,NF-BoT-IoT,ssd_canonical@alpha=5,NF-ToN-IoT,retained,0.9808617923447169,0.04639594026936611,0.06617468334433385,0.00397738635276107,0.9267035525663949,0.00538350252511377,0.05502329024687724,-0.18907927246190714
mlp,1337,NF-BoT-IoT,ssd_canonical@alpha=5,NF-BoT-IoT,forgotten,0.021268896751367,0.9461454251250995,0.9557472692385164,0.6107423673387932,0.6322311799533559,0.9789699527752133,0.939015497217301,-3.911453690419074
mlp,1337,NF-BoT-IoT,ssd_canonical@alpha=5,NF-CSE-CIC-IDS2018,retained,0.9683482123787963,0.03508988072822958,0.12698570784497568,0.00996980443640917,0.9314787725344871,0.1333212813024986,0.05818924618023713,-0.04473099593748264
mlp,1337,NF-BoT-IoT,dc_ssd_no_contrast,NF-UNSW-NB15,retained,0.9682585072919645,0.033426700028862874,0.15081662842025118,0.01656577641919783,0.7602373161945436,-0.2603294649881982,-0.0033101784706361936,0.07514244518582451
mlp,1337,NF-BoT-IoT,dc_ssd_no_contrast,NF-ToN-IoT,retained,0.9516387806555122,0.07449513635289498,0.1213503081652084,0.012008973523870526,0.8810463190641714,-0.009730538922155696,0.043427159292831585,-0.030642329767919252
mlp,1337,NF-BoT-IoT,dc_ssd_no_contrast,NF-BoT-IoT,forgotten,0.28690897394660664,0.7028116518235721,0.7918327985154889,0.40897443216145674,0.925502205107148,0.8221429748714928,0.7263973890946833,-3.3146687741934695
mlp,1337,NF-BoT-IoT,dc_ssd_no_contrast,NF-CSE-CIC-IDS2018,retained,0.9709111101618897,0.062098010292445376,0.11356514038197194,0.010223613207277936,0.9046794385844427,0.08336459680440583,0.02117442360477162,-0.06412421862169981
mlp,1337,NF-BoT-IoT,dc_ssd_no_class_balance,NF-UNSW-NB15,retained,0.9994757411114289,0.0007676176641722208,0.011196516357529142,0.0001240134413755922,0.9837870086622942,0.0015781883380105999,1.3705544169240191e-05,-8.682692069909067e-05
mlp,1337,NF-BoT-IoT,dc_ssd_no_class_balance,NF-ToN-IoT,retained,0.980976392390557,0.04723013907782746,0.06699163770940689,0.004099910634398687,0.9268401889194685,0.005320114034347956,0.057108077559073545,-0.1949112538552077
mlp,1337,NF-BoT-IoT,dc_ssd_no_class_balance,NF-BoT-IoT,forgotten,0.02122869089739466,0.9462589994182381,0.9558296525328936,0.6108637052248402,0.6324108668084544,0.9789903512533006,0.9388510853420662,-3.9116926526822096
mlp,1337,NF-BoT-IoT,dc_ssd_no_class_balance,NF-CSE-CIC-IDS2018,retained,0.9683909273418478,0.03513992563485755,0.12719165435153748,0.010007961187244093,0.9304086669189817,0.1330944758991754,0.05720824934176649,-0.04212198541554968
mlp,1337,NF-BoT-IoT,dc_ssd,NF-UNSW-NB15,retained,0.9419025831665236,0.05672450747938004,0.18899730486479985,0.026970900141903623,0.6800685142224389,-0.4918570416835289,-0.02066471117077784,0.10757882254811846
mlp,1337,NF-BoT-IoT,dc_ssd,NF-ToN-IoT,retained,0.956451982580793,0.06377003035383673,0.12169297731821616,0.01114255687659591,0.7907833493730492,-0.010981209223344335,-0.007821879760496864,-0.03198539658809252
mlp,1337,NF-BoT-IoT,dc_ssd,NF-BoT-IoT,forgotten,0.029591508523641043,0.8946309424887402,0.908173007486072,0.5353647334485901,0.8986192853100122,0.9740728011260947,0.8224083319911957,-3.843488633109453
mlp,1337,NF-BoT-IoT,dc_ssd,NF-CSE-CIC-IDS2018,retained,0.9257186792533424,0.08129083550685347,0.1807304385532945,0.022589567705798085,0.8810972099185603,0.277456304961236,0.1105527362378792,-0.2185441593340992
mlp,1337,NF-BoT-IoT,scrub_r,NF-UNSW-NB15,retained,0.9953293299018207,0.01688610370298917,0.059979200558619064,0.005857033845515677,0.6865677697660388,-0.027055626598465388,-0.0008470090641905514,0.019166242923620635
mlp,1337,NF-BoT-IoT,scrub_r,NF-ToN-IoT,retained,0.9158835663534265,0.11282636674778503,0.18556899177343586,0.024273390413661968,0.7928881716423221,-0.014703668356251254,-0.09312376841214565,0.0023677326937070475
mlp,1337,NF-BoT-IoT,scrub_r,NF-BoT-IoT,forgotten,0.7865069154068832,0.34459911776911517,0.3898986834425523,0.11733304527268856,0.7733966474649396,0.34644634678125247,0.22609093430683064,-2.769227621913002
mlp,1337,NF-BoT-IoT,scrub_r,NF-CSE-CIC-IDS2018,retained,0.9392166075776345,0.0807060874954385,0.16936035650890516,0.02010151590832531,0.8799864355965371,0.08870280060694063,0.09606535261180016,-0.06116190053005088
mlp,1337,NF-BoT-IoT,scrub_r@lr=0.001,NF-UNSW-NB15,retained,0.9984272233342866,0.004491086102661568,0.03229380955397583,0.0013521345404414464,0.6710322120317298,-0.006663652091852712,-0.00010478628488130859,0.005379235164379882
mlp,1337,NF-BoT-IoT,scrub_r@lr=0.001,NF-ToN-IoT,retained,0.9221865688746276,0.11811970726850156,0.17701848245821888,0.023099445901904467,0.7184611644206609,0.0005740279058130682,-0.08764482734309587,0.00846854311327827
mlp,1337,NF-BoT-IoT,scrub_r@lr=0.001,NF-BoT-IoT,forgotten,0.9827114827918945,0.04881422468348318,0.1094098565684461,0.013817855934316043,0.6832580486175663,0.03139125690270446,-0.019805479501082652,0.18700294191754985
mlp,1337,NF-BoT-IoT,scrub_r@lr=0.001,NF-CSE-CIC-IDS2018,retained,0.9217461876895476,0.08798501468156261,0.17993929908699774,0.022246483957160654,0.7292557062835249,0.0716738472544935,0.049412695115920835,0.23845243236429714
mlp,1337,NF-CSE-CIC-IDS2018,original,NF-UNSW-NB15,retained,0.9993327614145459,0.001175862871670502,0.01809148171737091,0.00029616115253890075,0.9523490551320978,-0.003121865324236084,-4.8580684731680535e-06,0.000926271972130023
mlp,1337,NF-CSE-CIC-IDS2018,original,NF-ToN-IoT,retained,0.7084574833829933,0.19131745055066154,0.2819898501727588,0.049109024572478364,0.698591443988802,-0.20569034934751007,-0.11571210041173696,0.4549176830134268
mlp,1337,NF-CSE-CIC-IDS2018,original,NF-BoT-IoT,retained,0.994170151174011,0.005119744508109699,0.04700392259300015,0.0015318418195760014,0.8351920900473714,-0.0026658504481452683,0.0005379735509384309,0.008180131639057942
mlp,1337,NF-CSE-CIC-IDS2018,original,NF-CSE-CIC-IDS2018,forgotten,0.5694331724403059,0.3595217350562022,0.47584133420157987,0.15082099207263686,0.7798348798190036,0.3527877823223008,0.14340909280927527,-0.7725096947040543
mlp,1337,NF-CSE-CIC-IDS2018,rollback_repair,NF-UNSW-NB15,retained,0.07663711752931084,0.9238395176813639,0.960706863586325,0.63963660986597,0.15530728557070564,-0.8542291210934291,-0.7913689464284381,14.61828837991719
mlp,1337,NF-CSE-CIC-IDS2018,rollback_repair,NF-ToN-IoT,retained,0.7432958973183589,0.38840218560098105,0.4663214938888624,0.1815111961498005,0.3962491570545554,-0.03620211715117139,-0.3071427935162536,3.579296671054535
mlp,1337,NF-CSE-CIC-IDS2018,rollback_repair,NF-BoT-IoT,retained,0.9914361531038919,0.009243038790899912,0.07585321255046042,0.004473450176986583,0.21764222807329828,0.0034176030080526054,-0.9726528247525994,0.005439775138617018
mlp,1337,NF-CSE-CIC-IDS2018,rollback_repair,NF-CSE-CIC-IDS2018,forgotten,0.503566699414805,0.5268087483278381,0.6459155332798739,0.2993944352940231,0.3116215318432639,0.016574778085309688,-0.34111909067335877,12.315792588544163
mlp,1337,NF-CSE-CIC-IDS2018,ssd_canonical,NF-UNSW-NB15,retained,0.9993327614145459,0.001175862871670502,0.01809148171737091,0.00029616115253890075,0.9523490551320978,-0.003121865324236084,-4.8580684731680535e-06,0.000926271972130023
mlp,1337,NF-CSE-CIC-IDS2018,ssd_canonical,NF-ToN-IoT,retained,0.7084574833829933,0.19131745055066154,0.2819898501727588,0.049109024572478364,0.698591443988802,-0.20569034934751007,-0.11571210041173696,0.4549176830134268
mlp,1337,NF-CSE-CIC-IDS2018,ssd_canonical,NF-BoT-IoT,retained,0.994170151174011,0.005119744508109699,0.04700392259300015,0.0015318418195760014,0.8351920900473714,-0.0026658504481452683,0.0005379735509384309,0.008180131639057942
mlp,1337,NF-CSE-CIC-IDS2018,ssd_canonical,NF-CSE-CIC-IDS2018,forgotten,0.5694331724403059,0.3595217350562022,0.47584133420157987,0.15082099207263686,0.7798348798190036,0.3527877823223008,0.14340909280927527,-0.7725096947040543
mlp,1337,NF-CSE-CIC-IDS2018,ssd_canonical@alpha=1,NF-UNSW-NB15,retained,0.9994280812124678,0.006377422611964004,0.02436186077812245,0.0018802352132237952,0.9377301262206758,-0.003117592517157264,-2.7539778894136724e-05,0.0066644417975163465
mlp,1337,NF-CSE-CIC-IDS2018,ssd_canonical@alpha=1,NF-ToN-IoT,retained,0.8591565436626175,0.14842211224393284,0.20895919949182049,0.03031441911897723,0.6626828514215335,-0.004234093657401239,-0.09905828089342117,0.08086234943737597
mlp,1337,NF-CSE-CIC-IDS2018,ssd_canonical@alpha=1,NF-BoT-IoT,retained,0.9948134448375684,0.04123854883416028,0.06714224288469206,0.013760280166587608,0.7957605749064343,-0.0012780024698246795,-0.03563263900073377,0.03801570158146231
mlp,1337,NF-CSE-CIC-IDS2018,ssd_canonical@alpha=1,NF-CSE-CIC-IDS2018,forgotten,0.6304301396779292,0.3094467616444553,0.38656163733860754,0.09848739747247115,0.8299948641394966,0.2558605577044468,0.1367301880803582,-0.7356069208125352
mlp,1337,NF-CSE-CIC-IDS2018,ssd_canonical@alpha=2,NF-UNSW-NB15,retained,0.9993804213135068,0.0017675967211106135,0.016670978065612335,0.0004487610024828936,0.9191914256531846,-0.002808104696201963,-1.43168243083025e-05,0.0014705723881602403
mlp,1337,NF-CSE-CIC-IDS2018,ssd_canonical@alpha=2,NF-ToN-IoT,retained,0.6927572771029108,0.22897865465059,0.3268250094585391,0.07209807951381345,0.7220271622599048,-0.2258895268094383,-0.24043457127916235,0.8745905585682012
mlp,1337,NF-CSE-CIC-IDS2018,ssd_canonical@alpha=2,NF-BoT-IoT,retained,0.9945320038597619,0.00621034235575903,0.051599731801554,0.0019947572092661355,0.732070882283119,-0.002644352035370834,-0.0019550473327250018,0.009632967501436409
mlp,1337,NF-CSE-CIC-IDS2018,ssd_canonical@alpha=2,NF-CSE-CIC-IDS2018,forgotten,0.5635812225022425,0.3647196339416311,0.4779923588416842,0.14961052142259815,0.8419910935414504,0.34329613255351965,0.1327022845646011,-0.806704235619953
mlp,1337,NF-CSE-CIC-IDS2018,ssd_canonical@alpha=3,NF-UNSW-NB15,retained,0.9993327614145459,0.0011750698296636765,0.018088533770383775,0.00029590131614206023,0.9523503360029422,-0.003121865324236084,-5.115449584369713e-06,0.0009299879787596243
mlp,1337,NF-CSE-CIC-IDS2018,ssd_canonical@alpha=3,NF-ToN-IoT,retained,0.7082282832913133,0.19160114260509334,0.28241124347403374,0.049334771735144,0.6972543501341827,-0.20574891110627447,-0.11679566639895145,0.4590126655482159
mlp,1337,NF-CSE-CIC-IDS2018,ssd_canonical@alpha=3,NF-BoT-IoT,retained,0.994170151174011,0.005123236283276489,0.0470918341616688,0.0015371063864443278,0.8349715337766048,-0.0026658504481452683,0.0006061988869202617,0.008192648102616738
mlp,1337,NF-CSE-CIC-IDS2018,ssd_canonical@alpha=3,NF-CSE-CIC-IDS2018,forgotten,0.5694758874033574,0.35948709254036976,0.47574152675756454,0.15093803633827227,0.7766904019249596,0.35269431017025965,0.14478030344451587,-0.7711488613726825
mlp,1337,NF-CSE-CIC-IDS2018,ssd_canonical@alpha=5,NF-UNSW-NB15,retained,0.9993327614145459,0.001175862871670502,0.01809148171737091,0.00029616115253890075,0.9523490551320978,-0.003121865324236084,-4.8580684731680535e-06,0.000926271972130023
mlp,1337,NF-CSE-CIC-IDS2018,ssd_canonical@alpha=5,NF-ToN-IoT,retained,0.7084574833829933,0.19131745055066154,0.2819898501727588,0.049109024572478364,0.698591443988802,-0.20569034934751007,-0.11571210041173696,0.4549176830134268
mlp,1337,NF-CSE-CIC-IDS2018,ssd_canonical@alpha=5,NF-BoT-IoT,retained,0.994170151174011,0.005119744508109699,0.04700392259300015,0.0015318418195760014,0.8351920900473714,-0.0026658504481452683,0.0005379735509384309,0.008180131639057942
mlp,1337,NF-CSE-CIC-IDS2018,ssd_canonical@alpha=5,NF-CSE-CIC-IDS2018,forgotten,0.5694331724403059,0.3595217350562022,0.47584133420157987,0.15082099207263686,0.7798348798190036,0.3527877823223008,0.14340909280927527,-0.7725096947040543
mlp,1337,NF-CSE-CIC-IDS2018,dc_ssd_no_contrast,NF-UNSW-NB15,retained,0.9994757411114289,0.0013662351992406452,0.01676293072228325,0.00032570519290154156,0.9276928121250997,-0.0021811697259537244,1.0616970835264361e-05,0.0011331287906887204
mlp,1337,NF-CSE-CIC-IDS2018,dc_ssd_no_contrast,NF-ToN-IoT,retained,0.7091450836580334,0.13475330330840823,0.19296386529087753,0.021178124739639533,0.6545892074807753,-0.19562588139926784,-0.07273060355081218,0.19022526105933807
mlp,1337,NF-CSE-CIC-IDS2018,dc_ssd_no_contrast,NF-BoT-IoT,retained,0.9952959150852364,0.003998567722522116,0.03832676337326454,0.0010316716725792998,0.8467008878640437,-0.0017671848139905189,-0.0006733057747715376,0.005066335333199334
mlp,1337,NF-CSE-CIC-IDS2018,dc_ssd_no_contrast,NF-CSE-CIC-IDS2018,forgotten,0.5695186023664089,0.34785849002775826,0.4648182819655821,0.13913407587814414,0.7805290029941248,0.36310565748309176,0.13688514128056706,-0.811621572769837
mlp,1337,NF-CSE-CIC-IDS2018,dc_ssd_no_class_balance,NF-UNSW-NB15,retained,0.9992374416166238,0.0024126931885606654,0.01992406902637243,0.000675548415470602,0.9019493814847053,-0.003745306720744801,-9.941345418540415e-06,0.002289421485687017
mlp,1337,NF-CSE-CIC-IDS2018,dc_ssd_no_class_balance,NF-ToN-IoT,retained,0.6977996791198716,0.2089133315582456,0.3005248885063846,0.05594990875658845,0.6819237193640776,-0.2184869859457489,-0.2381462528206929,0.5823863359695887
mlp,1337,NF-CSE-CIC-IDS2018,dc_ssd_no_class_balance,NF-BoT-IoT,retained,0.9897073013830814,0.01221176661837212,0.07690573942143561,0.004626458052385215,0.8737274921642703,-0.004975474129633617,-0.008510271827633864,0.020749210624186058
mlp,1337,NF-CSE-CIC-IDS2018,dc_ssd_no_class_balance,NF-CSE-CIC-IDS2018,forgotten,0.5487591303233522,0.36198932853836213,0.47808196013766713,0.14593099091685877,0.7930203567158932,0.2657517007250195,0.10007190297657509,-0.7727016629179406
mlp,1337,NF-CSE-CIC-IDS2018,dc_ssd,NF-UNSW-NB15,retained,0.9994757411114289,0.0020933831360819724,0.017594833971939276,0.0005437805537676663,0.9230682410447603,-0.002804028648407786,1.061697083470925e-06,0.0018775097057654121
mlp,1337,NF-CSE-CIC-IDS2018,dc_ssd,NF-ToN-IoT,retained,0.7536099014439606,0.10746643391041566,0.14976454283667945,0.013890669747980786,0.6613514150021231,-0.14213967980265996,-0.060990050071769275,0.073341074250246
mlp,1337,NF-CSE-CIC-IDS2018,dc_ssd,NF-BoT-IoT,retained,0.9954165326471535,0.007529514891459133,0.04120767336501028,0.002049678325409588,0.8666457091684698,-0.0016654154227072615,-0.003401200765913437,0.00793624228724276
mlp,1337,NF-CSE-CIC-IDS2018,dc_ssd,NF-CSE-CIC-IDS2018,forgotten,0.5658024005809235,0.34252695706962677,0.46021187973193806,0.1315568688282053,0.725373322299654,0.36980105680743514,0.15021777808013037,-0.8658015353650548
mlp,1337,NF-CSE-CIC-IDS2018,scrub_r,NF-UNSW-NB15,retained,0.9703078829472882,0.04249067780753762,0.14657819628373447,0.019292939816411767,0.6148005754971447,-0.23618723453077828,-0.012837301163439951,0.07734722606501364
mlp,1337,NF-CSE-CIC-IDS2018,scrub_r,NF-ToN-IoT,retained,0.649438459775384,0.20374575448892115,0.2502564588722874,0.03889320794666922,0.42300842288743784,-0.22340446763968713,-0.21306455206955088,0.24433624344744403
mlp,1337,NF-CSE-CIC-IDS2018,scrub_r,NF-BoT-IoT,retained,0.9935670633644259,0.014678106519048124,0.04885889427144503,0.004174693502229724,0.7370285231307373,-0.0003221826814369111,-0.00744327231080355,0.013737858288117372
mlp,1337,NF-CSE-CIC-IDS2018,scrub_r,NF-CSE-CIC-IDS2018,forgotten,0.6976207765580282,0.22765789083898297,0.3042882908957419,0.05925233456843356,0.7008813182074644,0.13886226778971839,0.12806991394559852,-0.6180656716959733
mlp,1337,NF-CSE-CIC-IDS2018,scrub_r@lr=0.001,NF-UNSW-NB15,retained,0.9914212181870175,0.016391679681210664,0.08150661780255443,0.0067623555642123846,0.7641012400372325,-0.05683017191129047,-0.0013938474074901563,0.025759644828913967
mlp,1337,NF-CSE-CIC-IDS2018,scrub_r@lr=0.001,NF-ToN-IoT,retained,0.6644510657804263,0.26533137134127605,0.30824984388069027,0.058769962211695455,0.4876042304492045,-0.24563356038748096,-0.22856948228788743,0.4504496408626039
mlp,1337,NF-CSE-CIC-IDS2018,scrub_r@lr=0.001,NF-BoT-IoT,retained,0.9939289160501769,0.013147220667998463,0.05124170774063111,0.0037756377155262013,0.561959886927704,-0.002541576435282078,-0.005519541525742411,0.01645902870395353
mlp,1337,NF-CSE-CIC-IDS2018,scrub_r@lr=0.001,NF-CSE-CIC-IDS2018,forgotten,0.6531972149844091,0.23369484618353759,0.31291717165132793,0.06136251274206643,0.6347117781850281,0.20362628290118595,0.22144597252805842,-0.7351260101765034
numerical_feature_transformer,1337,NF-UNSW-NB15,original,NF-UNSW-NB15,forgotten,0.5580497569345153,0.45143202827008605,0.5639970529806975,0.2325882170262393,0.08465232808734861,0.9005206027080593,0.6290581762386273,-1.0471926969317762
numerical_feature_transformer,1337,NF-UNSW-NB15,original,NF-ToN-IoT,retained,0.7627779051111621,0.24106087004456855,0.30732888594556296,0.06235641843343358,0.43954810674761974,0.09689023308988809,0.0968731608397373,-0.363963953108261
numerical_feature_transformer,1337,NF-UNSW-NB15,original,NF-BoT-IoT,retained,0.9926825345770344,0.009115748412334366,0.06281999656903023,0.0029394633229610106,0.6901650663087974,0.001994661776779205,0.002598155007963343,-0.013023986994927211
numerical_feature_transformer,1337,NF-UNSW-NB15,original,NF-CSE-CIC-IDS2018,retained,0.9408397761735936,0.060014513234988805,0.14096706964341987,0.013171151554395553,0.7633117550775598,0.1899733129067428,0.04103338032831061,-0.07278266394942229
numerical_feature_transformer,1337,NF-UNSW-NB15,rollback_repair,NF-UNSW-NB15,forgotten,0.41154322752835765,0.31664089967149384,0.3554574803502835,0.08677086277037013,0.1775810298947212,0.049447722153711446,0.4854438595172714,-0.27894579679212095
numerical_feature_transformer,1337,NF-UNSW-NB15,rollback_repair,NF-ToN-IoT,retained,0.43880357552143023,0.34309489926995806,0.3679524960145424,0.0910907723434195,0.3158794782879766,0.23339475985074065,-0.2646823985367026,-0.3592269262217914
numerical_feature_transformer,1337,NF-UNSW-NB15,rollback_repair,NF-BoT-IoT,retained,0.986330009649405,0.4489050877086389,0.4501128718917173,0.18668570573599857,0.4862128097789734,0.006405895276901941,-0.12040373740627408,0.5690767603300414
numerical_feature_transformer,1337,NF-UNSW-NB15,rollback_repair,NF-CSE-CIC-IDS2018,retained,0.13771304087821964,0.4665168627018892,0.48382253958826676,0.17732749071108167,0.24017694557529098,-0.32188992299183583,-0.12012133882933351,0.4908308905014926
numerical_feature_transformer,1337,NF-UNSW-NB15,ssd_canonical,NF-UNSW-NB15,forgotten,0.5580497569345153,0.45143202827008605,0.5639970529806975,0.2325882170262393,0.08465232808734861,0.9005206027080593,0.6290581762386273,-1.0471926969317762
numerical_feature_transformer,1337,NF-UNSW-NB15,ssd_canonical,NF-ToN-IoT,retained,0.7627779051111621,0.24106087004456855,0.30732888594556296,0.06235641843343358,0.43954810674761974,0.09689023308988809,0.0968731608397373,-0.363963953108261
numerical_feature_transformer,1337,NF-UNSW-NB15,ssd_canonical,NF-BoT-IoT,retained,0.9926825345770344,0.009115748412334366,0.06281999656903023,0.0029394633229610106,0.6901650663087974,0.001994661776779205,0.002598155007963343,-0.013023986994927211
numerical_feature_transformer,1337,NF-UNSW-NB15,ssd_canonical,NF-CSE-CIC-IDS2018,retained,0.9408397761735936,0.060014513234988805,0.14096706964341987,0.013171151554395553,0.7633117550775598,0.1899733129067428,0.04103338032831061,-0.07278266394942229
numerical_feature_transformer,1337,NF-UNSW-NB15,ssd_canonical@alpha=1,NF-UNSW-NB15,forgotten,0.5582403965303594,0.44992587716501176,0.5617341846190403,0.23069907151078986,0.09234365667576276,0.8992572498466083,0.6290750668740471,-1.0457098804957292
numerical_feature_transformer,1337,NF-UNSW-NB15,ssd_canonical@alpha=1,NF-ToN-IoT,retained,0.6301856520742608,0.27407065024702437,0.3432736719724441,0.07463438395914146,0.295166748410798,0.23864240043260665,0.14321466518038872,-0.45936189515241876
numerical_feature_transformer,1337,NF-UNSW-NB15,ssd_canonical@alpha=1,NF-BoT-IoT,retained,0.9926825345770344,0.008717282818874243,0.06293285546001388,0.0028786089356968576,0.6516770802088804,0.002035098493317844,0.002970598235536137,-0.01266660256869704
numerical_feature_transformer,1337,NF-UNSW-NB15,ssd_canonical@alpha=1,NF-CSE-CIC-IDS2018,retained,0.9319123488958182,0.06688542748496576,0.16330545376675426,0.017600332271867972,0.7582216026511338,0.18777507138661143,0.04651106505246472,-0.08125121663801385
numerical_feature_transformer,1337,NF-UNSW-NB15,ssd_canonical@alpha=2,NF-UNSW-NB15,forgotten,0.5580974168334764,0.45134315000039893,0.5639385706332843,0.2323369967234944,0.09477265763035277,0.9002050614261488,0.6290524495089039,-1.0471554882351537
numerical_feature_transformer,1337,NF-UNSW-NB15,ssd_canonical@alpha=2,NF-ToN-IoT,retained,0.7681641072656429,0.23550151464253324,0.30343303476487465,0.06103366710250455,0.4159218186008036,0.07241357120776948,0.08901157610583699,-0.33988887088497943
numerical_feature_transformer,1337,NF-UNSW-NB15,ssd_canonical@alpha=2,NF-BoT-IoT,retained,0.9929237697008685,0.00887946926891476,0.062113352456872745,0.0028643900833701516,0.6886310276062682,0.0018727138498570994,0.002885596177591654,-0.013357697889956277
numerical_feature_transformer,1337,NF-UNSW-NB15,ssd_canonical@alpha=2,NF-CSE-CIC-IDS2018,retained,0.9409252060996968,0.0607082665421492,0.1433056695487669,0.013607559421377056,0.7570182490615406,0.189714547219073,0.04227242698891531,-0.07337640340211105
numerical_feature_transformer,1337,NF-UNSW-NB15,ssd_canonical@alpha=3,NF-UNSW-NB15,forgotten,0.5579544371365933,0.45148389978532877,0.5640411122876046,0.23266289623088554,0.08661904401794442,0.901151092520568,0.6290568571604326,-1.0472809077624496
numerical_feature_transformer,1337,NF-UNSW-NB15,ssd_canonical@alpha=3,NF-ToN-IoT,retained,0.7901673160669265,0.2331303519514539,0.2984001356368824,0.05943550938602659,0.43419203468188067,0.06885514843867202,0.08725634007288996,-0.3474779865214307
numerical_feature_transformer,1337,NF-UNSW-NB15,ssd_canonical@alpha=3,NF-BoT-IoT,retained,0.9926825345770344,0.009112960492945741,0.06280975712496528,0.002938770278662416,0.6902325420550792,0.001994661776779205,0.0026026288004866727,-0.013018875646371837
numerical_feature_transformer,1337,NF-UNSW-NB15,ssd_canonical@alpha=3,NF-CSE-CIC-IDS2018,retained,0.9408397761735936,0.06007184732044751,0.14121316792640093,0.013210179799210651,0.7625303638671194,0.1899733129067428,0.04118056669578529,-0.07285790496069672
numerical_feature_transformer,1337,NF-UNSW-NB15,ssd_canonical@alpha=5,NF-UNSW-NB15,forgotten,0.5580497569345153,0.45143202827008605,0.5639970529806975,0.2325882170262393,0.08465232808734861,0.9005206027080593,0.6290581762386273,-1.0471926969317762
numerical_feature_transformer,1337,NF-UNSW-NB15,ssd_canonical@alpha=5,NF-ToN-IoT,retained,0.7627779051111621,0.24106087004456855,0.30732888594556296,0.06235641843343358,0.43954810674761974,0.09689023308988809,0.0968731608397373,-0.363963953108261
numerical_feature_transformer,1337,NF-UNSW-NB15,ssd_canonical@alpha=5,NF-BoT-IoT,retained,0.9926825345770344,0.009115748412334366,0.06281999656903023,0.0029394633229610106,0.6901650663087974,0.001994661776779205,0.002598155007963343,-0.013023986994927211
numerical_feature_transformer,1337,NF-UNSW-NB15,ssd_canonical@alpha=5,NF-CSE-CIC-IDS2018,retained,0.9408397761735936,0.060014513234988805,0.14096706964341987,0.013171151554395553,0.7633117550775598,0.1899733129067428,0.04103338032831061,-0.07278266394942229
numerical_feature_transformer,1337,NF-UNSW-NB15,dc_ssd_no_contrast,NF-UNSW-NB15,forgotten,0.5807358688399581,0.42969689105847275,0.5422529450030612,0.21538523369812806,0.1454240250082064,0.511416314572577,0.6289332177091588,-0.9232409854907146
numerical_feature_transformer,1337,NF-UNSW-NB15,dc_ssd_no_contrast,NF-ToN-IoT,retained,0.6548246619298648,0.2517018039724717,0.31190250161553035,0.06353311016347662,0.26953801186941156,0.26015580485374357,0.1384836277060062,-0.46168908314924506
numerical_feature_transformer,1337,NF-UNSW-NB15,dc_ssd_no_contrast,NF-BoT-IoT,retained,0.9913959472499196,0.01238590703091496,0.07054595038618286,0.004283565260126743,0.5483997159723034,0.0015878293768841756,0.0017805694243123726,-0.006489884142372466
numerical_feature_transformer,1337,NF-UNSW-NB15,dc_ssd_no_contrast,NF-CSE-CIC-IDS2018,retained,0.9291785912605186,0.07038714331505054,0.16129865281110317,0.017529199671124093,0.7669615217540209,0.1934762895854516,0.046035701806795504,-0.07483882930069086
numerical_feature_transformer,1337,NF-UNSW-NB15,dc_ssd_no_class_balance,NF-UNSW-NB15,forgotten,0.5716804880373654,0.4369753087176298,0.5503738239519391,0.2215159513140803,0.12314936024077502,0.7943753852955961,0.6272332315562625,-0.9911246894464647
numerical_feature_transformer,1337,NF-UNSW-NB15,dc_ssd_no_class_balance,NF-ToN-IoT,retained,0.787302314920926,0.22494851753928793,0.2859983455467393,0.05556846571068715,0.3408664144475007,0.033837469493752326,0.09252218627598618,-0.34468037088088743
numerical_feature_transformer,1337,NF-UNSW-NB15,dc_ssd_no_class_balance,NF-BoT-IoT,retained,0.9914763589578642,0.009632674379884713,0.06800851584118085,0.0033043033085858584,0.689273550553986,0.001302996256626776,0.0028677010074981135,-0.010150840348902443
numerical_feature_transformer,1337,NF-UNSW-NB15,dc_ssd_no_class_balance,NF-CSE-CIC-IDS2018,retained,0.9410533509888513,0.06320834340113239,0.15208890191641303,0.01517670145461689,0.7662656421551729,0.19749392754562667,0.0448417072872771,-0.0790825949975022
numerical_feature_transformer,1337,NF-UNSW-NB15,dc_ssd,NF-UNSW-NB15,forgotten,0.5868363359069679,0.42334876524273507,0.5372402333650843,0.2113974070202353,0.18828328300830005,0.6141009879984408,0.625907413193716,-0.9140461904125394
numerical_feature_transformer,1337,NF-UNSW-NB15,dc_ssd,NF-ToN-IoT,retained,0.62537245014898,0.277094890803767,0.3420622367108086,0.07454530927019894,0.25618621560243526,0.26591547737297483,0.12529156397752128,-0.4603967748602734
numerical_feature_transformer,1337,NF-UNSW-NB15,dc_ssd,NF-BoT-IoT,retained,0.9919588292055324,0.013140561032490394,0.06723714133449267,0.004476456652865669,0.5764856701344476,0.0016691806406194942,0.0033475152556324828,-0.007785884788627306
numerical_feature_transformer,1337,NF-UNSW-NB15,dc_ssd,NF-CSE-CIC-IDS2018,retained,0.9366964247575926,0.06826560164564349,0.15807015671349947,0.0166855492806699,0.7405190603360897,0.22052297377373342,0.04545352769392419,-0.09258551073882357
numerical_feature_transformer,1337,NF-UNSW-NB15,scrub_r,NF-UNSW-NB15,forgotten,0.7732342007434945,0.2219810499328009,0.29534459088920106,0.059771878443232514,0.5416039437527063,0.19117783644306013,0.23752954735156118,-0.019389440679510095
numerical_feature_transformer,1337,NF-UNSW-NB15,scrub_r,NF-ToN-IoT,retained,0.8307357322942929,0.22587244381281749,0.3031126289523552,0.06840033083238106,0.6633150348009629,-0.008937007308488343,-0.14316436070538974,0.6057451795833337
numerical_feature_transformer,1337,NF-UNSW-NB15,scrub_r,NF-BoT-IoT,retained,0.9766001929880991,0.06156599840808064,0.13416511222342792,0.02367328442894829,0.49191305553348397,-0.010607780265625033,-0.0467242891143681,0.09521088026727127
numerical_feature_transformer,1337,NF-UNSW-NB15,scrub_r,NF-CSE-CIC-IDS2018,retained,0.8862073384306522,0.1228344107796521,0.22335615588718172,0.035429516457960386,0.5618731893089794,0.18399123666721184,-0.02324703261877259,-0.04407764135890119
numerical_feature_transformer,1337,NF-UNSW-NB15,scrub_r@lr=0.001,NF-UNSW-NB15,forgotten,0.6833476313030217,0.30293104276763644,0.4092908055848444,0.11514986325843028,0.2954167052126965,0.3334374611102678,0.5045715872101149,-0.6269042725899661
numerical_feature_transformer,1337,NF-UNSW-NB15,scrub_r@lr=0.001,NF-ToN-IoT,retained,0.737680495072198,0.22935496301639197,0.3041340175552896,0.06683090254723947,0.683919857698266,-0.19484566823554106,-0.11417817644793515,0.6000132090749801
numerical_feature_transformer,1337,NF-UNSW-NB15,scrub_r@lr=0.001,NF-BoT-IoT,retained,0.9763589578642651,0.02930750244047282,0.12324564448796167,0.012439801863561185,0.46282377054995494,-0.010815546546616983,-0.00704957856874433,0.06341369933900534
numerical_feature_transformer,1337,NF-UNSW-NB15,scrub_r@lr=0.001,NF-CSE-CIC-IDS2018,retained,0.9317842040066635,0.10825265583736807,0.1876661994733153,0.02892940179650441,0.5649556242768977,-0.05759691360842356,-0.14318347120551644,0.043748957012075484
numerical_feature_transformer,1337,NF-ToN-IoT,original,NF-UNSW-NB15,retained,0.9978076446477934,0.0028953878390112968,0.03189545530781652,0.0008471875294338229,0.9752416113191618,0.005072504939931721,-5.581952848310312e-05,0.0012373749993453238
numerical_feature_transformer,1337,NF-ToN-IoT,original,NF-ToN-IoT,forgotten,0.6700664680265872,0.3505742941373782,0.41353045643558595,0.13803102196228287,0.5979396120781282,-0.19706875104363397,0.007225787268486328,-0.23209641448831708
numerical_feature_transformer,1337,NF-ToN-IoT,original,NF-BoT-IoT,retained,0.9951350916693471,0.007727425555104783,0.05428891274850791,0.002723850621098917,0.6964291740025098,-0.0010760870537215306,0.1594633014799306,-0.0011106454846862082
numerical_feature_transformer,1337,NF-ToN-IoT,original,NF-CSE-CIC-IDS2018,retained,0.9345606766050147,0.10734199626847823,0.2169099278156766,0.042291116054721904,0.7778052341535759,-0.17293561405785207,0.0015574191342638821,0.10053188628475472
numerical_feature_transformer,1337,NF-ToN-IoT,rollback_repair,NF-UNSW-NB15,retained,0.9250786388332857,0.29709311120351145,0.31868806923837323,0.11760234704370467,0.18731304337000576,-0.9880352644836272,-0.12780450501880325,0.37528436385186253
numerical_feature_transformer,1337,NF-ToN-IoT,rollback_repair,NF-ToN-IoT,forgotten,0.16021086408434562,0.6331747077759218,0.6550822487138123,0.2885629210032298,0.3855497100774135,-0.9141410488245931,-0.5135049043928408,0.1701152288085681
numerical_feature_transformer,1337,NF-ToN-IoT,rollback_repair,NF-BoT-IoT,retained,0.007759729816661306,0.7041347660938152,0.7070055015097098,0.3459319899642723,0.7359019779960861,-0.9959406240533172,-0.32336628281526814,1.2221245790632833
numerical_feature_transformer,1337,NF-ToN-IoT,rollback_repair,NF-CSE-CIC-IDS2018,retained,0.8752295929264021,0.3850163846262868,0.4067611702110263,0.1521063262099874,0.18122315345982953,-0.932412907368759,-0.6658825924962863,0.4408940263737795
numerical_feature_transformer,1337,NF-ToN-IoT,ssd_canonical,NF-UNSW-NB15,retained,0.9978076446477934,0.0028953878390112968,0.03189545530781652,0.0008471875294338229,0.9752416113191618,0.005072504939931721,-5.581952848310312e-05,0.0012373749993453238
numerical_feature_transformer,1337,NF-ToN-IoT,ssd_canonical,NF-ToN-IoT,forgotten,0.6700664680265872,0.3505742941373782,0.41353045643558595,0.13803102196228287,0.5979396120781282,-0.19706875104363397,0.007225787268486328,-0.23209641448831708
numerical_feature_transformer,1337,NF-ToN-IoT,ssd_canonical,NF-BoT-IoT,retained,0.9951350916693471,0.007727425555104783,0.05428891274850791,0.002723850621098917,0.6964291740025098,-0.0010760870537215306,0.1594633014799306,-0.0011106454846862082
numerical_feature_transformer,1337,NF-ToN-IoT,ssd_canonical,NF-CSE-CIC-IDS2018,retained,0.9345606766050147,0.10734199626847823,0.2169099278156766,0.042291116054721904,0.7778052341535759,-0.17293561405785207,0.0015574191342638821,0.10053188628475472
numerical_feature_transformer,1337,NF-ToN-IoT,ssd_canonical@alpha=1,NF-UNSW-NB15,retained,0.9250786388332857,0.4655084174079638,0.4661365949542266,0.1950619396358759,0.21780346689105864,-0.9880352644836272,-0.29858192337815803,0.6266460254287896
numerical_feature_transformer,1337,NF-ToN-IoT,ssd_canonical@alpha=1,NF-ToN-IoT,forgotten,0.16021086408434562,0.49868279162749934,0.5047902408535706,0.19840034823493938,0.3603423390609453,-0.9141410488245931,-0.44809372279561954,-0.14287197980207134
numerical_feature_transformer,1337,NF-ToN-IoT,ssd_canonical@alpha=1,NF-BoT-IoT,retained,0.007759729816661306,0.5306887233612828,0.5310331319438236,0.23145659815401182,0.8148279708177301,-0.9959406240533172,-0.24508442046491652,0.7381569283309258
numerical_feature_transformer,1337,NF-ToN-IoT,ssd_canonical@alpha=1,NF-CSE-CIC-IDS2018,retained,0.8752295929264021,0.468137413864056,0.46873046794626344,0.18857222152847858,0.4362870356804896,-0.932412907368759,-0.7731229362254763,0.549309398850949
numerical_feature_transformer,1337,NF-ToN-IoT,ssd_canonical@alpha=2,NF-UNSW-NB15,retained,0.9250786388332857,0.47259102863293123,0.47306997513872956,0.19877113290941165,0.22008382453921535,-0.9880352644836272,-0.14781205786751017,0.639604510726957
numerical_feature_transformer,1337,NF-ToN-IoT,ssd_canonical@alpha=2,NF-ToN-IoT,forgotten,0.16021086408434562,0.49267288859812575,0.49810471963421915,0.1948451510320758,0.27597664581713105,-0.9141410488245931,-0.4876868317523503,-0.15188620077589354
numerical_feature_transformer,1337,NF-ToN-IoT,ssd_canonical@alpha=2,NF-BoT-IoT,retained,0.007759729816661306,0.5159847784393398,0.5162788721839857,0.22311741961833,0.8142134139904219,-0.9959406240533172,-0.28254516293552356,0.7068553700534012
numerical_feature_transformer,1337,NF-ToN-IoT,ssd_canonical@alpha=2,NF-CSE-CIC-IDS2018,retained,0.8752295929264021,0.4796598515238738,0.4799821394960375,0.1945937448780802,0.47880298249521475,-0.932412907368759,-0.7811936453503875,0.5698586038125797
numerical_feature_transformer,1337,NF-ToN-IoT,ssd_canonical@alpha=3,NF-UNSW-NB15,retained,0.39710227814317034,0.49762842770285237,0.49983396387431306,0.21287547825401118,0.07768357332764562,-0.803280742519803,-0.16393703274067917,0.6909477495554253
numerical_feature_transformer,1337,NF-ToN-IoT,ssd_canonical@alpha=3,NF-ToN-IoT,forgotten,0.837267934907174,0.44417310205685084,0.44854462942727913,0.16870797708329685,0.12835602656146364,-0.062223411827027175,-0.5473035040571232,-0.21168591785119606
numerical_feature_transformer,1337,NF-ToN-IoT,ssd_canonical@alpha=3,NF-BoT-IoT,retained,0.9922402701833387,0.42116314854804837,0.42140084374931797,0.17282616399637513,0.8371718205892908,0.003335146446401205,-0.2628884370358441,0.5255982821467792
numerical_feature_transformer,1337,NF-ToN-IoT,ssd_canonical@alpha=3,NF-CSE-CIC-IDS2018,retained,0.12575285122378368,0.5494416598355888,0.5513419757097117,0.23416172431619192,0.3496740178909177,-0.7286695494498122,-0.7862355453453409,0.7126906511416713
numerical_feature_transformer,1337,NF-ToN-IoT,ssd_canonical@alpha=5,NF-UNSW-NB15,retained,0.9243160804499094,0.1369077464098127,0.25360845550340444,0.060379949852338854,0.08223293802001014,-0.9770596547275296,-0.19906194558500034,0.22925094077435912
numerical_feature_transformer,1337,NF-ToN-IoT,ssd_canonical@alpha=5,NF-ToN-IoT,forgotten,0.24031629612651845,0.6494275534889983,0.7121682302914617,0.33487119385447317,0.21069964941525807,-0.7198664518262607,0.02989525551807637,0.48115839242631964
numerical_feature_transformer,1337,NF-ToN-IoT,ssd_canonical@alpha=5,NF-BoT-IoT,retained,0.16802026375040205,0.6626489596367201,0.6905943514894846,0.34370494147788716,0.7378960305600302,-0.7193463557860214,-0.08600362824573649,1.470564614353706
numerical_feature_transformer,1337,NF-ToN-IoT,ssd_canonical@alpha=5,NF-CSE-CIC-IDS2018,retained,0.8750587330741959,0.13554435553725463,0.31031292257077403,0.06655391878672057,0.45810422531133793,-0.932412907368759,-0.06345118137360439,0.27679314777851916
numerical_feature_transformer,1337,NF-ToN-IoT,dc_ssd_no_contrast,NF-UNSW-NB15,retained,0.9626822991135259,0.07902564140941086,0.16115013831220007,0.031073826438432223,0.49392266334010715,-0.21120996149811144,-0.024839851038108374,0.10249189988931462
numerical_feature_transformer,1337,NF-ToN-IoT,dc_ssd_no_contrast,NF-ToN-IoT,forgotten,0.1842768737107495,0.7818268168192669,0.8471799592179787,0.47826978397559183,0.1830872362506068,-0.8278803679619863,-0.5129587365891273,2.1787820521771923
numerical_feature_transformer,1337,NF-ToN-IoT,dc_ssd_no_contrast,NF-BoT-IoT,retained,0.7302589256995818,0.3236935082036002,0.3966772145591281,0.14283622947367586,0.7777321331817008,-0.15514599618538205,-0.29941359764499564,0.5063721991887262
numerical_feature_transformer,1337,NF-ToN-IoT,dc_ssd_no_contrast,NF-CSE-CIC-IDS2018,retained,0.871000811584298,0.22108245446760505,0.3529477535092006,0.10194925425949547,0.2505631028996129,-0.6024346164668447,-0.4327749724950364,0.4337747481246108
numerical_feature_transformer,1337,NF-ToN-IoT,dc_ssd_no_class_balance,NF-UNSW-NB15,retained,0.07501668096463636,0.498406540750625,0.49874343215865047,0.21266721009041684,0.16275731188097026,-0.8509492305672639,-0.862242840880048,0.6894881840180606
numerical_feature_transformer,1337,NF-ToN-IoT,dc_ssd_no_class_balance,NF-ToN-IoT,forgotten,0.8396745358698143,0.47036422764528635,0.47474224630526723,0.1825730754381236,0.3575634682278518,-0.060395976551268604,-0.1900245501029464,-0.1879301806046465
numerical_feature_transformer,1337,NF-ToN-IoT,dc_ssd_no_class_balance,NF-BoT-IoT,retained,0.4372386619491798,0.4984776350821568,0.49866960945918665,0.2133707633714288,0.5895831344895334,-0.3804446469938222,-0.5449565818435604,0.6705819805393669
numerical_feature_transformer,1337,NF-ToN-IoT,dc_ssd_no_class_balance,NF-CSE-CIC-IDS2018,retained,0.124855836999701,0.49457997873082066,0.49470743571138537,0.20258016436898493,0.23975468245567338,-0.6847803138889521,-0.6563447113748717,0.5974039586621386
numerical_feature_transformer,1337,NF-ToN-IoT,dc_ssd,NF-UNSW-NB15,retained,0.9250786388332857,0.0960178861851819,0.26167782557947017,0.05211653255726964,0.30932590154359607,-0.9880352644836272,-0.14986169625991796,0.27795956528391147
numerical_feature_transformer,1337,NF-ToN-IoT,dc_ssd,NF-ToN-IoT,forgotten,0.16021086408434562,0.8135448740350835,0.8776812430809355,0.5063148571859309,0.0971501687447162,-0.9141410488245931,-0.15638452864983132,1.8852532988180077
numerical_feature_transformer,1337,NF-ToN-IoT,dc_ssd,NF-BoT-IoT,retained,0.007759729816661306,0.962672439881148,0.9657159763191833,0.61890926472153,0.6459381730590268,-0.9959406240533172,0.051271339990336506,3.4850336688509174
numerical_feature_transformer,1337,NF-ToN-IoT,dc_ssd,NF-CSE-CIC-IDS2018,retained,0.8752295929264021,0.1339501984406475,0.3395558692063809,0.07766480660992027,0.20697120034540673,-0.932412907368759,-0.12203731045093602,0.4465666424521161
numerical_feature_transformer,1337,NF-ToN-IoT,scrub_r,NF-UNSW-NB15,retained,0.9974740253550662,0.0032685819446072644,0.03193777753856157,0.0009386834624659855,0.9596703680771688,0.002876675347146862,-7.180933001382783e-05,0.0009065023702953057
numerical_feature_transformer,1337,NF-ToN-IoT,scrub_r,NF-ToN-IoT,forgotten,0.9449919779967912,0.06710238522435095,0.19801761087083883,0.028339459471940352,0.7641173033587247,-0.018929584301699,0.11310703984369919,-0.010275699612713907
numerical_feature_transformer,1337,NF-ToN-IoT,scrub_r,NF-BoT-IoT,retained,0.9998793824380829,0.004571970920209026,0.016161001021641818,0.0011380863152051397,0.3838580890524022,6.0829963404063214e-05,-0.11891284604785168,0.0036071001660751938
numerical_feature_transformer,1337,NF-ToN-IoT,scrub_r,NF-CSE-CIC-IDS2018,retained,0.9985904062192986,0.021277521731925982,0.044962315640421996,0.005508697416347883,0.7102137041272562,-0.0035439551098676025,0.0016736659889597938,0.002546311295448453
numerical_feature_transformer,1337,NF-ToN-IoT,scrub_r@lr=0.001,NF-UNSW-NB15,retained,0.9970927461633782,0.006434455027404414,0.040647686633553545,0.0021541929816014027,0.8696626770388346,0.0009963870362724725,-0.0007512954634778524,0.004006202058254014
numerical_feature_transformer,1337,NF-ToN-IoT,scrub_r@lr=0.001,NF-ToN-IoT,forgotten,0.3354343341737337,0.6094094640487662,0.7131017331697312,0.34461332153681223,0.5080791010167759,-0.6856477619026637,-0.31890416621178574,1.768200615683798
numerical_feature_transformer,1337,NF-ToN-IoT,scrub_r@lr=0.001,NF-BoT-IoT,retained,0.9878578321003538,0.0121763360692277,0.09185002863560586,0.006077858761185644,0.2967676736378535,-0.005628853971058612,0.10631017250943975,0.031401283452616335
numerical_feature_transformer,1337,NF-ToN-IoT,scrub_r@lr=0.001,NF-CSE-CIC-IDS2018,retained,0.9743283072060143,0.053083719096845845,0.14418523412646903,0.01971168605517169,0.5960878445837499,-0.10894494079494288,-0.009552369685479012,0.05505280655662807
numerical_feature_transformer,1337,NF-BoT-IoT,original,NF-UNSW-NB15,retained,0.9991421218187018,0.0021462856539562424,0.024907103324701373,0.0005992157411359272,0.9364538704314037,-0.005023071697936365,-4.047317972999398e-05,0.0032830045116835605
numerical_feature_transformer,1337,NF-BoT-IoT,original,NF-ToN-IoT,retained,0.787187714875086,0.12479997897164874,0.16816882300210886,0.017600298936272407,0.6979575965231412,0.044443235530007286,0.08971245520156901,-0.057722064729240685
numerical_feature_transformer,1337,NF-BoT-IoT,original,NF-BoT-IoT,forgotten,0.015238018655516243,0.8611694560729398,0.8718978656543417,0.5020223288768669,0.712463333000384,0.9728147857558146,0.850055251337664,-2.492538984919236
numerical_feature_transformer,1337,NF-BoT-IoT,original,NF-CSE-CIC-IDS2018,retained,0.9165776771603092,0.06197449786707852,0.1664617972439809,0.017139091584145668,0.760214321161355,0.21617531471862672,0.07328313448136303,-0.08276517287605584
numerical_feature_transformer,1337,NF-BoT-IoT,rollback_repair,NF-UNSW-NB15,retained,0.9234582022686112,0.2280654011697102,0.2835159681173843,0.09250492594104669,0.2251092197578427,-0.9981308411214953,-0.8946549568127364,0.313550312198622
numerical_feature_transformer,1337,NF-BoT-IoT,rollback_repair,NF-ToN-IoT,retained,0.45037818015127207,0.41897067677867283,0.48733214772642774,0.13700744823245917,0.14555013071905934,-0.6726290622509519,0.02148228954482423,0.6565588273843543
numerical_feature_transformer,1337,NF-BoT-IoT,rollback_repair,NF-BoT-IoT,forgotten,0.9883805082019942,0.08846373224374034,0.12119556542084901,0.01751752737603813,0.5588862633090732,-0.022049751243781095,0.4276766700667489,-0.7406723440706193
numerical_feature_transformer,1337,NF-BoT-IoT,rollback_repair,NF-CSE-CIC-IDS2018,retained,0.8779206355986502,0.2025394163923663,0.27181722286319965,0.0644457286220569,0.3299062951348939,-0.5433019785922802,-0.03794394779822241,0.12631138367560746
numerical_feature_transformer,1337,NF-BoT-IoT,ssd_canonical,NF-UNSW-NB15,retained,0.9991421218187018,0.0021462856539562424,0.024907103324701373,0.0005992157411359272,0.9364538704314037,-0.005023071697936365,-4.047317972999398e-05,0.0032830045116835605
numerical_feature_transformer,1337,NF-BoT-IoT,ssd_canonical,NF-ToN-IoT,retained,0.787187714875086,0.12479997897164874,0.16816882300210886,0.017600298936272407,0.6979575965231412,0.044443235530007286,0.08971245520156901,-0.057722064729240685
numerical_feature_transformer,1337,NF-BoT-IoT,ssd_canonical,NF-BoT-IoT,forgotten,0.015238018655516243,0.8611694560729398,0.8718978656543417,0.5020223288768669,0.712463333000384,0.9728147857558146,0.850055251337664,-2.492538984919236
numerical_feature_transformer,1337,NF-BoT-IoT,ssd_canonical,NF-CSE-CIC-IDS2018,retained,0.9165776771603092,0.06197449786707852,0.1664617972439809,0.017139091584145668,0.760214321161355,0.21617531471862672,0.07328313448136303,-0.08276517287605584
numerical_feature_transformer,1337,NF-BoT-IoT,ssd_canonical@alpha=1,NF-UNSW-NB15,retained,0.9993327614145459,0.002093233772997415,0.023260324248579132,0.0005424660340270634,0.9376519231247198,-0.0037628811715578747,-4.037666181333499e-05,0.00308198917172554
numerical_feature_transformer,1337,NF-BoT-IoT,ssd_canonical@alpha=1,NF-ToN-IoT,retained,0.7890213156085263,0.12911262110586907,0.17635125431685048,0.019303465018214044,0.712730796333838,0.07854792118409604,0.10915815581930244,-0.07677237661872915
numerical_feature_transformer,1337,NF-BoT-IoT,ssd_canonical@alpha=1,NF-BoT-IoT,forgotten,0.01732872306207784,0.8345477638124592,0.8486162497718254,0.4609665214492528,0.8509260599506123,0.9714719914074458,0.8432215332581736,-2.4634798220760175
numerical_feature_transformer,1337,NF-BoT-IoT,ssd_canonical@alpha=1,NF-CSE-CIC-IDS2018,retained,0.9170902567169279,0.06405777088033467,0.16940432135064606,0.01792056464250825,0.7562533579446042,0.21285471401968858,0.07514830214480073,-0.08306142788574561
numerical_feature_transformer,1337,NF-BoT-IoT,ssd_canonical@alpha=2,NF-UNSW-NB15,retained,0.9993327614145459,0.002074736711054417,0.02397247097096534,0.0005661758369565271,0.937293665131781,-0.0037628811715578747,-4.095576931339995e-05,0.0031482591303318226
numerical_feature_transformer,1337,NF-BoT-IoT,ssd_canonical@alpha=2,NF-ToN-IoT,retained,0.7965849186339674,0.12539148184868304,0.17033076695309848,0.018075332446385293,0.7067720033355138,0.02307846775996114,0.09120411926324434,-0.03968801983542991
numerical_feature_transformer,1337,NF-BoT-IoT,ssd_canonical@alpha=2,NF-BoT-IoT,forgotten,0.015640077195239625,0.8600118419567879,0.8706869833013702,0.4988777190750686,0.7785826047226583,0.9725299753155588,0.8498147849895313,-2.490561734503405
numerical_feature_transformer,1337,NF-BoT-IoT,ssd_canonical@alpha=2,NF-CSE-CIC-IDS2018,retained,0.9209346033915681,0.0611437373084876,0.16549204341118767,0.017014141854585888,0.7572605498181395,0.22598905156831517,0.07506834812805951,-0.08635978256258692
numerical_feature_transformer,1337,NF-BoT-IoT,ssd_canonical@alpha=3,NF-UNSW-NB15,retained,0.9991421218187018,0.0021462856539562424,0.024907103324701373,0.0005992157411359272,0.9364538704314037,-0.005023071697936365,-4.047317972999398e-05,0.0032830045116835605
numerical_feature_transformer,1337,NF-BoT-IoT,ssd_canonical@alpha=3,NF-ToN-IoT,retained,0.787187714875086,0.12479997897164874,0.16816882300210886,0.017600298936272407,0.6979575965231412,0.044443235530007286,0.08971245520156901,-0.057722064729240685
numerical_feature_transformer,1337,NF-BoT-IoT,ssd_canonical@alpha=3,NF-BoT-IoT,forgotten,0.015238018655516243,0.8611694560729398,0.8718978656543417,0.5020223288768669,0.712463333000384,0.9728147857558146,0.850055251337664,-2.492538984919236
numerical_feature_transformer,1337,NF-BoT-IoT,ssd_canonical@alpha=3,NF-CSE-CIC-IDS2018,retained,0.9165776771603092,0.06197449786707852,0.1664617972439809,0.017139091584145668,0.760214321161355,0.21617531471862672,0.07328313448136303,-0.08276517287605584
numerical_feature_transformer,1337,NF-BoT-IoT,ssd_canonical@alpha=5,NF-UNSW-NB15,retained,0.9991421218187018,0.0021462856539562424,0.024907103324701373,0.0005992157411359272,0.9364538704314037,-0.005023071697936365,-4.047317972999398e-05,0.0032830045116835605
numerical_feature_transformer,1337,NF-BoT-IoT,ssd_canonical@alpha=5,NF-ToN-IoT,retained,0.787187714875086,0.12479997897164874,0.16816882300210886,0.017600298936272407,0.6979575965231412,0.044443235530007286,0.08971245520156901,-0.057722064729240685
numerical_feature_transformer,1337,NF-BoT-IoT,ssd_canonical@alpha=5,NF-BoT-IoT,forgotten,0.015238018655516243,0.8611694560729398,0.8718978656543417,0.5020223288768669,0.712463333000384,0.9728147857558146,0.850055251337664,-2.492538984919236
numerical_feature_transformer,1337,NF-BoT-IoT,ssd_canonical@alpha=5,NF-CSE-CIC-IDS2018,retained,0.9165776771603092,0.06197449786707852,0.1664617972439809,0.017139091584145668,0.760214321161355,0.21617531471862672,0.07328313448136303,-0.08276517287605584
numerical_feature_transformer,1337,NF-BoT-IoT,dc_ssd_no_contrast,NF-UNSW-NB15,retained,0.08159374702125631,0.7078673438532163,0.7271740642409507,0.3589568144824093,0.20626345982475092,-0.8623582646709528,-0.3319261450049147,1.3408210617368774
numerical_feature_transformer,1337,NF-BoT-IoT,dc_ssd_no_contrast,NF-ToN-IoT,retained,0.5968370387348155,0.1978987302500905,0.2735416097391341,0.04563324732440518,0.5674536289819622,0.23499268922316907,0.03485654731213561,-0.20513259916051452
numerical_feature_transformer,1337,NF-BoT-IoT,dc_ssd_no_contrast,NF-BoT-IoT,forgotten,0.9815053071727243,0.22781597047730254,0.2474547522875668,0.05059911522772001,0.8745750341564726,0.03282089961137134,0.22513354270682343,-1.443198655901292
numerical_feature_transformer,1337,NF-BoT-IoT,dc_ssd_no_contrast,NF-CSE-CIC-IDS2018,retained,0.8452436888642091,0.2816519157898784,0.3235474209544097,0.09313811174546911,0.3647577301315179,0.015020432941140416,-0.10146775996002688,0.20017061579369477
numerical_feature_transformer,1337,NF-BoT-IoT,dc_ssd_no_class_balance,NF-UNSW-NB15,retained,0.9993327614145459,0.0020016338293495574,0.023091248910502196,0.00053220108588959,0.9373503349083038,-0.0037628811715578747,-4.082707875785463e-05,0.002975043170607873
numerical_feature_transformer,1337,NF-BoT-IoT,dc_ssd_no_class_balance,NF-ToN-IoT,retained,0.7867293146917259,0.12629823682169627,0.17043881649946943,0.018054681894424912,0.7057010487408565,0.06093984234268768,0.09899230158544381,-0.059175740284258094
numerical_feature_transformer,1337,NF-BoT-IoT,dc_ssd_no_class_balance,NF-BoT-IoT,forgotten,0.015640077195239625,0.8610318208474205,0.8717380992568582,0.5015159372605996,0.7401940663649942,0.9725710778765425,0.8483037615647538,-2.491639812412718
numerical_feature_transformer,1337,NF-BoT-IoT,dc_ssd_no_class_balance,NF-CSE-CIC-IDS2018,retained,0.9213617530220837,0.060415617485298966,0.16545584808837405,0.01701329818546214,0.7575305564147172,0.22843858186029176,0.0750814156549634,-0.08814961608184704
numerical_feature_transformer,1337,NF-BoT-IoT,dc_ssd,NF-UNSW-NB15,retained,0.0765417977313888,0.6889342213880711,0.6997670209673316,0.3381482073698369,0.3217628406635479,-0.8560959522522843,-0.6060100838058635,1.2163019941067517
numerical_feature_transformer,1337,NF-BoT-IoT,dc_ssd,NF-ToN-IoT,retained,0.5496218198487279,0.2500585023286018,0.31679680590075254,0.06050442766664802,0.4016714287579288,0.18094776229085985,-0.11159110395915206,-0.13845018893134398
numerical_feature_transformer,1337,NF-BoT-IoT,dc_ssd,NF-BoT-IoT,forgotten,0.011619491798005789,0.5916546810470057,0.6004264862593589,0.2125926963859114,0.8123202621456266,0.9772260192559373,0.2628800486748627,-2.183822452049177
numerical_feature_transformer,1337,NF-BoT-IoT,dc_ssd,NF-CSE-CIC-IDS2018,retained,0.1220793644013498,0.5758113018656764,0.6099572990153808,0.2419670346807349,0.2835078662317504,-0.2956879211799519,-0.3460823373892892,0.8267965832018938
numerical_feature_transformer,1337,NF-BoT-IoT,scrub_r,NF-UNSW-NB15,retained,0.996568487274807,0.007949522732973033,0.053690844991234186,0.0026926723813243633,0.9104424885422148,-0.022319256143774058,-0.00023183603587784152,0.011205830955992284
numerical_feature_transformer,1337,NF-BoT-IoT,scrub_r,NF-ToN-IoT,retained,0.713041485216594,0.22488773994981684,0.29472901865879153,0.05609127372022533,0.5247854547835299,-0.2342513518813305,0.12389122135467423,0.259680730944589
numerical_feature_transformer,1337,NF-BoT-IoT,scrub_r,NF-BoT-IoT,forgotten,0.9897073013830814,0.10967358556305566,0.14214389645086992,0.02541111098669821,0.6231144151739494,-0.008612438706288594,-0.01248971027719617,0.8108701076249298
numerical_feature_transformer,1337,NF-BoT-IoT,scrub_r,NF-CSE-CIC-IDS2018,retained,0.9278117124428688,0.06951136349050305,0.14907212071323234,0.015316094320184334,0.6721924317424223,0.18689885505682924,0.07563199612683913,-0.1192165710779067
numerical_feature_transformer,1337,NF-BoT-IoT,scrub_r@lr=0.001,NF-UNSW-NB15,retained,0.9977599847488323,0.0076478542102952655,0.04846613379145563,0.002511361627883947,0.9047641480956686,-0.014254774096518985,-0.0001535600054463071,0.011248529631835823
numerical_feature_transformer,1337,NF-BoT-IoT,scrub_r@lr=0.001,NF-ToN-IoT,retained,0.7053632821453129,0.2977121404465623,0.3567784048400226,0.08494429457440353,0.37402190922193057,-0.2455600178979569,-0.0683622278508913,0.8034844997984201
numerical_feature_transformer,1337,NF-BoT-IoT,scrub_r@lr=0.001,NF-BoT-IoT,forgotten,0.99191862335156,0.092241963467789,0.12408524617196175,0.01700132868848723,0.378008199409099,-0.013630217926484969,0.1481149675202663,0.6728562754038614
numerical_feature_transformer,1337,NF-BoT-IoT,scrub_r@lr=0.001,NF-CSE-CIC-IDS2018,retained,0.9254623894750331,0.08692698480723139,0.18172979756819937,0.0237751185276063,0.575271376540785,-0.03643724755469302,-0.059448683596286966,0.08165530264163234
numerical_feature_transformer,1337,NF-CSE-CIC-IDS2018,original,NF-UNSW-NB15,retained,0.9992851015155848,0.0030013023007728016,0.028780427071531056,0.0008745775709698229,0.9697280776818554,-0.004709505288009508,-3.3781270839861044e-05,0.0023724573402364754
numerical_feature_transformer,1337,NF-CSE-CIC-IDS2018,original,NF-ToN-IoT,retained,0.6848498739399496,0.2847423634866373,0.35019351112632524,0.07871439519265257,0.3565685904519193,-0.20010205673020998,-0.14641547297979896,0.3004739359357261
numerical_feature_transformer,1337,NF-CSE-CIC-IDS2018,original,NF-BoT-IoT,retained,0.9948536506915406,0.0058117211962447485,0.03848017750936138,0.001261758309734718,0.6732073359148342,-0.0011370785092896796,-0.0007963350691647664,0.005412503901276049
numerical_feature_transformer,1337,NF-CSE-CIC-IDS2018,original,NF-CSE-CIC-IDS2018,forgotten,0.5634957925761395,0.36499402770823897,0.5026666412868802,0.16439782594175678,0.43736687472493196,0.481471574051924,0.19840833612578423,-1.0139923334942038
numerical_feature_transformer,1337,NF-CSE-CIC-IDS2018,rollback_repair,NF-UNSW-NB15,retained,0.07639881803450577,0.5407108346227387,0.54298035359232,0.23795277227750053,0.37718304901984406,-0.8557823858423574,-0.05234858333575687,0.782020581104036
numerical_feature_transformer,1337,NF-CSE-CIC-IDS2018,rollback_repair,NF-ToN-IoT,retained,0.8355489342195737,0.3274239510049951,0.34136906014463547,0.07947437375996125,0.0627832431011558,-0.06359752996935741,-0.5036939090430184,0.2868296750081683
numerical_feature_transformer,1337,NF-CSE-CIC-IDS2018,rollback_repair,NF-BoT-IoT,retained,0.9924412994532004,0.3800094332869304,0.3809687307216182,0.15229097721130241,0.4572303042914078,0.003274154990833056,-0.40253395608525266,0.46811713814175343
numerical_feature_transformer,1337,NF-CSE-CIC-IDS2018,rollback_repair,NF-CSE-CIC-IDS2018,forgotten,0.5458117978727949,0.3931818546395365,0.42773585575860285,0.13309131097221688,0.15972112148495865,-0.030391661846654677,-0.17962024744271954,-0.35683712604519113
numerical_feature_transformer,1337,NF-CSE-CIC-IDS2018,ssd_canonical,NF-UNSW-NB15,retained,0.9992851015155848,0.0030013023007728016,0.028780427071531056,0.0008745775709698229,0.9697280776818554,-0.004709505288009508,-3.3781270839861044e-05,0.0023724573402364754
numerical_feature_transformer,1337,NF-CSE-CIC-IDS2018,ssd_canonical,NF-ToN-IoT,retained,0.6848498739399496,0.2847423634866373,0.35019351112632524,0.07871439519265257,0.3565685904519193,-0.20010205673020998,-0.14641547297979896,0.3004739359357261
numerical_feature_transformer,1337,NF-CSE-CIC-IDS2018,ssd_canonical,NF-BoT-IoT,retained,0.9948536506915406,0.0058117211962447485,0.03848017750936138,0.001261758309734718,0.6732073359148342,-0.0011370785092896796,-0.0007963350691647664,0.005412503901276049
numerical_feature_transformer,1337,NF-CSE-CIC-IDS2018,ssd_canonical,NF-CSE-CIC-IDS2018,forgotten,0.5634957925761395,0.36499402770823897,0.5026666412868802,0.16439782594175678,0.43736687472493196,0.481471574051924,0.19840833612578423,-1.0139923334942038
numerical_feature_transformer,1337,NF-CSE-CIC-IDS2018,ssd_canonical@alpha=1,NF-UNSW-NB15,retained,0.9550090553808026,0.05495327716598741,0.1803745720325963,0.025760793334007017,0.7978873227352509,-0.41628833083176287,-0.0002104090583738838,0.11677527425900461
numerical_feature_transformer,1337,NF-CSE-CIC-IDS2018,ssd_canonical@alpha=1,NF-ToN-IoT,retained,0.574948429979372,0.3722119435504399,0.47190648059244944,0.13280540536111773,0.4587183482048067,-0.30613430728102053,-0.14072737301607197,0.5907594918330838
numerical_feature_transformer,1337,NF-CSE-CIC-IDS2018,ssd_canonical@alpha=1,NF-BoT-IoT,retained,0.8998874236088774,0.12178456508852101,0.24053253002962588,0.05245684891332623,0.3304955657220446,-0.05217852386525357,-0.022101653513716513,0.20626199436108683
numerical_feature_transformer,1337,NF-CSE-CIC-IDS2018,ssd_canonical@alpha=1,NF-CSE-CIC-IDS2018,forgotten,0.4239887232497544,0.5127647139875326,0.6342597415705151,0.2548271795338673,0.2644886822371961,0.23133902291620279,0.0883893534753094,-0.9253851521815658
numerical_feature_transformer,1337,NF-CSE-CIC-IDS2018,ssd_canonical@alpha=2,NF-UNSW-NB15,retained,0.9969974263654561,0.015458461070899232,0.05060295610968199,0.005241463270019674,0.9416054721333791,-0.019432023599044612,-1.1389114168980363e-05,0.015961868757489568
numerical_feature_transformer,1337,NF-CSE-CIC-IDS2018,ssd_canonical@alpha=2,NF-ToN-IoT,retained,0.9067155626862251,0.23178579389678183,0.2731408179835397,0.051965192251435206,0.4013414889908209,-0.024884947290845227,-0.16025856016784634,0.20823437624328694
numerical_feature_transformer,1337,NF-CSE-CIC-IDS2018,ssd_canonical@alpha=2,NF-BoT-IoT,retained,0.9944917980057897,0.006879090646760602,0.038929624341340646,0.00161052016636536,0.7630437691478155,-0.0010334433354994843,-0.0020232726687067215,0.0016787219360496902
numerical_feature_transformer,1337,NF-CSE-CIC-IDS2018,ssd_canonical@alpha=2,NF-CSE-CIC-IDS2018,forgotten,0.6435863482978087,0.30063243775502346,0.3858725147684414,0.103856272702132,0.49314900289872915,0.3551145117164759,0.1817093449990108,-0.8267672448589105
numerical_feature_transformer,1337,NF-CSE-CIC-IDS2018,ssd_canonical@alpha=3,NF-UNSW-NB15,retained,0.9992851015155848,0.0030013023007728016,0.028780427071531056,0.0008745775709698229,0.9697280776818554,-0.004709505288009508,-3.3781270839861044e-05,0.0023724573402364754
numerical_feature_transformer,1337,NF-CSE-CIC-IDS2018,ssd_canonical@alpha=3,NF-ToN-IoT,retained,0.6848498739399496,0.2847423634866373,0.35019351112632524,0.07871439519265257,0.3565685904519193,-0.20010205673020998,-0.14641547297979896,0.3004739359357261
numerical_feature_transformer,1337,NF-CSE-CIC-IDS2018,ssd_canonical@alpha=3,NF-BoT-IoT,retained,0.9948536506915406,0.0058117211962447485,0.03848017750936138,0.001261758309734718,0.6732073359148342,-0.0011370785092896796,-0.0007963350691647664,0.005412503901276049
numerical_feature_transformer,1337,NF-CSE-CIC-IDS2018,ssd_canonical@alpha=3,NF-CSE-CIC-IDS2018,forgotten,0.5634957925761395,0.36499402770823897,0.5026666412868802,0.16439782594175678,0.43736687472493196,0.481471574051924,0.19840833612578423,-1.0139923334942038
numerical_feature_transformer,1337,NF-CSE-CIC-IDS2018,ssd_canonical@alpha=5,NF-UNSW-NB15,retained,0.9992851015155848,0.0030013023007728016,0.028780427071531056,0.0008745775709698229,0.9697280776818554,-0.004709505288009508,-3.3781270839861044e-05,0.0023724573402364754
numerical_feature_transformer,1337,NF-CSE-CIC-IDS2018,ssd_canonical@alpha=5,NF-ToN-IoT,retained,0.6848498739399496,0.2847423634866373,0.35019351112632524,0.07871439519265257,0.3565685904519193,-0.20010205673020998,-0.14641547297979896,0.3004739359357261
numerical_feature_transformer,1337,NF-CSE-CIC-IDS2018,ssd_canonical@alpha=5,NF-BoT-IoT,retained,0.9948536506915406,0.0058117211962447485,0.03848017750936138,0.001261758309734718,0.6732073359148342,-0.0011370785092896796,-0.0007963350691647664,0.005412503901276049
numerical_feature_transformer,1337,NF-CSE-CIC-IDS2018,ssd_canonical@alpha=5,NF-CSE-CIC-IDS2018,forgotten,0.5634957925761395,0.36499402770823897,0.5026666412868802,0.16439782594175678,0.43736687472493196,0.481471574051924,0.19840833612578423,-1.0139923334942038
numerical_feature_transformer,1337,NF-CSE-CIC-IDS2018,dc_ssd_no_contrast,NF-UNSW-NB15,retained,0.9991897817176627,0.005455839517994537,0.03035015357569461,0.001591962355306102,0.9668392322757853,-0.005340785683355276,-5.302050889910426e-05,0.004597738532781783
numerical_feature_transformer,1337,NF-CSE-CIC-IDS2018,dc_ssd_no_contrast,NF-ToN-IoT,retained,0.5773550309420123,0.3955282926945252,0.49927532704970007,0.15174600646676087,0.2439979212870211,-0.3252452206529014,-0.31034888380342984,0.7828259503449364
numerical_feature_transformer,1337,NF-CSE-CIC-IDS2018,dc_ssd_no_contrast,NF-BoT-IoT,retained,0.9946124155677066,0.006764650662952277,0.0435029363246315,0.0016732823935421545,0.5828144239855931,-0.0019506240074689263,-0.000778439899071337,0.008798041907714164
numerical_feature_transformer,1337,NF-CSE-CIC-IDS2018,dc_ssd_no_contrast,NF-CSE-CIC-IDS2018,forgotten,0.5518773226261159,0.36062507627922075,0.4945965190490143,0.15548401559693012,0.4510262924416702,0.5092711563281865,0.20199579330895712,-1.0271343566644235
numerical_feature_transformer,1337,NF-CSE-CIC-IDS2018,dc_ssd_no_class_balance,NF-UNSW-NB15,retained,0.9687351062815747,0.04271603142293743,0.14502240994946744,0.018498569795444137,0.8392347993903472,-0.2561473413521016,-2.284257361595543e-06,0.07034512360002473
numerical_feature_transformer,1337,NF-CSE-CIC-IDS2018,dc_ssd_no_class_balance,NF-ToN-IoT,retained,0.6388952555581022,0.3137825560196876,0.3822145075189146,0.09001622060861839,0.3828440740059738,-0.2568164420217097,-0.16499380982201617,0.36845097018852485
numerical_feature_transformer,1337,NF-CSE-CIC-IDS2018,dc_ssd_no_class_balance,NF-BoT-IoT,retained,0.994411386297845,0.009417486227278117,0.05253929207179811,0.0026414646165037158,0.7449189210009168,-0.0024187494589652525,-0.0021675524775862653,0.012963615937321454
numerical_feature_transformer,1337,NF-CSE-CIC-IDS2018,dc_ssd_no_class_balance,NF-CSE-CIC-IDS2018,forgotten,0.5617871940540772,0.35300373446101396,0.4721514716252363,0.14094192756067325,0.47104013906481723,0.48765795144571933,0.20095355653571534,-0.9943889393197405
numerical_feature_transformer,1337,NF-CSE-CIC-IDS2018,dc_ssd,NF-UNSW-NB15,retained,0.9979982842436375,0.020861356683550467,0.0437457134493025,0.006876764650794476,0.9430194083457795,-0.013299107255012377,-5.0511043065304406e-05,0.021169956190225218
numerical_feature_transformer,1337,NF-CSE-CIC-IDS2018,dc_ssd,NF-ToN-IoT,retained,0.6474902589961036,0.319376683578248,0.40238710272310924,0.09835931139859891,0.29333080661117866,-0.243629085873876,-0.20087502165647364,0.42490108091965045
numerical_feature_transformer,1337,NF-CSE-CIC-IDS2018,dc_ssd,NF-BoT-IoT,retained,0.9936474750723705,0.008496281925512088,0.043161625132172504,0.0020921319914820385,0.5596283756031556,-0.002442513183680717,0.00017559635654329497,0.009343662877507104
numerical_feature_transformer,1337,NF-CSE-CIC-IDS2018,dc_ssd,NF-CSE-CIC-IDS2018,forgotten,0.5438896245354747,0.35840234504767476,0.46969882472690655,0.13961647312243636,0.5348654065933466,0.5287123424150258,0.2019397112127682,-1.0016183319274157
numerical_feature_transformer,1337,NF-CSE-CIC-IDS2018,scrub_r,NF-UNSW-NB15,retained,0.9995234010103898,0.005293759790960378,0.024846834870430153,0.0013371943534251543,0.9227166957838758,-0.0018658577075199023,-0.00015314176114056277,0.004166489420681433
numerical_feature_transformer,1337,NF-CSE-CIC-IDS2018,scrub_r,NF-ToN-IoT,retained,0.856176942470777,0.18841651552562227,0.28622429474454514,0.05397210571190302,0.24648773171179664,-0.04723440396365941,-0.2198055243497482,0.27002085311349705
numerical_feature_transformer,1337,NF-CSE-CIC-IDS2018,scrub_r,NF-BoT-IoT,retained,0.997386619491798,0.012522952870406709,0.0550782625991465,0.004156321286122302,0.3445403253357672,-0.001236794293272725,-0.024631583185698025,0.021782232537428035
numerical_feature_transformer,1337,NF-CSE-CIC-IDS2018,scrub_r,NF-CSE-CIC-IDS2018,forgotten,0.5488018452864039,0.39703813149976586,0.5311400312054538,0.1791480807610866,0.388850461606594,-0.024335404994408838,-0.06591843270758979,0.6009192301892181
numerical_feature_transformer,1337,NF-CSE-CIC-IDS2018,scrub_r@lr=0.001,NF-UNSW-NB15,retained,0.9993327614145459,0.007416403606677666,0.03635108408266369,0.002060809097281177,0.9442432759303129,-0.0037566307603337235,-8.422796862739279e-05,0.007348485388935634
numerical_feature_transformer,1337,NF-CSE-CIC-IDS2018,scrub_r@lr=0.001,NF-ToN-IoT,retained,0.6725876690350676,0.2806434020375285,0.3536422931446435,0.07800480720067979,0.26099614420289324,-0.2004435380342221,-0.3121110250491427,0.3376823890870429
numerical_feature_transformer,1337,NF-CSE-CIC-IDS2018,scrub_r@lr=0.001,NF-BoT-IoT,retained,0.9933660340945641,0.019936164562820918,0.045676604816961446,0.00592342899047253,0.5462664806152601,-0.0006279715968871002,-0.007201687514539867,0.021576985059114876
numerical_feature_transformer,1337,NF-CSE-CIC-IDS2018,scrub_r@lr=0.001,NF-CSE-CIC-IDS2018,forgotten,0.5696894622186152,0.3578144918538254,0.47830139595734594,0.14826617464697275,0.6569871786333278,-0.023014231873129398,0.03859481289256339,0.39715024106033225
mlp,2026,NF-UNSW-NB15,original,NF-UNSW-NB15,forgotten,0.27032694690687253,0.658530482417219,0.7268603736274326,0.3614386089172789,0.2891293621653234,0.9569170975646409,0.8590982067228461,-1.6090960155327811
mlp,2026,NF-UNSW-NB15,original,NF-ToN-IoT,retained,0.9741003896401559,0.04032480977448285,0.06478539231457127,0.0040227673499300546,0.9416908975807341,0.004322655547539411,-0.038921473437062204,0.2791813429324006
mlp,2026,NF-UNSW-NB15,original,NF-BoT-IoT,retained,0.997266001929881,0.002699338013588087,0.025184110514309407,0.0004584874051052854,0.8032965468617446,0.00040599791772477634,0.0051817701902255875,-0.0032690638374251527
mlp,2026,NF-UNSW-NB15,original,NF-CSE-CIC-IDS2018,retained,0.983127589594635,0.024015414516417588,0.05867196124291172,0.002974657872837137,0.8781697952294468,-0.01363864923166791,0.004986231428096954,-0.0037111132308486616
mlp,2026,NF-UNSW-NB15,rollback_repair,NF-UNSW-NB15,forgotten,0.6889714993804213,0.30764074002762287,0.33418916873439164,0.07525931988249639,0.25294938528737054,0.09350480887876472,0.10374546784035882,-0.8651303342546096
mlp,2026,NF-UNSW-NB15,rollback_repair,NF-ToN-IoT,retained,0.47914279165711665,0.35973534137903945,0.4016384725328121,0.11020519203042872,0.33620714418302605,0.16872925204047762,-0.2704108249429821,-0.6301542937183962
mlp,2026,NF-UNSW-NB15,rollback_repair,NF-BoT-IoT,retained,0.9883403023480218,0.37674707241016686,0.37904932852554063,0.15030197582008323,0.487940227752826,0.004982193260655743,-0.47813322059376173,0.4549893815969278
mlp,2026,NF-UNSW-NB15,rollback_repair,NF-CSE-CIC-IDS2018,retained,0.13096407671607363,0.5553028287677934,0.5710117904400959,0.2281410354900902,0.494547468594879,-0.35177008037851165,-0.6366237381114828,0.6167313329255844
mlp,2026,NF-UNSW-NB15,ssd_canonical,NF-UNSW-NB15,forgotten,0.27032694690687253,0.658530482417219,0.7268603736274326,0.3614386089172789,0.2891293621653234,0.9569170975646409,0.8590982067228461,-1.6090960155327811
mlp,2026,NF-UNSW-NB15,ssd_canonical,NF-ToN-IoT,retained,0.9741003896401559,0.04032480977448285,0.06478539231457127,0.0040227673499300546,0.9416908975807341,0.004322655547539411,-0.038921473437062204,0.2791813429324006
mlp,2026,NF-UNSW-NB15,ssd_canonical,NF-BoT-IoT,retained,0.997266001929881,0.002699338013588087,0.025184110514309407,0.0004584874051052854,0.8032965468617446,0.00040599791772477634,0.0051817701902255875,-0.0032690638374251527
mlp,2026,NF-UNSW-NB15,ssd_canonical,NF-CSE-CIC-IDS2018,retained,0.983127589594635,0.024015414516417588,0.05867196124291172,0.002974657872837137,0.8781697952294468,-0.01363864923166791,0.004986231428096954,-0.0037111132308486616
mlp,2026,NF-UNSW-NB15,ssd_canonical@alpha=1,NF-UNSW-NB15,forgotten,0.27132780478505386,0.6564052608688417,0.7247755788459093,0.35830227822084737,0.3261256530208201,0.9496416662807162,0.8590124022949129,-1.6052257022564864
mlp,2026,NF-UNSW-NB15,ssd_canonical@alpha=1,NF-ToN-IoT,retained,0.9743295897318359,0.04002590628418855,0.0631742168253525,0.00403461380294962,0.9400057338805997,0.0032865383701459194,-0.04604779111565671,0.3248375846259064
mlp,2026,NF-UNSW-NB15,ssd_canonical@alpha=1,NF-BoT-IoT,retained,0.9977082663235767,0.0025021704803398705,0.02202748135241624,0.00036721596379957406,0.8093164754233281,0.00014153618344381336,0.00483840661405488,-0.0028125055839300396
mlp,2026,NF-UNSW-NB15,ssd_canonical@alpha=1,NF-CSE-CIC-IDS2018,retained,0.9825722950749648,0.026316800972496654,0.06210454825883896,0.00333753547114317,0.8727648894012424,-0.014405606311875485,0.009309003914002578,-0.02303989645328619
mlp,2026,NF-UNSW-NB15,ssd_canonical@alpha=2,NF-UNSW-NB15,forgotten,0.2703746068058336,0.6579299090511793,0.7262098549923267,0.36010744504434145,0.29375933023634543,0.956603341108685,0.8590666775367289,-1.608386168723886
mlp,2026,NF-UNSW-NB15,ssd_canonical@alpha=2,NF-ToN-IoT,retained,0.9744441897776759,0.04065704104008747,0.0653384924386736,0.004068785694268955,0.9416641638396888,0.00394365180604106,-0.039981941487574946,0.2832076599791524
mlp,2026,NF-UNSW-NB15,ssd_canonical@alpha=2,NF-BoT-IoT,retained,0.9977082663235767,0.002588892105303014,0.02312887656498934,0.0004043893734895516,0.8030200844387164,0.00022292384347311067,0.0049066319500366,-0.0032779538822695145
mlp,2026,NF-UNSW-NB15,ssd_canonical@alpha=2,NF-CSE-CIC-IDS2018,retained,0.9832130195207381,0.023812205091983785,0.05818217978656517,0.00294231605723904,0.8774387115433755,-0.013319058308050136,0.006691024897713893,-0.011622921599250269
mlp,2026,NF-UNSW-NB15,ssd_canonical@alpha=3,NF-UNSW-NB15,forgotten,0.27027928700791154,0.6585880731927068,0.726905184353521,0.36150004870468033,0.29187565629517886,0.957226200031139,0.8590954398759011,-1.6091981413549747
mlp,2026,NF-UNSW-NB15,ssd_canonical@alpha=3,NF-ToN-IoT,retained,0.9739857895943158,0.040375020118758646,0.06492069431943322,0.0040252817257320425,0.9418630833469244,0.004200489678011454,-0.038632662913131166,0.2774920680007158
mlp,2026,NF-UNSW-NB15,ssd_canonical@alpha=3,NF-BoT-IoT,retained,0.9971051785139916,0.0027281226433943347,0.025625670990145694,0.0004710901903477009,0.803303445267983,0.0004873427755022197,0.005184007086487252,-0.0032454423997719598
mlp,2026,NF-UNSW-NB15,ssd_canonical@alpha=3,NF-CSE-CIC-IDS2018,retained,0.9830848746315834,0.02405681886718277,0.05889856684069123,0.00299304918983758,0.8781258246813477,-0.013412959523664947,0.004784068215558102,-0.0027093733485901716
mlp,2026,NF-UNSW-NB15,ssd_canonical@alpha=5,NF-UNSW-NB15,forgotten,0.27032694690687253,0.658530482417219,0.7268603736274326,0.3614386089172789,0.2891293621653234,0.9569170975646409,0.8590982067228461,-1.6090960155327811
mlp,2026,NF-UNSW-NB15,ssd_canonical@alpha=5,NF-ToN-IoT,retained,0.9741003896401559,0.04032480977448285,0.06478539231457127,0.0040227673499300546,0.9416908975807341,0.004322655547539411,-0.038921473437062204,0.2791813429324006
mlp,2026,NF-UNSW-NB15,ssd_canonical@alpha=5,NF-BoT-IoT,retained,0.997266001929881,0.002699338013588087,0.025184110514309407,0.0004584874051052854,0.8032965468617446,0.00040599791772477634,0.0051817701902255875,-0.0032690638374251527
mlp,2026,NF-UNSW-NB15,ssd_canonical@alpha=5,NF-CSE-CIC-IDS2018,retained,0.983127589594635,0.024015414516417588,0.05867196124291172,0.002974657872837137,0.8781697952294468,-0.01363864923166791,0.004986231428096954,-0.0037111132308486616
mlp,2026,NF-UNSW-NB15,dc_ssd_no_contrast,NF-UNSW-NB15,forgotten,0.2721856829663521,0.6509130789475258,0.7187437289925254,0.3494814872551681,0.3227943891179702,0.9438908121079826,0.8581969545894783,-1.597891917872317
mlp,2026,NF-UNSW-NB15,dc_ssd_no_contrast,NF-ToN-IoT,retained,0.9736419894567958,0.04027758642855297,0.0617937555323228,0.004377551321635077,0.9403152828029236,0.005370062893977234,-0.07019314501575191,0.4570072655412938
mlp,2026,NF-UNSW-NB15,dc_ssd_no_contrast,NF-BoT-IoT,retained,0.9976680604696043,0.0022487676578805166,0.019769858794915055,0.000290528809895703,0.8311762585536309,3.978307826912886e-05,0.004548728548164904,-0.0023543736928747956
mlp,2026,NF-UNSW-NB15,dc_ssd_no_contrast,NF-CSE-CIC-IDS2018,retained,0.982059715518346,0.02976820233528955,0.06609562114032447,0.003975394898298217,0.8734704708297037,-0.011266668755381848,0.02349748853862088,-0.06080518105192795
mlp,2026,NF-UNSW-NB15,dc_ssd_no_class_balance,NF-UNSW-NB15,forgotten,0.27223334286531314,0.65505926045107,0.723636948777809,0.3568282273701902,0.31000682802531043,0.9435688883649128,0.8589379869811486,-1.602398968360104
mlp,2026,NF-UNSW-NB15,dc_ssd_no_class_balance,NF-ToN-IoT,retained,0.975017190006876,0.04018093601811294,0.06369686421747361,0.0038962785134667205,0.9451288581733571,0.006446519713429466,-0.032954679086106275,0.2694000109157195
mlp,2026,NF-UNSW-NB15,dc_ssd_no_class_balance,NF-BoT-IoT,retained,0.9977886780315214,0.002392598433974979,0.020930731449578636,0.00033167750775439555,0.8119815340574452,0.00018223166034847527,0.004701955942091107,-0.0028316130718386463
mlp,2026,NF-UNSW-NB15,dc_ssd_no_class_balance,NF-CSE-CIC-IDS2018,retained,0.983127589594635,0.02383678326713791,0.058508429107493966,0.0029745819114334036,0.8754207641541618,-0.011515965692069363,0.009277756133903137,-0.02495801622069871
mlp,2026,NF-UNSW-NB15,dc_ssd,NF-UNSW-NB15,forgotten,0.2741397388237537,0.6388988074517414,0.7058088538821359,0.3326924581062538,0.3860781439088017,0.9293572305056028,0.8559796484894688,-1.5826920655250971
mlp,2026,NF-UNSW-NB15,dc_ssd,NF-ToN-IoT,retained,0.9734127893651158,0.04105641653997864,0.06206854033510957,0.004741696006176403,0.9388289412711137,0.005188968598187849,-0.08216806141606725,0.5632953447729134
mlp,2026,NF-UNSW-NB15,dc_ssd,NF-BoT-IoT,retained,0.9976278546156321,0.0021825977720950508,0.019644744751993563,0.000278465890978755,0.8366845117928802,6.013534669413456e-05,0.004163982391152454,-0.0016444143469085404
mlp,2026,NF-UNSW-NB15,dc_ssd,NF-CSE-CIC-IDS2018,retained,0.9822732903336039,0.031979257697608655,0.06904040005587883,0.004541708698216964,0.8699594821607962,-0.010929566967830318,0.03418129703369843,-0.0782972791083072
mlp,2026,NF-UNSW-NB15,scrub_r,NF-UNSW-NB15,forgotten,0.5809741683347631,0.43409368780581825,0.5268651619097571,0.19639335528316587,0.16810036034073292,0.03698860925528582,0.24527285808082744,11.449765663440807
mlp,2026,NF-UNSW-NB15,scrub_r,NF-ToN-IoT,retained,0.950034380013752,0.06506747503050403,0.11159676454721668,0.009519531712450492,0.060296610958881426,-0.02475469766774485,-0.11548239850908171,0.242342583800212
mlp,2026,NF-UNSW-NB15,scrub_r,NF-BoT-IoT,retained,0.9952155033772917,0.006217649088922738,0.03451911554429146,0.0012823894367563868,0.5648477168191821,-0.0015286460431482851,-0.008020391546321615,0.0070083919021118705
mlp,2026,NF-UNSW-NB15,scrub_r,NF-CSE-CIC-IDS2018,retained,0.9715091196446115,0.04192653017108607,0.09970469202898494,0.008068729153718177,0.8122292071281486,0.0393758643790495,-0.0018431679029539128,-0.02051269669089606
mlp,2026,NF-UNSW-NB15,scrub_r@lr=0.001,NF-UNSW-NB15,forgotten,0.6754837479744543,0.350418952731257,0.434182643548543,0.14355128172670104,0.15037969709122034,0.011615876101744069,0.007425107244274476,14.460110756701265
mlp,2026,NF-UNSW-NB15,scrub_r@lr=0.001,NF-ToN-IoT,retained,0.9672243868897548,0.05442239578965679,0.09436540518926716,0.0072987284369521975,0.07729149218386676,-0.013155219008375019,-0.10653931935179672,0.22497841504140448
mlp,2026,NF-UNSW-NB15,scrub_r@lr=0.001,NF-BoT-IoT,retained,0.997266001929881,0.005092924082748763,0.03128959184618096,0.00099353469186214,0.6966692166426391,-0.0005701514443673394,-0.00450063527853839,0.006903962169252251
mlp,2026,NF-UNSW-NB15,scrub_r@lr=0.001,NF-CSE-CIC-IDS2018,retained,0.9758660458758703,0.03743232823161655,0.09127367571361851,0.006997528397897544,0.7791080093760054,0.040309165362262034,0.02037198121331729,-0.06435660117135705
mlp,2026,NF-ToN-IoT,original,NF-UNSW-NB15,retained,0.9994280812124678,0.0010351469755828816,0.017139972642988565,0.00026927540410395426,0.9624206757502698,-0.0018540025466299292,3.571162917270776e-06,6.243067208111389e-05
mlp,2026,NF-ToN-IoT,original,NF-ToN-IoT,forgotten,0.5382764153105661,0.32163122756590273,0.4450831751505149,0.11995332472732516,0.9132257673819915,0.5877653009057107,0.1414295295761656,-1.1193929669153178
mlp,2026,NF-ToN-IoT,original,NF-BoT-IoT,retained,0.9854052750080412,0.01040146329816222,0.07516646068128738,0.003549674158307009,0.6473670573904826,0.0019317125876566754,0.006153701615933649,-0.017127301875258263
mlp,2026,NF-ToN-IoT,original,NF-CSE-CIC-IDS2018,retained,0.9403699115800265,0.0867184265113898,0.19188501977403516,0.0303726656949355,0.6967980425512085,-0.06693794250426877,0.05060471973207381,0.007944142406899446
mlp,2026,NF-ToN-IoT,rollback_repair,NF-UNSW-NB15,retained,0.9237441616623773,0.1823958431436487,0.26758006933906886,0.07852161736481572,0.24809605731611747,-0.9943820224719101,-0.035223521982534645,0.276832511476807
mlp,2026,NF-ToN-IoT,rollback_repair,NF-ToN-IoT,forgotten,0.9362823745129498,0.14184567060634234,0.19480700083400454,0.03709141452334236,0.30441238196650316,-0.10151708492839927,0.0049424750892723135,-1.1091275063827999
mlp,2026,NF-ToN-IoT,rollback_repair,NF-BoT-IoT,retained,0.013871019620456738,0.8456801744602682,0.8503769613944516,0.46897677504535024,0.6493355553998521,-0.9927678625691307,-0.03125447379252355,1.9187424537961242
mlp,2026,NF-ToN-IoT,rollback_repair,NF-CSE-CIC-IDS2018,retained,0.930972619708684,0.16007379861380516,0.24104949677179557,0.058959152776038276,0.5389004894487048,-0.6543460601137286,-0.008548373097411854,0.05105697223798683
mlp,2026,NF-ToN-IoT,ssd_canonical,NF-UNSW-NB15,retained,0.9994280812124678,0.0010351469755828816,0.017139972642988565,0.00026927540410395426,0.9624206757502698,-0.0018540025466299292,3.571162917270776e-06,6.243067208111389e-05
mlp,2026,NF-ToN-IoT,ssd_canonical,NF-ToN-IoT,forgotten,0.5382764153105661,0.32163122756590273,0.4450831751505149,0.11995332472732516,0.9132257673819915,0.5877653009057107,0.1414295295761656,-1.1193929669153178
mlp,2026,NF-ToN-IoT,ssd_canonical,NF-BoT-IoT,retained,0.9854052750080412,0.01040146329816222,0.07516646068128738,0.003549674158307009,0.6473670573904826,0.0019317125876566754,0.006153701615933649,-0.017127301875258263
mlp,2026,NF-ToN-IoT,ssd_canonical,NF-CSE-CIC-IDS2018,retained,0.9403699115800265,0.0867184265113898,0.19188501977403516,0.0303726656949355,0.6967980425512085,-0.06693794250426877,0.05060471973207381,0.007944142406899446
mlp,2026,NF-ToN-IoT,ssd_canonical@alpha=1,NF-UNSW-NB15,retained,0.8765608616909732,0.4349346236893922,0.4392890850304287,0.1815208253629526,0.22476941423171237,-0.7197735213533418,-0.3820486712828828,0.5751507726120285
mlp,2026,NF-ToN-IoT,ssd_canonical@alpha=1,NF-ToN-IoT,forgotten,0.9219573687829475,0.3024164396809342,0.32737315184668825,0.09437213463255056,0.45810345097376604,-0.06568646603589112,0.03942769458492523,-1.8393955874516341
mlp,2026,NF-ToN-IoT,ssd_canonical@alpha=1,NF-BoT-IoT,retained,0.22366516564811836,0.5115342340278748,0.5140865271415068,0.22072034961778023,0.46971299804330113,-0.6439677562073678,-0.1994880862905104,0.6962296373387765
mlp,2026,NF-ToN-IoT,ssd_canonical@alpha=1,NF-CSE-CIC-IDS2018,retained,0.8528042373243347,0.4135456493213731,0.41942516767782273,0.1574753043007824,0.29501469780471745,-0.6450148003936664,-0.4973266456467452,0.25207702102821883
mlp,2026,NF-ToN-IoT,ssd_canonical@alpha=2,NF-UNSW-NB15,retained,0.8774663997712325,0.43855730661768805,0.4417505421958393,0.183098851226744,0.12285572370493754,-0.7033228752917176,-0.3096867440234178,0.5798074998762067
mlp,2026,NF-ToN-IoT,ssd_canonical@alpha=2,NF-ToN-IoT,forgotten,0.881159752463901,0.325320016128709,0.3553072775617387,0.10537820894954067,0.12050490570606857,-0.014989155026975384,-0.043558772648148336,-1.8616182914045125
mlp,2026,NF-ToN-IoT,ssd_canonical@alpha=2,NF-BoT-IoT,retained,0.9904310067545835,0.42130908203257805,0.4233203880105845,0.17277578270875124,0.32229480716725556,0.0010179399124998767,-0.3167143125570411,0.5217210244859666
mlp,2026,NF-ToN-IoT,ssd_canonical@alpha=2,NF-CSE-CIC-IDS2018,retained,0.5655461108026142,0.47651173740495917,0.48363146355531,0.1901414304040823,0.2853958410267279,-0.46965194520328435,-0.4293084688822336,0.3451588607006678
mlp,2026,NF-ToN-IoT,ssd_canonical@alpha=3,NF-UNSW-NB15,retained,0.925984176913545,0.3016260563850727,0.3259920063518855,0.12154185194672983,0.18352588625300145,-0.9374468316784516,-0.48745553419578325,0.3838423912255933
mlp,2026,NF-ToN-IoT,ssd_canonical@alpha=3,NF-ToN-IoT,forgotten,0.9362823745129498,0.20457371976316777,0.2302173761378154,0.05665474021294431,0.48810478548047115,-0.10151708492839927,-0.2628498241207783,-1.5700220560729317
mlp,2026,NF-ToN-IoT,ssd_canonical@alpha=3,NF-BoT-IoT,retained,0.013871019620456738,0.6800403549532984,0.6837639605954382,0.327397270787086,0.5825572898084858,-0.9927678625691307,-0.25231183228646603,1.1368610474233032
mlp,2026,NF-ToN-IoT,ssd_canonical@alpha=3,NF-CSE-CIC-IDS2018,retained,0.930972619708684,0.291238106158164,0.3124872456102726,0.10381188105651612,0.2662140586629633,-0.6543460601137286,-0.43939428388779656,0.12141529209326912
mlp,2026,NF-ToN-IoT,ssd_canonical@alpha=5,NF-UNSW-NB15,retained,0.7756648555905061,0.34164164166282635,0.4297237182085964,0.15749415891502871,0.4555265567611602,-0.5960672005645948,-0.0366224044080119,0.5804531342439923
mlp,2026,NF-ToN-IoT,ssd_canonical@alpha=5,NF-ToN-IoT,forgotten,0.2798533119413248,0.6079454787895469,0.6678597605957187,0.2953368734555804,0.6881551807239072,0.7088317613150938,0.18493043654133634,-1.9290908596879377
mlp,2026,NF-ToN-IoT,ssd_canonical@alpha=5,NF-BoT-IoT,retained,0.4565374718559022,0.41753907481293373,0.5385093686956887,0.2037410681881043,0.6266789373439037,-0.36341188550693404,-0.462290402820279,0.7021324992573024
mlp,2026,NF-ToN-IoT,ssd_canonical@alpha=5,NF-CSE-CIC-IDS2018,retained,0.5894237751484345,0.4715940315679261,0.6282879822381398,0.27401396728017763,0.3658554989920697,-0.43022033450138264,-0.4029634775104104,1.5553657851537785
mlp,2026,NF-ToN-IoT,dc_ssd_no_contrast,NF-UNSW-NB15,retained,0.9420455628634067,0.09295334464714954,0.19510087265039958,0.03968091620219385,0.49123874643606774,-0.5891342090608314,-0.018757227583327873,0.1383648326553617
mlp,2026,NF-ToN-IoT,dc_ssd_no_contrast,NF-ToN-IoT,forgotten,0.9352509741003896,0.14709866051105058,0.206219527441127,0.04066351777910748,0.5311377781073234,-0.0972226064007919,-0.03148832262921769,-0.739665904239668
mlp,2026,NF-ToN-IoT,dc_ssd_no_contrast,NF-BoT-IoT,retained,0.9720167256352525,0.0386472922439499,0.12432118979103471,0.015017237793919802,0.5467311248649461,-0.012866817587710466,-0.0035913369481579416,0.05312415135673785
mlp,2026,NF-ToN-IoT,dc_ssd_no_contrast,NF-CSE-CIC-IDS2018,retained,0.9410533509888513,0.14350225644099396,0.22806612579350233,0.05195058006014051,0.30585644037219056,-0.5148502617944009,-0.20116315575752242,0.04882848505561682
mlp,2026,NF-ToN-IoT,dc_ssd_no_class_balance,NF-UNSW-NB15,retained,0.9263177962062721,0.4463383557408461,0.44735074453220836,0.18650275366265037,0.20938319854904316,-0.9246704840103717,-0.24494458455986168,0.5906245959081527
mlp,2026,NF-ToN-IoT,dc_ssd_no_class_balance,NF-ToN-IoT,forgotten,0.943616777446711,0.3420780107963574,0.3635349869212799,0.10916236117132413,0.168686034450794,-0.09423000431506998,-0.1952853900267874,-1.9061190827640533
mlp,2026,NF-ToN-IoT,dc_ssd_no_class_balance,NF-BoT-IoT,retained,0.01652460598263107,0.5515472593344041,0.553921134315916,0.24363406861347528,0.39792649343969877,-0.9874675092122402,-0.6778298974606756,0.780109700701993
mlp,2026,NF-ToN-IoT,dc_ssd_no_class_balance,NF-CSE-CIC-IDS2018,retained,0.8351202426209902,0.4493287167417763,0.4514451252721651,0.1743716246827855,0.20511090523509942,-0.6136400082405298,-0.3411756990796071,0.29173791673956606
mlp,2026,NF-ToN-IoT,dc_ssd,NF-UNSW-NB15,retained,0.936231055190163,0.37650919661225285,0.38286728606586484,0.15286726814304816,0.12763461827850892,-0.6995236803942606,-0.14640933081168495,0.47770120317320763
mlp,2026,NF-ToN-IoT,dc_ssd,NF-ToN-IoT,forgotten,0.9269997707999084,0.27211206898455975,0.2948271256772264,0.08087282906037646,0.3054255512934197,-0.08025987265995105,-0.10037275719552519,-1.7703506192151661
mlp,2026,NF-ToN-IoT,dc_ssd,NF-BoT-IoT,retained,0.9658250241235123,0.2028577399387723,0.22838857573803115,0.07668790230888885,0.5385456835760511,-0.01560041697402259,-0.010459726919704537,0.21794496553891662
mlp,2026,NF-ToN-IoT,dc_ssd,NF-CSE-CIC-IDS2018,retained,0.9413523557302123,0.39627987512150126,0.4034575904315268,0.14903631227211875,0.3703766802055012,-0.4980178264558705,-0.4239997747994444,0.22808376149754683
mlp,2026,NF-ToN-IoT,scrub_r,NF-UNSW-NB15,retained,0.9795539033457249,0.04065281840708806,0.12828521596523978,0.016951866125734183,0.6451719007980362,-0.15140681586033988,-0.006964668522727924,0.06080734899310377
mlp,2026,NF-ToN-IoT,scrub_r,NF-ToN-IoT,forgotten,0.5940866376346551,0.2680796276109351,0.3638791515910655,0.0858318159945707,0.5181298193176527,0.47154430042976403,0.12517483135571494,-1.2741868121063655
mlp,2026,NF-ToN-IoT,scrub_r,NF-BoT-IoT,retained,0.9901093599228048,0.01856811808577633,0.06895188180700855,0.005846656472634299,0.6600801067040692,-0.0022920589016044435,-0.05748376013314016,0.031541228107568244
mlp,2026,NF-ToN-IoT,scrub_r,NF-CSE-CIC-IDS2018,retained,0.9806501217376447,0.032779198859015604,0.09855060982273801,0.009836881389785692,0.735753710401143,-0.10358409402658553,-0.022657196935179313,-0.0002475598004949564
mlp,2026,NF-ToN-IoT,scrub_r@lr=0.001,NF-UNSW-NB15,retained,0.993375274044419,0.014764590584174491,0.0700621545545367,0.00568517797538456,0.764967330693677,-0.04209380436090715,-0.0009426261469868136,0.019586099069179286
mlp,2026,NF-ToN-IoT,scrub_r@lr=0.001,NF-ToN-IoT,forgotten,0.7689663075865231,0.1948021168505413,0.2960153537984091,0.05997744284973417,0.41703917925024897,0.26669423238914597,0.08853646294148398,-1.0772102510353596
mlp,2026,NF-ToN-IoT,scrub_r@lr=0.001,NF-BoT-IoT,retained,0.9889835960115793,0.012108115073323012,0.05901397952748716,0.0033678777048388544,0.6194371878205682,0.0001623511450392634,-0.02476803385766202,0.005095188767745125
mlp,2026,NF-ToN-IoT,scrub_r@lr=0.001,NF-CSE-CIC-IDS2018,retained,0.9860749220451924,0.016356978228060395,0.06710658059045248,0.0038986547796608507,0.7807929059834959,-0.06372236819242261,-0.03398303603431452,0.0034061640315997677
mlp,2026,NF-BoT-IoT,original,NF-UNSW-NB15,retained,0.9997140406062339,0.0005958708139099032,0.008090780722765539,7.907173087160913e-05,0.9839768960694534,-0.0018645034392058557,-1.5378521391773425e-05,0.0006072636704996426
mlp,2026,NF-BoT-IoT,original,NF-ToN-IoT,retained,0.975131790052716,0.03569501986891763,0.06233370575283557,0.003702444628064795,0.9746130219084993,0.0033927011536151186,-0.03150303073240912,0.3136761789719371
mlp,2026,NF-BoT-IoT,original,NF-BoT-IoT,forgotten,0.02496783531682213,0.8470405376736415,0.8616463002530215,0.4979713607468081,0.6484525622358375,0.9670044594959534,0.7879601295610315,-2.8631418709585135
mlp,2026,NF-BoT-IoT,original,NF-CSE-CIC-IDS2018,retained,0.9900046986459357,0.015882065764712038,0.04981709839808434,0.0022665879688836344,0.9492093700247102,-0.011429091692865656,-0.00967873673074604,0.03640799212215956
mlp,2026,NF-BoT-IoT,rollback_repair,NF-UNSW-NB15,retained,0.9234582022686112,0.07633904922384988,0.27469044695229294,0.051764641203059736,0.28287072150873704,-0.994392523364486,-0.15308399516741222,0.6654483123896334
mlp,2026,NF-BoT-IoT,rollback_repair,NF-ToN-IoT,retained,0.512491404996562,0.43881165587811666,0.5800080983727511,0.2343632704408887,0.2446356454115397,-0.6858896846804948,0.14995795070686224,5.276952611690282
mlp,2026,NF-BoT-IoT,rollback_repair,NF-BoT-IoT,forgotten,0.9852444515921518,0.14223411918310644,0.19314816116065003,0.055096617997348496,0.821093623510254,-0.02769511566083403,0.19099738730516633,5.865554158235442
mlp,2026,NF-BoT-IoT,rollback_repair,NF-CSE-CIC-IDS2018,retained,0.8768100465593097,0.1508508919290819,0.3135680939785719,0.07856439032684395,0.5085231105313862,-0.5988372093023255,0.004163029864156065,0.9160585320130832
mlp,2026,NF-BoT-IoT,ssd_canonical,NF-UNSW-NB15,retained,0.9997140406062339,0.0005958708139099032,0.008090780722765539,7.907173087160913e-05,0.9839768960694534,-0.0018645034392058557,-1.5378521391773425e-05,0.0006072636704996426
mlp,2026,NF-BoT-IoT,ssd_canonical,NF-ToN-IoT,retained,0.975131790052716,0.03569501986891763,0.06233370575283557,0.003702444628064795,0.9746130219084993,0.0033927011536151186,-0.03150303073240912,0.3136761789719371
mlp,2026,NF-BoT-IoT,ssd_canonical,NF-BoT-IoT,forgotten,0.02496783531682213,0.8470405376736415,0.8616463002530215,0.4979713607468081,0.6484525622358375,0.9670044594959534,0.7879601295610315,-2.8631418709585135
mlp,2026,NF-BoT-IoT,ssd_canonical,NF-CSE-CIC-IDS2018,retained,0.9900046986459357,0.015882065764712038,0.04981709839808434,0.0022665879688836344,0.9492093700247102,-0.011429091692865656,-0.00967873673074604,0.03640799212215956
mlp,2026,NF-BoT-IoT,ssd_canonical@alpha=1,NF-UNSW-NB15,retained,0.999761700505195,0.0006063384039633645,0.008253700849241128,8.116748491433933e-05,0.9839579726054498,-0.0015554009727077878,-1.5925456252952053e-05,0.0006046255937204731
mlp,2026,NF-BoT-IoT,ssd_canonical@alpha=1,NF-ToN-IoT,retained,0.9741003896401559,0.036725107650862586,0.06348490700013829,0.00395383678130245,0.9750962528798475,0.0030261352132312513,-0.030539373764873368,0.34061519661491135
mlp,2026,NF-BoT-IoT,ssd_canonical@alpha=1,NF-BoT-IoT,forgotten,0.025771952396268897,0.8465932358002952,0.8614257278046276,0.49758746622728817,0.6448898413683445,0.9665975376482127,0.7870016195128934,-2.8611502703776095
mlp,2026,NF-BoT-IoT,ssd_canonical@alpha=1,NF-CSE-CIC-IDS2018,retained,0.98957754901542,0.016346201856779766,0.0502455941174701,0.0022807682573100473,0.9485966068195064,-0.014625000929043286,-0.010344646774071209,0.040806610451816605
mlp,2026,NF-BoT-IoT,ssd_canonical@alpha=2,NF-UNSW-NB15,retained,0.9997140406062339,0.0005974500673533537,0.008122756956564715,7.97871737764817e-05,0.9837257680552756,-0.0018645034392058557,-1.5475039308432414e-05,0.0006042910483278763
mlp,2026,NF-BoT-IoT,ssd_canonical@alpha=2,NF-ToN-IoT,retained,0.974902589961036,0.03581214553344736,0.0624744883642296,0.003737764025568847,0.9752575434140458,0.003636964592706793,-0.03257679131749602,0.3196154797628523
mlp,2026,NF-BoT-IoT,ssd_canonical@alpha=2,NF-BoT-IoT,forgotten,0.025249276294628496,0.8469512287378232,0.8616188308290494,0.49793000967193474,0.6461063501671955,0.9668620743114461,0.7878069021671052,-2.862607415749539
mlp,2026,NF-BoT-IoT,ssd_canonical@alpha=2,NF-CSE-CIC-IDS2018,retained,0.9899192687198326,0.01610489355403101,0.049963388454997974,0.0022819304962889086,0.949720488113612,-0.012255739653763253,-0.00990369668757296,0.03714953952961164
mlp,2026,NF-BoT-IoT,ssd_canonical@alpha=3,NF-UNSW-NB15,retained,0.9997140406062339,0.000596057041121445,0.008091607420157729,7.909496151674591e-05,0.9839761769163893,-0.0018645034392058557,-1.5378521391773425e-05,0.0006086568489463984
mlp,2026,NF-BoT-IoT,ssd_canonical@alpha=3,NF-ToN-IoT,retained,0.975131790052716,0.03569501554392092,0.06233369352255677,0.0037024443407133044,0.9746130468869163,0.0033927011536151186,-0.03150303073240912,0.31367615916327485
mlp,2026,NF-BoT-IoT,ssd_canonical@alpha=3,NF-BoT-IoT,forgotten,0.02496783531682213,0.8470415374780316,0.8616468094844396,0.4979718598024649,0.6484523637336187,0.9670044594959534,0.7879623664572931,-2.8631440739360663
mlp,2026,NF-BoT-IoT,ssd_canonical@alpha=3,NF-CSE-CIC-IDS2018,retained,0.9900046986459357,0.015885287737323117,0.04982115116244152,0.002266970002988635,0.9492120616699804,-0.011429091692865656,-0.00968152617406104,0.03642331222441514
mlp,2026,NF-BoT-IoT,ssd_canonical@alpha=5,NF-UNSW-NB15,retained,0.9997140406062339,0.0005958708139099032,0.008090780722765539,7.907173087160913e-05,0.9839768960694534,-0.0018645034392058557,-1.5378521391773425e-05,0.0006072636704996426
mlp,2026,NF-BoT-IoT,ssd_canonical@alpha=5,NF-ToN-IoT,retained,0.975131790052716,0.03569501986891763,0.06233370575283557,0.003702444628064795,0.9746130219084993,0.0033927011536151186,-0.03150303073240912,0.3136761789719371
mlp,2026,NF-BoT-IoT,ssd_canonical@alpha=5,NF-BoT-IoT,forgotten,0.02496783531682213,0.8470405376736415,0.8616463002530215,0.4979713607468081,0.6484525622358375,0.9670044594959534,0.7879601295610315,-2.8631418709585135
mlp,2026,NF-BoT-IoT,ssd_canonical@alpha=5,NF-CSE-CIC-IDS2018,retained,0.9900046986459357,0.015882065764712038,0.04981709839808434,0.0022665879688836344,0.9492093700247102,-0.011429091692865656,-0.00967873673074604,0.03640799212215956
mlp,2026,NF-BoT-IoT,dc_ssd_no_contrast,NF-UNSW-NB15,retained,0.976837289104947,0.03123504963392817,0.12797526363974515,0.013560407943428839,0.8151269083965924,-0.17654321831693665,-0.001119221761881728,0.05210503030332269
mlp,2026,NF-BoT-IoT,dc_ssd_no_contrast,NF-ToN-IoT,retained,0.9535869814347926,0.07798295543564387,0.11637066895815251,0.011421860493815673,0.9579973956615571,-0.017138500295427517,-0.1200422212329354,0.5969093994186685
mlp,2026,NF-BoT-IoT,dc_ssd_no_contrast,NF-BoT-IoT,forgotten,0.3233354776455452,0.46230691414912506,0.5614196300164199,0.18154367375084995,0.9167722589675341,0.7806216305441109,0.43626523326354216,-1.5484905050732594
mlp,2026,NF-BoT-IoT,dc_ssd_no_contrast,NF-CSE-CIC-IDS2018,retained,0.9234975011746615,0.09946518096050846,0.1648220624094017,0.022194344685502673,0.8534766606772317,-0.14037689394523,-0.17893586391630867,0.18659635728962104
mlp,2026,NF-BoT-IoT,dc_ssd_no_class_balance,NF-UNSW-NB15,retained,0.9997140406062339,0.000590871262061613,0.00794301210861347,7.852628954359918e-05,0.9835724736114502,-0.0018645034392058557,-1.8113195697888607e-05,0.000576675028295716
mlp,2026,NF-BoT-IoT,dc_ssd_no_class_balance,NF-ToN-IoT,retained,0.974902589961036,0.035703382352910325,0.06234207037283897,0.003647963992771782,0.9758832786931794,0.003881137007599067,-0.030170600877113984,0.298105905115144
mlp,2026,NF-BoT-IoT,dc_ssd_no_class_balance,NF-BoT-IoT,forgotten,0.024807011900932777,0.8470404711130265,0.8616703842031326,0.4979756125161539,0.6541253905979251,0.9670858043537308,0.7876917020096277,-2.8628039152806206
mlp,2026,NF-BoT-IoT,dc_ssd_no_class_balance,NF-CSE-CIC-IDS2018,retained,0.9899192687198326,0.016048546842901214,0.05008213357158941,0.0022834128388582436,0.9489275205431311,-0.011353173542427708,-0.007218868775022758,0.027804475709171272
mlp,2026,NF-BoT-IoT,dc_ssd,NF-UNSW-NB15,retained,0.9402821466018492,0.05707767064385158,0.21820819227824176,0.03204221844092277,0.7822635462006183,-0.6344535299735353,-0.00489680433038564,0.15822301699109403
mlp,2026,NF-BoT-IoT,dc_ssd,NF-ToN-IoT,retained,0.8301627320650928,0.14199357602546156,0.204556702216893,0.028476727082991028,0.9398053945964854,-0.1313433023965883,-0.14305335941017894,0.699509957479632
mlp,2026,NF-BoT-IoT,dc_ssd,NF-BoT-IoT,forgotten,0.31368607269218396,0.402449033226713,0.5031989227961985,0.15019981721839626,0.8846551292659897,0.7871108658793887,0.3999290903885042,-1.2291002810943568
mlp,2026,NF-BoT-IoT,dc_ssd,NF-CSE-CIC-IDS2018,retained,0.9396864721712016,0.13623575921175998,0.1815585130711822,0.03497814280991571,0.8065816266563665,-0.10652107318816528,-0.15641369558623153,0.15926639668321524
mlp,2026,NF-BoT-IoT,scrub_r,NF-UNSW-NB15,retained,0.9943761319226003,0.015223771638320779,0.07045048885060894,0.005499008802501774,0.76236636824005,-0.035629636766547845,-0.0003740390997941656,0.02010511275082567
mlp,2026,NF-BoT-IoT,scrub_r,NF-ToN-IoT,retained,0.9111849644739858,0.1112115080066822,0.18275992390705995,0.025775919621692074,0.866335565763984,-0.04431064022375253,-0.14190115560807215,0.4755351460483306
mlp,2026,NF-BoT-IoT,scrub_r,NF-BoT-IoT,forgotten,0.7381794789321325,0.24868698405745865,0.33898865616422763,0.06788728986858487,0.8893414448950195,0.4008176075887313,0.1378174155795351,-0.760960848330134
mlp,2026,NF-BoT-IoT,scrub_r,NF-CSE-CIC-IDS2018,retained,0.9829140147793772,0.04610856292534875,0.07791346985614821,0.008213707508578376,0.7151042715204763,-0.01997236138761871,-0.1450306691397827,0.07256808044271607
mlp,2026,NF-BoT-IoT,scrub_r@lr=0.001,NF-UNSW-NB15,retained,0.9928510151558478,0.013452678843594053,0.07236392679778336,0.0050127781733604266,0.7131471941170963,-0.046475856697819395,-0.0003317964249248684,0.018972625435905353
mlp,2026,NF-BoT-IoT,scrub_r@lr=0.001,NF-ToN-IoT,retained,0.9068301627320651,0.11495170275794975,0.17857935401715302,0.02305297215625997,0.8010791951452595,-0.0560480514044025,-0.15907113978063392,0.2875388056902972
mlp,2026,NF-BoT-IoT,scrub_r@lr=0.001,NF-BoT-IoT,forgotten,0.5834673528465745,0.26220770510476243,0.32845970246704365,0.0644989795369052,0.7185568348225355,0.5700313236497637,0.16254182996009373,-1.2942237174643645
mlp,2026,NF-BoT-IoT,scrub_r@lr=0.001,NF-CSE-CIC-IDS2018,retained,0.9853060527102644,0.04316379984541328,0.0784034434430921,0.00702637489229641,0.7202873004515286,-0.006753467071380137,-0.12919524755850786,0.06547065264552493
mlp,2026,NF-CSE-CIC-IDS2018,original,NF-UNSW-NB15,retained,0.9993327614145459,0.0010834075782200636,0.01704250127410384,0.0002875267312326485,0.9529433557847887,-0.002499947756509746,-2.914841083900832e-05,0.0006519738319227825
mlp,2026,NF-CSE-CIC-IDS2018,original,NF-ToN-IoT,retained,0.7165940866376347,0.21675920504930404,0.3216965892580537,0.07596839554604135,0.7681881997627727,-0.1931643015757709,-0.1691878979517275,1.0776609607573604
mlp,2026,NF-CSE-CIC-IDS2018,original,NF-BoT-IoT,retained,0.9910743004181409,0.00645330341923507,0.05724153954343202,0.00209142876672128,0.6073265110270516,-0.0011006106042269481,0.004979331078541871,0.007389738806786245
mlp,2026,NF-CSE-CIC-IDS2018,original,NF-CSE-CIC-IDS2018,forgotten,0.5543975054461577,0.3566418958231294,0.4863775941614943,0.15454978698245828,0.8099735532917648,0.2974644522612638,0.16882332739715733,-0.7671670999591516
mlp,2026,NF-CSE-CIC-IDS2018,rollback_repair,NF-UNSW-NB15,retained,0.07692307692307693,0.9233255420165019,0.9604949334111837,0.6391535695637801,0.24855621061683966,-0.8529930788125789,-0.1568624785698054,23.235572613885477
mlp,2026,NF-CSE-CIC-IDS2018,rollback_repair,NF-ToN-IoT,retained,0.7655283062113225,0.37565656548475146,0.45814838626106885,0.1780651601646109,0.3546225868432339,-0.02886986286806914,-0.2884023222782949,5.956284205416354
mlp,2026,NF-CSE-CIC-IDS2018,rollback_repair,NF-BoT-IoT,retained,0.9926825345770344,0.00723220314708248,0.060754684377470426,0.0032195199651551642,0.4473124614950574,0.0034755847387040184,0.003889403375029077,0.022814139042750738
mlp,2026,NF-CSE-CIC-IDS2018,rollback_repair,NF-CSE-CIC-IDS2018,forgotten,0.571440775703729,0.5017755764554926,0.6350967989052274,0.29195978484502333,0.5632046415512397,-0.04232960793586779,0.13234668693231066,20.45521278997554
mlp,2026,NF-CSE-CIC-IDS2018,ssd_canonical,NF-UNSW-NB15,retained,0.9993327614145459,0.0010834075782200636,0.01704250127410384,0.0002875267312326485,0.9529433557847887,-0.002499947756509746,-2.914841083900832e-05,0.0006519738319227825
mlp,2026,NF-CSE-CIC-IDS2018,ssd_canonical,NF-ToN-IoT,retained,0.7165940866376347,0.21675920504930404,0.3216965892580537,0.07596839554604135,0.7681881997627727,-0.1931643015757709,-0.1691878979517275,1.0776609607573604
mlp,2026,NF-CSE-CIC-IDS2018,ssd_canonical,NF-BoT-IoT,retained,0.9910743004181409,0.00645330341923507,0.05724153954343202,0.00209142876672128,0.6073265110270516,-0.0011006106042269481,0.004979331078541871,0.007389738806786245
mlp,2026,NF-CSE-CIC-IDS2018,ssd_canonical,NF-CSE-CIC-IDS2018,forgotten,0.5543975054461577,0.3566418958231294,0.4863775941614943,0.15454978698245828,0.8099735532917648,0.2974644522612638,0.16882332739715733,-0.7671670999591516
mlp,2026,NF-CSE-CIC-IDS2018,ssd_canonical@alpha=1,NF-UNSW-NB15,retained,0.9873224668763703,0.05414995857626528,0.11148394924606211,0.020534821203673122,0.830947031996805,-0.08538941346492246,-0.008358001167995455,0.0678539351705269
mlp,2026,NF-CSE-CIC-IDS2018,ssd_canonical@alpha=1,NF-ToN-IoT,retained,0.8600733440293377,0.1463015540976024,0.1939289561854534,0.024959091165690526,0.7747256312754393,0.024320873983608604,0.02176464369481912,-0.03806359575930501
mlp,2026,NF-CSE-CIC-IDS2018,ssd_canonical@alpha=1,NF-BoT-IoT,retained,0.9964216789964618,0.08526822286281135,0.12510457605770856,0.03056980017036872,0.6722903173986546,-6.289813904225561e-05,-0.20807497181510703,0.09053077843238458
mlp,2026,NF-CSE-CIC-IDS2018,ssd_canonical@alpha=1,NF-CSE-CIC-IDS2018,forgotten,0.79039767630601,0.1637456328103957,0.2427865864950251,0.03950669729185785,0.7324958942075324,0.1053633350428872,0.18714378207371096,-0.5913364691804944
mlp,2026,NF-CSE-CIC-IDS2018,ssd_canonical@alpha=2,NF-UNSW-NB15,retained,0.9992851015155848,0.0016299334153650328,0.018750013764552816,0.00041873083466491333,0.9501706906513556,-0.0028040174485084446,-8.802434001708992e-05,0.0015766341126056327
mlp,2026,NF-CSE-CIC-IDS2018,ssd_canonical@alpha=2,NF-ToN-IoT,retained,0.7272518909007564,0.19980145003717822,0.29980014116075626,0.06094857394472958,0.800473498842435,-0.1902454875944678,-0.11595930702875401,0.6833191820880484
mlp,2026,NF-CSE-CIC-IDS2018,ssd_canonical@alpha=2,NF-BoT-IoT,retained,0.9911949179800579,0.00671996848414854,0.056050750403601246,0.0020803961603302586,0.6876517955359911,-0.001120948875785066,0.001184436570569547,0.007768392692382879
mlp,2026,NF-CSE-CIC-IDS2018,ssd_canonical@alpha=2,NF-CSE-CIC-IDS2018,forgotten,0.5519200375891675,0.3603236888014693,0.4898068418221349,0.15650708996560117,0.8123586229218127,0.31353795941002444,0.15488375735578463,-0.7533380053438103
mlp,2026,NF-CSE-CIC-IDS2018,ssd_canonical@alpha=3,NF-UNSW-NB15,retained,0.9993327614145459,0.0010835303700601553,0.017044255176645186,0.00028760359596085504,0.9531263201422963,-0.002499947756509746,-2.911623820012199e-05,0.000653479795829076
mlp,2026,NF-CSE-CIC-IDS2018,ssd_canonical@alpha=3,NF-ToN-IoT,retained,0.7165940866376347,0.21682714236906941,0.3218674967639004,0.07614697172356703,0.7672722888995612,-0.1931643015757709,-0.17088623503148404,1.087760941507969
mlp,2026,NF-CSE-CIC-IDS2018,ssd_canonical@alpha=3,NF-BoT-IoT,retained,0.9910743004181409,0.006454645743403895,0.05722251267450249,0.0020907498201025864,0.6073904990442226,-0.0011006106042269481,0.004931237808915467,0.007375986099079263
mlp,2026,NF-CSE-CIC-IDS2018,ssd_canonical@alpha=3,NF-CSE-CIC-IDS2018,forgotten,0.5544402204092094,0.35666396768566416,0.4864157266161231,0.15460575307498825,0.8101956544707841,0.29769014196926674,0.16898946844548646,-0.766843450467033
mlp,2026,NF-CSE-CIC-IDS2018,ssd_canonical@alpha=5,NF-UNSW-NB15,retained,0.9993327614145459,0.0010834075782200636,0.01704250127410384,0.0002875267312326485,0.9529433557847887,-0.002499947756509746,-2.914841083900832e-05,0.0006519738319227825
mlp,2026,NF-CSE-CIC-IDS2018,ssd_canonical@alpha=5,NF-ToN-IoT,retained,0.7165940866376347,0.21675920504930404,0.3216965892580537,0.07596839554604135,0.7681881997627727,-0.1931643015757709,-0.1691878979517275,1.0776609607573604
mlp,2026,NF-CSE-CIC-IDS2018,ssd_canonical@alpha=5,NF-BoT-IoT,retained,0.9910743004181409,0.00645330341923507,0.05724153954343202,0.00209142876672128,0.6073265110270516,-0.0011006106042269481,0.004979331078541871,0.007389738806786245
mlp,2026,NF-CSE-CIC-IDS2018,ssd_canonical@alpha=5,NF-CSE-CIC-IDS2018,forgotten,0.5543975054461577,0.3566418958231294,0.4863775941614943,0.15454978698245828,0.8099735532917648,0.2974644522612638,0.16882332739715733,-0.7671670999591516
mlp,2026,NF-CSE-CIC-IDS2018,dc_ssd_no_contrast,NF-UNSW-NB15,retained,0.9993327614145459,0.001092516896332474,0.015271414371198923,0.0002463671697202992,0.9594904970038389,-0.0012468731544267309,-2.4998140421561565e-05,0.0006695316445323738
mlp,2026,NF-CSE-CIC-IDS2018,dc_ssd_no_contrast,NF-ToN-IoT,retained,0.7320650928260372,0.18971485997795512,0.27886685457004046,0.05062462544646061,0.7831405628278407,-0.18826523690891572,-0.09228675304673517,0.5412530965848479
mlp,2026,NF-CSE-CIC-IDS2018,dc_ssd_no_contrast,NF-BoT-IoT,retained,0.992159858475394,0.0051553282612927095,0.043445977466636115,0.0012405392512370896,0.6512882694111183,-0.0006330573764876668,0.001995311465435301,0.0037092498566570833
mlp,2026,NF-CSE-CIC-IDS2018,dc_ssd_no_contrast,NF-CSE-CIC-IDS2018,forgotten,0.5491862799538678,0.36352468359220774,0.49330123965025113,0.156964077591717,0.8102339486789929,0.3357873288038507,0.15636568107138193,-0.7902314997343655
mlp,2026,NF-CSE-CIC-IDS2018,dc_ssd_no_class_balance,NF-UNSW-NB15,retained,0.9994757411114289,0.0016808252927513858,0.01492314937486076,0.00040476645272353654,0.9378465442443887,-0.0009267568776918367,-3.603335556257026e-05,0.001638716796425031
mlp,2026,NF-CSE-CIC-IDS2018,dc_ssd_no_class_balance,NF-ToN-IoT,retained,0.7545267018106807,0.09949001776797942,0.13587579131313665,0.012204500359234345,0.7683211423718892,-0.15094488805940254,0.006085943797230375,0.04326461119303299
mlp,2026,NF-CSE-CIC-IDS2018,dc_ssd_no_class_balance,NF-BoT-IoT,retained,0.9923206818912834,0.010108242130559952,0.05094024262591503,0.00293704960744135,0.6621920692184224,-0.000997039339159289,-0.05758218356865474,0.01099412863091593
mlp,2026,NF-CSE-CIC-IDS2018,dc_ssd_no_class_balance,NF-CSE-CIC-IDS2018,forgotten,0.5626414933151083,0.33758205050631623,0.4622749663932543,0.1357529903193177,0.825056237699438,0.31575302441315883,0.1686189160887932,-0.8098604317771323
mlp,2026,NF-CSE-CIC-IDS2018,dc_ssd,NF-UNSW-NB15,retained,0.9993327614145459,0.004111669925176915,0.023449008073490884,0.0012509441192031928,0.8864723560588899,-0.002490654248954116,-0.00016964632489380183,0.004258060740082292
mlp,2026,NF-CSE-CIC-IDS2018,dc_ssd,NF-ToN-IoT,retained,0.7177400870960349,0.18967180784604143,0.2677424568561071,0.04469760217729502,0.7981872433689583,-0.20570336396774436,-0.06556875855253763,0.42400551806563264
mlp,2026,NF-CSE-CIC-IDS2018,dc_ssd,NF-BoT-IoT,retained,0.9918382116436153,0.005800657198874371,0.04894420373733641,0.001503797183456707,0.6765360400765994,-0.0006736969134683024,-0.005842773035557691,0.005951648984738114
mlp,2026,NF-CSE-CIC-IDS2018,dc_ssd,NF-CSE-CIC-IDS2018,forgotten,0.5443167741659903,0.35987499638076836,0.48670417716588255,0.15120647995169417,0.8072839118061776,0.3460299320115399,0.17524318983354226,-0.8326836380917942
mlp,2026,NF-CSE-CIC-IDS2018,scrub_r,NF-UNSW-NB15,retained,0.9857973501096178,0.020969364944725937,0.1039780256781447,0.009459271161079637,0.6217453456876489,-0.09809964003673877,-0.003615175087361755,0.038131673321188206
mlp,2026,NF-CSE-CIC-IDS2018,scrub_r,NF-ToN-IoT,retained,0.7063946825578731,0.17578826812514728,0.21650532391205876,0.03116261938570215,0.6267656462004108,-0.2081031473243884,-0.18996147098433047,0.2058100850756706
mlp,2026,NF-CSE-CIC-IDS2018,scrub_r,NF-BoT-IoT,retained,0.9938485043422323,0.025191113742624987,0.05079632705700736,0.00771070998034946,0.4172740016629734,-0.00026402061932295773,-0.03323804155258492,0.02297735160434304
mlp,2026,NF-CSE-CIC-IDS2018,scrub_r,NF-CSE-CIC-IDS2018,forgotten,0.7236341890564265,0.22587488103080153,0.2749959189476022,0.052224027996731225,0.719026563790347,0.11327637042997923,0.10383926797548848,-0.4941543033808674
mlp,2026,NF-CSE-CIC-IDS2018,scrub_r@lr=0.001,NF-UNSW-NB15,retained,0.9909446191974073,0.01309465084787909,0.0799334508472662,0.005643268692338698,0.7078335889248846,-0.05892783592948425,-0.0008358773311329948,0.021392440884968455
mlp,2026,NF-CSE-CIC-IDS2018,scrub_r@lr=0.001,NF-ToN-IoT,retained,0.7733211093284438,0.13277464349268858,0.19057120430276625,0.024959173794982248,0.3998085086541572,-0.11980589155359544,-0.15448048528178082,0.12197728162748506
mlp,2026,NF-CSE-CIC-IDS2018,scrub_r@lr=0.001,NF-BoT-IoT,retained,0.9965825024123512,0.025148939475910157,0.041224996837339725,0.0076490108518738175,0.45675811067930455,0.0011137057612641277,-0.05577588983733284,0.023182499410120724
mlp,2026,NF-CSE-CIC-IDS2018,scrub_r@lr=0.001,NF-CSE-CIC-IDS2018,forgotten,0.715390201187476,0.1884383519734705,0.2665925316309473,0.04282081228479012,0.5658956091084708,0.20393898134343935,0.19979726837259681,-0.5766673456059511
numerical_feature_transformer,2026,NF-UNSW-NB15,original,NF-UNSW-NB15,forgotten,0.7526927842912973,0.2516827350112555,0.40591126286121093,0.12333456134420975,0.1524225057792009,0.6733962784050402,0.174121555050345,-0.5021755129659887
numerical_feature_transformer,2026,NF-UNSW-NB15,original,NF-ToN-IoT,retained,0.6513866605546642,0.2587931896257875,0.36352482774161626,0.08992014927027,0.4376641661462828,0.22688047969474212,0.28296305165658464,-1.007567233636783
numerical_feature_transformer,2026,NF-UNSW-NB15,original,NF-BoT-IoT,retained,0.9925217111611451,0.011485533557180305,0.05178390393532702,0.00288412553790831,0.6732014612403984,0.002803589509804749,-0.043939353268552694,-0.006953425887389682
numerical_feature_transformer,2026,NF-UNSW-NB15,original,NF-CSE-CIC-IDS2018,retained,0.9281961471103327,0.06986238265672132,0.16989942564506252,0.019760001423818598,0.7790456410491872,0.1616015789607892,0.10629936149266606,-0.09773517047128191
numerical_feature_transformer,2026,NF-UNSW-NB15,rollback_repair,NF-UNSW-NB15,forgotten,0.28267086073777525,0.4174147631355144,0.4547591502078323,0.14299145983528022,0.23404732050755955,-0.17196643827080227,0.10900241269053601,0.3435616050587684
numerical_feature_transformer,2026,NF-UNSW-NB15,rollback_repair,NF-ToN-IoT,retained,0.5222324088929635,0.31849949786732445,0.37396104635119604,0.09483915619534085,0.22911132163939754,0.19535355694637113,-0.026092520321868484,-0.8933206374688759
numerical_feature_transformer,2026,NF-UNSW-NB15,rollback_repair,NF-BoT-IoT,retained,0.9877774203924091,0.40804291713512203,0.40990954883127967,0.16464286075736306,0.5059707569422071,0.005469600958790566,-0.36509726024945865,0.5081362112814168
numerical_feature_transformer,2026,NF-UNSW-NB15,rollback_repair,NF-CSE-CIC-IDS2018,retained,0.09320404937849729,0.4695426089561413,0.487411507888318,0.1632494341725445,0.6148159529016692,-0.4405462340266516,-0.2694202021018598,0.5692318846901954
numerical_feature_transformer,2026,NF-UNSW-NB15,ssd_canonical,NF-UNSW-NB15,forgotten,0.7526927842912973,0.2516827350112555,0.40591126286121093,0.12333456134420975,0.1524225057792009,0.6733962784050402,0.174121555050345,-0.5021755129659887
numerical_feature_transformer,2026,NF-UNSW-NB15,ssd_canonical,NF-ToN-IoT,retained,0.6513866605546642,0.2587931896257875,0.36352482774161626,0.08992014927027,0.4376641661462828,0.22688047969474212,0.28296305165658464,-1.007567233636783
numerical_feature_transformer,2026,NF-UNSW-NB15,ssd_canonical,NF-BoT-IoT,retained,0.9925217111611451,0.011485533557180305,0.05178390393532702,0.00288412553790831,0.6732014612403984,0.002803589509804749,-0.043939353268552694,-0.006953425887389682
numerical_feature_transformer,2026,NF-UNSW-NB15,ssd_canonical,NF-CSE-CIC-IDS2018,retained,0.9281961471103327,0.06986238265672132,0.16989942564506252,0.019760001423818598,0.7790456410491872,0.1616015789607892,0.10629936149266606,-0.09773517047128191
numerical_feature_transformer,2026,NF-UNSW-NB15,ssd_canonical@alpha=1,NF-UNSW-NB15,forgotten,0.7540749213611667,0.24933218274691657,0.40378450979621794,0.12184476266262534,0.14147280145543917,0.6819374419946321,0.1741374161613204,-0.5021665606155779
numerical_feature_transformer,2026,NF-UNSW-NB15,ssd_canonical@alpha=1,NF-ToN-IoT,retained,0.7321796928718771,0.23679634628381602,0.3297623188430692,0.07750378316928627,0.46428246226169867,0.12991869482627127,0.2577434192804452,-0.9442254486186173
numerical_feature_transformer,2026,NF-UNSW-NB15,ssd_canonical@alpha=1,NF-BoT-IoT,retained,0.992401093599228,0.014133495925419475,0.05025203855075543,0.003570218037863255,0.6617842282895514,0.0028652714225386733,-0.04530609688445064,-0.002552390529648868
numerical_feature_transformer,2026,NF-UNSW-NB15,ssd_canonical@alpha=1,NF-CSE-CIC-IDS2018,retained,0.9116227414463286,0.11113545280268053,0.18380591093823714,0.027867493703642634,0.7914292204619714,0.019046297442282922,0.08781149510492559,-0.011284215777317641
numerical_feature_transformer,2026,NF-UNSW-NB15,ssd_canonical@alpha=2,NF-UNSW-NB15,forgotten,0.7539319416642837,0.2510680705983925,0.40552126307132885,0.12323758577989831,0.14994845789355946,0.6828775742332701,0.17412509404062337,-0.5039463056658998
numerical_feature_transformer,2026,NF-UNSW-NB15,ssd_canonical@alpha=2,NF-ToN-IoT,retained,0.662502865001146,0.24772465798653592,0.35101851424694724,0.08498243575495207,0.4498254959886743,0.20760432680018992,0.277878398236464,-0.9760484246742395
numerical_feature_transformer,2026,NF-UNSW-NB15,ssd_canonical@alpha=2,NF-BoT-IoT,retained,0.9926423287230621,0.01194086332324756,0.04902019541404006,0.0029261269084893513,0.6741802018877021,0.0027428405698670666,-0.02985249906050369,-0.005180588846402649
numerical_feature_transformer,2026,NF-UNSW-NB15,ssd_canonical@alpha=2,NF-CSE-CIC-IDS2018,retained,0.9141429242663706,0.07029220925314592,0.1647444803285265,0.01815737523817993,0.8189993229333172,0.1267667259116122,0.1072301934637585,-0.08135351641512756
numerical_feature_transformer,2026,NF-UNSW-NB15,ssd_canonical@alpha=3,NF-UNSW-NB15,forgotten,0.7533123629777905,0.2514642153956011,0.40561903654202336,0.12320241528434837,0.15216927004330483,0.6775267556965101,0.17412165156826165,-0.5026894404009594
numerical_feature_transformer,2026,NF-UNSW-NB15,ssd_canonical@alpha=3,NF-ToN-IoT,retained,0.6517304606921843,0.2588036305188112,0.36351525678694,0.08993265399380221,0.43797178248403085,0.22722325087717965,0.2832437485555158,-1.0077983239006327
numerical_feature_transformer,2026,NF-UNSW-NB15,ssd_canonical@alpha=3,NF-BoT-IoT,retained,0.9927629462849791,0.011395527647437637,0.05162697290760922,0.0028627812148274033,0.6728495839179365,0.0026820842735550965,-0.044446010271827485,-0.0068843782626058884
numerical_feature_transformer,2026,NF-UNSW-NB15,ssd_canonical@alpha=3,NF-CSE-CIC-IDS2018,retained,0.9281961471103327,0.06977975747684632,0.16958267257206558,0.019699512542736775,0.7791074968412385,0.1616015789607892,0.10630341408012345,-0.09763778121254996
numerical_feature_transformer,2026,NF-UNSW-NB15,ssd_canonical@alpha=5,NF-UNSW-NB15,forgotten,0.7526927842912973,0.2516827350112555,0.40591126286121093,0.12333456134420975,0.1524225057792009,0.6733962784050402,0.174121555050345,-0.5021755129659887
numerical_feature_transformer,2026,NF-UNSW-NB15,ssd_canonical@alpha=5,NF-ToN-IoT,retained,0.6513866605546642,0.2587931896257875,0.36352482774161626,0.08992014927027,0.4376641661462828,0.22688047969474212,0.28296305165658464,-1.007567233636783
numerical_feature_transformer,2026,NF-UNSW-NB15,ssd_canonical@alpha=5,NF-BoT-IoT,retained,0.9925217111611451,0.011485533557180305,0.05178390393532702,0.00288412553790831,0.6732014612403984,0.002803589509804749,-0.043939353268552694,-0.006953425887389682
numerical_feature_transformer,2026,NF-UNSW-NB15,ssd_canonical@alpha=5,NF-CSE-CIC-IDS2018,retained,0.9281961471103327,0.06986238265672132,0.16989942564506252,0.019760001423818598,0.7790456410491872,0.1616015789607892,0.10629936149266606,-0.09773517047128191
numerical_feature_transformer,2026,NF-UNSW-NB15,dc_ssd_no_contrast,NF-UNSW-NB15,forgotten,0.7533600228767515,0.24858107722555925,0.40188525967919825,0.12068309452583593,0.14976311362282216,0.6663286220985654,0.1741330728550694,-0.4972503497965849
numerical_feature_transformer,2026,NF-UNSW-NB15,dc_ssd_no_contrast,NF-ToN-IoT,retained,0.7721751088700436,0.22888491360368088,0.31869823115274737,0.07350805929804895,0.47371608249417313,0.1149015221791978,0.24925373639336457,-0.945087774642735
numerical_feature_transformer,2026,NF-UNSW-NB15,dc_ssd_no_contrast,NF-BoT-IoT,retained,0.9937680926342876,0.011847917015401641,0.05193218236724401,0.003045145936365782,0.6566796883470539,0.0022564251082393127,-0.07335230221363243,-0.00503988845359608
numerical_feature_transformer,2026,NF-UNSW-NB15,dc_ssd_no_contrast,NF-CSE-CIC-IDS2018,retained,0.9303746102259621,0.06048633855081669,0.13398902357440504,0.013295119041817804,0.8165853644019195,0.14609385220742888,0.10329782274250143,-0.08585535082434476
numerical_feature_transformer,2026,NF-UNSW-NB15,dc_ssd_no_class_balance,NF-UNSW-NB15,forgotten,0.7525498045944142,0.2514486641060779,0.4057401335256451,0.12302111837807549,0.14191808630359593,0.672438281816152,0.17412872954881864,-0.501164517974201
numerical_feature_transformer,2026,NF-UNSW-NB15,dc_ssd_no_class_balance,NF-ToN-IoT,retained,0.7899381159752464,0.22567584728573867,0.31397426117286364,0.07165918469750436,0.49132500405329416,0.09206040177699548,0.2582340691735213,-0.9172199706477209
numerical_feature_transformer,2026,NF-UNSW-NB15,dc_ssd_no_class_balance,NF-BoT-IoT,retained,0.9929639755548408,0.011935666844560863,0.04944393531773125,0.002977897904192303,0.6703117634723338,0.002580807428573473,-0.02540219394785337,-0.004197475832870102
numerical_feature_transformer,2026,NF-UNSW-NB15,dc_ssd_no_class_balance,NF-CSE-CIC-IDS2018,retained,0.9154243731579172,0.0760001795120614,0.1490351975304926,0.016899817645035956,0.8269086532563121,0.11825563776455983,0.10078493280764889,-0.06298207803691641
numerical_feature_transformer,2026,NF-UNSW-NB15,dc_ssd,NF-UNSW-NB15,forgotten,0.7543132208559717,0.24867818084423612,0.40255994370637715,0.12100193776216978,0.15316134131542805,0.6803666328099242,0.1741536633439622,-0.5012562846710641
numerical_feature_transformer,2026,NF-UNSW-NB15,dc_ssd,NF-ToN-IoT,retained,0.7689663075865231,0.2354601910540274,0.3220390907000284,0.07495455774955737,0.5307940869895451,0.12125271493731049,0.25407820139646875,-0.9342091354673338
numerical_feature_transformer,2026,NF-UNSW-NB15,dc_ssd,NF-BoT-IoT,retained,0.9939691219041492,0.011505375498332908,0.04982175860689816,0.0029090548317602274,0.5964574883304065,0.001911521244027492,-0.030890418925931695,-0.003776467342236932
numerical_feature_transformer,2026,NF-UNSW-NB15,dc_ssd,NF-CSE-CIC-IDS2018,retained,0.8941523215582419,0.14123165595398451,0.22452752962023037,0.0409032520147489,0.806465708523594,0.022939293623260748,0.08583486248961736,0.024905237297366545
numerical_feature_transformer,2026,NF-UNSW-NB15,scrub_r,NF-UNSW-NB15,forgotten,0.7343437231913068,0.20755341398037003,0.33650047531101396,0.07551743079151307,0.5300996997778762,-0.06826455407486243,-0.15686987827675114,-0.20017023884864343
numerical_feature_transformer,2026,NF-UNSW-NB15,scrub_r,NF-ToN-IoT,retained,0.8967453586981434,0.13396928949012935,0.19833713691553062,0.028360315134003385,0.7146262770477471,0.016415680063468385,0.14671374364521894,-0.21462089579419796
numerical_feature_transformer,2026,NF-UNSW-NB15,scrub_r,NF-BoT-IoT,retained,0.9926423287230621,0.017039343905135347,0.054549194982492555,0.004959760227966665,0.3902556425912137,-0.0008782480024974726,-0.018593081727241834,0.018098389794015672
numerical_feature_transformer,2026,NF-UNSW-NB15,scrub_r,NF-CSE-CIC-IDS2018,retained,0.9760369057280766,0.0693321950487159,0.11853674560389366,0.012226814679735727,0.5157238935555135,-0.04148700444791742,0.04213480442709161,-0.03205530226160849
numerical_feature_transformer,2026,NF-UNSW-NB15,scrub_r@lr=0.001,NF-UNSW-NB15,forgotten,0.7688494900390811,0.23055651167101485,0.34992164676457416,0.08069338501976285,0.196783340412306,-0.1044845436652807,-0.43834771686224633,-0.19109419476950085
numerical_feature_transformer,2026,NF-UNSW-NB15,scrub_r@lr=0.001,NF-ToN-IoT,retained,0.8974329589731835,0.15296431895884685,0.2094290818824695,0.034766440107006906,0.2442594137611372,0.0014178602883532232,0.23331761016386554,-0.633136292122106
numerical_feature_transformer,2026,NF-UNSW-NB15,scrub_r@lr=0.001,NF-BoT-IoT,retained,0.9944917980057897,0.007531184616622894,0.04259400658685933,0.001598905273407166,0.44461348998225875,-0.00042895435105438917,-0.18797366278341476,0.00831114479183985
numerical_feature_transformer,2026,NF-UNSW-NB15,scrub_r@lr=0.001,NF-CSE-CIC-IDS2018,retained,0.9749263166887361,0.07468706979312813,0.11959822095485578,0.01341386057075136,0.5934871724745526,-0.004979533944813763,-0.0034012787590101956,-0.013986959359156587
numerical_feature_transformer,2026,NF-ToN-IoT,original,NF-UNSW-NB15,retained,0.9981889238394814,0.002915244685711541,0.031602202742864606,0.0010029836494044814,0.9547529595609775,-0.008861746075894072,-9.297892640702798e-06,0.002554605337489795
numerical_feature_transformer,2026,NF-ToN-IoT,original,NF-ToN-IoT,forgotten,0.8007105202842081,0.17679889859095607,0.26166909357737944,0.04497869393708106,0.5270257760103169,0.054950924422180525,0.08906160437232535,-0.15048640673386748
numerical_feature_transformer,2026,NF-ToN-IoT,original,NF-BoT-IoT,retained,0.9906320360244452,0.012033647092241303,0.0558386808644754,0.0032608696732622567,0.6921357579516332,0.001319398652131265,0.009551547037454755,-0.0013288661907423574
numerical_feature_transformer,2026,NF-ToN-IoT,original,NF-CSE-CIC-IDS2018,retained,0.9635641365170219,0.09165855931675813,0.17212325710051543,0.02986385254646625,0.6281479327211393,-0.06085265473989565,0.0025487542060446122,0.05755456456223762
numerical_feature_transformer,2026,NF-ToN-IoT,rollback_repair,NF-UNSW-NB15,retained,0.9235535220665332,0.22842974024971446,0.28441327476253,0.09340420313534308,0.13163092905165372,-0.9962593516209476,-0.8039269408273104,0.312031170898813
numerical_feature_transformer,2026,NF-ToN-IoT,rollback_repair,NF-ToN-IoT,forgotten,0.2972725189090076,0.4753432218732979,0.5320209807199316,0.16223041534943067,0.10715313931111475,-0.8301528228680022,-0.009826463026418097,0.6729158781321086
numerical_feature_transformer,2026,NF-ToN-IoT,rollback_repair,NF-BoT-IoT,retained,0.009448375683499518,0.809753140315977,0.8129057773808125,0.4316024360859709,0.4778272680241954,-0.9952903603986013,-0.5756322587283691,1.6895264605055758
numerical_feature_transformer,2026,NF-ToN-IoT,rollback_repair,NF-CSE-CIC-IDS2018,retained,0.8813378326427748,0.23647354586109612,0.2970827074329334,0.08320550692194206,0.06016193871294582,-0.9106145251396648,-0.6357137029064526,0.30922505019666824
numerical_feature_transformer,2026,NF-ToN-IoT,ssd_canonical,NF-UNSW-NB15,retained,0.9981889238394814,0.002915244685711541,0.031602202742864606,0.0010029836494044814,0.9547529595609775,-0.008861746075894072,-9.297892640702798e-06,0.002554605337489795
numerical_feature_transformer,2026,NF-ToN-IoT,ssd_canonical,NF-ToN-IoT,forgotten,0.8007105202842081,0.17679889859095607,0.26166909357737944,0.04497869393708106,0.5270257760103169,0.054950924422180525,0.08906160437232535,-0.15048640673386748
numerical_feature_transformer,2026,NF-ToN-IoT,ssd_canonical,NF-BoT-IoT,retained,0.9906320360244452,0.012033647092241303,0.0558386808644754,0.0032608696732622567,0.6921357579516332,0.001319398652131265,0.009551547037454755,-0.0013288661907423574
numerical_feature_transformer,2026,NF-ToN-IoT,ssd_canonical,NF-CSE-CIC-IDS2018,retained,0.9635641365170219,0.09165855931675813,0.17212325710051543,0.02986385254646625,0.6281479327211393,-0.06085265473989565,0.0025487542060446122,0.05755456456223762
numerical_feature_transformer,2026,NF-ToN-IoT,ssd_canonical@alpha=1,NF-UNSW-NB15,retained,0.07644647793346677,0.5092747704361581,0.5094164593316268,0.2189586525855861,0.49209159134135544,-0.8542244627517366,-0.015913182391322778,0.7106520627046081
numerical_feature_transformer,2026,NF-ToN-IoT,ssd_canonical@alpha=1,NF-ToN-IoT,forgotten,0.7027274810909925,0.2973588430377153,0.32957097159048687,0.07322836529653638,0.15306268420076768,0.023424001673809536,-0.5273272068904633,0.015817346815240496
numerical_feature_transformer,2026,NF-ToN-IoT,ssd_canonical@alpha=1,NF-BoT-IoT,retained,0.9905516243165005,0.45813560072478304,0.45967919511028094,0.19094806163234665,0.7493755020330489,0.003985410101117082,-0.11340448900341793,0.6015292077784823
numerical_feature_transformer,2026,NF-ToN-IoT,ssd_canonical@alpha=1,NF-CSE-CIC-IDS2018,retained,0.11866216735722523,0.49875098181568345,0.5034097944649317,0.19748063143285022,0.24725564234329306,-0.6630004677273365,-0.8047476144770995,0.6327888808382767
numerical_feature_transformer,2026,NF-ToN-IoT,ssd_canonical@alpha=2,NF-UNSW-NB15,retained,0.9755981317319607,0.4744188290022933,0.47453912644366675,0.19999626856529096,0.5189568587251373,-0.1575901739687191,-0.010432750305061078,0.641902955321462
numerical_feature_transformer,2026,NF-ToN-IoT,ssd_canonical@alpha=2,NF-ToN-IoT,forgotten,0.4221865688746276,0.30812945893852706,0.33867379619713517,0.07641592055425636,0.20703013348536944,-0.3747550194927008,-0.544908292905039,0.04058885283996838
numerical_feature_transformer,2026,NF-ToN-IoT,ssd_canonical@alpha=2,NF-BoT-IoT,retained,0.9902299774847217,0.44938663066805484,0.4509642562997285,0.18639399007709226,0.72102563615352,0.0019276058944396324,-0.12092437501118447,0.5859446057481038
numerical_feature_transformer,2026,NF-ToN-IoT,ssd_canonical@alpha=2,NF-CSE-CIC-IDS2018,retained,0.0926060398957755,0.4962227557526595,0.5004375887924492,0.19585558216395105,0.18193983135798142,-0.725250963528012,-0.7667840503510909,0.6283745540542239
numerical_feature_transformer,2026,NF-ToN-IoT,ssd_canonical@alpha=3,NF-UNSW-NB15,retained,0.077209036316843,0.5054628865048024,0.5056925197413005,0.216877687483933,0.5578790426776417,-0.8541237734197956,-0.01758274931414383,0.7030747705719016
numerical_feature_transformer,2026,NF-ToN-IoT,ssd_canonical@alpha=3,NF-ToN-IoT,forgotten,0.7027274810909925,0.2982861132788158,0.331577513378003,0.07390166531096647,0.22303209039837976,0.023424001673809536,-0.42366176803967853,0.01750527615969355
numerical_feature_transformer,2026,NF-ToN-IoT,ssd_canonical@alpha=3,NF-BoT-IoT,retained,0.9905516243165005,0.439432995750133,0.441569748977854,0.18141123514647578,0.702936260218088,0.003985410101117082,-0.24267752008732824,0.5682596710206393
numerical_feature_transformer,2026,NF-ToN-IoT,ssd_canonical@alpha=3,NF-CSE-CIC-IDS2018,retained,0.11866216735722523,0.5023646886290754,0.5074375259921803,0.19963393217158554,0.04853167894403501,-0.6630004677273365,-0.586289519193806,0.6406659546181581
numerical_feature_transformer,2026,NF-ToN-IoT,ssd_canonical@alpha=5,NF-UNSW-NB15,retained,0.8127919168811362,0.3600306637353836,0.41531120090964,0.15599745689284966,0.3916454441824825,-0.5509049319654831,-0.03558271340947872,0.526099607496998
numerical_feature_transformer,2026,NF-ToN-IoT,ssd_canonical@alpha=5,NF-ToN-IoT,forgotten,0.7156772862709145,0.19380633066252206,0.2811646992010584,0.05334777994649921,0.4593275504580052,-0.15414404353320565,-0.12663328134398644,0.04228568585829717
numerical_feature_transformer,2026,NF-ToN-IoT,ssd_canonical@alpha=5,NF-BoT-IoT,retained,0.7307011900932776,0.29998268177729376,0.4265512720886077,0.1423201433620489,0.6293963122542142,-0.14912044881203268,-0.38517452264633767,0.5090343713817822
numerical_feature_transformer,2026,NF-ToN-IoT,ssd_canonical@alpha=5,NF-CSE-CIC-IDS2018,retained,0.5080517705352184,0.4806661577686218,0.5415070685327507,0.21197562674556075,0.2071169676051444,-0.5619979692621578,-0.12165523190394123,0.7427269034998858
numerical_feature_transformer,2026,NF-ToN-IoT,dc_ssd_no_contrast,NF-UNSW-NB15,retained,0.9897531217233819,0.018043981727294763,0.08297399373963746,0.007047637951494733,0.8713796038009027,-0.06709407060997319,-0.00040968638368987786,0.02556318583241165
numerical_feature_transformer,2026,NF-ToN-IoT,dc_ssd_no_contrast,NF-ToN-IoT,forgotten,0.6127664451065781,0.3041316891002746,0.4040582222072221,0.10509507851550125,0.42243192380438455,-0.21448737315011301,-0.2765066777205314,0.7006094070491261
numerical_feature_transformer,2026,NF-ToN-IoT,dc_ssd_no_contrast,NF-BoT-IoT,retained,0.4911949179800579,0.48296996269955794,0.4947311239794395,0.20842816007440396,0.366224191483977,-0.3363526413368596,-0.7876536747731786,0.6975813252567613
numerical_feature_transformer,2026,NF-ToN-IoT,dc_ssd_no_contrast,NF-CSE-CIC-IDS2018,retained,0.19448122677373883,0.6381757486532368,0.7045069726831794,0.32592471558435276,0.18696477335377973,-0.818533673660317,-0.7652690593263315,1.528156242366334
numerical_feature_transformer,2026,NF-ToN-IoT,dc_ssd_no_class_balance,NF-UNSW-NB15,retained,0.9235535220665332,0.3598472463351982,0.3700244919384289,0.14495120867918942,0.263096286018594,-0.9962593516209476,-0.33430635726196944,0.45771095285454694
numerical_feature_transformer,2026,NF-ToN-IoT,dc_ssd_no_class_balance,NF-ToN-IoT,forgotten,0.2972725189090076,0.38202533821937135,0.4140527463591996,0.10389632875541709,0.13602585696285813,-0.8301528228680022,-0.22236217937629776,0.24896769624551363
numerical_feature_transformer,2026,NF-ToN-IoT,dc_ssd_no_class_balance,NF-BoT-IoT,retained,0.009448375683499518,0.6517835708114412,0.6543619560214048,0.30633846656898445,0.6876071445913567,-0.9952903603986013,-0.4310085270485494,1.0568081506585678
numerical_feature_transformer,2026,NF-ToN-IoT,dc_ssd_no_class_balance,NF-CSE-CIC-IDS2018,retained,0.8813378326427748,0.3560474360077267,0.36673593674778293,0.12673980854575667,0.25421868806875364,-0.9106145251396648,-0.7168640148940333,0.40758013654732894
numerical_feature_transformer,2026,NF-ToN-IoT,dc_ssd,NF-UNSW-NB15,retained,0.580783528738919,0.4490132511113473,0.4622391838919626,0.19007189734957772,0.18960959690766627,-0.7311407415307372,-0.023589654463284537,0.6133327724468635
numerical_feature_transformer,2026,NF-ToN-IoT,dc_ssd,NF-ToN-IoT,forgotten,0.7028420811368324,0.2618705594658654,0.3158737978680213,0.06755617555729673,0.26201729602993823,0.02334868810296087,-0.18985219599231123,-0.0526359903955792
numerical_feature_transformer,2026,NF-ToN-IoT,dc_ssd,NF-BoT-IoT,retained,0.9878980379543262,0.37781882230995817,0.37960751361196543,0.15082554936402656,0.5974234465295457,0.0008349221328807221,-0.5048585386804101,0.4624083564720999
numerical_feature_transformer,2026,NF-ToN-IoT,dc_ssd,NF-CSE-CIC-IDS2018,retained,0.17692537695954894,0.5691708518924187,0.5787291068881895,0.24005148543216281,0.2137272648070471,-0.6543563687747342,-0.778015085971094,0.7989891153784373
numerical_feature_transformer,2026,NF-ToN-IoT,scrub_r,NF-UNSW-NB15,retained,0.9992374416166238,0.005622202507055739,0.03616411279949123,0.0017849536452866437,0.9322104057399135,-0.0031300574298170902,-8.136460376573229e-05,0.0063191195203541155
numerical_feature_transformer,2026,NF-ToN-IoT,scrub_r,NF-ToN-IoT,forgotten,0.7308044923217969,0.25532625326065395,0.36461729808379084,0.10526428898880888,0.3889784121962955,-0.11102252917986333,-0.10211252555187678,0.8128699214302114
numerical_feature_transformer,2026,NF-ToN-IoT,scrub_r,NF-BoT-IoT,retained,0.9914361531038919,0.01004987578352835,0.07349557187990272,0.004177335772133044,0.2853443207995621,0.0006705411281778817,-0.2366893487947601,0.013701990930583295
numerical_feature_transformer,2026,NF-ToN-IoT,scrub_r,NF-CSE-CIC-IDS2018,retained,0.9933791807270087,0.024327187320495453,0.07908362855674828,0.007402340635925585,0.8157310164779501,0.022375993902597813,-0.013975938066478788,-0.008262187855501577
numerical_feature_transformer,2026,NF-ToN-IoT,scrub_r@lr=0.001,NF-UNSW-NB15,retained,0.9919931369745496,0.012686425497006364,0.07493112429435901,0.0050308009336032175,0.9217745377063744,-0.054773487058159986,-0.0004259657389708016,0.019071336803678274
numerical_feature_transformer,2026,NF-ToN-IoT,scrub_r@lr=0.001,NF-ToN-IoT,forgotten,0.8141187256474902,0.28040335766183905,0.37024600514761186,0.1153635150615412,0.48067224434775424,0.08602566848948678,0.04736554739382415,0.3859016960117213
numerical_feature_transformer,2026,NF-ToN-IoT,scrub_r@lr=0.001,NF-BoT-IoT,retained,0.9903908009006112,0.01100374839863662,0.06833460159363458,0.0040797813068054875,0.4249087195083241,0.0019668193367972098,-0.26778108838424497,-0.004107144732263285
numerical_feature_transformer,2026,NF-ToN-IoT,scrub_r@lr=0.001,NF-CSE-CIC-IDS2018,retained,0.9190978599803511,0.12078404759315957,0.22885621111728235,0.04559068563121282,0.6717086452113323,-0.43431447912033666,-0.11716005527999962,0.23759405261496272
numerical_feature_transformer,2026,NF-BoT-IoT,original,NF-UNSW-NB15,retained,0.9996187208083119,0.0023413513537170138,0.01782063530885292,0.00043248101384937707,0.9698646474656961,-0.0012745152856575848,-6.762688695738373e-05,0.0007914454813254248
numerical_feature_transformer,2026,NF-BoT-IoT,original,NF-ToN-IoT,retained,0.8761173504469402,0.1521819451932301,0.20169736820573061,0.026146710524482187,0.6628431001344156,0.019035805080108492,0.014899377584836837,-0.027719636733825714
numerical_feature_transformer,2026,NF-BoT-IoT,original,NF-BoT-IoT,forgotten,0.014876165969765197,0.961490582613397,0.9680502438418124,0.6230017156529171,0.6929796892141511,0.9774004493105763,0.9226872729550295,-4.192897587917915
numerical_feature_transformer,2026,NF-BoT-IoT,original,NF-CSE-CIC-IDS2018,retained,0.9381914484643971,0.0626070795709332,0.16282194398450042,0.01888055946702494,0.8190604132375452,0.05654524020283258,0.030244655682244992,-0.04131780884772618
numerical_feature_transformer,2026,NF-BoT-IoT,rollback_repair,NF-UNSW-NB15,retained,0.9249833190353637,0.20148911532216518,0.2693271511672064,0.08268579898251946,0.08862104796203094,-0.9886721208307111,-0.8516270926049516,0.291411099636341
numerical_feature_transformer,2026,NF-BoT-IoT,rollback_repair,NF-ToN-IoT,retained,0.27710291084116434,0.4784329339617287,0.5384246558515117,0.164744487924536,0.333472663055842,-0.8660679422100742,-0.30476173805033946,0.9134328074480775
numerical_feature_transformer,2026,NF-BoT-IoT,rollback_repair,NF-BoT-IoT,forgotten,0.9897073013830814,0.13875712403125282,0.14703561601475992,0.03648270869977065,0.5954256778177269,-0.019209309740156225,0.26645964191764643,-2.3206914235592535
numerical_feature_transformer,2026,NF-BoT-IoT,rollback_repair,NF-CSE-CIC-IDS2018,retained,0.907052240399812,0.20399510509243765,0.2730347482584247,0.06602915994356365,0.18716560517612538,-0.7932166301969366,-0.7112900229477201,0.20377476803830666
numerical_feature_transformer,2026,NF-BoT-IoT,ssd_canonical,NF-UNSW-NB15,retained,0.9996187208083119,0.0023413513537170138,0.01782063530885292,0.00043248101384937707,0.9698646474656961,-0.0012745152856575848,-6.762688695738373e-05,0.0007914454813254248
numerical_feature_transformer,2026,NF-BoT-IoT,ssd_canonical,NF-ToN-IoT,retained,0.8761173504469402,0.1521819451932301,0.20169736820573061,0.026146710524482187,0.6628431001344156,0.019035805080108492,0.014899377584836837,-0.027719636733825714
numerical_feature_transformer,2026,NF-BoT-IoT,ssd_canonical,NF-BoT-IoT,forgotten,0.014876165969765197,0.961490582613397,0.9680502438418124,0.6230017156529171,0.6929796892141511,0.9774004493105763,0.9226872729550295,-4.192897587917915
numerical_feature_transformer,2026,NF-BoT-IoT,ssd_canonical,NF-CSE-CIC-IDS2018,retained,0.9381914484643971,0.0626070795709332,0.16282194398450042,0.01888055946702494,0.8190604132375452,0.05654524020283258,0.030244655682244992,-0.04131780884772618
numerical_feature_transformer,2026,NF-BoT-IoT,ssd_canonical@alpha=1,NF-UNSW-NB15,retained,0.9996187208083119,0.002358005500865731,0.01781670994998977,0.00043457721123864063,0.9692331044818261,-0.0012745152856575848,-6.762688695749475e-05,0.0008263488794833214
numerical_feature_transformer,2026,NF-BoT-IoT,ssd_canonical@alpha=1,NF-ToN-IoT,retained,0.8735961494384598,0.1539605355286823,0.2039584973180934,0.02666624436963704,0.6599357717394814,0.01877396727535663,0.01471942774015933,-0.02736160439273927
numerical_feature_transformer,2026,NF-BoT-IoT,ssd_canonical@alpha=1,NF-BoT-IoT,forgotten,0.014876165969765197,0.9609614135049415,0.9675266957783002,0.6217017410864086,0.6921777043201012,0.9774004493105763,0.9224110162667096,-4.1923306778843505
numerical_feature_transformer,2026,NF-BoT-IoT,ssd_canonical@alpha=1,NF-CSE-CIC-IDS2018,retained,0.9376788689077784,0.0631112517194835,0.16323438177631847,0.018999133420018095,0.81785935023571,0.05507612300865339,0.030142724461165282,-0.04019883088162862
numerical_feature_transformer,2026,NF-BoT-IoT,ssd_canonical@alpha=2,NF-UNSW-NB15,retained,0.9996187208083119,0.002341588303774764,0.017820927146862956,0.00043253030522492957,0.9698611709863375,-0.0012745152856575848,-6.75947143184974e-05,0.0007920517045623566
numerical_feature_transformer,2026,NF-BoT-IoT,ssd_canonical@alpha=2,NF-ToN-IoT,retained,0.8760027504011002,0.1522054953591154,0.20173020229782276,0.02615419856301536,0.6628270617062915,0.018949479392713187,0.014873897349730991,-0.027645459286053886
numerical_feature_transformer,2026,NF-BoT-IoT,ssd_canonical@alpha=2,NF-BoT-IoT,forgotten,0.014876165969765197,0.9614901692418485,0.9680502739713746,0.6230017066184591,0.6929838296492977,0.9774004493105763,0.9226872729550295,-4.19289465640334
numerical_feature_transformer,2026,NF-BoT-IoT,ssd_canonical@alpha=2,NF-CSE-CIC-IDS2018,retained,0.9381914484643971,0.06261541638576715,0.16283250416377046,0.0188831538835867,0.8190547121049366,0.05654524020283258,0.030243565468550337,-0.041301970130788734
numerical_feature_transformer,2026,NF-BoT-IoT,ssd_canonical@alpha=3,NF-UNSW-NB15,retained,0.9996187208083119,0.0023413513537170138,0.01782063530885292,0.00043248101384937707,0.9698646474656961,-0.0012745152856575848,-6.762688695738373e-05,0.0007914454813254248
numerical_feature_transformer,2026,NF-BoT-IoT,ssd_canonical@alpha=3,NF-ToN-IoT,retained,0.8761173504469402,0.1521819451932301,0.20169736820573061,0.026146710524482187,0.6628431001344156,0.019035805080108492,0.014899377584836837,-0.027719636733825714
numerical_feature_transformer,2026,NF-BoT-IoT,ssd_canonical@alpha=3,NF-BoT-IoT,forgotten,0.014876165969765197,0.961490582613397,0.9680502438418124,0.6230017156529171,0.6929796892141511,0.9774004493105763,0.9226872729550295,-4.192897587917915
numerical_feature_transformer,2026,NF-BoT-IoT,ssd_canonical@alpha=3,NF-CSE-CIC-IDS2018,retained,0.9381914484643971,0.0626070795709332,0.16282194398450042,0.01888055946702494,0.8190604132375452,0.05654524020283258,0.030244655682244992,-0.04131780884772618
numerical_feature_transformer,2026,NF-BoT-IoT,ssd_canonical@alpha=5,NF-UNSW-NB15,retained,0.9996187208083119,0.0023413513537170138,0.01782063530885292,0.00043248101384937707,0.9698646474656961,-0.0012745152856575848,-6.762688695738373e-05,0.0007914454813254248
numerical_feature_transformer,2026,NF-BoT-IoT,ssd_canonical@alpha=5,NF-ToN-IoT,retained,0.8761173504469402,0.1521819451932301,0.20169736820573061,0.026146710524482187,0.6628431001344156,0.019035805080108492,0.014899377584836837,-0.027719636733825714
numerical_feature_transformer,2026,NF-BoT-IoT,ssd_canonical@alpha=5,NF-BoT-IoT,forgotten,0.014876165969765197,0.961490582613397,0.9680502438418124,0.6230017156529171,0.6929796892141511,0.9774004493105763,0.9226872729550295,-4.192897587917915
numerical_feature_transformer,2026,NF-BoT-IoT,ssd_canonical@alpha=5,NF-CSE-CIC-IDS2018,retained,0.9381914484643971,0.0626070795709332,0.16282194398450042,0.01888055946702494,0.8190604132375452,0.05654524020283258,0.030244655682244992,-0.04131780884772618
numerical_feature_transformer,2026,NF-BoT-IoT,dc_ssd_no_contrast,NF-UNSW-NB15,retained,0.9264131160041941,0.09470647495619738,0.23638547902827511,0.04525179338180622,0.4354066411039546,-0.9460930454049203,-0.08248166996071582,0.19869772013625336
numerical_feature_transformer,2026,NF-BoT-IoT,dc_ssd_no_contrast,NF-ToN-IoT,retained,0.281228512491405,0.49117637526031477,0.5445029090054696,0.17178710543412085,0.2831242526280901,-0.826694340420365,-0.41886554535678644,0.9568074105990774
numerical_feature_transformer,2026,NF-BoT-IoT,dc_ssd_no_contrast,NF-BoT-IoT,forgotten,0.9889433901576069,0.17150855339248933,0.18715283699316698,0.04846423077097216,0.7531057438857589,-0.01350810124455258,0.46404357026538534,-2.473886525641606
numerical_feature_transformer,2026,NF-BoT-IoT,dc_ssd_no_contrast,NF-CSE-CIC-IDS2018,retained,0.8216223142966982,0.27082350183156656,0.3476455739659291,0.09883496645694513,0.48956337225908725,-0.7755075118849546,-0.6823468944488484,0.43401041578029076
numerical_feature_transformer,2026,NF-BoT-IoT,dc_ssd_no_class_balance,NF-UNSW-NB15,retained,0.9996187208083119,0.0023445303835950802,0.017897964586447122,0.0004311726797564903,0.9695420475471783,-0.0012745152856575848,-6.794861334635804e-05,0.0008393049286731982
numerical_feature_transformer,2026,NF-BoT-IoT,dc_ssd_no_class_balance,NF-ToN-IoT,retained,0.8754297501719001,0.15251984512276393,0.20212949318650844,0.026236278511351192,0.6606433785469066,0.020190182209610108,0.014912359384836704,-0.028153841282692493
numerical_feature_transformer,2026,NF-BoT-IoT,dc_ssd_no_class_balance,NF-BoT-IoT,forgotten,0.01483596011579286,0.9609713688532673,0.9675192900339882,0.6216414976555873,0.6925111873445203,0.9773802004812229,0.9315420268069647,-4.192183674751763
numerical_feature_transformer,2026,NF-BoT-IoT,dc_ssd_no_class_balance,NF-CSE-CIC-IDS2018,retained,0.9381487335013455,0.06274795188981303,0.1628666297273814,0.01890352369623848,0.8184828556068267,0.05642261944231308,0.03012298031522176,-0.040757223251129376
numerical_feature_transformer,2026,NF-BoT-IoT,dc_ssd,NF-UNSW-NB15,retained,0.0728243256124297,0.7751652638637242,0.7983519623604799,0.41878925402078593,0.182577968129399,-0.85042899749442,-0.24322347706953074,1.6709792002883694
numerical_feature_transformer,2026,NF-BoT-IoT,dc_ssd,NF-ToN-IoT,retained,0.7228970891588357,0.21498032969416803,0.30794085040651054,0.05810042632380422,0.22780890480050345,-0.012491117668262497,-0.006860536039237641,-0.03314424268257132
numerical_feature_transformer,2026,NF-BoT-IoT,dc_ssd,NF-BoT-IoT,forgotten,0.010292698616918623,0.6307223834710546,0.6407838146254731,0.2772604269495577,0.7354535207921468,0.9800664607595622,0.4776847228932911,-3.7778620784530457
numerical_feature_transformer,2026,NF-BoT-IoT,dc_ssd,NF-CSE-CIC-IDS2018,retained,0.09294775960018795,0.5191160885162447,0.5648212294093456,0.22180717227687582,0.14551840550185574,-0.5456025727846082,-0.07288652977672849,0.7500880836396137
numerical_feature_transformer,2026,NF-BoT-IoT,scrub_r,NF-UNSW-NB15,retained,0.9981889238394814,0.0033237911240513863,0.025367330254511676,0.0008072313404929655,0.9708369234551153,0.00570287916928891,-3.384561611752268e-05,0.00046915876719559255
numerical_feature_transformer,2026,NF-BoT-IoT,scrub_r,NF-ToN-IoT,retained,0.6833600733440294,0.3219270811944939,0.4067259868290207,0.10422198942833126,0.4869206799526803,-0.19722499697975138,-0.17827291375741428,0.5615927944169254
numerical_feature_transformer,2026,NF-BoT-IoT,scrub_r,NF-BoT-IoT,forgotten,0.9813042779028627,0.09743420720372854,0.14903044677668023,0.027908008778776732,0.3688139793816878,0.03001542038741983,0.3167008911794707,-1.2850050088861997
numerical_feature_transformer,2026,NF-BoT-IoT,scrub_r,NF-CSE-CIC-IDS2018,retained,0.9073939601042245,0.08584814282732764,0.17675361089027433,0.021938228937698586,0.5960961608514932,-0.25653972811573555,-0.058463100341584306,0.0654764792032971
numerical_feature_transformer,2026,NF-BoT-IoT,scrub_r@lr=0.001,NF-UNSW-NB15,retained,0.9875131064722142,0.01974193627912865,0.08399579054102868,0.007200805069027237,0.8121016594701815,-0.08921931645314607,-0.0014408194602768543,0.031036370783983493
numerical_feature_transformer,2026,NF-BoT-IoT,scrub_r@lr=0.001,NF-ToN-IoT,retained,0.6470318588127435,0.3440022972098054,0.4604424294088193,0.1379679652335238,0.49739919937612653,-0.2100832021051624,-0.20276646301122658,1.0194696485432644
numerical_feature_transformer,2026,NF-BoT-IoT,scrub_r@lr=0.001,NF-BoT-IoT,forgotten,0.986088774525571,0.08131115243067082,0.12589087180528824,0.022333981694883112,0.27816470666945486,0.00040635089296713056,0.5048853814355505,-1.515696528550507
numerical_feature_transformer,2026,NF-BoT-IoT,scrub_r@lr=0.001,NF-CSE-CIC-IDS2018,retained,0.9463927213702961,0.09919648912528556,0.19526156020746452,0.028686557212308526,0.37538494505597314,-0.21636653532027617,-0.01938757839689087,0.04476056725296179
numerical_feature_transformer,2026,NF-CSE-CIC-IDS2018,original,NF-UNSW-NB15,retained,0.9985702030311696,0.0024272406570775003,0.025815751175638717,0.0006506987830926021,0.9573657696032505,-0.009481295828229874,-6.212536570637806e-05,0.0028204125140821636
numerical_feature_transformer,2026,NF-CSE-CIC-IDS2018,original,NF-ToN-IoT,retained,0.9134769653907862,0.14160312138457914,0.19384291346214522,0.0255622375389426,0.5940175496988775,-0.04208837833909074,-0.08942592339785083,0.1698395797400693
numerical_feature_transformer,2026,NF-CSE-CIC-IDS2018,original,NF-BoT-IoT,retained,0.9929639755548408,0.011754617287279775,0.050238128178735506,0.0027718553230078337,0.6776845055071072,0.0006285808695019046,-0.050837941339632375,0.00013971102578510392
numerical_feature_transformer,2026,NF-CSE-CIC-IDS2018,original,NF-CSE-CIC-IDS2018,forgotten,0.6255606338900517,0.27380832786148174,0.41460017837418195,0.10771878043065194,0.6371730213980872,0.531981290324107,0.2788654451341013,-0.6864281856209158
numerical_feature_transformer,2026,NF-CSE-CIC-IDS2018,rollback_repair,NF-UNSW-NB15,retained,0.9201220093413401,0.16363419311653316,0.26628405873255057,0.07186783225607726,0.07771560989931019,-0.7949650257751972,-0.6787963199133964,0.2706578829552235
numerical_feature_transformer,2026,NF-CSE-CIC-IDS2018,rollback_repair,NF-ToN-IoT,retained,0.8081595232638094,0.23631536146915075,0.28911495360969675,0.05356179132611274,0.29730592319832405,-0.05747163939893207,-0.3134608560406076,0.2339065616774893
numerical_feature_transformer,2026,NF-CSE-CIC-IDS2018,rollback_repair,NF-BoT-IoT,retained,0.9909536828562239,0.30206102994551437,0.3046252403654228,0.11410750697449439,0.06696217308983475,0.0026096339136277846,-0.25387765966965503,0.3504685789917492
numerical_feature_transformer,2026,NF-CSE-CIC-IDS2018,rollback_repair,NF-CSE-CIC-IDS2018,forgotten,0.36397420016231685,0.48400887312388735,0.5779023696300128,0.21200935092553863,0.19943182089353376,-0.13679418415287223,-0.5421899015715979,0.4811021103716865
numerical_feature_transformer,2026,NF-CSE-CIC-IDS2018,ssd_canonical,NF-UNSW-NB15,retained,0.9985702030311696,0.0024272406570775003,0.025815751175638717,0.0006506987830926021,0.9573657696032505,-0.009481295828229874,-6.212536570637806e-05,0.0028204125140821636
numerical_feature_transformer,2026,NF-CSE-CIC-IDS2018,ssd_canonical,NF-ToN-IoT,retained,0.9134769653907862,0.14160312138457914,0.19384291346214522,0.0255622375389426,0.5940175496988775,-0.04208837833909074,-0.08942592339785083,0.1698395797400693
numerical_feature_transformer,2026,NF-CSE-CIC-IDS2018,ssd_canonical,NF-BoT-IoT,retained,0.9929639755548408,0.011754617287279775,0.050238128178735506,0.0027718553230078337,0.6776845055071072,0.0006285808695019046,-0.050837941339632375,0.00013971102578510392
numerical_feature_transformer,2026,NF-CSE-CIC-IDS2018,ssd_canonical,NF-CSE-CIC-IDS2018,forgotten,0.6255606338900517,0.27380832786148174,0.41460017837418195,0.10771878043065194,0.6371730213980872,0.531981290324107,0.2788654451341013,-0.6864281856209158
numerical_feature_transformer,2026,NF-CSE-CIC-IDS2018,ssd_canonical@alpha=1,NF-UNSW-NB15,retained,0.07625583833762273,0.89018505755079,0.925588197533858,0.5672604496778744,0.6706083428325654,-0.8548440125040724,-0.011607244660564509,3.1390751762148703
numerical_feature_transformer,2026,NF-CSE-CIC-IDS2018,ssd_canonical@alpha=1,NF-ToN-IoT,retained,0.7806555122622049,0.3105238249730199,0.42504333294356544,0.14655873643942474,0.18490383588437592,-0.07361530108746173,-0.262610385868123,1.0772962586932018
numerical_feature_transformer,2026,NF-CSE-CIC-IDS2018,ssd_canonical@alpha=1,NF-BoT-IoT,retained,0.9923206818912834,0.015346690049088816,0.07678332805409147,0.005643153274544323,0.40475914647844147,0.0032945923184877213,-0.8394311125427247,-0.007959840773457964
numerical_feature_transformer,2026,NF-CSE-CIC-IDS2018,ssd_canonical@alpha=1,NF-CSE-CIC-IDS2018,forgotten,0.434539319123489,0.6087613510928708,0.7310068671015076,0.3665341608061487,0.7939414631610635,-0.07016652266333376,-0.2075015078031331,3.7554161086961964
numerical_feature_transformer,2026,NF-CSE-CIC-IDS2018,ssd_canonical@alpha=2,NF-UNSW-NB15,retained,0.9799351825374131,0.043329324480981556,0.12483197753903537,0.017268355887939735,0.6157431637584463,-0.12422754437954642,-0.007117585075395949,0.05969894754386034
numerical_feature_transformer,2026,NF-CSE-CIC-IDS2018,ssd_canonical@alpha=2,NF-ToN-IoT,retained,0.5237222094888838,0.4196374364944565,0.5283316941839283,0.17322917822694922,0.14975954889394333,-0.38723402925094363,-0.2834456224507249,1.1403142170286134
numerical_feature_transformer,2026,NF-CSE-CIC-IDS2018,ssd_canonical@alpha=2,NF-BoT-IoT,retained,0.9888629784496623,0.01245636420110076,0.0671696855112442,0.003380831366764225,0.39724369617256944,-0.003401801838016638,-0.0745356203360713,0.018241408839728954
numerical_feature_transformer,2026,NF-CSE-CIC-IDS2018,ssd_canonical@alpha=2,NF-CSE-CIC-IDS2018,forgotten,0.5528597667763018,0.356088536299537,0.4884759871272182,0.14675743490566195,0.4908613675871218,0.3310648300028273,0.23082605085622832,-0.49681047268730066
numerical_feature_transformer,2026,NF-CSE-CIC-IDS2018,ssd_canonical@alpha=3,NF-UNSW-NB15,retained,0.9985702030311696,0.0024845622916044746,0.025943613078584993,0.0006655908983584918,0.9560951119074426,-0.009481295828229874,-6.20931930673807e-05,0.0028787303770232264
numerical_feature_transformer,2026,NF-CSE-CIC-IDS2018,ssd_canonical@alpha=3,NF-ToN-IoT,retained,0.9333027733211093,0.12868608321255445,0.17581855974439,0.021694516475163877,0.6068514420136619,-0.026284352343744377,-0.08399107211231083,0.14842130059637498
numerical_feature_transformer,2026,NF-CSE-CIC-IDS2018,ssd_canonical@alpha=3,NF-BoT-IoT,retained,0.9930443872627854,0.011979876677987002,0.05061993232247754,0.0028073378591007402,0.664016766309426,0.0006285808695019046,-0.04809774341905115,-0.00028798807073430674
numerical_feature_transformer,2026,NF-CSE-CIC-IDS2018,ssd_canonical@alpha=3,NF-CSE-CIC-IDS2018,forgotten,0.6302165648626714,0.26421806798593866,0.40795694292963613,0.10286514432207167,0.634584604127353,0.5175368802417983,0.2773701005119885,-0.6800317875274592
numerical_feature_transformer,2026,NF-CSE-CIC-IDS2018,ssd_canonical@alpha=5,NF-UNSW-NB15,retained,0.9985702030311696,0.0024272406570775003,0.025815751175638717,0.0006506987830926021,0.9573657696032505,-0.009481295828229874,-6.212536570637806e-05,0.0028204125140821636
numerical_feature_transformer,2026,NF-CSE-CIC-IDS2018,ssd_canonical@alpha=5,NF-ToN-IoT,retained,0.9134769653907862,0.14160312138457914,0.19384291346214522,0.0255622375389426,0.5940175496988775,-0.04208837833909074,-0.08942592339785083,0.1698395797400693
numerical_feature_transformer,2026,NF-CSE-CIC-IDS2018,ssd_canonical@alpha=5,NF-BoT-IoT,retained,0.9929639755548408,0.011754617287279775,0.050238128178735506,0.0027718553230078337,0.6776845055071072,0.0006285808695019046,-0.050837941339632375,0.00013971102578510392
numerical_feature_transformer,2026,NF-CSE-CIC-IDS2018,ssd_canonical@alpha=5,NF-CSE-CIC-IDS2018,forgotten,0.6255606338900517,0.27380832786148174,0.41460017837418195,0.10771878043065194,0.6371730213980872,0.531981290324107,0.2788654451341013,-0.6864281856209158
numerical_feature_transformer,2026,NF-CSE-CIC-IDS2018,dc_ssd_no_contrast,NF-UNSW-NB15,retained,0.9995710609093509,0.003004613931536111,0.018618139177072602,0.0007610254383528731,0.955658103042585,-0.00030889825510438396,-7.769692293158048e-05,0.0020856927211672484
numerical_feature_transformer,2026,NF-CSE-CIC-IDS2018,dc_ssd_no_contrast,NF-ToN-IoT,retained,0.9029337611735044,0.10703948079353967,0.19476368868989544,0.024461773824962788,0.5745850850856141,-0.04971326321574543,-0.10416717161035005,0.18035360599373434
numerical_feature_transformer,2026,NF-CSE-CIC-IDS2018,dc_ssd_no_contrast,NF-BoT-IoT,retained,0.9942505628819556,0.00885861577970224,0.05056280285100225,0.0022704512633125048,0.6437860842876014,-0.00018302861151631156,-0.08421578890857362,-0.002016804883317347
numerical_feature_transformer,2026,NF-CSE-CIC-IDS2018,dc_ssd_no_contrast,NF-CSE-CIC-IDS2018,forgotten,0.6488830037162018,0.26711579057673446,0.40617992707341644,0.09932199899270228,0.6255862819889542,0.3791944774159353,0.2565151847068613,-0.6565445532506196
numerical_feature_transformer,2026,NF-CSE-CIC-IDS2018,dc_ssd_no_class_balance,NF-UNSW-NB15,retained,0.9457153750834049,0.0686230734332233,0.1717474417082031,0.028664824766358343,0.6197792683351566,-0.27245050185463116,-0.012174866528590456,0.09903832071776218
numerical_feature_transformer,2026,NF-CSE-CIC-IDS2018,dc_ssd_no_class_balance,NF-ToN-IoT,retained,0.656314462525785,0.3215703616996335,0.4504424464722608,0.12315897384293399,0.23244611950984279,-0.2598578211864475,-0.22952595783414675,0.7746844840451457
numerical_feature_transformer,2026,NF-CSE-CIC-IDS2018,dc_ssd_no_class_balance,NF-BoT-IoT,retained,0.9936876809263429,0.027151585926578913,0.06397785959070419,0.00804286933404954,0.4488671919978699,-0.0010772348040820612,-0.005015121418729174,0.030457038817745766
numerical_feature_transformer,2026,NF-CSE-CIC-IDS2018,dc_ssd_no_class_balance,NF-CSE-CIC-IDS2018,forgotten,0.5243261714578616,0.3734260132654109,0.5213283182541629,0.16683231272658253,0.5023020318564366,0.28145724050318227,0.2215495578664678,-0.38253075417854787
numerical_feature_transformer,2026,NF-CSE-CIC-IDS2018,dc_ssd,NF-UNSW-NB15,retained,0.9814602993041655,0.03132796873457071,0.12024574261763692,0.013780420258531914,0.7620368589486971,-0.13418917316996537,-0.033771345580727696,0.06310501235702778
numerical_feature_transformer,2026,NF-CSE-CIC-IDS2018,dc_ssd,NF-ToN-IoT,retained,0.5828558331423332,0.36563594348267553,0.4907352118832154,0.14672865877300864,0.24569611167901595,-0.32281422361089007,-0.3194835826149668,0.9949366040048462
numerical_feature_transformer,2026,NF-CSE-CIC-IDS2018,dc_ssd,NF-BoT-IoT,retained,0.9924815053071727,0.010063945791831556,0.060993314704883034,0.0030706430849581127,0.5775623678444617,-0.0014445533329910942,-0.17991915856910212,0.00346323616741432
numerical_feature_transformer,2026,NF-CSE-CIC-IDS2018,dc_ssd,NF-CSE-CIC-IDS2018,forgotten,0.5900217846311563,0.2766429221808752,0.3903763174803621,0.09176004711296085,0.7066469871373802,0.30974002867513056,0.20345293533947095,-0.5034653617959524
numerical_feature_transformer,2026,NF-CSE-CIC-IDS2018,scrub_r,NF-UNSW-NB15,retained,0.9994757411114289,0.004127775994500869,0.019372857202210925,0.0010263105295414742,0.9339076435863606,-0.0003024930321691155,-0.0001243472493294151,0.003234998744172185
numerical_feature_transformer,2026,NF-CSE-CIC-IDS2018,scrub_r,NF-ToN-IoT,retained,0.8240889296355719,0.2001727390238112,0.30318596404142617,0.06159543366738198,0.2837862938008273,-0.05375505977764794,-0.09940865138915944,0.183300151532448
numerical_feature_transformer,2026,NF-CSE-CIC-IDS2018,scrub_r,NF-BoT-IoT,retained,0.9929639755548408,0.010175977613103283,0.05720727791123349,0.002982871542089614,0.2216676047472077,0.00042518538171854026,0.005634741683219868,-0.004715878327604272
numerical_feature_transformer,2026,NF-CSE-CIC-IDS2018,scrub_r,NF-CSE-CIC-IDS2018,forgotten,0.8087223954551279,0.20438103072625047,0.39130550281721127,0.10204873401342143,0.698265404227898,0.03467339048788376,0.09635079311316974,0.7493951247032594
numerical_feature_transformer,2026,NF-CSE-CIC-IDS2018,scrub_r@lr=0.001,NF-UNSW-NB15,retained,0.9997140406062339,0.003576841543021098,0.02528559687899142,0.0008293194647494254,0.9514903839058939,0.0006288867887104255,-1.512114028079381e-05,0.002915762176148219
numerical_feature_transformer,2026,NF-CSE-CIC-IDS2018,scrub_r@lr=0.001,NF-ToN-IoT,retained,0.9130185652074261,0.12876057412868527,0.1924098553895663,0.02513165642481395,0.45114774130609303,-0.01918734665675259,-0.09330188837544029,0.11966827964333648
numerical_feature_transformer,2026,NF-CSE-CIC-IDS2018,scrub_r@lr=0.001,NF-BoT-IoT,retained,0.9926423287230621,0.0259449414041655,0.058606915536626274,0.007756158110989324,0.33521202063994987,-0.000183198383250871,0.0027334872317962278,0.016063091651766392
numerical_feature_transformer,2026,NF-CSE-CIC-IDS2018,scrub_r@lr=0.001,NF-CSE-CIC-IDS2018,forgotten,0.8892828157703644,0.13838567424852824,0.22637184885955028,0.03862834624692269,0.4297690947793686,-0.044630366577478375,0.017161392107550633,0.1059632468349967
