architecture,seed,forgotten_domain,method,base_method,protocol,rollback_scale,repair_epochs,repair_fraction,parameter_change_l2,parameter_change_max_abs,is_identity_map,is_near_identity,alpha,lambda,selected_parameter_count,selected_parameter_fraction,effectively_changed_parameter_count,selection_status,total_parameter_count,reference_forget_fisher_cosine_similarity,finite_ratio_max,finite_ratio_median,dampening_factor_min,dampening_factor_median,dampening_factor_max,alpha_is_configured_default,alpha_matches_published_cifar_resnet_setting,fisher_scope,forget_training_fraction,batch_normalized_ratio_upper_bound,full_fisher_batches,structural_noop,forget_fisher_batches,forget_fisher_samples,ablation_class_balanced,ablation_contrastive,no_contrast_ratio_upper_bound,class_weighting,fisher_estimator,domain_weighting,reference_domain_scope,retained_reference,online_raw_retain_rows,online_raw_forget_rows,cache_policy_note,teacher_frozen,forget_max_steps,total_min_steps,chosen_rewind_step,final_same_domain_validation_error,chosen_forget_train_error,temperature,alpha_retain_kl,gamma_retain_ce,optimizer,learning_rate,learning_rate_is_configured_default,learning_rate_matches_published_cifar_setting,schedule_scope,weight_decay,momentum,forget_batch_size,retain_batch_size,gradient_clipping,rewind_reference_uses
mlp,42,NF-UNSW-NB15,rollback_repair,rollback_repair,amnesiac update subtraction plus custom retained repair,1.0,2.0,0.25,9.307546887023712,0.818348228931427,False,False,,,,,,,,,,,,,,,,,,,,,,,,,,,,,,,,,,,,,,,,,,,,,,,,,,,,,
mlp,42,NF-UNSW-NB15,ssd_canonical,ssd_canonical,"canonical SSD (Foster et al., AAAI 2024)",,,,0.0,0.0,True,True,10.0,1.0,0.0,0.0,0.0,no_parameters_selected,16994.0,0.5845881814760959,3.4949052333831787,0.094948410987854,1.0,1.0,1.0,True,True,100% pooled train cache plus 100% forgotten train online,0.2836896553754482,3.5252324037184595,5309.0,True,1506.0,96362.0,,,,,,,,,,,,,,,,,,,,,,,,,,,,,,,
mlp,42,NF-UNSW-NB15,ssd_canonical@alpha=1,ssd_canonical,"canonical SSD (Foster et al., AAAI 2024)",,,,1.1392916199675494,0.4555819034576416,False,False,1.0,1.0,566.0,0.03330587266093916,566.0,weights_changed,16994.0,0.5845881814760959,3.4949052333831787,0.094948410987854,0.28613078594207764,0.6929700970649719,0.9997879862785339,False,False,100% pooled train cache plus 100% forgotten train online,0.2836896553754482,3.5252324037184595,5309.0,False,1506.0,96362.0,,,,,,,,,,,,,,,,,,,,,,,,,,,,,,,
mlp,42,NF-UNSW-NB15,ssd_canonical@alpha=2,ssd_canonical,"canonical SSD (Foster et al., AAAI 2024)",,,,0.7400818254907245,0.12224890291690826,False,False,2.0,1.0,134.0,0.00788513593032835,134.0,weights_changed,16994.0,0.5845881814760959,3.4949052333831787,0.094948410987854,0.28613078594207764,0.3848080635070801,0.4992310106754303,False,False,100% pooled train cache plus 100% forgotten train online,0.2836896553754482,3.5252324037184595,5309.0,False,1506.0,96362.0,,,,,,,,,,,,,,,,,,,,,,,,,,,,,,,
mlp,42,NF-UNSW-NB15,ssd_canonical@alpha=3,ssd_canonical,"canonical SSD (Foster et al., AAAI 2024)",,,,0.3424080751785941,0.11095200479030609,False,False,3.0,1.0,28.0,0.0016476403436507003,28.0,weights_changed,16994.0,0.5845881814760959,3.4949052333831787,0.094948410987854,0.28613078594207764,0.3055567741394043,0.3301263153553009,False,False,100% pooled train cache plus 100% forgotten train online,0.2836896553754482,3.5252324037184595,5309.0,False,1506.0,96362.0,,,,,,,,,,,,,,,,,,,,,,,,,,,,,,,
mlp,42,NF-UNSW-NB15,ssd_canonical@alpha=5,ssd_canonical,"canonical SSD (Foster et al., AAAI 2024)",,,,0.0,0.0,True,True,5.0,1.0,0.0,0.0,0.0,no_parameters_selected,16994.0,0.5845881814760959,3.4949052333831787,0.094948410987854,1.0,1.0,1.0,False,False,100% pooled train cache plus 100% forgotten train online,0.2836896553754482,3.5252324037184595,5309.0,True,1506.0,96362.0,,,,,,,,,,,,,,,,,,,,,,,,,,,,,,,
mlp,42,NF-UNSW-NB15,dc_ssd_no_contrast,dc_ssd_no_contrast,DC-SSD ablation: class-balanced Fisher without retained-only contrast,,,,1.6745046852939858,0.6840123534202576,False,False,2.0,1.0,363.0,0.021360480169471577,363.0,weights_changed,16994.0,0.26248792379796865,3.9930930137634277,0.060741737484931946,0.25043243169784546,0.35228854417800903,0.499999463558197,,,,,,,False,,,True,False,4.0,equal 0.5/0.5,class-conditional mean squared batch-mean CE gradient,equal across reference domains,all domains including forgotten,mean,0.0,0.0,The shared bank is kept only to benchmark independent deletion scenarios; a deployment must purge the forgotten domain entry.,,,,,,,,,,,,,,,,,,,,
mlp,42,NF-UNSW-NB15,dc_ssd_no_class_balance,dc_ssd_no_class_balance,DC-SSD ablation: retained-domain contrast without class balancing,,,,1.366430556701079,0.7015968561172485,False,False,2.0,1.0,214.0,0.012592679769330352,214.0,weights_changed,16994.0,0.24695507238440229,506.5879821777344,0.0294636357575655,0.0019739908166229725,0.27538496255874634,0.4997173547744751,,,,,,,False,,,False,True,,empirical training fractions within domain,class-conditional mean squared batch-mean CE gradient,equal across reference domains,retained only,mean,0.0,0.0,The shared bank is kept only to benchmark independent deletion scenarios; a deployment must purge the forgotten domain entry.,,,,,,,,,,,,,,,,,,,,
mlp,42,NF-UNSW-NB15,dc_ssd,dc_ssd,proposed class-balanced domain-contrastive SSD,,,,2.3995464507342663,0.9120164513587952,False,False,2.0,1.0,516.0,0.030363657761562905,516.0,weights_changed,16994.0,0.24473313967874336,1734.3743896484375,0.04625876247882843,0.0005765767418779433,0.21516139805316925,0.499695360660553,,,,,,,False,,,True,True,,equal 0.5/0.5,class-conditional mean squared batch-mean CE gradient,equal across reference domains,retained only,mean,0.0,0.0,The shared bank is kept only to benchmark independent deletion scenarios; a deployment must purge the forgotten domain entry.,,,,,,,,,,,,,,,,,,,,
mlp,42,NF-UNSW-NB15,scrub_r,scrub_r,"SCRUB+R (Kurmanji et al., NeurIPS 2023)",,,,143.42257501902915,99.57238006591797,False,False,,,,,,,,,,,,,,,,,,,,,,,,,,,,,,,,,,True,2.0,3.0,3.0,0.5694874851013111,0.5456196425977045,4.0,0.001,0.99,sgd,0.0005,True,True,NetFlow short-run adaptation; not exact image-experiment reproduction,0.0005,0.9,32.0,128.0,False,"forgotten-domain validation split, never test"
mlp,42,NF-UNSW-NB15,scrub_r@lr=0.001,scrub_r,"SCRUB+R (Kurmanji et al., NeurIPS 2023)",,,,283.49723082610706,197.0684814453125,False,False,,,,,,,,,,,,,,,,,,,,,,,,,,,,,,,,,,True,2.0,3.0,3.0,0.7023122765196663,0.6776633942840539,4.0,0.001,0.99,sgd,0.001,False,False,NetFlow short-run adaptation; not exact image-experiment reproduction,0.0005,0.9,32.0,128.0,False,"forgotten-domain validation split, never test"
mlp,42,NF-ToN-IoT,rollback_repair,rollback_repair,amnesiac update subtraction plus custom retained repair,1.0,2.0,0.25,36.61323426240677,5.075741767883301,False,False,,,,,,,,,,,,,,,,,,,,,,,,,,,,,,,,,,,,,,,,,,,,,,,,,,,,,
mlp,42,NF-ToN-IoT,ssd_canonical,ssd_canonical,"canonical SSD (Foster et al., AAAI 2024)",,,,0.0,0.0,True,True,10.0,1.0,0.0,0.0,0.0,no_parameters_selected,16994.0,0.9791009644861419,9.203920364379883,5.2259368896484375,1.0,1.0,1.0,True,True,100% pooled train cache plus 100% forgotten train online,0.10845693223502535,9.21701388888889,5309.0,True,576.0,36840.0,,,,,,,,,,,,,,,,,,,,,,,,,,,,,,,
mlp,42,NF-ToN-IoT,ssd_canonical@alpha=1,ssd_canonical,"canonical SSD (Foster et al., AAAI 2024)",,,,16.21974943111657,1.0112624168395996,False,False,1.0,1.0,16674.0,0.981169824643992,16674.0,weights_changed,16994.0,0.9791009644861419,9.203920364379883,5.2259368896484375,0.1086493581533432,0.18963591754436493,0.9987378716468811,False,False,100% pooled train cache plus 100% forgotten train online,0.10845693223502535,9.21701388888889,5309.0,False,576.0,36840.0,,,,,,,,,,,,,,,,,,,,,,,,,,,,,,,
mlp,42,NF-ToN-IoT,ssd_canonical@alpha=2,ssd_canonical,"canonical SSD (Foster et al., AAAI 2024)",,,,16.131291087996484,1.0112624168395996,False,False,2.0,1.0,15733.0,0.925797340237731,15733.0,weights_changed,16994.0,0.9791009644861419,9.203920364379883,5.2259368896484375,0.1086493581533432,0.18497583270072937,0.4999767243862152,False,False,100% pooled train cache plus 100% forgotten train online,0.10845693223502535,9.21701388888889,5309.0,False,576.0,36840.0,,,,,,,,,,,,,,,,,,,,,,,,,,,,,,,
mlp,42,NF-ToN-IoT,ssd_canonical@alpha=3,ssd_canonical,"canonical SSD (Foster et al., AAAI 2024)",,,,15.838060917722961,1.0112624168395996,False,False,3.0,1.0,14293.0,0.8410615511356949,14293.0,weights_changed,16994.0,0.9791009644861419,9.203920364379883,5.2259368896484375,0.1086493581533432,0.17777879536151886,0.3333298861980438,False,False,100% pooled train cache plus 100% forgotten train online,0.10845693223502535,9.21701388888889,5309.0,False,576.0,36840.0,,,,,,,,,,,,,,,,,,,,,,,,,,,,,,,
mlp,42,NF-ToN-IoT,ssd_canonical@alpha=5,ssd_canonical,"canonical SSD (Foster et al., AAAI 2024)",,,,13.370103611687778,1.0112624168395996,False,False,5.0,1.0,9291.0,0.5467223726020949,9291.0,weights_changed,16994.0,0.9791009644861419,9.203920364379883,5.2259368896484375,0.1086493581533432,0.15838031470775604,0.19996842741966248,False,False,100% pooled train cache plus 100% forgotten train online,0.10845693223502535,9.21701388888889,5309.0,False,576.0,36840.0,,,,,,,,,,,,,,,,,,,,,,,,,,,,,,,
mlp,42,NF-ToN-IoT,dc_ssd_no_contrast,dc_ssd_no_contrast,DC-SSD ablation: class-balanced Fisher without retained-only contrast,,,,9.773594634732625,0.8530842065811157,False,False,2.0,1.0,8635.0,0.5081205131222785,8635.0,weights_changed,16994.0,0.9756814706855058,3.9985833168029785,2.033688545227051,0.25008857250213623,0.32653409242630005,0.4999828338623047,,,,,,,False,,,True,False,4.0,equal 0.5/0.5,class-conditional mean squared batch-mean CE gradient,equal across reference domains,all domains including forgotten,mean,0.0,0.0,The shared bank is kept only to benchmark independent deletion scenarios; a deployment must purge the forgotten domain entry.,,,,,,,,,,,,,,,,,,,,
mlp,42,NF-ToN-IoT,dc_ssd_no_class_balance,dc_ssd_no_class_balance,DC-SSD ablation: retained-domain contrast without class balancing,,,,18.757533295440496,1.1583549976348877,False,False,2.0,1.0,15920.0,0.9368012239613981,15920.0,weights_changed,16994.0,0.6117093178449202,9963.9638671875,16.038225173950195,0.00010036166349891573,0.056290436536073685,0.49996209144592285,,,,,,,False,,,False,True,,empirical training fractions within domain,class-conditional mean squared batch-mean CE gradient,equal across reference domains,retained only,mean,0.0,0.0,The shared bank is kept only to benchmark independent deletion scenarios; a deployment must purge the forgotten domain entry.,,,,,,,,,,,,,,,,,,,,
mlp,42,NF-ToN-IoT,dc_ssd,dc_ssd,proposed class-balanced domain-contrastive SSD,,,,13.603055899871231,1.1374456882476807,False,False,2.0,1.0,10223.0,0.6015652583264681,10223.0,weights_changed,16994.0,0.34053591448772125,8469.115234375,3.1027965545654297,0.00011807608098024502,0.13245521485805511,0.49994930624961853,,,,,,,False,,,True,True,,equal 0.5/0.5,class-conditional mean squared batch-mean CE gradient,equal across reference domains,retained only,mean,0.0,0.0,The shared bank is kept only to benchmark independent deletion scenarios; a deployment must purge the forgotten domain entry.,,,,,,,,,,,,,,,,,,,,
mlp,42,NF-ToN-IoT,scrub_r,scrub_r,"SCRUB+R (Kurmanji et al., NeurIPS 2023)",,,,51.48968124580006,35.50144577026367,False,False,,,,,,,,,,,,,,,,,,,,,,,,,,,,,,,,,,True,2.0,3.0,3.0,0.45757335448057096,0.5455754614549403,4.0,0.001,0.99,sgd,0.0005,True,True,NetFlow short-run adaptation; not exact image-experiment reproduction,0.0005,0.9,32.0,128.0,False,"forgotten-domain validation split, never test"
mlp,42,NF-ToN-IoT,scrub_r@lr=0.001,scrub_r,"SCRUB+R (Kurmanji et al., NeurIPS 2023)",,,,105.0828511518012,72.81487274169922,False,False,,,,,,,,,,,,,,,,,,,,,,,,,,,,,,,,,,True,2.0,3.0,3.0,0.3839356519768891,0.5651194353963084,4.0,0.001,0.99,sgd,0.001,False,False,NetFlow short-run adaptation; not exact image-experiment reproduction,0.0005,0.9,32.0,128.0,False,"forgotten-domain validation split, never test"
mlp,42,NF-BoT-IoT,rollback_repair,rollback_repair,amnesiac update subtraction plus custom retained repair,1.0,2.0,0.25,19.905199872079205,2.362560749053955,False,False,,,,,,,,,,,,,,,,,,,,,,,,,,,,,,,,,,,,,,,,,,,,,,,,,,,,,
mlp,42,NF-BoT-IoT,ssd_canonical,ssd_canonical,"canonical SSD (Foster et al., AAAI 2024)",,,,0.0,0.0,True,True,10.0,1.0,0.0,0.0,0.0,no_parameters_selected,16994.0,0.7732153944831002,2.7681257724761963,0.199639230966568,1.0,1.0,1.0,True,True,100% pooled train cache plus 100% forgotten train online,0.29503877247007426,3.3901660280970627,5309.0,True,1566.0,100217.0,,,,,,,,,,,,,,,,,,,,,,,,,,,,,,,
mlp,42,NF-BoT-IoT,ssd_canonical@alpha=1,ssd_canonical,"canonical SSD (Foster et al., AAAI 2024)",,,,0.5554164539963474,0.2684214115142822,False,False,1.0,1.0,383.0,0.022537366129222077,383.0,weights_changed,16994.0,0.7732153944831002,2.7681257724761963,0.199639230966568,0.3612552583217621,0.8507398962974548,0.9999886155128479,False,False,100% pooled train cache plus 100% forgotten train online,0.29503877247007426,3.3901660280970627,5309.0,False,1566.0,100217.0,,,,,,,,,,,,,,,,,,,,,,,,,,,,,,,
mlp,42,NF-BoT-IoT,ssd_canonical@alpha=2,ssd_canonical,"canonical SSD (Foster et al., AAAI 2024)",,,,0.19531579730111615,0.07988586276769638,False,False,2.0,1.0,11.0,0.0006472872778627751,11.0,weights_changed,16994.0,0.7732153944831002,2.7681257724761963,0.199639230966568,0.3612552583217621,0.46564745903015137,0.4880640208721161,False,False,100% pooled train cache plus 100% forgotten train online,0.29503877247007426,3.3901660280970627,5309.0,False,1566.0,100217.0,,,,,,,,,,,,,,,,,,,,,,,,,,,,,,,
mlp,42,NF-BoT-IoT,ssd_canonical@alpha=3,ssd_canonical,"canonical SSD (Foster et al., AAAI 2024)",,,,0.0,0.0,True,True,3.0,1.0,0.0,0.0,0.0,no_parameters_selected,16994.0,0.7732153944831002,2.7681257724761963,0.199639230966568,1.0,1.0,1.0,False,False,100% pooled train cache plus 100% forgotten train online,0.29503877247007426,3.3901660280970627,5309.0,False,1566.0,100217.0,,,,,,,,,,,,,,,,,,,,,,,,,,,,,,,
mlp,42,NF-BoT-IoT,ssd_canonical@alpha=5,ssd_canonical,"canonical SSD (Foster et al., AAAI 2024)",,,,0.0,0.0,True,True,5.0,1.0,0.0,0.0,0.0,no_parameters_selected,16994.0,0.7732153944831002,2.7681257724761963,0.199639230966568,1.0,1.0,1.0,False,False,100% pooled train cache plus 100% forgotten train online,0.29503877247007426,3.3901660280970627,5309.0,True,1566.0,100217.0,,,,,,,,,,,,,,,,,,,,,,,,,,,,,,,
mlp,42,NF-BoT-IoT,dc_ssd_no_contrast,dc_ssd_no_contrast,DC-SSD ablation: class-balanced Fisher without retained-only contrast,,,,6.676046556289087,0.8215367794036865,False,False,2.0,1.0,3747.0,0.2204895845592562,3747.0,weights_changed,16994.0,0.39592262570465575,3.9951720237731934,0.6120601296424866,0.25030210614204407,0.33470794558525085,0.49975842237472534,,,,,,,False,,,True,False,4.0,equal 0.5/0.5,class-conditional mean squared batch-mean CE gradient,equal across reference domains,all domains including forgotten,mean,0.0,0.0,The shared bank is kept only to benchmark independent deletion scenarios; a deployment must purge the forgotten domain entry.,,,,,,,,,,,,,,,,,,,,
mlp,42,NF-BoT-IoT,dc_ssd_no_class_balance,dc_ssd_no_class_balance,DC-SSD ablation: retained-domain contrast without class balancing,,,,0.7809234944181394,0.2301710695028305,False,False,2.0,1.0,101.0,0.005943274096740026,101.0,weights_changed,16994.0,0.49422239232965437,30.038597106933594,0.06013299152255058,0.033290501683950424,0.31107011437416077,0.49439120292663574,,,,,,,False,,,False,True,,empirical training fractions within domain,class-conditional mean squared batch-mean CE gradient,equal across reference domains,retained only,mean,0.0,0.0,The shared bank is kept only to benchmark independent deletion scenarios; a deployment must purge the forgotten domain entry.,,,,,,,,,,,,,,,,,,,,
mlp,42,NF-BoT-IoT,dc_ssd,dc_ssd,proposed class-balanced domain-contrastive SSD,,,,9.485239061057408,1.0953824520111084,False,False,2.0,1.0,4735.0,0.2786277509709309,4735.0,weights_changed,16994.0,0.2108866284069234,2482.51123046875,0.5419754981994629,0.00040281793917529285,0.15771546959877014,0.4999047815799713,,,,,,,False,,,True,True,,equal 0.5/0.5,class-conditional mean squared batch-mean CE gradient,equal across reference domains,retained only,mean,0.0,0.0,The shared bank is kept only to benchmark independent deletion scenarios; a deployment must purge the forgotten domain entry.,,,,,,,,,,,,,,,,,,,,
mlp,42,NF-BoT-IoT,scrub_r,scrub_r,"SCRUB+R (Kurmanji et al., NeurIPS 2023)",,,,75.38802288752272,52.183837890625,False,False,,,,,,,,,,,,,,,,,,,,,,,,,,,,,,,,,,True,2.0,3.0,1.0,0.9163299663299663,0.7743197261941587,4.0,0.001,0.99,sgd,0.0005,True,True,NetFlow short-run adaptation; not exact image-experiment reproduction,0.0005,0.9,32.0,128.0,False,"forgotten-domain validation split, never test"
mlp,42,NF-BoT-IoT,scrub_r@lr=0.001,scrub_r,"SCRUB+R (Kurmanji et al., NeurIPS 2023)",,,,295.6623757996735,205.5066375732422,False,False,,,,,,,,,,,,,,,,,,,,,,,,,,,,,,,,,,True,2.0,3.0,3.0,0.9768686868686869,0.9921869543091492,4.0,0.001,0.99,sgd,0.001,False,False,NetFlow short-run adaptation; not exact image-experiment reproduction,0.0005,0.9,32.0,128.0,False,"forgotten-domain validation split, never test"
mlp,42,NF-CSE-CIC-IDS2018,rollback_repair,rollback_repair,amnesiac update subtraction plus custom retained repair,1.0,2.0,0.25,53.09426864810773,6.805339336395264,False,False,,,,,,,,,,,,,,,,,,,,,,,,,,,,,,,,,,,,,,,,,,,,,,,,,,,,,
mlp,42,NF-CSE-CIC-IDS2018,ssd_canonical,ssd_canonical,"canonical SSD (Foster et al., AAAI 2024)",,,,0.0,0.0,True,True,10.0,1.0,0.0,0.0,0.0,no_parameters_selected,16994.0,0.9156234664947999,3.06961989402771,0.9187589287757874,1.0,1.0,1.0,True,True,100% pooled train cache plus 100% forgotten train online,0.3128146399194522,3.19626730885009,5309.0,True,1661.0,106255.0,,,,,,,,,,,,,,,,,,,,,,,,,,,,,,,
mlp,42,NF-CSE-CIC-IDS2018,ssd_canonical@alpha=1,ssd_canonical,"canonical SSD (Foster et al., AAAI 2024)",,,,4.110085682461661,0.6339432597160339,False,False,1.0,1.0,7411.0,0.43609509238554783,7411.0,weights_changed,16994.0,0.9156234664947999,3.06961989402771,0.9187589287757874,0.3257732391357422,0.7320638298988342,0.9999762177467346,False,False,100% pooled train cache plus 100% forgotten train online,0.3128146399194522,3.19626730885009,5309.0,False,1661.0,106255.0,,,,,,,,,,,,,,,,,,,,,,,,,,,,,,,
mlp,42,NF-CSE-CIC-IDS2018,ssd_canonical@alpha=2,ssd_canonical,"canonical SSD (Foster et al., AAAI 2024)",,,,2.403187589367122,0.6339432597160339,False,False,2.0,1.0,786.0,0.04625161821819466,786.0,weights_changed,16994.0,0.9156234664947999,3.06961989402771,0.9187589287757874,0.3257732391357422,0.4465746581554413,0.49989956617355347,False,False,100% pooled train cache plus 100% forgotten train online,0.3128146399194522,3.19626730885009,5309.0,False,1661.0,106255.0,,,,,,,,,,,,,,,,,,,,,,,,,,,,,,,
mlp,42,NF-CSE-CIC-IDS2018,ssd_canonical@alpha=3,ssd_canonical,"canonical SSD (Foster et al., AAAI 2024)",,,,0.22312723505946963,0.13722622394561768,False,False,3.0,1.0,8.0,0.0004707543839002001,8.0,weights_changed,16994.0,0.9156234664947999,3.06961989402771,0.9187589287757874,0.3257732391357422,0.3292553126811981,0.33328455686569214,False,False,100% pooled train cache plus 100% forgotten train online,0.3128146399194522,3.19626730885009,5309.0,False,1661.0,106255.0,,,,,,,,,,,,,,,,,,,,,,,,,,,,,,,
mlp,42,NF-CSE-CIC-IDS2018,ssd_canonical@alpha=5,ssd_canonical,"canonical SSD (Foster et al., AAAI 2024)",,,,0.0,0.0,True,True,5.0,1.0,0.0,0.0,0.0,no_parameters_selected,16994.0,0.9156234664947999,3.06961989402771,0.9187589287757874,1.0,1.0,1.0,False,False,100% pooled train cache plus 100% forgotten train online,0.3128146399194522,3.19626730885009,5309.0,True,1661.0,106255.0,,,,,,,,,,,,,,,,,,,,,,,,,,,,,,,
mlp,42,NF-CSE-CIC-IDS2018,dc_ssd_no_contrast,dc_ssd_no_contrast,DC-SSD ablation: class-balanced Fisher without retained-only contrast,,,,2.98396027524566,0.7490118145942688,False,False,2.0,1.0,1107.0,0.06514063787219018,1107.0,weights_changed,16994.0,0.6422031633825515,3.959315538406372,0.3739665746688843,0.25256890058517456,0.4001414179801941,0.499843955039978,,,,,,,False,,,True,False,4.0,equal 0.5/0.5,class-conditional mean squared batch-mean CE gradient,equal across reference domains,all domains including forgotten,mean,0.0,0.0,The shared bank is kept only to benchmark independent deletion scenarios; a deployment must purge the forgotten domain entry.,,,,,,,,,,,,,,,,,,,,
mlp,42,NF-CSE-CIC-IDS2018,dc_ssd_no_class_balance,dc_ssd_no_class_balance,DC-SSD ablation: retained-domain contrast without class balancing,,,,3.3953524328644935,0.8661195039749146,False,False,2.0,1.0,1041.0,0.061256914205013537,1041.0,weights_changed,16994.0,0.637040150731356,88.78770446777344,0.3217639625072479,0.011262821033596992,0.318282812833786,0.4999375641345978,,,,,,,False,,,False,True,,empirical training fractions within domain,class-conditional mean squared batch-mean CE gradient,equal across reference domains,retained only,mean,0.0,0.0,The shared bank is kept only to benchmark independent deletion scenarios; a deployment must purge the forgotten domain entry.,,,,,,,,,,,,,,,,,,,,
mlp,42,NF-CSE-CIC-IDS2018,dc_ssd,dc_ssd,proposed class-balanced domain-contrastive SSD,,,,4.572971601886522,0.9986823797225952,False,False,2.0,1.0,1773.0,0.10433094033188184,1773.0,weights_changed,16994.0,0.6010450792380706,291.9531555175781,0.30940139293670654,0.0034252069890499115,0.28220534324645996,0.4997115731239319,,,,,,,False,,,True,True,,equal 0.5/0.5,class-conditional mean squared batch-mean CE gradient,equal across reference domains,retained only,mean,0.0,0.0,The shared bank is kept only to benchmark independent deletion scenarios; a deployment must purge the forgotten domain entry.,,,,,,,,,,,,,,,,,,,,
mlp,42,NF-CSE-CIC-IDS2018,scrub_r,scrub_r,"SCRUB+R (Kurmanji et al., NeurIPS 2023)",,,,79.42153892292018,55.00392532348633,False,False,,,,,,,,,,,,,,,,,,,,,,,,,,,,,,,,,,True,2.0,3.0,1.0,0.3980931206977639,0.7170203755117406,4.0,0.001,0.99,sgd,0.0005,True,True,NetFlow short-run adaptation; not exact image-experiment reproduction,0.0005,0.9,32.0,128.0,False,"forgotten-domain validation split, never test"
mlp,42,NF-CSE-CIC-IDS2018,scrub_r@lr=0.001,scrub_r,"SCRUB+R (Kurmanji et al., NeurIPS 2023)",,,,159.63840778407393,110.8369369506836,False,False,,,,,,,,,,,,,,,,,,,,,,,,,,,,,,,,,,True,2.0,3.0,1.0,0.47394074137415027,0.5745329631546751,4.0,0.001,0.99,sgd,0.001,False,False,NetFlow short-run adaptation; not exact image-experiment reproduction,0.0005,0.9,32.0,128.0,False,"forgotten-domain validation split, never test"
numerical_feature_transformer,42,NF-UNSW-NB15,rollback_repair,rollback_repair,amnesiac update subtraction plus custom retained repair,1.0,2.0,0.25,15.203642862116098,2.584662437438965,False,False,,,,,,,,,,,,,,,,,,,,,,,,,,,,,,,,,,,,,,,,,,,,,,,,,,,,,
numerical_feature_transformer,42,NF-UNSW-NB15,ssd_canonical,ssd_canonical,"canonical SSD (Foster et al., AAAI 2024)",,,,0.0,0.0,True,True,10.0,1.0,0.0,0.0,0.0,no_parameters_selected,8770.0,0.5809607830206515,2.944765567779541,0.12540936470031738,1.0,1.0,1.0,True,True,100% pooled train cache plus 100% forgotten train online,0.2836896553754482,3.5252324037184595,5309.0,True,1506.0,96362.0,,,,,,,,,,,,,,,,,,,,,,,,,,,,,,,
numerical_feature_transformer,42,NF-UNSW-NB15,ssd_canonical@alpha=1,ssd_canonical,"canonical SSD (Foster et al., AAAI 2024)",,,,0.24005435483227283,0.09560751169919968,False,False,1.0,1.0,80.0,0.009122006841505131,80.0,weights_changed,8770.0,0.5809607830206515,2.944765567779541,0.12540936470031738,0.33958563208580017,0.7314570546150208,0.9879372119903564,False,False,100% pooled train cache plus 100% forgotten train online,0.2836896553754482,3.5252324037184595,5309.0,False,1506.0,96362.0,,,,,,,,,,,,,,,,,,,,,,,,,,,,,,,
numerical_feature_transformer,42,NF-UNSW-NB15,ssd_canonical@alpha=2,ssd_canonical,"canonical SSD (Foster et al., AAAI 2024)",,,,0.05466289477636485,0.03665410727262497,False,False,2.0,1.0,14.0,0.0015963511972633979,14.0,weights_changed,8770.0,0.5809607830206515,2.944765567779541,0.12540936470031738,0.33958563208580017,0.4203924536705017,0.49994465708732605,False,False,100% pooled train cache plus 100% forgotten train online,0.2836896553754482,3.5252324037184595,5309.0,False,1506.0,96362.0,,,,,,,,,,,,,,,,,,,,,,,,,,,,,,,
numerical_feature_transformer,42,NF-UNSW-NB15,ssd_canonical@alpha=3,ssd_canonical,"canonical SSD (Foster et al., AAAI 2024)",,,,0.0,0.0,True,True,3.0,1.0,0.0,0.0,0.0,no_parameters_selected,8770.0,0.5809607830206515,2.944765567779541,0.12540936470031738,1.0,1.0,1.0,False,False,100% pooled train cache plus 100% forgotten train online,0.2836896553754482,3.5252324037184595,5309.0,False,1506.0,96362.0,,,,,,,,,,,,,,,,,,,,,,,,,,,,,,,
numerical_feature_transformer,42,NF-UNSW-NB15,ssd_canonical@alpha=5,ssd_canonical,"canonical SSD (Foster et al., AAAI 2024)",,,,0.0,0.0,True,True,5.0,1.0,0.0,0.0,0.0,no_parameters_selected,8770.0,0.5809607830206515,2.944765567779541,0.12540936470031738,1.0,1.0,1.0,False,False,100% pooled train cache plus 100% forgotten train online,0.2836896553754482,3.5252324037184595,5309.0,True,1506.0,96362.0,,,,,,,,,,,,,,,,,,,,,,,,,,,,,,,
numerical_feature_transformer,42,NF-UNSW-NB15,dc_ssd_no_contrast,dc_ssd_no_contrast,DC-SSD ablation: class-balanced Fisher without retained-only contrast,,,,0.41575031596227396,0.16833648085594177,False,False,2.0,1.0,53.0,0.00604332953249715,53.0,weights_changed,8770.0,0.24520549043075662,3.5990307331085205,0.03630430996417999,0.2778525948524475,0.37019434571266174,0.4985981583595276,,,,,,,False,,,True,False,4.0,equal 0.5/0.5,class-conditional mean squared batch-mean CE gradient,equal across reference domains,all domains including forgotten,mean,0.0,0.0,The shared bank is kept only to benchmark independent deletion scenarios; a deployment must purge the forgotten domain entry.,,,,,,,,,,,,,,,,,,,,
numerical_feature_transformer,42,NF-UNSW-NB15,dc_ssd_no_class_balance,dc_ssd_no_class_balance,DC-SSD ablation: retained-domain contrast without class balancing,,,,0.2862909225193165,0.15561261773109436,False,False,2.0,1.0,28.0,0.0031927023945267957,28.0,weights_changed,8770.0,0.3763898461988706,16.51116371154785,0.022479213774204254,0.06056508794426918,0.321391761302948,0.44785410165786743,,,,,,,False,,,False,True,,empirical training fractions within domain,class-conditional mean squared batch-mean CE gradient,equal across reference domains,retained only,mean,0.0,0.0,The shared bank is kept only to benchmark independent deletion scenarios; a deployment must purge the forgotten domain entry.,,,,,,,,,,,,,,,,,,,,
numerical_feature_transformer,42,NF-UNSW-NB15,dc_ssd,dc_ssd,proposed class-balanced domain-contrastive SSD,,,,0.5652265826296471,0.22444865107536316,False,False,2.0,1.0,64.0,0.007297605473204105,64.0,weights_changed,8770.0,0.22769104138752855,26.92747688293457,0.027477620169520378,0.03713678941130638,0.1938251405954361,0.45803290605545044,,,,,,,False,,,True,True,,equal 0.5/0.5,class-conditional mean squared batch-mean CE gradient,equal across reference domains,retained only,mean,0.0,0.0,The shared bank is kept only to benchmark independent deletion scenarios; a deployment must purge the forgotten domain entry.,,,,,,,,,,,,,,,,,,,,
numerical_feature_transformer,42,NF-UNSW-NB15,scrub_r,scrub_r,"SCRUB+R (Kurmanji et al., NeurIPS 2023)",,,,142.83775981321398,99.15425872802734,False,False,,,,,,,,,,,,,,,,,,,,,,,,,,,,,,,,,,True,2.0,3.0,3.0,0.1804529201430274,0.1808804300450385,4.0,0.001,0.99,sgd,0.0005,True,True,NetFlow short-run adaptation; not exact image-experiment reproduction,0.0005,0.9,32.0,128.0,False,"forgotten-domain validation split, never test"
numerical_feature_transformer,42,NF-UNSW-NB15,scrub_r@lr=0.001,scrub_r,"SCRUB+R (Kurmanji et al., NeurIPS 2023)",,,,275.9634938038923,191.8246307373047,False,False,,,,,,,,,,,,,,,,,,,,,,,,,,,,,,,,,,True,2.0,3.0,3.0,0.21702026221692491,0.21566592640252383,4.0,0.001,0.99,sgd,0.001,False,False,NetFlow short-run adaptation; not exact image-experiment reproduction,0.0005,0.9,32.0,128.0,False,"forgotten-domain validation split, never test"
numerical_feature_transformer,42,NF-ToN-IoT,rollback_repair,rollback_repair,amnesiac update subtraction plus custom retained repair,1.0,2.0,0.25,37.662853756071556,5.398143768310547,False,False,,,,,,,,,,,,,,,,,,,,,,,,,,,,,,,,,,,,,,,,,,,,,,,,,,,,,
numerical_feature_transformer,42,NF-ToN-IoT,ssd_canonical,ssd_canonical,"canonical SSD (Foster et al., AAAI 2024)",,,,0.0,0.0,True,True,10.0,1.0,0.0,0.0,0.0,no_parameters_selected,8770.0,0.9203418413521893,9.19117259979248,4.902915954589844,1.0,1.0,1.0,True,True,100% pooled train cache plus 100% forgotten train online,0.10845693223502535,9.21701388888889,5309.0,True,576.0,36840.0,,,,,,,,,,,,,,,,,,,,,,,,,,,,,,,
numerical_feature_transformer,42,NF-ToN-IoT,ssd_canonical@alpha=1,ssd_canonical,"canonical SSD (Foster et al., AAAI 2024)",,,,12.937055636106615,1.0728503465652466,False,False,1.0,1.0,8593.0,0.9798175598631699,8593.0,weights_changed,8770.0,0.9203418413521893,9.19117259979248,4.902915954589844,0.10880003869533539,0.20235465466976166,0.999427855014801,False,False,100% pooled train cache plus 100% forgotten train online,0.10845693223502535,9.21701388888889,5309.0,False,576.0,36840.0,,,,,,,,,,,,,,,,,,,,,,,,,,,,,,,
numerical_feature_transformer,42,NF-ToN-IoT,ssd_canonical@alpha=2,ssd_canonical,"canonical SSD (Foster et al., AAAI 2024)",,,,12.878048515521003,1.0728503465652466,False,False,2.0,1.0,8106.0,0.9242873432155074,8106.0,weights_changed,8770.0,0.9203418413521893,9.19117259979248,4.902915954589844,0.10880003869533539,0.19603146612644196,0.49963873624801636,False,False,100% pooled train cache plus 100% forgotten train online,0.10845693223502535,9.21701388888889,5309.0,False,576.0,36840.0,,,,,,,,,,,,,,,,,,,,,,,,,,,,,,,
numerical_feature_transformer,42,NF-ToN-IoT,ssd_canonical@alpha=3,ssd_canonical,"canonical SSD (Foster et al., AAAI 2024)",,,,12.521802377717943,1.0728503465652466,False,False,3.0,1.0,7181.0,0.8188141391106043,7181.0,weights_changed,8770.0,0.9203418413521893,9.19117259979248,4.902915954589844,0.10880003869533539,0.1848648339509964,0.3332779109477997,False,False,100% pooled train cache plus 100% forgotten train online,0.10845693223502535,9.21701388888889,5309.0,False,576.0,36840.0,,,,,,,,,,,,,,,,,,,,,,,,,,,,,,,
numerical_feature_transformer,42,NF-ToN-IoT,ssd_canonical@alpha=5,ssd_canonical,"canonical SSD (Foster et al., AAAI 2024)",,,,10.282958825619382,1.0728503465652466,False,False,5.0,1.0,4201.0,0.4790193842645382,4201.0,weights_changed,8770.0,0.9203418413521893,9.19117259979248,4.902915954589844,0.10880003869533539,0.15475128591060638,0.1999945342540741,False,False,100% pooled train cache plus 100% forgotten train online,0.10845693223502535,9.21701388888889,5309.0,False,576.0,36840.0,,,,,,,,,,,,,,,,,,,,,,,,,,,,,,,
numerical_feature_transformer,42,NF-ToN-IoT,dc_ssd_no_contrast,dc_ssd_no_contrast,DC-SSD ablation: class-balanced Fisher without retained-only contrast,,,,7.397252596727565,0.9023700952529907,False,False,2.0,1.0,3961.0,0.4516533637400228,3961.0,weights_changed,8770.0,0.5681650196995729,3.965301275253296,1.800168752670288,0.2521876394748688,0.34764301776885986,0.4999985694885254,,,,,,,False,,,True,False,4.0,equal 0.5/0.5,class-conditional mean squared batch-mean CE gradient,equal across reference domains,all domains including forgotten,mean,0.0,0.0,The shared bank is kept only to benchmark independent deletion scenarios; a deployment must purge the forgotten domain entry.,,,,,,,,,,,,,,,,,,,,
numerical_feature_transformer,42,NF-ToN-IoT,dc_ssd_no_class_balance,dc_ssd_no_class_balance,DC-SSD ablation: retained-domain contrast without class balancing,,,,15.185410305353747,1.239705204963684,False,False,2.0,1.0,8318.0,0.948460661345496,8318.0,weights_changed,8770.0,0.6633600205907003,2095.5068359375,24.481645584106445,0.00047721152077428997,0.03665538877248764,0.49983128905296326,,,,,,,False,,,False,True,,empirical training fractions within domain,class-conditional mean squared batch-mean CE gradient,equal across reference domains,retained only,mean,0.0,0.0,The shared bank is kept only to benchmark independent deletion scenarios; a deployment must purge the forgotten domain entry.,,,,,,,,,,,,,,,,,,,,
numerical_feature_transformer,42,NF-ToN-IoT,dc_ssd,dc_ssd,proposed class-balanced domain-contrastive SSD,,,,10.374646234288015,1.2031601667404175,False,False,2.0,1.0,4830.0,0.5507411630558723,4830.0,weights_changed,8770.0,0.33324108695357924,342.834228515625,2.4549639225006104,0.0029168615583330393,0.1593773066997528,0.49979180097579956,,,,,,,False,,,True,True,,equal 0.5/0.5,class-conditional mean squared batch-mean CE gradient,equal across reference domains,retained only,mean,0.0,0.0,The shared bank is kept only to benchmark independent deletion scenarios; a deployment must purge the forgotten domain entry.,,,,,,,,,,,,,,,,,,,,
numerical_feature_transformer,42,NF-ToN-IoT,scrub_r,scrub_r,"SCRUB+R (Kurmanji et al., NeurIPS 2023)",,,,16.15134175846776,8.820666313171387,False,False,,,,,,,,,,,,,,,,,,,,,,,,,,,,,,,,,,True,2.0,3.0,1.0,0.13945847966466524,0.2763029315960912,4.0,0.001,0.99,sgd,0.0005,True,True,NetFlow short-run adaptation; not exact image-experiment reproduction,0.0005,0.9,32.0,128.0,False,"forgotten-domain validation split, never test"
numerical_feature_transformer,42,NF-ToN-IoT,scrub_r@lr=0.001,scrub_r,"SCRUB+R (Kurmanji et al., NeurIPS 2023)",,,,88.2169120822191,60.33919143676758,False,False,,,,,,,,,,,,,,,,,,,,,,,,,,,,,,,,,,True,2.0,3.0,2.0,0.13526679506060948,0.2553745928338762,4.0,0.001,0.99,sgd,0.001,False,False,NetFlow short-run adaptation; not exact image-experiment reproduction,0.0005,0.9,32.0,128.0,False,"forgotten-domain validation split, never test"
numerical_feature_transformer,42,NF-BoT-IoT,rollback_repair,rollback_repair,amnesiac update subtraction plus custom retained repair,1.0,2.0,0.25,34.720079807270665,6.0543532371521,False,False,,,,,,,,,,,,,,,,,,,,,,,,,,,,,,,,,,,,,,,,,,,,,,,,,,,,,
numerical_feature_transformer,42,NF-BoT-IoT,ssd_canonical,ssd_canonical,"canonical SSD (Foster et al., AAAI 2024)",,,,0.0,0.0,True,True,10.0,1.0,0.0,0.0,0.0,no_parameters_selected,8770.0,0.6922573876445733,1.7746739387512207,0.1635432094335556,1.0,1.0,1.0,True,True,100% pooled train cache plus 100% forgotten train online,0.29503877247007426,3.3901660280970627,5309.0,True,1566.0,100217.0,,,,,,,,,,,,,,,,,,,,,,,,,,,,,,,
numerical_feature_transformer,42,NF-BoT-IoT,ssd_canonical@alpha=1,ssd_canonical,"canonical SSD (Foster et al., AAAI 2024)",,,,0.038560929166255205,0.026545241475105286,False,False,1.0,1.0,17.0,0.0019384264538198405,17.0,weights_changed,8770.0,0.6922573876445733,1.7746739387512207,0.1635432094335556,0.5634837746620178,0.8052387237548828,0.9917729496955872,False,False,100% pooled train cache plus 100% forgotten train online,0.29503877247007426,3.3901660280970627,5309.0,False,1566.0,100217.0,,,,,,,,,,,,,,,,,,,,,,,,,,,,,,,
numerical_feature_transformer,42,NF-BoT-IoT,ssd_canonical@alpha=2,ssd_canonical,"canonical SSD (Foster et al., AAAI 2024)",,,,0.0,0.0,True,True,2.0,1.0,0.0,0.0,0.0,no_parameters_selected,8770.0,0.6922573876445733,1.7746739387512207,0.1635432094335556,1.0,1.0,1.0,False,False,100% pooled train cache plus 100% forgotten train online,0.29503877247007426,3.3901660280970627,5309.0,False,1566.0,100217.0,,,,,,,,,,,,,,,,,,,,,,,,,,,,,,,
numerical_feature_transformer,42,NF-BoT-IoT,ssd_canonical@alpha=3,ssd_canonical,"canonical SSD (Foster et al., AAAI 2024)",,,,0.0,0.0,True,True,3.0,1.0,0.0,0.0,0.0,no_parameters_selected,8770.0,0.6922573876445733,1.7746739387512207,0.1635432094335556,1.0,1.0,1.0,False,False,100% pooled train cache plus 100% forgotten train online,0.29503877247007426,3.3901660280970627,5309.0,False,1566.0,100217.0,,,,,,,,,,,,,,,,,,,,,,,,,,,,,,,
numerical_feature_transformer,42,NF-BoT-IoT,ssd_canonical@alpha=5,ssd_canonical,"canonical SSD (Foster et al., AAAI 2024)",,,,0.0,0.0,True,True,5.0,1.0,0.0,0.0,0.0,no_parameters_selected,8770.0,0.6922573876445733,1.7746739387512207,0.1635432094335556,1.0,1.0,1.0,False,False,100% pooled train cache plus 100% forgotten train online,0.29503877247007426,3.3901660280970627,5309.0,True,1566.0,100217.0,,,,,,,,,,,,,,,,,,,,,,,,,,,,,,,
numerical_feature_transformer,42,NF-BoT-IoT,dc_ssd_no_contrast,dc_ssd_no_contrast,DC-SSD ablation: class-balanced Fisher without retained-only contrast,,,,6.130469262446238,0.9315457940101624,False,False,2.0,1.0,3033.0,0.3458380843785633,3033.0,weights_changed,8770.0,0.9443206356481229,3.9905989170074463,1.2938976287841797,0.25058895349502563,0.33388546109199524,0.4995795488357544,,,,,,,False,,,True,False,4.0,equal 0.5/0.5,class-conditional mean squared batch-mean CE gradient,equal across reference domains,all domains including forgotten,mean,0.0,0.0,The shared bank is kept only to benchmark independent deletion scenarios; a deployment must purge the forgotten domain entry.,,,,,,,,,,,,,,,,,,,,
numerical_feature_transformer,42,NF-BoT-IoT,dc_ssd_no_class_balance,dc_ssd_no_class_balance,DC-SSD ablation: retained-domain contrast without class balancing,,,,0.24115755068565217,0.13589346408843994,False,False,2.0,1.0,15.0,0.0017103762827822121,15.0,weights_changed,8770.0,0.5037396414793391,5.015644073486328,0.031179841607809067,0.199376180768013,0.3445795476436615,0.46168121695518494,,,,,,,False,,,False,True,,empirical training fractions within domain,class-conditional mean squared batch-mean CE gradient,equal across reference domains,retained only,mean,0.0,0.0,The shared bank is kept only to benchmark independent deletion scenarios; a deployment must purge the forgotten domain entry.,,,,,,,,,,,,,,,,,,,,
numerical_feature_transformer,42,NF-BoT-IoT,dc_ssd,dc_ssd,proposed class-balanced domain-contrastive SSD,,,,8.709308510878753,1.2420611381530762,False,False,2.0,1.0,3729.0,0.4251995438996579,3729.0,weights_changed,8770.0,0.2908190534521783,1273.4730224609375,1.4344221353530884,0.0007852541748434305,0.1510983556509018,0.4997501075267792,,,,,,,False,,,True,True,,equal 0.5/0.5,class-conditional mean squared batch-mean CE gradient,equal across reference domains,retained only,mean,0.0,0.0,The shared bank is kept only to benchmark independent deletion scenarios; a deployment must purge the forgotten domain entry.,,,,,,,,,,,,,,,,,,,,
numerical_feature_transformer,42,NF-BoT-IoT,scrub_r,scrub_r,"SCRUB+R (Kurmanji et al., NeurIPS 2023)",,,,146.32290776749622,101.120849609375,False,False,,,,,,,,,,,,,,,,,,,,,,,,,,,,,,,,,,True,2.0,3.0,3.0,0.993030303030303,0.9960585529401199,4.0,0.001,0.99,sgd,0.0005,True,True,NetFlow short-run adaptation; not exact image-experiment reproduction,0.0005,0.9,32.0,128.0,False,"forgotten-domain validation split, never test"
numerical_feature_transformer,42,NF-BoT-IoT,scrub_r@lr=0.001,scrub_r,"SCRUB+R (Kurmanji et al., NeurIPS 2023)",,,,290.0411324730285,201.2413330078125,False,False,,,,,,,,,,,,,,,,,,,,,,,,,,,,,,,,,,True,2.0,3.0,3.0,0.9939393939393939,0.9957192891425607,4.0,0.001,0.99,sgd,0.001,False,False,NetFlow short-run adaptation; not exact image-experiment reproduction,0.0005,0.9,32.0,128.0,False,"forgotten-domain validation split, never test"
numerical_feature_transformer,42,NF-CSE-CIC-IDS2018,rollback_repair,rollback_repair,amnesiac update subtraction plus custom retained repair,1.0,2.0,0.25,60.83057331711012,7.558984756469727,False,False,,,,,,,,,,,,,,,,,,,,,,,,,,,,,,,,,,,,,,,,,,,,,,,,,,,,,
numerical_feature_transformer,42,NF-CSE-CIC-IDS2018,ssd_canonical,ssd_canonical,"canonical SSD (Foster et al., AAAI 2024)",,,,0.0,0.0,True,True,10.0,1.0,0.0,0.0,0.0,no_parameters_selected,8770.0,0.9219446548648526,3.116511344909668,1.0888514518737793,1.0,1.0,1.0,True,True,100% pooled train cache plus 100% forgotten train online,0.3128146399194522,3.19626730885009,5309.0,True,1661.0,106255.0,,,,,,,,,,,,,,,,,,,,,,,,,,,,,,,
numerical_feature_transformer,42,NF-CSE-CIC-IDS2018,ssd_canonical@alpha=1,ssd_canonical,"canonical SSD (Foster et al., AAAI 2024)",,,,4.23392034156671,0.6832877397537231,False,False,1.0,1.0,4829.0,0.5506271379703535,4829.0,weights_changed,8770.0,0.9219446548648526,3.116511344909668,1.0888514518737793,0.32087162137031555,0.6727534532546997,0.9993644952774048,False,False,100% pooled train cache plus 100% forgotten train online,0.3128146399194522,3.19626730885009,5309.0,False,1661.0,106255.0,,,,,,,,,,,,,,,,,,,,,,,,,,,,,,,
numerical_feature_transformer,42,NF-CSE-CIC-IDS2018,ssd_canonical@alpha=2,ssd_canonical,"canonical SSD (Foster et al., AAAI 2024)",,,,2.8672887670521807,0.6832877397537231,False,False,2.0,1.0,893.0,0.10182440136830102,893.0,weights_changed,8770.0,0.9219446548648526,3.116511344909668,1.0888514518737793,0.32087162137031555,0.43363454937934875,0.49997955560684204,False,False,100% pooled train cache plus 100% forgotten train online,0.3128146399194522,3.19626730885009,5309.0,False,1661.0,106255.0,,,,,,,,,,,,,,,,,,,,,,,,,,,,,,,
numerical_feature_transformer,42,NF-CSE-CIC-IDS2018,ssd_canonical@alpha=3,ssd_canonical,"canonical SSD (Foster et al., AAAI 2024)",,,,0.37202936232487266,0.2193240225315094,False,False,3.0,1.0,9.0,0.0010262257696693272,9.0,weights_changed,8770.0,0.9219446548648526,3.116511344909668,1.0888514518737793,0.32087162137031555,0.32882389426231384,0.33317703008651733,False,False,100% pooled train cache plus 100% forgotten train online,0.3128146399194522,3.19626730885009,5309.0,False,1661.0,106255.0,,,,,,,,,,,,,,,,,,,,,,,,,,,,,,,
numerical_feature_transformer,42,NF-CSE-CIC-IDS2018,ssd_canonical@alpha=5,ssd_canonical,"canonical SSD (Foster et al., AAAI 2024)",,,,0.0,0.0,True,True,5.0,1.0,0.0,0.0,0.0,no_parameters_selected,8770.0,0.9219446548648526,3.116511344909668,1.0888514518737793,1.0,1.0,1.0,False,False,100% pooled train cache plus 100% forgotten train online,0.3128146399194522,3.19626730885009,5309.0,True,1661.0,106255.0,,,,,,,,,,,,,,,,,,,,,,,,,,,,,,,
numerical_feature_transformer,42,NF-CSE-CIC-IDS2018,dc_ssd_no_contrast,dc_ssd_no_contrast,DC-SSD ablation: class-balanced Fisher without retained-only contrast,,,,2.5567026484578323,0.7680407166481018,False,False,2.0,1.0,521.0,0.059407069555302165,521.0,weights_changed,8770.0,0.43931960499584516,3.9069550037384033,0.2317327857017517,0.2559538185596466,0.3883208930492401,0.4994947910308838,,,,,,,False,,,True,False,4.0,equal 0.5/0.5,class-conditional mean squared batch-mean CE gradient,equal across reference domains,all domains including forgotten,mean,0.0,0.0,The shared bank is kept only to benchmark independent deletion scenarios; a deployment must purge the forgotten domain entry.,,,,,,,,,,,,,,,,,,,,
numerical_feature_transformer,42,NF-CSE-CIC-IDS2018,dc_ssd_no_class_balance,dc_ssd_no_class_balance,DC-SSD ablation: retained-domain contrast without class balancing,,,,3.4999385388500555,0.9777933359146118,False,False,2.0,1.0,747.0,0.08517673888255416,747.0,weights_changed,8770.0,0.6426667222484317,77.96410369873047,0.2503463327884674,0.012826415710151196,0.2914135754108429,0.4985204041004181,,,,,,,False,,,False,True,,empirical training fractions within domain,class-conditional mean squared batch-mean CE gradient,equal across reference domains,retained only,mean,0.0,0.0,The shared bank is kept only to benchmark independent deletion scenarios; a deployment must purge the forgotten domain entry.,,,,,,,,,,,,,,,,,,,,
numerical_feature_transformer,42,NF-CSE-CIC-IDS2018,dc_ssd,dc_ssd,proposed class-balanced domain-contrastive SSD,,,,3.841619509568705,1.0240542888641357,False,False,2.0,1.0,808.0,0.09213226909920183,808.0,weights_changed,8770.0,0.360233430393334,125.96973419189453,0.18448755145072937,0.007938414812088013,0.26492276787757874,0.4995386600494385,,,,,,,False,,,True,True,,equal 0.5/0.5,class-conditional mean squared batch-mean CE gradient,equal across reference domains,retained only,mean,0.0,0.0,The shared bank is kept only to benchmark independent deletion scenarios; a deployment must purge the forgotten domain entry.,,,,,,,,,,,,,,,,,,,,
numerical_feature_transformer,42,NF-CSE-CIC-IDS2018,scrub_r,scrub_r,"SCRUB+R (Kurmanji et al., NeurIPS 2023)",,,,158.60087872093314,110.11087799072266,False,False,,,,,,,,,,,,,,,,,,,,,,,,,,,,,,,,,,True,2.0,3.0,3.0,0.3693189105989995,0.30361865323984755,4.0,0.001,0.99,sgd,0.0005,True,True,NetFlow short-run adaptation; not exact image-experiment reproduction,0.0005,0.9,32.0,128.0,False,"forgotten-domain validation split, never test"
numerical_feature_transformer,42,NF-CSE-CIC-IDS2018,scrub_r@lr=0.001,scrub_r,"SCRUB+R (Kurmanji et al., NeurIPS 2023)",,,,310.8439989781876,216.0650634765625,False,False,,,,,,,,,,,,,,,,,,,,,,,,,,,,,,,,,,True,2.0,3.0,3.0,0.6971653341314293,0.7673897698931815,4.0,0.001,0.99,sgd,0.001,False,False,NetFlow short-run adaptation; not exact image-experiment reproduction,0.0005,0.9,32.0,128.0,False,"forgotten-domain validation split, never test"
mlp,1337,NF-UNSW-NB15,rollback_repair,rollback_repair,amnesiac update subtraction plus custom retained repair,1.0,2.0,0.25,10.327652888907377,1.1626235246658325,False,False,,,,,,,,,,,,,,,,,,,,,,,,,,,,,,,,,,,,,,,,,,,,,,,,,,,,,
mlp,1337,NF-UNSW-NB15,ssd_canonical,ssd_canonical,"canonical SSD (Foster et al., AAAI 2024)",,,,0.0,0.0,True,True,10.0,1.0,0.0,0.0,0.0,no_parameters_selected,16994.0,0.5104859681911551,3.4683802127838135,0.10395177453756332,1.0,1.0,1.0,True,True,100% pooled train cache plus 100% forgotten train online,0.2836896553754482,3.5252324037184595,5309.0,True,1506.0,96362.0,,,,,,,,,,,,,,,,,,,,,,,,,,,,,,,
mlp,1337,NF-UNSW-NB15,ssd_canonical@alpha=1,ssd_canonical,"canonical SSD (Foster et al., AAAI 2024)",,,,1.142294258180124,0.14814189076423645,False,False,1.0,1.0,776.0,0.045663175238319406,776.0,weights_changed,16994.0,0.5104859681911551,3.4683802127838135,0.10395177453756332,0.28831902146339417,0.7062020301818848,0.999541163444519,False,False,100% pooled train cache plus 100% forgotten train online,0.2836896553754482,3.5252324037184595,5309.0,False,1506.0,96362.0,,,,,,,,,,,,,,,,,,,,,,,,,,,,,,,
mlp,1337,NF-UNSW-NB15,ssd_canonical@alpha=2,ssd_canonical,"canonical SSD (Foster et al., AAAI 2024)",,,,0.8200389212855027,0.14814189076423645,False,False,2.0,1.0,159.0,0.009356243380016477,159.0,weights_changed,16994.0,0.5104859681911551,3.4683802127838135,0.10395177453756332,0.28831902146339417,0.3942874073982239,0.49912500381469727,False,False,100% pooled train cache plus 100% forgotten train online,0.2836896553754482,3.5252324037184595,5309.0,False,1506.0,96362.0,,,,,,,,,,,,,,,,,,,,,,,,,,,,,,,
mlp,1337,NF-UNSW-NB15,ssd_canonical@alpha=3,ssd_canonical,"canonical SSD (Foster et al., AAAI 2024)",,,,0.36929572343898937,0.14814189076423645,False,False,3.0,1.0,23.0,0.0013534188537130752,23.0,weights_changed,16994.0,0.5104859681911551,3.4683802127838135,0.10395177453756332,0.28831902146339417,0.31536856293678284,0.3330745995044708,False,False,100% pooled train cache plus 100% forgotten train online,0.2836896553754482,3.5252324037184595,5309.0,False,1506.0,96362.0,,,,,,,,,,,,,,,,,,,,,,,,,,,,,,,
mlp,1337,NF-UNSW-NB15,ssd_canonical@alpha=5,ssd_canonical,"canonical SSD (Foster et al., AAAI 2024)",,,,0.0,0.0,True,True,5.0,1.0,0.0,0.0,0.0,no_parameters_selected,16994.0,0.5104859681911551,3.4683802127838135,0.10395177453756332,1.0,1.0,1.0,False,False,100% pooled train cache plus 100% forgotten train online,0.2836896553754482,3.5252324037184595,5309.0,True,1506.0,96362.0,,,,,,,,,,,,,,,,,,,,,,,,,,,,,,,
mlp,1337,NF-UNSW-NB15,dc_ssd_no_contrast,dc_ssd_no_contrast,DC-SSD ablation: class-balanced Fisher without retained-only contrast,,,,1.5153323707056547,0.1677340716123581,False,False,2.0,1.0,518.0,0.030481346357537954,518.0,weights_changed,16994.0,0.2521290322643692,3.9919488430023193,0.06364424526691437,0.25050419569015503,0.3780060410499573,0.49964639544487,,,,,,,False,,,True,False,4.0,equal 0.5/0.5,class-conditional mean squared batch-mean CE gradient,equal across reference domains,all domains including forgotten,mean,0.0,0.0,The shared bank is kept only to benchmark independent deletion scenarios; a deployment must purge the forgotten domain entry.,,,,,,,,,,,,,,,,,,,,
mlp,1337,NF-UNSW-NB15,dc_ssd_no_class_balance,dc_ssd_no_class_balance,DC-SSD ablation: retained-domain contrast without class balancing,,,,1.2887919431025285,0.20644092559814453,False,False,2.0,1.0,258.0,0.015181828880781453,258.0,weights_changed,16994.0,0.2320458744429696,246.35377502441406,0.029932614415884018,0.004059202969074249,0.2767185866832733,0.49898695945739746,,,,,,,False,,,False,True,,empirical training fractions within domain,class-conditional mean squared batch-mean CE gradient,equal across reference domains,retained only,mean,0.0,0.0,The shared bank is kept only to benchmark independent deletion scenarios; a deployment must purge the forgotten domain entry.,,,,,,,,,,,,,,,,,,,,
mlp,1337,NF-UNSW-NB15,dc_ssd,dc_ssd,proposed class-balanced domain-contrastive SSD,,,,2.3912776381091345,0.651968777179718,False,False,2.0,1.0,756.0,0.04448628927856891,756.0,weights_changed,16994.0,0.2191404490483957,1487.439453125,0.04850494861602783,0.0006722962716594338,0.2399524599313736,0.49995705485343933,,,,,,,False,,,True,True,,equal 0.5/0.5,class-conditional mean squared batch-mean CE gradient,equal across reference domains,retained only,mean,0.0,0.0,The shared bank is kept only to benchmark independent deletion scenarios; a deployment must purge the forgotten domain entry.,,,,,,,,,,,,,,,,,,,,
mlp,1337,NF-UNSW-NB15,scrub_r,scrub_r,"SCRUB+R (Kurmanji et al., NeurIPS 2023)",,,,141.88430618777164,98.19356536865234,False,False,,,,,,,,,,,,,,,,,,,,,,,,,,,,,,,,,,True,2.0,3.0,2.0,0.7872705601907032,0.8011664349017248,4.0,0.001,0.99,sgd,0.0005,True,True,NetFlow short-run adaptation; not exact image-experiment reproduction,0.0005,0.9,32.0,128.0,False,"forgotten-domain validation split, never test"
mlp,1337,NF-UNSW-NB15,scrub_r@lr=0.001,scrub_r,"SCRUB+R (Kurmanji et al., NeurIPS 2023)",,,,282.7606262240231,196.2718048095703,False,False,,,,,,,,,,,,,,,,,,,,,,,,,,,,,,,,,,True,2.0,3.0,2.0,0.8915375446960667,0.8757497768830037,4.0,0.001,0.99,sgd,0.001,False,False,NetFlow short-run adaptation; not exact image-experiment reproduction,0.0005,0.9,32.0,128.0,False,"forgotten-domain validation split, never test"
mlp,1337,NF-ToN-IoT,rollback_repair,rollback_repair,amnesiac update subtraction plus custom retained repair,1.0,2.0,0.25,36.58169182713117,4.813930034637451,False,False,,,,,,,,,,,,,,,,,,,,,,,,,,,,,,,,,,,,,,,,,,,,,,,,,,,,,
mlp,1337,NF-ToN-IoT,ssd_canonical,ssd_canonical,"canonical SSD (Foster et al., AAAI 2024)",,,,0.0,0.0,True,True,10.0,1.0,0.0,0.0,0.0,no_parameters_selected,16994.0,0.9681382192485114,9.176257133483887,4.884488582611084,1.0,1.0,1.0,True,True,100% pooled train cache plus 100% forgotten train online,0.10845693223502535,9.21701388888889,5309.0,True,576.0,36840.0,,,,,,,,,,,,,,,,,,,,,,,,,,,,,,,
mlp,1337,NF-ToN-IoT,ssd_canonical@alpha=1,ssd_canonical,"canonical SSD (Foster et al., AAAI 2024)",,,,16.056348277020604,1.0036412477493286,False,False,1.0,1.0,16670.0,0.980934447452042,16670.0,weights_changed,16994.0,0.9681382192485114,9.176257133483887,4.884488582611084,0.10897689312696457,0.2030806690454483,0.9997731447219849,False,False,100% pooled train cache plus 100% forgotten train online,0.10845693223502535,9.21701388888889,5309.0,False,576.0,36840.0,,,,,,,,,,,,,,,,,,,,,,,,,,,,,,,
mlp,1337,NF-ToN-IoT,ssd_canonical@alpha=2,ssd_canonical,"canonical SSD (Foster et al., AAAI 2024)",,,,15.96514312625828,1.0036412477493286,False,False,2.0,1.0,15702.0,0.9239731670001177,15702.0,weights_changed,16994.0,0.9681382192485114,9.176257133483887,4.884488582611084,0.10897689312696457,0.19770504534244537,0.4999612867832184,False,False,100% pooled train cache plus 100% forgotten train online,0.10845693223502535,9.21701388888889,5309.0,False,576.0,36840.0,,,,,,,,,,,,,,,,,,,,,,,,,,,,,,,
mlp,1337,NF-ToN-IoT,ssd_canonical@alpha=3,ssd_canonical,"canonical SSD (Foster et al., AAAI 2024)",,,,15.590602608369286,1.0036412477493286,False,False,3.0,1.0,14156.0,0.832999882311404,14156.0,weights_changed,16994.0,0.9681382192485114,9.176257133483887,4.884488582611084,0.10897689312696457,0.18985426425933838,0.33308175206184387,False,False,100% pooled train cache plus 100% forgotten train online,0.10845693223502535,9.21701388888889,5309.0,False,576.0,36840.0,,,,,,,,,,,,,,,,,,,,,,,,,,,,,,,
mlp,1337,NF-ToN-IoT,ssd_canonical@alpha=5,ssd_canonical,"canonical SSD (Foster et al., AAAI 2024)",,,,12.226705514395633,1.0036412477493286,False,False,5.0,1.0,8047.0,0.47352006590561374,8047.0,weights_changed,16994.0,0.9681382192485114,9.176257133483887,4.884488582611084,0.10897689312696457,0.1633659452199936,0.1999562382698059,False,False,100% pooled train cache plus 100% forgotten train online,0.10845693223502535,9.21701388888889,5309.0,False,576.0,36840.0,,,,,,,,,,,,,,,,,,,,,,,,,,,,,,,
mlp,1337,NF-ToN-IoT,dc_ssd_no_contrast,dc_ssd_no_contrast,DC-SSD ablation: class-balanced Fisher without retained-only contrast,,,,9.562980556754983,0.8346196413040161,False,False,2.0,1.0,8522.0,0.5014711074496881,8522.0,weights_changed,16994.0,0.9601289253076136,3.997220277786255,2.006925582885742,0.2501738667488098,0.3414953052997589,0.49999526143074036,,,,,,,False,,,True,False,4.0,equal 0.5/0.5,class-conditional mean squared batch-mean CE gradient,equal across reference domains,all domains including forgotten,mean,0.0,0.0,The shared bank is kept only to benchmark independent deletion scenarios; a deployment must purge the forgotten domain entry.,,,,,,,,,,,,,,,,,,,,
mlp,1337,NF-ToN-IoT,dc_ssd_no_class_balance,dc_ssd_no_class_balance,DC-SSD ablation: retained-domain contrast without class balancing,,,,18.882512956668833,1.1633728742599487,False,False,2.0,1.0,16000.0,0.9415087678004002,16000.0,weights_changed,16994.0,0.6811876529847506,3016.324462890625,15.811333656311035,0.0003315293288324028,0.058266133069992065,0.4999420940876007,,,,,,,False,,,False,True,,empirical training fractions within domain,class-conditional mean squared batch-mean CE gradient,equal across reference domains,retained only,mean,0.0,0.0,The shared bank is kept only to benchmark independent deletion scenarios; a deployment must purge the forgotten domain entry.,,,,,,,,,,,,,,,,,,,,
mlp,1337,NF-ToN-IoT,dc_ssd,dc_ssd,proposed class-balanced domain-contrastive SSD,,,,13.43795113342513,1.1128262281417847,False,False,2.0,1.0,10372.0,0.6103330587266094,10372.0,weights_changed,16994.0,0.6194605983847236,4313.8916015625,3.0208492279052734,0.00023180924472399056,0.15737126767635345,0.4999176859855652,,,,,,,False,,,True,True,,equal 0.5/0.5,class-conditional mean squared batch-mean CE gradient,equal across reference domains,retained only,mean,0.0,0.0,The shared bank is kept only to benchmark independent deletion scenarios; a deployment must purge the forgotten domain entry.,,,,,,,,,,,,,,,,,,,,
mlp,1337,NF-ToN-IoT,scrub_r,scrub_r,"SCRUB+R (Kurmanji et al., NeurIPS 2023)",,,,51.05035311467722,35.13954544067383,False,False,,,,,,,,,,,,,,,,,,,,,,,,,,,,,,,,,,True,2.0,3.0,2.0,0.24300441826215022,0.48398479913137893,4.0,0.001,0.99,sgd,0.0005,True,True,NetFlow short-run adaptation; not exact image-experiment reproduction,0.0005,0.9,32.0,128.0,False,"forgotten-domain validation split, never test"
mlp,1337,NF-ToN-IoT,scrub_r@lr=0.001,scrub_r,"SCRUB+R (Kurmanji et al., NeurIPS 2023)",,,,53.26111949439543,36.67560577392578,False,False,,,,,,,,,,,,,,,,,,,,,,,,,,,,,,,,,,True,2.0,3.0,1.0,0.3303500623088252,0.5692453854505972,4.0,0.001,0.99,sgd,0.001,False,False,NetFlow short-run adaptation; not exact image-experiment reproduction,0.0005,0.9,32.0,128.0,False,"forgotten-domain validation split, never test"
mlp,1337,NF-BoT-IoT,rollback_repair,rollback_repair,amnesiac update subtraction plus custom retained repair,1.0,2.0,0.25,18.44650413754951,1.9781254529953003,False,False,,,,,,,,,,,,,,,,,,,,,,,,,,,,,,,,,,,,,,,,,,,,,,,,,,,,,
mlp,1337,NF-BoT-IoT,ssd_canonical,ssd_canonical,"canonical SSD (Foster et al., AAAI 2024)",,,,0.0,0.0,True,True,10.0,1.0,0.0,0.0,0.0,no_parameters_selected,16994.0,0.7743071793684237,2.515869140625,0.1697017401456833,1.0,1.0,1.0,True,True,100% pooled train cache plus 100% forgotten train online,0.29503877247007426,3.3901660280970627,5309.0,True,1566.0,100217.0,,,,,,,,,,,,,,,,,,,,,,,,,,,,,,,
mlp,1337,NF-BoT-IoT,ssd_canonical@alpha=1,ssd_canonical,"canonical SSD (Foster et al., AAAI 2024)",,,,0.4549106841404212,0.2471393346786499,False,False,1.0,1.0,266.0,0.015652583264681653,266.0,weights_changed,16994.0,0.7743071793684237,2.515869140625,0.1697017401456833,0.3974769413471222,0.8507580161094666,0.9967451095581055,False,False,100% pooled train cache plus 100% forgotten train online,0.29503877247007426,3.3901660280970627,5309.0,False,1566.0,100217.0,,,,,,,,,,,,,,,,,,,,,,,,,,,,,,,
mlp,1337,NF-BoT-IoT,ssd_canonical@alpha=2,ssd_canonical,"canonical SSD (Foster et al., AAAI 2024)",,,,0.11246592722599379,0.08723732084035873,False,False,2.0,1.0,4.0,0.00023537719195010004,4.0,weights_changed,16994.0,0.7743071793684237,2.515869140625,0.1697017401456833,0.3974769413471222,0.4768330156803131,0.4986693263053894,False,False,100% pooled train cache plus 100% forgotten train online,0.29503877247007426,3.3901660280970627,5309.0,False,1566.0,100217.0,,,,,,,,,,,,,,,,,,,,,,,,,,,,,,,
mlp,1337,NF-BoT-IoT,ssd_canonical@alpha=3,ssd_canonical,"canonical SSD (Foster et al., AAAI 2024)",,,,0.0,0.0,True,True,3.0,1.0,0.0,0.0,0.0,no_parameters_selected,16994.0,0.7743071793684237,2.515869140625,0.1697017401456833,1.0,1.0,1.0,False,False,100% pooled train cache plus 100% forgotten train online,0.29503877247007426,3.3901660280970627,5309.0,False,1566.0,100217.0,,,,,,,,,,,,,,,,,,,,,,,,,,,,,,,
mlp,1337,NF-BoT-IoT,ssd_canonical@alpha=5,ssd_canonical,"canonical SSD (Foster et al., AAAI 2024)",,,,0.0,0.0,True,True,5.0,1.0,0.0,0.0,0.0,no_parameters_selected,16994.0,0.7743071793684237,2.515869140625,0.1697017401456833,1.0,1.0,1.0,False,False,100% pooled train cache plus 100% forgotten train online,0.29503877247007426,3.3901660280970627,5309.0,True,1566.0,100217.0,,,,,,,,,,,,,,,,,,,,,,,,,,,,,,,
mlp,1337,NF-BoT-IoT,dc_ssd_no_contrast,dc_ssd_no_contrast,DC-SSD ablation: class-balanced Fisher without retained-only contrast,,,,6.37112086471099,0.7661014795303345,False,False,2.0,1.0,3721.0,0.21895963281158057,3721.0,weights_changed,16994.0,0.7585345092244219,3.9929041862487793,0.8262160420417786,0.2504442632198334,0.3601568937301636,0.49993813037872314,,,,,,,False,,,True,False,4.0,equal 0.5/0.5,class-conditional mean squared batch-mean CE gradient,equal across reference domains,all domains including forgotten,mean,0.0,0.0,The shared bank is kept only to benchmark independent deletion scenarios; a deployment must purge the forgotten domain entry.,,,,,,,,,,,,,,,,,,,,
mlp,1337,NF-BoT-IoT,dc_ssd_no_class_balance,dc_ssd_no_class_balance,DC-SSD ablation: retained-domain contrast without class balancing,,,,0.23947318173556117,0.13027013838291168,False,False,2.0,1.0,17.0,0.001000353065787925,17.0,weights_changed,16994.0,0.6462386601058997,9.199183464050293,0.05105877295136452,0.1087053045630455,0.29842329025268555,0.45550861954689026,,,,,,,False,,,False,True,,empirical training fractions within domain,class-conditional mean squared batch-mean CE gradient,equal across reference domains,retained only,mean,0.0,0.0,The shared bank is kept only to benchmark independent deletion scenarios; a deployment must purge the forgotten domain entry.,,,,,,,,,,,,,,,,,,,,
mlp,1337,NF-BoT-IoT,dc_ssd,dc_ssd,proposed class-balanced domain-contrastive SSD,,,,9.28698617358825,1.0214686393737793,False,False,2.0,1.0,5061.0,0.29781099211486406,5061.0,weights_changed,16994.0,0.5754473556827391,1688.1102294921875,0.7809756994247437,0.0005923783755861223,0.207356795668602,0.499932199716568,,,,,,,False,,,True,True,,equal 0.5/0.5,class-conditional mean squared batch-mean CE gradient,equal across reference domains,retained only,mean,0.0,0.0,The shared bank is kept only to benchmark independent deletion scenarios; a deployment must purge the forgotten domain entry.,,,,,,,,,,,,,,,,,,,,
mlp,1337,NF-BoT-IoT,scrub_r,scrub_r,"SCRUB+R (Kurmanji et al., NeurIPS 2023)",,,,75.2615112753718,52.03540802001953,False,False,,,,,,,,,,,,,,,,,,,,,,,,,,,,,,,,,,True,2.0,3.0,1.0,0.8746464646464647,0.7502419749144357,4.0,0.001,0.99,sgd,0.0005,True,True,NetFlow short-run adaptation; not exact image-experiment reproduction,0.0005,0.9,32.0,128.0,False,"forgotten-domain validation split, never test"
mlp,1337,NF-BoT-IoT,scrub_r@lr=0.001,scrub_r,"SCRUB+R (Kurmanji et al., NeurIPS 2023)",,,,295.37944115183404,205.2733612060547,False,False,,,,,,,,,,,,,,,,,,,,,,,,,,,,,,,,,,True,2.0,3.0,2.0,0.9903030303030304,0.9949210213835976,4.0,0.001,0.99,sgd,0.001,False,False,NetFlow short-run adaptation; not exact image-experiment reproduction,0.0005,0.9,32.0,128.0,False,"forgotten-domain validation split, never test"
mlp,1337,NF-CSE-CIC-IDS2018,rollback_repair,rollback_repair,amnesiac update subtraction plus custom retained repair,1.0,2.0,0.25,51.05868782885224,5.182234764099121,False,False,,,,,,,,,,,,,,,,,,,,,,,,,,,,,,,,,,,,,,,,,,,,,,,,,,,,,
mlp,1337,NF-CSE-CIC-IDS2018,ssd_canonical,ssd_canonical,"canonical SSD (Foster et al., AAAI 2024)",,,,0.0,0.0,True,True,10.0,1.0,0.0,0.0,0.0,no_parameters_selected,16994.0,0.9559790575439648,3.092318534851074,1.0545598268508911,1.0,1.0,1.0,True,True,100% pooled train cache plus 100% forgotten train online,0.3128146399194522,3.19626730885009,5309.0,True,1661.0,106255.0,,,,,,,,,,,,,,,,,,,,,,,,,,,,,,,
mlp,1337,NF-CSE-CIC-IDS2018,ssd_canonical@alpha=1,ssd_canonical,"canonical SSD (Foster et al., AAAI 2024)",,,,4.6624244433388045,0.6290003061294556,False,False,1.0,1.0,9175.0,0.539896434035542,9175.0,weights_changed,16994.0,0.9559790575439648,3.092318534851074,1.0545598268508911,0.3233819305896759,0.7212483286857605,0.9999321699142456,False,False,100% pooled train cache plus 100% forgotten train online,0.3128146399194522,3.19626730885009,5309.0,False,1661.0,106255.0,,,,,,,,,,,,,,,,,,,,,,,,,,,,,,,
mlp,1337,NF-CSE-CIC-IDS2018,ssd_canonical@alpha=2,ssd_canonical,"canonical SSD (Foster et al., AAAI 2024)",,,,2.3658687565697534,0.6290003061294556,False,False,2.0,1.0,892.0,0.052489113804872305,892.0,weights_changed,16994.0,0.9559790575439648,3.092318534851074,1.0545598268508911,0.3233819305896759,0.45476603507995605,0.4999682903289795,False,False,100% pooled train cache plus 100% forgotten train online,0.3128146399194522,3.19626730885009,5309.0,False,1661.0,106255.0,,,,,,,,,,,,,,,,,,,,,,,,,,,,,,,
mlp,1337,NF-CSE-CIC-IDS2018,ssd_canonical@alpha=3,ssd_canonical,"canonical SSD (Foster et al., AAAI 2024)",,,,0.22317472958890766,0.1448119580745697,False,False,3.0,1.0,4.0,0.00023537719195010004,4.0,weights_changed,16994.0,0.9559790575439648,3.092318534851074,1.0545598268508911,0.3233819305896759,0.3274795413017273,0.3327859044075012,False,False,100% pooled train cache plus 100% forgotten train online,0.3128146399194522,3.19626730885009,5309.0,False,1661.0,106255.0,,,,,,,,,,,,,,,,,,,,,,,,,,,,,,,
mlp,1337,NF-CSE-CIC-IDS2018,ssd_canonical@alpha=5,ssd_canonical,"canonical SSD (Foster et al., AAAI 2024)",,,,0.0,0.0,True,True,5.0,1.0,0.0,0.0,0.0,no_parameters_selected,16994.0,0.9559790575439648,3.092318534851074,1.0545598268508911,1.0,1.0,1.0,False,False,100% pooled train cache plus 100% forgotten train online,0.3128146399194522,3.19626730885009,5309.0,True,1661.0,106255.0,,,,,,,,,,,,,,,,,,,,,,,,,,,,,,,
mlp,1337,NF-CSE-CIC-IDS2018,dc_ssd_no_contrast,dc_ssd_no_contrast,DC-SSD ablation: class-balanced Fisher without retained-only contrast,,,,2.495023675914929,0.7334718704223633,False,False,2.0,1.0,827.0,0.048664234435683185,827.0,weights_changed,16994.0,0.6106903427178243,3.9578051567077637,0.31798240542411804,0.25266531109809875,0.39254239201545715,0.499838262796402,,,,,,,False,,,True,False,4.0,equal 0.5/0.5,class-conditional mean squared batch-mean CE gradient,equal across reference domains,all domains including forgotten,mean,0.0,0.0,The shared bank is kept only to benchmark independent deletion scenarios; a deployment must purge the forgotten domain entry.,,,,,,,,,,,,,,,,,,,,
mlp,1337,NF-CSE-CIC-IDS2018,dc_ssd_no_class_balance,dc_ssd_no_class_balance,DC-SSD ablation: retained-domain contrast without class balancing,,,,3.2927207903191507,0.9213072061538696,False,False,2.0,1.0,1064.0,0.06261033305872661,1064.0,weights_changed,16994.0,0.6903506700392549,76.85829162597656,0.35450512170791626,0.013010958209633827,0.3298892080783844,0.49970847368240356,,,,,,,False,,,False,True,,empirical training fractions within domain,class-conditional mean squared batch-mean CE gradient,equal across reference domains,retained only,mean,0.0,0.0,The shared bank is kept only to benchmark independent deletion scenarios; a deployment must purge the forgotten domain entry.,,,,,,,,,,,,,,,,,,,,
mlp,1337,NF-CSE-CIC-IDS2018,dc_ssd,dc_ssd,proposed class-balanced domain-contrastive SSD,,,,3.9421184460092356,0.9779624938964844,False,False,2.0,1.0,1313.0,0.07726256325762033,1313.0,weights_changed,16994.0,0.5510546400530701,281.3936462402344,0.25908273458480835,0.0035537404473870993,0.27688178420066833,0.4995732307434082,,,,,,,False,,,True,True,,equal 0.5/0.5,class-conditional mean squared batch-mean CE gradient,equal across reference domains,retained only,mean,0.0,0.0,The shared bank is kept only to benchmark independent deletion scenarios; a deployment must purge the forgotten domain entry.,,,,,,,,,,,,,,,,,,,,
mlp,1337,NF-CSE-CIC-IDS2018,scrub_r,scrub_r,"SCRUB+R (Kurmanji et al., NeurIPS 2023)",,,,156.1974983639289,108.29003143310547,False,False,,,,,,,,,,,,,,,,,,,,,,,,,,,,,,,,,,True,2.0,3.0,2.0,0.3281884646628757,0.6849936473577714,4.0,0.001,0.99,sgd,0.0005,True,True,NetFlow short-run adaptation; not exact image-experiment reproduction,0.0005,0.9,32.0,128.0,False,"forgotten-domain validation split, never test"
mlp,1337,NF-CSE-CIC-IDS2018,scrub_r@lr=0.001,scrub_r,"SCRUB+R (Kurmanji et al., NeurIPS 2023)",,,,159.26072383718773,110.42293548583984,False,False,,,,,,,,,,,,,,,,,,,,,,,,,,,,,,,,,,True,2.0,3.0,1.0,0.39458719911069307,0.5521340172227189,4.0,0.001,0.99,sgd,0.001,False,False,NetFlow short-run adaptation; not exact image-experiment reproduction,0.0005,0.9,32.0,128.0,False,"forgotten-domain validation split, never test"
numerical_feature_transformer,1337,NF-UNSW-NB15,rollback_repair,rollback_repair,amnesiac update subtraction plus custom retained repair,1.0,2.0,0.25,18.182886880001504,3.535640001296997,False,False,,,,,,,,,,,,,,,,,,,,,,,,,,,,,,,,,,,,,,,,,,,,,,,,,,,,,
numerical_feature_transformer,1337,NF-UNSW-NB15,ssd_canonical,ssd_canonical,"canonical SSD (Foster et al., AAAI 2024)",,,,0.0,0.0,True,True,10.0,1.0,0.0,0.0,0.0,no_parameters_selected,8770.0,0.5892427232137193,3.347912311553955,0.21390961110591888,1.0,1.0,1.0,True,True,100% pooled train cache plus 100% forgotten train online,0.2836896553754482,3.5252324037184595,5309.0,True,1506.0,96362.0,,,,,,,,,,,,,,,,,,,,,,,,,,,,,,,
numerical_feature_transformer,1337,NF-UNSW-NB15,ssd_canonical@alpha=1,ssd_canonical,"canonical SSD (Foster et al., AAAI 2024)",,,,0.5642319026562991,0.20996251702308655,False,False,1.0,1.0,293.0,0.033409350057012545,293.0,weights_changed,8770.0,0.5892427232137193,3.347912311553955,0.21390961110591888,0.29869359731674194,0.7669495344161987,0.9992865324020386,False,False,100% pooled train cache plus 100% forgotten train online,0.2836896553754482,3.5252324037184595,5309.0,False,1506.0,96362.0,,,,,,,,,,,,,,,,,,,,,,,,,,,,,,,
numerical_feature_transformer,1337,NF-UNSW-NB15,ssd_canonical@alpha=2,ssd_canonical,"canonical SSD (Foster et al., AAAI 2024)",,,,0.3305829183491786,0.20996251702308655,False,False,2.0,1.0,47.0,0.0053591790193842645,47.0,weights_changed,8770.0,0.5892427232137193,3.347912311553955,0.21390961110591888,0.29869359731674194,0.39492782950401306,0.4910312592983246,False,False,100% pooled train cache plus 100% forgotten train online,0.2836896553754482,3.5252324037184595,5309.0,False,1506.0,96362.0,,,,,,,,,,,,,,,,,,,,,,,,,,,,,,,
numerical_feature_transformer,1337,NF-UNSW-NB15,ssd_canonical@alpha=3,ssd_canonical,"canonical SSD (Foster et al., AAAI 2024)",,,,0.056648572413518374,0.031028881669044495,False,False,3.0,1.0,8.0,0.0009122006841505131,8.0,weights_changed,8770.0,0.5892427232137193,3.347912311553955,0.21390961110591888,0.29869359731674194,0.32249048352241516,0.331271767616272,False,False,100% pooled train cache plus 100% forgotten train online,0.2836896553754482,3.5252324037184595,5309.0,False,1506.0,96362.0,,,,,,,,,,,,,,,,,,,,,,,,,,,,,,,
numerical_feature_transformer,1337,NF-UNSW-NB15,ssd_canonical@alpha=5,ssd_canonical,"canonical SSD (Foster et al., AAAI 2024)",,,,0.0,0.0,True,True,5.0,1.0,0.0,0.0,0.0,no_parameters_selected,8770.0,0.5892427232137193,3.347912311553955,0.21390961110591888,1.0,1.0,1.0,False,False,100% pooled train cache plus 100% forgotten train online,0.2836896553754482,3.5252324037184595,5309.0,True,1506.0,96362.0,,,,,,,,,,,,,,,,,,,,,,,,,,,,,,,
numerical_feature_transformer,1337,NF-UNSW-NB15,dc_ssd_no_contrast,dc_ssd_no_contrast,DC-SSD ablation: class-balanced Fisher without retained-only contrast,,,,0.9427742834286937,0.3028031587600708,False,False,2.0,1.0,162.0,0.018472063854047892,162.0,weights_changed,8770.0,0.33073456870271195,3.977390766143799,0.10582850128412247,0.25142112374305725,0.3515859544277191,0.4992981255054474,,,,,,,False,,,True,False,4.0,equal 0.5/0.5,class-conditional mean squared batch-mean CE gradient,equal across reference domains,all domains including forgotten,mean,0.0,0.0,The shared bank is kept only to benchmark independent deletion scenarios; a deployment must purge the forgotten domain entry.,,,,,,,,,,,,,,,,,,,,
numerical_feature_transformer,1337,NF-UNSW-NB15,dc_ssd_no_class_balance,dc_ssd_no_class_balance,DC-SSD ablation: retained-domain contrast without class balancing,,,,0.7080514590105408,0.2843995690345764,False,False,2.0,1.0,83.0,0.009464082098061573,83.0,weights_changed,8770.0,0.3381470858951479,70.44377136230469,0.04498970881104469,0.014195719733834267,0.23320555686950684,0.49769169092178345,,,,,,,False,,,False,True,,empirical training fractions within domain,class-conditional mean squared batch-mean CE gradient,equal across reference domains,retained only,mean,0.0,0.0,The shared bank is kept only to benchmark independent deletion scenarios; a deployment must purge the forgotten domain entry.,,,,,,,,,,,,,,,,,,,,
numerical_feature_transformer,1337,NF-UNSW-NB15,dc_ssd,dc_ssd,proposed class-balanced domain-contrastive SSD,,,,1.4260161356600332,0.40373751521110535,False,False,2.0,1.0,232.0,0.026453819840364882,232.0,weights_changed,8770.0,0.27801130401153024,527.7610473632812,0.08152838796377182,0.0018947968492284417,0.2107401043176651,0.49984273314476013,,,,,,,False,,,True,True,,equal 0.5/0.5,class-conditional mean squared batch-mean CE gradient,equal across reference domains,retained only,mean,0.0,0.0,The shared bank is kept only to benchmark independent deletion scenarios; a deployment must purge the forgotten domain entry.,,,,,,,,,,,,,,,,,,,,
numerical_feature_transformer,1337,NF-UNSW-NB15,scrub_r,scrub_r,"SCRUB+R (Kurmanji et al., NeurIPS 2023)",,,,139.25135536072912,96.45166015625,False,False,,,,,,,,,,,,,,,,,,,,,,,,,,,,,,,,,,True,2.0,3.0,2.0,0.2799046483909416,0.2947116083103298,4.0,0.001,0.99,sgd,0.0005,True,True,NetFlow short-run adaptation; not exact image-experiment reproduction,0.0005,0.9,32.0,128.0,False,"forgotten-domain validation split, never test"
numerical_feature_transformer,1337,NF-UNSW-NB15,scrub_r@lr=0.001,scrub_r,"SCRUB+R (Kurmanji et al., NeurIPS 2023)",,,,283.3159272835245,196.8331756591797,False,False,,,,,,,,,,,,,,,,,,,,,,,,,,,,,,,,,,True,2.0,3.0,3.0,0.1501311084624553,0.14533737365351487,4.0,0.001,0.99,sgd,0.001,False,False,NetFlow short-run adaptation; not exact image-experiment reproduction,0.0005,0.9,32.0,128.0,False,"forgotten-domain validation split, never test"
numerical_feature_transformer,1337,NF-ToN-IoT,rollback_repair,rollback_repair,amnesiac update subtraction plus custom retained repair,1.0,2.0,0.25,35.906965385146364,6.572741985321045,False,False,,,,,,,,,,,,,,,,,,,,,,,,,,,,,,,,,,,,,,,,,,,,,,,,,,,,,
numerical_feature_transformer,1337,NF-ToN-IoT,ssd_canonical,ssd_canonical,"canonical SSD (Foster et al., AAAI 2024)",,,,0.0,0.0,True,True,10.0,1.0,0.0,0.0,0.0,no_parameters_selected,8770.0,0.9277890513431495,9.180350303649902,4.725270748138428,1.0,1.0,1.0,True,True,100% pooled train cache plus 100% forgotten train online,0.10845693223502535,9.21701388888889,5309.0,True,576.0,36840.0,,,,,,,,,,,,,,,,,,,,,,,,,,,,,,,
numerical_feature_transformer,1337,NF-ToN-IoT,ssd_canonical@alpha=1,ssd_canonical,"canonical SSD (Foster et al., AAAI 2024)",,,,12.900500020578587,1.0202172994613647,False,False,1.0,1.0,8681.0,0.9898517673888255,8681.0,weights_changed,8770.0,0.9277890513431495,9.180350303649902,4.725270748138428,0.10892830044031143,0.21094012260437012,0.9983035922050476,False,False,100% pooled train cache plus 100% forgotten train online,0.10845693223502535,9.21701388888889,5309.0,False,576.0,36840.0,,,,,,,,,,,,,,,,,,,,,,,,,,,,,,,
numerical_feature_transformer,1337,NF-ToN-IoT,ssd_canonical@alpha=2,ssd_canonical,"canonical SSD (Foster et al., AAAI 2024)",,,,12.861672907891737,1.0202172994613647,False,False,2.0,1.0,8404.0,0.958266818700114,8404.0,weights_changed,8770.0,0.9277890513431495,9.180350303649902,4.725270748138428,0.10892830044031143,0.2084665596485138,0.49969324469566345,False,False,100% pooled train cache plus 100% forgotten train online,0.10845693223502535,9.21701388888889,5309.0,False,576.0,36840.0,,,,,,,,,,,,,,,,,,,,,,,,,,,,,,,
numerical_feature_transformer,1337,NF-ToN-IoT,ssd_canonical@alpha=3,ssd_canonical,"canonical SSD (Foster et al., AAAI 2024)",,,,12.498340068733256,1.0202172994613647,False,False,3.0,1.0,7686.0,0.8763968072976055,7686.0,weights_changed,8770.0,0.9277890513431495,9.180350303649902,4.725270748138428,0.10892830044031143,0.20169177651405334,0.3332560360431671,False,False,100% pooled train cache plus 100% forgotten train online,0.10845693223502535,9.21701388888889,5309.0,False,576.0,36840.0,,,,,,,,,,,,,,,,,,,,,,,,,,,,,,,
numerical_feature_transformer,1337,NF-ToN-IoT,ssd_canonical@alpha=5,ssd_canonical,"canonical SSD (Foster et al., AAAI 2024)",,,,9.318075924050069,0.9692678451538086,False,False,5.0,1.0,3739.0,0.42633979475484607,3739.0,weights_changed,8770.0,0.9277890513431495,9.180350303649902,4.725270748138428,0.10892830044031143,0.16526514291763306,0.19997857511043549,False,False,100% pooled train cache plus 100% forgotten train online,0.10845693223502535,9.21701388888889,5309.0,False,576.0,36840.0,,,,,,,,,,,,,,,,,,,,,,,,,,,,,,,
numerical_feature_transformer,1337,NF-ToN-IoT,dc_ssd_no_contrast,dc_ssd_no_contrast,DC-SSD ablation: class-balanced Fisher without retained-only contrast,,,,6.936974246423306,0.7823402881622314,False,False,2.0,1.0,3408.0,0.38859749144811856,3408.0,weights_changed,8770.0,0.7541805975465384,3.974670886993408,1.6174207925796509,0.25159314274787903,0.34704574942588806,0.4999430477619171,,,,,,,False,,,True,False,4.0,equal 0.5/0.5,class-conditional mean squared batch-mean CE gradient,equal across reference domains,all domains including forgotten,mean,0.0,0.0,The shared bank is kept only to benchmark independent deletion scenarios; a deployment must purge the forgotten domain entry.,,,,,,,,,,,,,,,,,,,,
numerical_feature_transformer,1337,NF-ToN-IoT,dc_ssd_no_class_balance,dc_ssd_no_class_balance,DC-SSD ablation: retained-domain contrast without class balancing,,,,15.440568173552217,1.2064800262451172,False,False,2.0,1.0,8528.0,0.972405929304447,8528.0,weights_changed,8770.0,0.5788792607826566,2296.5576171875,23.736743927001953,0.00043543431092984974,0.04025961458683014,0.49859917163848877,,,,,,,False,,,False,True,,empirical training fractions within domain,class-conditional mean squared batch-mean CE gradient,equal across reference domains,retained only,mean,0.0,0.0,The shared bank is kept only to benchmark independent deletion scenarios; a deployment must purge the forgotten domain entry.,,,,,,,,,,,,,,,,,,,,
numerical_feature_transformer,1337,NF-ToN-IoT,dc_ssd,dc_ssd,proposed class-balanced domain-contrastive SSD,,,,10.000513516040346,1.0431203842163086,False,False,2.0,1.0,4436.0,0.5058152793614595,4436.0,weights_changed,8770.0,0.4794240284818193,470.76617431640625,2.0365586280822754,0.0021241968497633934,0.18444497883319855,0.49996650218963623,,,,,,,False,,,True,True,,equal 0.5/0.5,class-conditional mean squared batch-mean CE gradient,equal across reference domains,retained only,mean,0.0,0.0,The shared bank is kept only to benchmark independent deletion scenarios; a deployment must purge the forgotten domain entry.,,,,,,,,,,,,,,,,,,,,
numerical_feature_transformer,1337,NF-ToN-IoT,scrub_r,scrub_r,"SCRUB+R (Kurmanji et al., NeurIPS 2023)",,,,51.74272815521047,35.2884521484375,False,False,,,,,,,,,,,,,,,,,,,,,,,,,,,,,,,,,,True,2.0,3.0,3.0,0.1424039877648125,0.26620521172638434,4.0,0.001,0.99,sgd,0.0005,True,True,NetFlow short-run adaptation; not exact image-experiment reproduction,0.0005,0.9,32.0,128.0,False,"forgotten-domain validation split, never test"
numerical_feature_transformer,1337,NF-ToN-IoT,scrub_r@lr=0.001,scrub_r,"SCRUB+R (Kurmanji et al., NeurIPS 2023)",,,,52.67922594119046,35.57598876953125,False,False,,,,,,,,,,,,,,,,,,,,,,,,,,,,,,,,,,True,2.0,3.0,1.0,0.10365922737056758,0.3081161780673181,4.0,0.001,0.99,sgd,0.001,False,False,NetFlow short-run adaptation; not exact image-experiment reproduction,0.0005,0.9,32.0,128.0,False,"forgotten-domain validation split, never test"
numerical_feature_transformer,1337,NF-BoT-IoT,rollback_repair,rollback_repair,amnesiac update subtraction plus custom retained repair,1.0,2.0,0.25,32.18129286624749,4.974377155303955,False,False,,,,,,,,,,,,,,,,,,,,,,,,,,,,,,,,,,,,,,,,,,,,,,,,,,,,,
numerical_feature_transformer,1337,NF-BoT-IoT,ssd_canonical,ssd_canonical,"canonical SSD (Foster et al., AAAI 2024)",,,,0.0,0.0,True,True,10.0,1.0,0.0,0.0,0.0,no_parameters_selected,8770.0,0.7690152690917875,2.765317678451538,0.22078749537467957,1.0,1.0,1.0,True,True,100% pooled train cache plus 100% forgotten train online,0.29503877247007426,3.3901660280970627,5309.0,True,1566.0,100217.0,,,,,,,,,,,,,,,,,,,,,,,,,,,,,,,
numerical_feature_transformer,1337,NF-BoT-IoT,ssd_canonical@alpha=1,ssd_canonical,"canonical SSD (Foster et al., AAAI 2024)",,,,0.39434237110085074,0.15085989236831665,False,False,1.0,1.0,174.0,0.01984036488027366,174.0,weights_changed,8770.0,0.7690152690917875,2.765317678451538,0.22078749537467957,0.3616220951080322,0.8104473948478699,0.9991590976715088,False,False,100% pooled train cache plus 100% forgotten train online,0.29503877247007426,3.3901660280970627,5309.0,False,1566.0,100217.0,,,,,,,,,,,,,,,,,,,,,,,,,,,,,,,
numerical_feature_transformer,1337,NF-BoT-IoT,ssd_canonical@alpha=2,ssd_canonical,"canonical SSD (Foster et al., AAAI 2024)",,,,0.13894161445646772,0.09440327435731888,False,False,2.0,1.0,10.0,0.0011402508551881414,10.0,weights_changed,8770.0,0.7690152690917875,2.765317678451538,0.22078749537467957,0.3616220951080322,0.45585060119628906,0.49466294050216675,False,False,100% pooled train cache plus 100% forgotten train online,0.29503877247007426,3.3901660280970627,5309.0,False,1566.0,100217.0,,,,,,,,,,,,,,,,,,,,,,,,,,,,,,,
numerical_feature_transformer,1337,NF-BoT-IoT,ssd_canonical@alpha=3,ssd_canonical,"canonical SSD (Foster et al., AAAI 2024)",,,,0.0,0.0,True,True,3.0,1.0,0.0,0.0,0.0,no_parameters_selected,8770.0,0.7690152690917875,2.765317678451538,0.22078749537467957,1.0,1.0,1.0,False,False,100% pooled train cache plus 100% forgotten train online,0.29503877247007426,3.3901660280970627,5309.0,False,1566.0,100217.0,,,,,,,,,,,,,,,,,,,,,,,,,,,,,,,
numerical_feature_transformer,1337,NF-BoT-IoT,ssd_canonical@alpha=5,ssd_canonical,"canonical SSD (Foster et al., AAAI 2024)",,,,0.0,0.0,True,True,5.0,1.0,0.0,0.0,0.0,no_parameters_selected,8770.0,0.7690152690917875,2.765317678451538,0.22078749537467957,1.0,1.0,1.0,False,False,100% pooled train cache plus 100% forgotten train online,0.29503877247007426,3.3901660280970627,5309.0,True,1566.0,100217.0,,,,,,,,,,,,,,,,,,,,,,,,,,,,,,,
numerical_feature_transformer,1337,NF-BoT-IoT,dc_ssd_no_contrast,dc_ssd_no_contrast,DC-SSD ablation: class-balanced Fisher without retained-only contrast,,,,6.255028860051963,0.9159297347068787,False,False,2.0,1.0,3547.0,0.40444697833523374,3547.0,weights_changed,8770.0,0.9178423447829567,3.9956815242767334,1.624623417854309,0.25027018785476685,0.37257322669029236,0.49985530972480774,,,,,,,False,,,True,False,4.0,equal 0.5/0.5,class-conditional mean squared batch-mean CE gradient,equal across reference domains,all domains including forgotten,mean,0.0,0.0,The shared bank is kept only to benchmark independent deletion scenarios; a deployment must purge the forgotten domain entry.,,,,,,,,,,,,,,,,,,,,
numerical_feature_transformer,1337,NF-BoT-IoT,dc_ssd_no_class_balance,dc_ssd_no_class_balance,DC-SSD ablation: retained-domain contrast without class balancing,,,,0.16921406044197027,0.10017737746238708,False,False,2.0,1.0,23.0,0.002622576966932725,23.0,weights_changed,8770.0,0.6737039380723889,26.820598602294922,0.05049426853656769,0.03728477656841278,0.26054680347442627,0.47359248995780945,,,,,,,False,,,False,True,,empirical training fractions within domain,class-conditional mean squared batch-mean CE gradient,equal across reference domains,retained only,mean,0.0,0.0,The shared bank is kept only to benchmark independent deletion scenarios; a deployment must purge the forgotten domain entry.,,,,,,,,,,,,,,,,,,,,
numerical_feature_transformer,1337,NF-BoT-IoT,dc_ssd,dc_ssd,proposed class-balanced domain-contrastive SSD,,,,8.894153469638892,1.2212395668029785,False,False,2.0,1.0,4429.0,0.5050171037628278,4429.0,weights_changed,8770.0,0.4564079103392825,2775.758544921875,2.051830530166626,0.000360261881724,0.19415438175201416,0.49997955560684204,,,,,,,False,,,True,True,,equal 0.5/0.5,class-conditional mean squared batch-mean CE gradient,equal across reference domains,retained only,mean,0.0,0.0,The shared bank is kept only to benchmark independent deletion scenarios; a deployment must purge the forgotten domain entry.,,,,,,,,,,,,,,,,,,,,
numerical_feature_transformer,1337,NF-BoT-IoT,scrub_r,scrub_r,"SCRUB+R (Kurmanji et al., NeurIPS 2023)",,,,148.6502587168925,103.09868621826172,False,False,,,,,,,,,,,,,,,,,,,,,,,,,,,,,,,,,,True,2.0,3.0,2.0,0.9931986531986532,0.9970364309448497,4.0,0.001,0.99,sgd,0.0005,True,True,NetFlow short-run adaptation; not exact image-experiment reproduction,0.0005,0.9,32.0,128.0,False,"forgotten-domain validation split, never test"
numerical_feature_transformer,1337,NF-BoT-IoT,scrub_r@lr=0.001,scrub_r,"SCRUB+R (Kurmanji et al., NeurIPS 2023)",,,,293.53227866780276,203.93858337402344,False,False,,,,,,,,,,,,,,,,,,,,,,,,,,,,,,,,,,True,2.0,3.0,3.0,0.995993265993266,0.3085404671862059,4.0,0.001,0.99,sgd,0.001,False,False,NetFlow short-run adaptation; not exact image-experiment reproduction,0.0005,0.9,32.0,128.0,False,"forgotten-domain validation split, never test"
numerical_feature_transformer,1337,NF-CSE-CIC-IDS2018,rollback_repair,rollback_repair,amnesiac update subtraction plus custom retained repair,1.0,2.0,0.25,65.8602299862138,8.388014793395996,False,False,,,,,,,,,,,,,,,,,,,,,,,,,,,,,,,,,,,,,,,,,,,,,,,,,,,,,
numerical_feature_transformer,1337,NF-CSE-CIC-IDS2018,ssd_canonical,ssd_canonical,"canonical SSD (Foster et al., AAAI 2024)",,,,0.0,0.0,True,True,10.0,1.0,0.0,0.0,0.0,no_parameters_selected,8770.0,0.8810790277118532,2.715768575668335,0.994817852973938,1.0,1.0,1.0,True,True,100% pooled train cache plus 100% forgotten train online,0.3128146399194522,3.19626730885009,5309.0,True,1661.0,106255.0,,,,,,,,,,,,,,,,,,,,,,,,,,,,,,,
numerical_feature_transformer,1337,NF-CSE-CIC-IDS2018,ssd_canonical@alpha=1,ssd_canonical,"canonical SSD (Foster et al., AAAI 2024)",,,,3.3656888190556997,0.5810688734054565,False,False,1.0,1.0,4340.0,0.49486887115165334,4340.0,weights_changed,8770.0,0.8810790277118532,2.715768575668335,0.994817852973938,0.36821991205215454,0.7609291076660156,0.9998913407325745,False,False,100% pooled train cache plus 100% forgotten train online,0.3128146399194522,3.19626730885009,5309.0,False,1661.0,106255.0,,,,,,,,,,,,,,,,,,,,,,,,,,,,,,,
numerical_feature_transformer,1337,NF-CSE-CIC-IDS2018,ssd_canonical@alpha=2,ssd_canonical,"canonical SSD (Foster et al., AAAI 2024)",,,,1.2253774988126853,0.5810688734054565,False,False,2.0,1.0,175.0,0.019954389965792473,175.0,weights_changed,8770.0,0.8810790277118532,2.715768575668335,0.994817852973938,0.36821991205215454,0.461297869682312,0.49858149886131287,False,False,100% pooled train cache plus 100% forgotten train online,0.3128146399194522,3.19626730885009,5309.0,False,1661.0,106255.0,,,,,,,,,,,,,,,,,,,,,,,,,,,,,,,
numerical_feature_transformer,1337,NF-CSE-CIC-IDS2018,ssd_canonical@alpha=3,ssd_canonical,"canonical SSD (Foster et al., AAAI 2024)",,,,0.0,0.0,True,True,3.0,1.0,0.0,0.0,0.0,no_parameters_selected,8770.0,0.8810790277118532,2.715768575668335,0.994817852973938,1.0,1.0,1.0,False,False,100% pooled train cache plus 100% forgotten train online,0.3128146399194522,3.19626730885009,5309.0,False,1661.0,106255.0,,,,,,,,,,,,,,,,,,,,,,,,,,,,,,,
numerical_feature_transformer,1337,NF-CSE-CIC-IDS2018,ssd_canonical@alpha=5,ssd_canonical,"canonical SSD (Foster et al., AAAI 2024)",,,,0.0,0.0,True,True,5.0,1.0,0.0,0.0,0.0,no_parameters_selected,8770.0,0.8810790277118532,2.715768575668335,0.994817852973938,1.0,1.0,1.0,False,False,100% pooled train cache plus 100% forgotten train online,0.3128146399194522,3.19626730885009,5309.0,True,1661.0,106255.0,,,,,,,,,,,,,,,,,,,,,,,,,,,,,,,
numerical_feature_transformer,1337,NF-CSE-CIC-IDS2018,dc_ssd_no_contrast,dc_ssd_no_contrast,DC-SSD ablation: class-balanced Fisher without retained-only contrast,,,,1.2237146836144728,0.6228235960006714,False,False,2.0,1.0,121.0,0.013797035347776512,121.0,weights_changed,8770.0,0.5044739201732461,3.6851370334625244,0.15571007132530212,0.2713603079319,0.41212567687034607,0.49907901883125305,,,,,,,False,,,True,False,4.0,equal 0.5/0.5,class-conditional mean squared batch-mean CE gradient,equal across reference domains,all domains including forgotten,mean,0.0,0.0,The shared bank is kept only to benchmark independent deletion scenarios; a deployment must purge the forgotten domain entry.,,,,,,,,,,,,,,,,,,,,
numerical_feature_transformer,1337,NF-CSE-CIC-IDS2018,dc_ssd_no_class_balance,dc_ssd_no_class_balance,DC-SSD ablation: retained-domain contrast without class balancing,,,,1.7349311259965614,0.7246832847595215,False,False,2.0,1.0,226.0,0.025769669327251995,226.0,weights_changed,8770.0,0.5629050212339266,24.117786407470703,0.21378938853740692,0.04146317392587662,0.3534468114376068,0.4972912073135376,,,,,,,False,,,False,True,,empirical training fractions within domain,class-conditional mean squared batch-mean CE gradient,equal across reference domains,retained only,mean,0.0,0.0,The shared bank is kept only to benchmark independent deletion scenarios; a deployment must purge the forgotten domain entry.,,,,,,,,,,,,,,,,,,,,
numerical_feature_transformer,1337,NF-CSE-CIC-IDS2018,dc_ssd,dc_ssd,proposed class-balanced domain-contrastive SSD,,,,2.031694875655515,0.8304314613342285,False,False,2.0,1.0,217.0,0.024743443557582668,217.0,weights_changed,8770.0,0.4626826471951699,35.11181640625,0.1215127483010292,0.028480440378189087,0.3019242286682129,0.49796321988105774,,,,,,,False,,,True,True,,equal 0.5/0.5,class-conditional mean squared batch-mean CE gradient,equal across reference domains,retained only,mean,0.0,0.0,The shared bank is kept only to benchmark independent deletion scenarios; a deployment must purge the forgotten domain entry.,,,,,,,,,,,,,,,,,,,,
numerical_feature_transformer,1337,NF-CSE-CIC-IDS2018,scrub_r,scrub_r,"SCRUB+R (Kurmanji et al., NeurIPS 2023)",,,,154.8691449789032,107.35684204101562,False,False,,,,,,,,,,,,,,,,,,,,,,,,,,,,,,,,,,True,2.0,3.0,2.0,0.7939202189063235,0.7944096748388311,4.0,0.001,0.99,sgd,0.0005,True,True,NetFlow short-run adaptation; not exact image-experiment reproduction,0.0005,0.9,32.0,128.0,False,"forgotten-domain validation split, never test"
numerical_feature_transformer,1337,NF-CSE-CIC-IDS2018,scrub_r@lr=0.001,scrub_r,"SCRUB+R (Kurmanji et al., NeurIPS 2023)",,,,305.20438041142677,212.0131072998047,False,False,,,,,,,,,,,,,,,,,,,,,,,,,,,,,,,,,,True,2.0,3.0,2.0,0.7923810338193168,0.7930920897840101,4.0,0.001,0.99,sgd,0.001,False,False,NetFlow short-run adaptation; not exact image-experiment reproduction,0.0005,0.9,32.0,128.0,False,"forgotten-domain validation split, never test"
mlp,2026,NF-UNSW-NB15,rollback_repair,rollback_repair,amnesiac update subtraction plus custom retained repair,1.0,2.0,0.25,10.72494396962914,1.0238381624221802,False,False,,,,,,,,,,,,,,,,,,,,,,,,,,,,,,,,,,,,,,,,,,,,,,,,,,,,,
mlp,2026,NF-UNSW-NB15,ssd_canonical,ssd_canonical,"canonical SSD (Foster et al., AAAI 2024)",,,,0.0,0.0,True,True,10.0,1.0,0.0,0.0,0.0,no_parameters_selected,16994.0,0.7229444516262709,3.4693374633789062,0.09465542435646057,1.0,1.0,1.0,True,True,100% pooled train cache plus 100% forgotten train online,0.2836896553754482,3.5252324037184595,5309.0,True,1506.0,96362.0,,,,,,,,,,,,,,,,,,,,,,,,,,,,,,,
mlp,2026,NF-UNSW-NB15,ssd_canonical@alpha=1,ssd_canonical,"canonical SSD (Foster et al., AAAI 2024)",,,,1.066689567212158,0.34818732738494873,False,False,1.0,1.0,598.0,0.03518889019653996,598.0,weights_changed,16994.0,0.7229444516262709,3.4693374633789062,0.09465542435646057,0.2882394790649414,0.6766564846038818,0.9982678294181824,False,False,100% pooled train cache plus 100% forgotten train online,0.2836896553754482,3.5252324037184595,5309.0,False,1506.0,96362.0,,,,,,,,,,,,,,,,,,,,,,,,,,,,,,,
mlp,2026,NF-UNSW-NB15,ssd_canonical@alpha=2,ssd_canonical,"canonical SSD (Foster et al., AAAI 2024)",,,,0.7333311578339491,0.127433180809021,False,False,2.0,1.0,144.0,0.0084735789102036,144.0,weights_changed,16994.0,0.7229444516262709,3.4693374633789062,0.09465542435646057,0.2882394790649414,0.40721625089645386,0.49950140714645386,False,False,100% pooled train cache plus 100% forgotten train online,0.2836896553754482,3.5252324037184595,5309.0,False,1506.0,96362.0,,,,,,,,,,,,,,,,,,,,,,,,,,,,,,,
mlp,2026,NF-UNSW-NB15,ssd_canonical@alpha=3,ssd_canonical,"canonical SSD (Foster et al., AAAI 2024)",,,,0.3143831732049624,0.127433180809021,False,False,3.0,1.0,20.0,0.0011768859597505001,20.0,weights_changed,16994.0,0.7229444516262709,3.4693374633789062,0.09465542435646057,0.2882394790649414,0.3090742826461792,0.3332819640636444,False,False,100% pooled train cache plus 100% forgotten train online,0.2836896553754482,3.5252324037184595,5309.0,False,1506.0,96362.0,,,,,,,,,,,,,,,,,,,,,,,,,,,,,,,
mlp,2026,NF-UNSW-NB15,ssd_canonical@alpha=5,ssd_canonical,"canonical SSD (Foster et al., AAAI 2024)",,,,0.0,0.0,True,True,5.0,1.0,0.0,0.0,0.0,no_parameters_selected,16994.0,0.7229444516262709,3.4693374633789062,0.09465542435646057,1.0,1.0,1.0,False,False,100% pooled train cache plus 100% forgotten train online,0.2836896553754482,3.5252324037184595,5309.0,True,1506.0,96362.0,,,,,,,,,,,,,,,,,,,,,,,,,,,,,,,
mlp,2026,NF-UNSW-NB15,dc_ssd_no_contrast,dc_ssd_no_contrast,DC-SSD ablation: class-balanced Fisher without retained-only contrast,,,,1.419510437332439,0.5531047582626343,False,False,2.0,1.0,375.0,0.022066611745321877,375.0,weights_changed,16994.0,0.4399077289648541,3.969642400741577,0.05077766999602318,0.25191187858581543,0.35908132791519165,0.4990074932575226,,,,,,,False,,,True,False,4.0,equal 0.5/0.5,class-conditional mean squared batch-mean CE gradient,equal across reference domains,all domains including forgotten,mean,0.0,0.0,The shared bank is kept only to benchmark independent deletion scenarios; a deployment must purge the forgotten domain entry.,,,,,,,,,,,,,,,,,,,,
mlp,2026,NF-UNSW-NB15,dc_ssd_no_class_balance,dc_ssd_no_class_balance,DC-SSD ablation: retained-domain contrast without class balancing,,,,1.1762012099222046,0.1895284354686737,False,False,2.0,1.0,228.0,0.013416499941155702,228.0,weights_changed,16994.0,0.4503112059979991,96.15526580810547,0.025766273960471153,0.010399846360087395,0.2768401801586151,0.49385449290275574,,,,,,,False,,,False,True,,empirical training fractions within domain,class-conditional mean squared batch-mean CE gradient,equal across reference domains,retained only,mean,0.0,0.0,The shared bank is kept only to benchmark independent deletion scenarios; a deployment must purge the forgotten domain entry.,,,,,,,,,,,,,,,,,,,,
mlp,2026,NF-UNSW-NB15,dc_ssd,dc_ssd,proposed class-balanced domain-contrastive SSD,,,,2.0121219062641758,0.7374730110168457,False,False,2.0,1.0,503.0,0.02959868188772508,503.0,weights_changed,16994.0,0.42806292649648364,392.2869567871094,0.03857291489839554,0.0025491544511169195,0.21398919820785522,0.4989309310913086,,,,,,,False,,,True,True,,equal 0.5/0.5,class-conditional mean squared batch-mean CE gradient,equal across reference domains,retained only,mean,0.0,0.0,The shared bank is kept only to benchmark independent deletion scenarios; a deployment must purge the forgotten domain entry.,,,,,,,,,,,,,,,,,,,,
mlp,2026,NF-UNSW-NB15,scrub_r,scrub_r,"SCRUB+R (Kurmanji et al., NeurIPS 2023)",,,,143.29884863552962,99.44010162353516,False,False,,,,,,,,,,,,,,,,,,,,,,,,,,,,,,,,,,True,2.0,3.0,3.0,0.5982359952324195,0.5852203150619539,4.0,0.001,0.99,sgd,0.0005,True,True,NetFlow short-run adaptation; not exact image-experiment reproduction,0.0005,0.9,32.0,128.0,False,"forgotten-domain validation split, never test"
mlp,2026,NF-UNSW-NB15,scrub_r@lr=0.001,scrub_r,"SCRUB+R (Kurmanji et al., NeurIPS 2023)",,,,284.942787428877,198.02015686035156,False,False,,,,,,,,,,,,,,,,,,,,,,,,,,,,,,,,,,True,2.0,3.0,3.0,0.7372109654350417,0.7213839480293062,4.0,0.001,0.99,sgd,0.001,False,False,NetFlow short-run adaptation; not exact image-experiment reproduction,0.0005,0.9,32.0,128.0,False,"forgotten-domain validation split, never test"
mlp,2026,NF-ToN-IoT,rollback_repair,rollback_repair,amnesiac update subtraction plus custom retained repair,1.0,2.0,0.25,38.9117665680935,4.114043712615967,False,False,,,,,,,,,,,,,,,,,,,,,,,,,,,,,,,,,,,,,,,,,,,,,,,,,,,,,
mlp,2026,NF-ToN-IoT,ssd_canonical,ssd_canonical,"canonical SSD (Foster et al., AAAI 2024)",,,,0.0,0.0,True,True,10.0,1.0,0.0,0.0,0.0,no_parameters_selected,16994.0,0.9649038358886883,9.194924354553223,4.915997505187988,1.0,1.0,1.0,True,True,100% pooled train cache plus 100% forgotten train online,0.10845693223502535,9.21701388888889,5309.0,True,576.0,36840.0,,,,,,,,,,,,,,,,,,,,,,,,,,,,,,,
mlp,2026,NF-ToN-IoT,ssd_canonical@alpha=1,ssd_canonical,"canonical SSD (Foster et al., AAAI 2024)",,,,15.993755202369531,0.9645757675170898,False,False,1.0,1.0,16689.0,0.9820524891138048,16689.0,weights_changed,16994.0,0.9649038358886883,9.194924354553223,4.915997505187988,0.10875565558671951,0.201650932431221,0.9995300769805908,False,False,100% pooled train cache plus 100% forgotten train online,0.10845693223502535,9.21701388888889,5309.0,False,576.0,36840.0,,,,,,,,,,,,,,,,,,,,,,,,,,,,,,,
mlp,2026,NF-ToN-IoT,ssd_canonical@alpha=2,ssd_canonical,"canonical SSD (Foster et al., AAAI 2024)",,,,15.923414915954863,0.9645757675170898,False,False,2.0,1.0,15750.0,0.9267976933035189,15750.0,weights_changed,16994.0,0.9649038358886883,9.194924354553223,4.915997505187988,0.10875565558671951,0.1970081925392151,0.4999779462814331,False,False,100% pooled train cache plus 100% forgotten train online,0.10845693223502535,9.21701388888889,5309.0,False,576.0,36840.0,,,,,,,,,,,,,,,,,,,,,,,,,,,,,,,
mlp,2026,NF-ToN-IoT,ssd_canonical@alpha=3,ssd_canonical,"canonical SSD (Foster et al., AAAI 2024)",,,,15.5098110003787,0.9645757675170898,False,False,3.0,1.0,14068.0,0.8278215840885018,14068.0,weights_changed,16994.0,0.9649038358886883,9.194924354553223,4.915997505187988,0.10875565558671951,0.18883705139160156,0.3333240747451782,False,False,100% pooled train cache plus 100% forgotten train online,0.10845693223502535,9.21701388888889,5309.0,False,576.0,36840.0,,,,,,,,,,,,,,,,,,,,,,,,,,,,,,,
mlp,2026,NF-ToN-IoT,ssd_canonical@alpha=5,ssd_canonical,"canonical SSD (Foster et al., AAAI 2024)",,,,12.218620869875403,0.9645757675170898,False,False,5.0,1.0,8180.0,0.4813463575379546,8180.0,weights_changed,16994.0,0.9649038358886883,9.194924354553223,4.915997505187988,0.10875565558671951,0.16257327795028687,0.1999533325433731,False,False,100% pooled train cache plus 100% forgotten train online,0.10845693223502535,9.21701388888889,5309.0,False,576.0,36840.0,,,,,,,,,,,,,,,,,,,,,,,,,,,,,,,
mlp,2026,NF-ToN-IoT,dc_ssd_no_contrast,dc_ssd_no_contrast,DC-SSD ablation: class-balanced Fisher without retained-only contrast,,,,10.218978990658684,0.8213762044906616,False,False,2.0,1.0,9533.0,0.5609626927150759,9533.0,weights_changed,16994.0,0.976091541618359,3.9979302883148193,2.238191604614258,0.25012943148612976,0.3292178213596344,0.49993205070495605,,,,,,,False,,,True,False,4.0,equal 0.5/0.5,class-conditional mean squared batch-mean CE gradient,equal across reference domains,all domains including forgotten,mean,0.0,0.0,The shared bank is kept only to benchmark independent deletion scenarios; a deployment must purge the forgotten domain entry.,,,,,,,,,,,,,,,,,,,,
mlp,2026,NF-ToN-IoT,dc_ssd_no_class_balance,dc_ssd_no_class_balance,DC-SSD ablation: retained-domain contrast without class balancing,,,,18.888565420129574,1.1548130512237549,False,False,2.0,1.0,16054.0,0.9446863598917264,16054.0,weights_changed,16994.0,0.6057501980423444,5634.2529296875,16.63637924194336,0.00017748582467902452,0.05509122088551521,0.49907544255256653,,,,,,,False,,,False,True,,empirical training fractions within domain,class-conditional mean squared batch-mean CE gradient,equal across reference domains,retained only,mean,0.0,0.0,The shared bank is kept only to benchmark independent deletion scenarios; a deployment must purge the forgotten domain entry.,,,,,,,,,,,,,,,,,,,,
mlp,2026,NF-ToN-IoT,dc_ssd,dc_ssd,proposed class-balanced domain-contrastive SSD,,,,14.278184462900894,1.0951682329177856,False,False,2.0,1.0,11187.0,0.6582911615864423,11187.0,weights_changed,16994.0,0.38287283432933855,5795.580078125,3.811183214187622,0.00017254527483601123,0.13134516775608063,0.4999900460243225,,,,,,,False,,,True,True,,equal 0.5/0.5,class-conditional mean squared batch-mean CE gradient,equal across reference domains,retained only,mean,0.0,0.0,The shared bank is kept only to benchmark independent deletion scenarios; a deployment must purge the forgotten domain entry.,,,,,,,,,,,,,,,,,,,,
mlp,2026,NF-ToN-IoT,scrub_r,scrub_r,"SCRUB+R (Kurmanji et al., NeurIPS 2023)",,,,51.37869069624036,35.45476531982422,False,False,,,,,,,,,,,,,,,,,,,,,,,,,,,,,,,,,,True,2.0,3.0,2.0,0.25535289452815224,0.48688925081433226,4.0,0.001,0.99,sgd,0.0005,True,True,NetFlow short-run adaptation; not exact image-experiment reproduction,0.0005,0.9,32.0,128.0,False,"forgotten-domain validation split, never test"
mlp,2026,NF-ToN-IoT,scrub_r@lr=0.001,scrub_r,"SCRUB+R (Kurmanji et al., NeurIPS 2023)",,,,105.37687137183717,73.04481506347656,False,False,,,,,,,,,,,,,,,,,,,,,,,,,,,,,,,,,,True,2.0,3.0,2.0,0.21921377591480684,0.46270358306188925,4.0,0.001,0.99,sgd,0.001,False,False,NetFlow short-run adaptation; not exact image-experiment reproduction,0.0005,0.9,32.0,128.0,False,"forgotten-domain validation split, never test"
mlp,2026,NF-BoT-IoT,rollback_repair,rollback_repair,amnesiac update subtraction plus custom retained repair,1.0,2.0,0.25,18.489614579259413,1.8639284372329712,False,False,,,,,,,,,,,,,,,,,,,,,,,,,,,,,,,,,,,,,,,,,,,,,,,,,,,,,
mlp,2026,NF-BoT-IoT,ssd_canonical,ssd_canonical,"canonical SSD (Foster et al., AAAI 2024)",,,,0.0,0.0,True,True,10.0,1.0,0.0,0.0,0.0,no_parameters_selected,16994.0,0.772384164857312,3.0616378784179688,0.19807201623916626,1.0,1.0,1.0,True,True,100% pooled train cache plus 100% forgotten train online,0.29503877247007426,3.3901660280970627,5309.0,True,1566.0,100217.0,,,,,,,,,,,,,,,,,,,,,,,,,,,,,,,
mlp,2026,NF-BoT-IoT,ssd_canonical@alpha=1,ssd_canonical,"canonical SSD (Foster et al., AAAI 2024)",,,,0.5154061810422821,0.10934427380561829,False,False,1.0,1.0,403.0,0.023714252088972577,403.0,weights_changed,16994.0,0.772384164857312,3.0616378784179688,0.19807201623916626,0.3266225755214691,0.8255774974822998,0.9979276657104492,False,False,100% pooled train cache plus 100% forgotten train online,0.29503877247007426,3.3901660280970627,5309.0,False,1566.0,100217.0,,,,,,,,,,,,,,,,,,,,,,,,,,,,,,,
mlp,2026,NF-BoT-IoT,ssd_canonical@alpha=2,ssd_canonical,"canonical SSD (Foster et al., AAAI 2024)",,,,0.22227742778903256,0.10934427380561829,False,False,2.0,1.0,17.0,0.001000353065787925,17.0,weights_changed,16994.0,0.772384164857312,3.0616378784179688,0.19807201623916626,0.3266225755214691,0.4510250985622406,0.4992678761482239,False,False,100% pooled train cache plus 100% forgotten train online,0.29503877247007426,3.3901660280970627,5309.0,False,1566.0,100217.0,,,,,,,,,,,,,,,,,,,,,,,,,,,,,,,
mlp,2026,NF-BoT-IoT,ssd_canonical@alpha=3,ssd_canonical,"canonical SSD (Foster et al., AAAI 2024)",,,,0.01796005656799922,0.01796005666255951,False,False,3.0,1.0,1.0,5.884429798752501e-05,1.0,weights_changed,16994.0,0.772384164857312,3.0616378784179688,0.19807201623916626,0.3266225755214691,0.3266225755214691,0.3266225755214691,False,False,100% pooled train cache plus 100% forgotten train online,0.29503877247007426,3.3901660280970627,5309.0,False,1566.0,100217.0,,,,,,,,,,,,,,,,,,,,,,,,,,,,,,,
mlp,2026,NF-BoT-IoT,ssd_canonical@alpha=5,ssd_canonical,"canonical SSD (Foster et al., AAAI 2024)",,,,0.0,0.0,True,True,5.0,1.0,0.0,0.0,0.0,no_parameters_selected,16994.0,0.772384164857312,3.0616378784179688,0.19807201623916626,1.0,1.0,1.0,False,False,100% pooled train cache plus 100% forgotten train online,0.29503877247007426,3.3901660280970627,5309.0,True,1566.0,100217.0,,,,,,,,,,,,,,,,,,,,,,,,,,,,,,,
mlp,2026,NF-BoT-IoT,dc_ssd_no_contrast,dc_ssd_no_contrast,DC-SSD ablation: class-balanced Fisher without retained-only contrast,,,,6.020823982962899,0.7570246458053589,False,False,2.0,1.0,3330.0,0.19595151229845828,3330.0,weights_changed,16994.0,0.476043403547739,3.992884635925293,0.6668746471405029,0.25044551491737366,0.3680635690689087,0.4997895658016205,,,,,,,False,,,True,False,4.0,equal 0.5/0.5,class-conditional mean squared batch-mean CE gradient,equal across reference domains,all domains including forgotten,mean,0.0,0.0,The shared bank is kept only to benchmark independent deletion scenarios; a deployment must purge the forgotten domain entry.,,,,,,,,,,,,,,,,,,,,
mlp,2026,NF-BoT-IoT,dc_ssd_no_class_balance,dc_ssd_no_class_balance,DC-SSD ablation: retained-domain contrast without class balancing,,,,0.43346277612916684,0.12553060054779053,False,False,2.0,1.0,39.0,0.0022949276215134752,39.0,weights_changed,16994.0,0.5698076360039966,19.025222778320312,0.051416218280792236,0.05256180092692375,0.3695407211780548,0.4944884181022644,,,,,,,False,,,False,True,,empirical training fractions within domain,class-conditional mean squared batch-mean CE gradient,equal across reference domains,retained only,mean,0.0,0.0,The shared bank is kept only to benchmark independent deletion scenarios; a deployment must purge the forgotten domain entry.,,,,,,,,,,,,,,,,,,,,
mlp,2026,NF-BoT-IoT,dc_ssd,dc_ssd,proposed class-balanced domain-contrastive SSD,,,,8.737114200490723,1.0093661546707153,False,False,2.0,1.0,4433.0,0.26085677297869836,4433.0,weights_changed,16994.0,0.30393095579350843,1683.446044921875,0.6002247333526611,0.0005940196570008993,0.20833522081375122,0.49996474385261536,,,,,,,False,,,True,True,,equal 0.5/0.5,class-conditional mean squared batch-mean CE gradient,equal across reference domains,retained only,mean,0.0,0.0,The shared bank is kept only to benchmark independent deletion scenarios; a deployment must purge the forgotten domain entry.,,,,,,,,,,,,,,,,,,,,
mlp,2026,NF-BoT-IoT,scrub_r,scrub_r,"SCRUB+R (Kurmanji et al., NeurIPS 2023)",,,,149.44540521322477,103.77620697021484,False,False,,,,,,,,,,,,,,,,,,,,,,,,,,,,,,,,,,True,2.0,3.0,2.0,0.8588215488215488,0.8823153756348723,4.0,0.001,0.99,sgd,0.0005,True,True,NetFlow short-run adaptation; not exact image-experiment reproduction,0.0005,0.9,32.0,128.0,False,"forgotten-domain validation split, never test"
mlp,2026,NF-BoT-IoT,scrub_r@lr=0.001,scrub_r,"SCRUB+R (Kurmanji et al., NeurIPS 2023)",,,,295.5206608194297,205.4400177001953,False,False,,,,,,,,,,,,,,,,,,,,,,,,,,,,,,,,,,True,2.0,3.0,2.0,0.3145454545454546,0.19365975832443597,4.0,0.001,0.99,sgd,0.001,False,False,NetFlow short-run adaptation; not exact image-experiment reproduction,0.0005,0.9,32.0,128.0,False,"forgotten-domain validation split, never test"
mlp,2026,NF-CSE-CIC-IDS2018,rollback_repair,rollback_repair,amnesiac update subtraction plus custom retained repair,1.0,2.0,0.25,54.732244591139455,5.435744285583496,False,False,,,,,,,,,,,,,,,,,,,,,,,,,,,,,,,,,,,,,,,,,,,,,,,,,,,,,
mlp,2026,NF-CSE-CIC-IDS2018,ssd_canonical,ssd_canonical,"canonical SSD (Foster et al., AAAI 2024)",,,,0.0,0.0,True,True,10.0,1.0,0.0,0.0,0.0,no_parameters_selected,16994.0,0.9024798404006447,3.0369036197662354,1.035905122756958,1.0,1.0,1.0,True,True,100% pooled train cache plus 100% forgotten train online,0.3128146399194522,3.19626730885009,5309.0,True,1661.0,106255.0,,,,,,,,,,,,,,,,,,,,,,,,,,,,,,,
mlp,2026,NF-CSE-CIC-IDS2018,ssd_canonical@alpha=1,ssd_canonical,"canonical SSD (Foster et al., AAAI 2024)",,,,4.819063202387122,0.6177021265029907,False,False,1.0,1.0,9024.0,0.5310109450394257,9024.0,weights_changed,16994.0,0.9024798404006447,3.0369036197662354,1.035905122756958,0.3292827606201172,0.7304151058197021,0.9998167157173157,False,False,100% pooled train cache plus 100% forgotten train online,0.3128146399194522,3.19626730885009,5309.0,False,1661.0,106255.0,,,,,,,,,,,,,,,,,,,,,,,,,,,,,,,
mlp,2026,NF-CSE-CIC-IDS2018,ssd_canonical@alpha=2,ssd_canonical,"canonical SSD (Foster et al., AAAI 2024)",,,,2.6522591596628713,0.6177021265029907,False,False,2.0,1.0,884.0,0.052018359420972105,884.0,weights_changed,16994.0,0.9024798404006447,3.0369036197662354,1.035905122756958,0.3292827606201172,0.4517386555671692,0.49996939301490784,False,False,100% pooled train cache plus 100% forgotten train online,0.3128146399194522,3.19626730885009,5309.0,False,1661.0,106255.0,,,,,,,,,,,,,,,,,,,,,,,,,,,,,,,
mlp,2026,NF-CSE-CIC-IDS2018,ssd_canonical@alpha=3,ssd_canonical,"canonical SSD (Foster et al., AAAI 2024)",,,,0.09157486711638753,0.0760827511548996,False,False,3.0,1.0,2.0,0.00011768859597505002,2.0,weights_changed,16994.0,0.9024798404006447,3.0369036197662354,1.035905122756958,0.3292827606201172,0.3292827606201172,0.3309914469718933,False,False,100% pooled train cache plus 100% forgotten train online,0.3128146399194522,3.19626730885009,5309.0,False,1661.0,106255.0,,,,,,,,,,,,,,,,,,,,,,,,,,,,,,,
mlp,2026,NF-CSE-CIC-IDS2018,ssd_canonical@alpha=5,ssd_canonical,"canonical SSD (Foster et al., AAAI 2024)",,,,0.0,0.0,True,True,5.0,1.0,0.0,0.0,0.0,no_parameters_selected,16994.0,0.9024798404006447,3.0369036197662354,1.035905122756958,1.0,1.0,1.0,False,False,100% pooled train cache plus 100% forgotten train online,0.3128146399194522,3.19626730885009,5309.0,True,1661.0,106255.0,,,,,,,,,,,,,,,,,,,,,,,,,,,,,,,
mlp,2026,NF-CSE-CIC-IDS2018,dc_ssd_no_contrast,dc_ssd_no_contrast,DC-SSD ablation: class-balanced Fisher without retained-only contrast,,,,2.8152598968981843,0.7035527229309082,False,False,2.0,1.0,790.0,0.046486995410144755,790.0,weights_changed,16994.0,0.5721437278274706,3.9682037830352783,0.3218234181404114,0.25200319290161133,0.3834739923477173,0.4996219873428345,,,,,,,False,,,True,False,4.0,equal 0.5/0.5,class-conditional mean squared batch-mean CE gradient,equal across reference domains,all domains including forgotten,mean,0.0,0.0,The shared bank is kept only to benchmark independent deletion scenarios; a deployment must purge the forgotten domain entry.,,,,,,,,,,,,,,,,,,,,
mlp,2026,NF-CSE-CIC-IDS2018,dc_ssd_no_class_balance,dc_ssd_no_class_balance,DC-SSD ablation: retained-domain contrast without class balancing,,,,3.3095036701008556,0.8220199942588806,False,False,2.0,1.0,1008.0,0.05931505237142521,1008.0,weights_changed,16994.0,0.598567918913121,87.7159423828125,0.3381410837173462,0.011400436982512474,0.32983365654945374,0.4999901056289673,,,,,,,False,,,False,True,,empirical training fractions within domain,class-conditional mean squared batch-mean CE gradient,equal across reference domains,retained only,mean,0.0,0.0,The shared bank is kept only to benchmark independent deletion scenarios; a deployment must purge the forgotten domain entry.,,,,,,,,,,,,,,,,,,,,
mlp,2026,NF-CSE-CIC-IDS2018,dc_ssd,dc_ssd,proposed class-balanced domain-contrastive SSD,,,,4.226832046308084,0.9380702972412109,False,False,2.0,1.0,1280.0,0.07532070142403201,1280.0,weights_changed,16994.0,0.5278537156615148,374.40283203125,0.2624861001968384,0.0026709199883043766,0.27298372983932495,0.4994511306285858,,,,,,,False,,,True,True,,equal 0.5/0.5,class-conditional mean squared batch-mean CE gradient,equal across reference domains,retained only,mean,0.0,0.0,The shared bank is kept only to benchmark independent deletion scenarios; a deployment must purge the forgotten domain entry.,,,,,,,,,,,,,,,,,,,,
mlp,2026,NF-CSE-CIC-IDS2018,scrub_r,scrub_r,"SCRUB+R (Kurmanji et al., NeurIPS 2023)",,,,79.33876383736445,54.87823486328125,False,False,,,,,,,,,,,,,,,,,,,,,,,,,,,,,,,,,,True,2.0,3.0,1.0,0.3484544016417974,0.7533763117029787,4.0,0.001,0.99,sgd,0.0005,True,True,NetFlow short-run adaptation; not exact image-experiment reproduction,0.0005,0.9,32.0,128.0,False,"forgotten-domain validation split, never test"
mlp,2026,NF-CSE-CIC-IDS2018,scrub_r@lr=0.001,scrub_r,"SCRUB+R (Kurmanji et al., NeurIPS 2023)",,,,159.68875340933556,110.82769012451172,False,False,,,,,,,,,,,,,,,,,,,,,,,,,,,,,,,,,,True,2.0,3.0,1.0,0.39642567018683994,0.759371323702414,4.0,0.001,0.99,sgd,0.001,False,False,NetFlow short-run adaptation; not exact image-experiment reproduction,0.0005,0.9,32.0,128.0,False,"forgotten-domain validation split, never test"
numerical_feature_transformer,2026,NF-UNSW-NB15,rollback_repair,rollback_repair,amnesiac update subtraction plus custom retained repair,1.0,2.0,0.25,20.326350698010227,3.27266263961792,False,False,,,,,,,,,,,,,,,,,,,,,,,,,,,,,,,,,,,,,,,,,,,,,,,,,,,,,
numerical_feature_transformer,2026,NF-UNSW-NB15,ssd_canonical,ssd_canonical,"canonical SSD (Foster et al., AAAI 2024)",,,,0.0,0.0,True,True,10.0,1.0,0.0,0.0,0.0,no_parameters_selected,8770.0,0.4310547924667279,3.111750602722168,0.13858407735824585,1.0,1.0,1.0,True,True,100% pooled train cache plus 100% forgotten train online,0.2836896553754482,3.5252324037184595,5309.0,True,1506.0,96362.0,,,,,,,,,,,,,,,,,,,,,,,,,,,,,,,
numerical_feature_transformer,2026,NF-UNSW-NB15,ssd_canonical@alpha=1,ssd_canonical,"canonical SSD (Foster et al., AAAI 2024)",,,,1.023786745689777,0.4226831793785095,False,False,1.0,1.0,437.0,0.049828962371721776,437.0,weights_changed,8770.0,0.4310547924667279,3.111750602722168,0.13858407735824585,0.3213624954223633,0.7342994809150696,0.9954837560653687,False,False,100% pooled train cache plus 100% forgotten train online,0.2836896553754482,3.5252324037184595,5309.0,False,1506.0,96362.0,,,,,,,,,,,,,,,,,,,,,,,,,,,,,,,
numerical_feature_transformer,2026,NF-UNSW-NB15,ssd_canonical@alpha=2,ssd_canonical,"canonical SSD (Foster et al., AAAI 2024)",,,,0.49766508656804,0.17302417755126953,False,False,2.0,1.0,65.0,0.007411630558722919,65.0,weights_changed,8770.0,0.4310547924667279,3.111750602722168,0.13858407735824585,0.3213624954223633,0.42483216524124146,0.49620863795280457,False,False,100% pooled train cache plus 100% forgotten train online,0.2836896553754482,3.5252324037184595,5309.0,False,1506.0,96362.0,,,,,,,,,,,,,,,,,,,,,,,,,,,,,,,
numerical_feature_transformer,2026,NF-UNSW-NB15,ssd_canonical@alpha=3,ssd_canonical,"canonical SSD (Foster et al., AAAI 2024)",,,,0.028865937970867693,0.02477996051311493,False,False,3.0,1.0,2.0,0.00022805017103762827,2.0,weights_changed,8770.0,0.4310547924667279,3.111750602722168,0.13858407735824585,0.3213624954223633,0.3213624954223633,0.33001014590263367,False,False,100% pooled train cache plus 100% forgotten train online,0.2836896553754482,3.5252324037184595,5309.0,False,1506.0,96362.0,,,,,,,,,,,,,,,,,,,,,,,,,,,,,,,
numerical_feature_transformer,2026,NF-UNSW-NB15,ssd_canonical@alpha=5,ssd_canonical,"canonical SSD (Foster et al., AAAI 2024)",,,,0.0,0.0,True,True,5.0,1.0,0.0,0.0,0.0,no_parameters_selected,8770.0,0.4310547924667279,3.111750602722168,0.13858407735824585,1.0,1.0,1.0,False,False,100% pooled train cache plus 100% forgotten train online,0.2836896553754482,3.5252324037184595,5309.0,True,1506.0,96362.0,,,,,,,,,,,,,,,,,,,,,,,,,,,,,,,
numerical_feature_transformer,2026,NF-UNSW-NB15,dc_ssd_no_contrast,dc_ssd_no_contrast,DC-SSD ablation: class-balanced Fisher without retained-only contrast,,,,0.6904087422618747,0.1776706576347351,False,False,2.0,1.0,108.0,0.012314709236031927,108.0,weights_changed,8770.0,0.2906559008010391,3.8278777599334717,0.07951869070529938,0.2612413763999939,0.3925803601741791,0.49927788972854614,,,,,,,False,,,True,False,4.0,equal 0.5/0.5,class-conditional mean squared batch-mean CE gradient,equal across reference domains,all domains including forgotten,mean,0.0,0.0,The shared bank is kept only to benchmark independent deletion scenarios; a deployment must purge the forgotten domain entry.,,,,,,,,,,,,,,,,,,,,
numerical_feature_transformer,2026,NF-UNSW-NB15,dc_ssd_no_class_balance,dc_ssd_no_class_balance,DC-SSD ablation: retained-domain contrast without class balancing,,,,0.6727077629097803,0.21043160557746887,False,False,2.0,1.0,80.0,0.009122006841505131,80.0,weights_changed,8770.0,0.29904780355776617,23.96363067626953,0.039813779294490814,0.04172990471124649,0.30840981006622314,0.4987741708755493,,,,,,,False,,,False,True,,empirical training fractions within domain,class-conditional mean squared batch-mean CE gradient,equal across reference domains,retained only,mean,0.0,0.0,The shared bank is kept only to benchmark independent deletion scenarios; a deployment must purge the forgotten domain entry.,,,,,,,,,,,,,,,,,,,,
numerical_feature_transformer,2026,NF-UNSW-NB15,dc_ssd,dc_ssd,proposed class-balanced domain-contrastive SSD,,,,1.0911924347299706,0.23689420521259308,False,False,2.0,1.0,177.0,0.020182440136830102,177.0,weights_changed,8770.0,0.2562988106719085,66.71786499023438,0.060848671942949295,0.0149884894490242,0.29910215735435486,0.4968721866607666,,,,,,,False,,,True,True,,equal 0.5/0.5,class-conditional mean squared batch-mean CE gradient,equal across reference domains,retained only,mean,0.0,0.0,The shared bank is kept only to benchmark independent deletion scenarios; a deployment must purge the forgotten domain entry.,,,,,,,,,,,,,,,,,,,,
numerical_feature_transformer,2026,NF-UNSW-NB15,scrub_r,scrub_r,"SCRUB+R (Kurmanji et al., NeurIPS 2023)",,,,139.36021339348022,96.31743621826172,False,False,,,,,,,,,,,,,,,,,,,,,,,,,,,,,,,,,,True,2.0,3.0,3.0,0.06808104886769964,0.07985512961540857,4.0,0.001,0.99,sgd,0.0005,True,True,NetFlow short-run adaptation; not exact image-experiment reproduction,0.0005,0.9,32.0,128.0,False,"forgotten-domain validation split, never test"
numerical_feature_transformer,2026,NF-UNSW-NB15,scrub_r@lr=0.001,scrub_r,"SCRUB+R (Kurmanji et al., NeurIPS 2023)",,,,270.6583318190446,186.3728485107422,False,False,,,,,,,,,,,,,,,,,,,,,,,,,,,,,,,,,,True,2.0,3.0,3.0,0.0936352800953516,0.09547331935825325,4.0,0.001,0.99,sgd,0.001,False,False,NetFlow short-run adaptation; not exact image-experiment reproduction,0.0005,0.9,32.0,128.0,False,"forgotten-domain validation split, never test"
numerical_feature_transformer,2026,NF-ToN-IoT,rollback_repair,rollback_repair,amnesiac update subtraction plus custom retained repair,1.0,2.0,0.25,38.84664957881614,4.601662635803223,False,False,,,,,,,,,,,,,,,,,,,,,,,,,,,,,,,,,,,,,,,,,,,,,,,,,,,,,
numerical_feature_transformer,2026,NF-ToN-IoT,ssd_canonical,ssd_canonical,"canonical SSD (Foster et al., AAAI 2024)",,,,0.0,0.0,True,True,10.0,1.0,0.0,0.0,0.0,no_parameters_selected,8770.0,0.904875001492921,8.988184928894043,3.7944767475128174,1.0,1.0,1.0,True,True,100% pooled train cache plus 100% forgotten train online,0.10845693223502535,9.21701388888889,5309.0,True,576.0,36840.0,,,,,,,,,,,,,,,,,,,,,,,,,,,,,,,
numerical_feature_transformer,2026,NF-ToN-IoT,ssd_canonical@alpha=1,ssd_canonical,"canonical SSD (Foster et al., AAAI 2024)",,,,11.986249881833901,0.957282543182373,False,False,1.0,1.0,8434.0,0.9616875712656785,8434.0,weights_changed,8770.0,0.904875001492921,8.988184928894043,3.7944767475128174,0.1112571656703949,0.25740036368370056,0.9999380707740784,False,False,100% pooled train cache plus 100% forgotten train online,0.10845693223502535,9.21701388888889,5309.0,False,576.0,36840.0,,,,,,,,,,,,,,,,,,,,,,,,,,,,,,,
numerical_feature_transformer,2026,NF-ToN-IoT,ssd_canonical@alpha=2,ssd_canonical,"canonical SSD (Foster et al., AAAI 2024)",,,,11.82286666190671,0.957282543182373,False,False,2.0,1.0,7414.0,0.845381984036488,7414.0,weights_changed,8770.0,0.904875001492921,8.988184928894043,3.7944767475128174,0.1112571656703949,0.23977060616016388,0.49996018409729004,False,False,100% pooled train cache plus 100% forgotten train online,0.10845693223502535,9.21701388888889,5309.0,False,576.0,36840.0,,,,,,,,,,,,,,,,,,,,,,,,,,,,,,,
numerical_feature_transformer,2026,NF-ToN-IoT,ssd_canonical@alpha=3,ssd_canonical,"canonical SSD (Foster et al., AAAI 2024)",,,,11.086917074508198,0.957282543182373,False,False,3.0,1.0,5849.0,0.6669327251995439,5849.0,weights_changed,8770.0,0.904875001492921,8.988184928894043,3.7944767475128174,0.1112571656703949,0.21725894510746002,0.33317336440086365,False,False,100% pooled train cache plus 100% forgotten train online,0.10845693223502535,9.21701388888889,5309.0,False,576.0,36840.0,,,,,,,,,,,,,,,,,,,,,,,,,,,,,,,
numerical_feature_transformer,2026,NF-ToN-IoT,ssd_canonical@alpha=5,ssd_canonical,"canonical SSD (Foster et al., AAAI 2024)",,,,8.190424048048186,0.9400901794433594,False,False,5.0,1.0,2262.0,0.2579247434435576,2262.0,weights_changed,8770.0,0.904875001492921,8.988184928894043,3.7944767475128174,0.1112571656703949,0.17371471226215363,0.19999387860298157,False,False,100% pooled train cache plus 100% forgotten train online,0.10845693223502535,9.21701388888889,5309.0,False,576.0,36840.0,,,,,,,,,,,,,,,,,,,,,,,,,,,,,,,
numerical_feature_transformer,2026,NF-ToN-IoT,dc_ssd_no_contrast,dc_ssd_no_contrast,DC-SSD ablation: class-balanced Fisher without retained-only contrast,,,,5.625221120187402,0.7746553421020508,False,False,2.0,1.0,2240.0,0.2554161915621437,2240.0,weights_changed,8770.0,0.7084258766888557,3.9425060749053955,1.316282033920288,0.25364577770233154,0.39473214745521545,0.49968433380126953,,,,,,,False,,,True,False,4.0,equal 0.5/0.5,class-conditional mean squared batch-mean CE gradient,equal across reference domains,all domains including forgotten,mean,0.0,0.0,The shared bank is kept only to benchmark independent deletion scenarios; a deployment must purge the forgotten domain entry.,,,,,,,,,,,,,,,,,,,,
numerical_feature_transformer,2026,NF-ToN-IoT,dc_ssd_no_class_balance,dc_ssd_no_class_balance,DC-SSD ablation: retained-domain contrast without class balancing,,,,14.732156230432173,1.2402774095535278,False,False,2.0,1.0,8045.0,0.9173318129988598,8045.0,weights_changed,8770.0,0.6150330080751323,1127.4515380859375,13.34315299987793,0.0008869560551829636,0.06385406851768494,0.49869099259376526,,,,,,,False,,,False,True,,empirical training fractions within domain,class-conditional mean squared batch-mean CE gradient,equal across reference domains,retained only,mean,0.0,0.0,The shared bank is kept only to benchmark independent deletion scenarios; a deployment must purge the forgotten domain entry.,,,,,,,,,,,,,,,,,,,,
numerical_feature_transformer,2026,NF-ToN-IoT,dc_ssd,dc_ssd,proposed class-balanced domain-contrastive SSD,,,,8.376952650603506,1.0328737497329712,False,False,2.0,1.0,3433.0,0.39144811858608897,3433.0,weights_changed,8770.0,0.5427312958958833,205.7186279296875,1.4714088439941406,0.004861008375883102,0.26788094639778137,0.49996840953826904,,,,,,,False,,,True,True,,equal 0.5/0.5,class-conditional mean squared batch-mean CE gradient,equal across reference domains,retained only,mean,0.0,0.0,The shared bank is kept only to benchmark independent deletion scenarios; a deployment must purge the forgotten domain entry.,,,,,,,,,,,,,,,,,,,,
numerical_feature_transformer,2026,NF-ToN-IoT,scrub_r,scrub_r,"SCRUB+R (Kurmanji et al., NeurIPS 2023)",,,,50.97727559534409,30.72650909423828,False,False,,,,,,,,,,,,,,,,,,,,,,,,,,,,,,,,,,True,2.0,3.0,3.0,0.13118839922963635,0.269028230184582,4.0,0.001,0.99,sgd,0.0005,True,True,NetFlow short-run adaptation; not exact image-experiment reproduction,0.0005,0.9,32.0,128.0,False,"forgotten-domain validation split, never test"
numerical_feature_transformer,2026,NF-ToN-IoT,scrub_r@lr=0.001,scrub_r,"SCRUB+R (Kurmanji et al., NeurIPS 2023)",,,,51.81853191053755,34.21147537231445,False,False,,,,,,,,,,,,,,,,,,,,,,,,,,,,,,,,,,True,2.0,3.0,1.0,0.10875722215928402,0.2807817589576547,4.0,0.001,0.99,sgd,0.001,False,False,NetFlow short-run adaptation; not exact image-experiment reproduction,0.0005,0.9,32.0,128.0,False,"forgotten-domain validation split, never test"
numerical_feature_transformer,2026,NF-BoT-IoT,rollback_repair,rollback_repair,amnesiac update subtraction plus custom retained repair,1.0,2.0,0.25,23.813234842280913,3.3083760738372803,False,False,,,,,,,,,,,,,,,,,,,,,,,,,,,,,,,,,,,,,,,,,,,,,,,,,,,,,
numerical_feature_transformer,2026,NF-BoT-IoT,ssd_canonical,ssd_canonical,"canonical SSD (Foster et al., AAAI 2024)",,,,0.0,0.0,True,True,10.0,1.0,0.0,0.0,0.0,no_parameters_selected,8770.0,0.7613856549026432,2.419111728668213,0.12086606025695801,1.0,1.0,1.0,True,True,100% pooled train cache plus 100% forgotten train online,0.29503877247007426,3.3901660280970627,5309.0,True,1566.0,100217.0,,,,,,,,,,,,,,,,,,,,,,,,,,,,,,,
numerical_feature_transformer,2026,NF-BoT-IoT,ssd_canonical@alpha=1,ssd_canonical,"canonical SSD (Foster et al., AAAI 2024)",,,,0.14159072758665228,0.09787717461585999,False,False,1.0,1.0,37.0,0.004218928164196123,37.0,weights_changed,8770.0,0.7613856549026432,2.419111728668213,0.12086606025695801,0.4133748710155487,0.8238526582717896,0.9980297088623047,False,False,100% pooled train cache plus 100% forgotten train online,0.29503877247007426,3.3901660280970627,5309.0,False,1566.0,100217.0,,,,,,,,,,,,,,,,,,,,,,,,,,,,,,,
numerical_feature_transformer,2026,NF-BoT-IoT,ssd_canonical@alpha=2,ssd_canonical,"canonical SSD (Foster et al., AAAI 2024)",,,,0.013300818252091886,0.013257177546620369,False,False,2.0,1.0,2.0,0.00022805017103762827,2.0,weights_changed,8770.0,0.7613856549026432,2.419111728668213,0.12086606025695801,0.4133748710155487,0.4133748710155487,0.47664737701416016,False,False,100% pooled train cache plus 100% forgotten train online,0.29503877247007426,3.3901660280970627,5309.0,False,1566.0,100217.0,,,,,,,,,,,,,,,,,,,,,,,,,,,,,,,
numerical_feature_transformer,2026,NF-BoT-IoT,ssd_canonical@alpha=3,ssd_canonical,"canonical SSD (Foster et al., AAAI 2024)",,,,0.0,0.0,True,True,3.0,1.0,0.0,0.0,0.0,no_parameters_selected,8770.0,0.7613856549026432,2.419111728668213,0.12086606025695801,1.0,1.0,1.0,False,False,100% pooled train cache plus 100% forgotten train online,0.29503877247007426,3.3901660280970627,5309.0,False,1566.0,100217.0,,,,,,,,,,,,,,,,,,,,,,,,,,,,,,,
numerical_feature_transformer,2026,NF-BoT-IoT,ssd_canonical@alpha=5,ssd_canonical,"canonical SSD (Foster et al., AAAI 2024)",,,,0.0,0.0,True,True,5.0,1.0,0.0,0.0,0.0,no_parameters_selected,8770.0,0.7613856549026432,2.419111728668213,0.12086606025695801,1.0,1.0,1.0,False,False,100% pooled train cache plus 100% forgotten train online,0.29503877247007426,3.3901660280970627,5309.0,True,1566.0,100217.0,,,,,,,,,,,,,,,,,,,,,,,,,,,,,,,
numerical_feature_transformer,2026,NF-BoT-IoT,dc_ssd_no_contrast,dc_ssd_no_contrast,DC-SSD ablation: class-balanced Fisher without retained-only contrast,,,,6.906950126141667,0.884903073310852,False,False,2.0,1.0,3751.0,0.42770809578107183,3751.0,weights_changed,8770.0,0.9660074638259507,3.996732473373413,1.7820497751235962,0.2502043843269348,0.3716467618942261,0.4998909831047058,,,,,,,False,,,True,False,4.0,equal 0.5/0.5,class-conditional mean squared batch-mean CE gradient,equal across reference domains,all domains including forgotten,mean,0.0,0.0,The shared bank is kept only to benchmark independent deletion scenarios; a deployment must purge the forgotten domain entry.,,,,,,,,,,,,,,,,,,,,
numerical_feature_transformer,2026,NF-BoT-IoT,dc_ssd_no_class_balance,dc_ssd_no_class_balance,DC-SSD ablation: retained-domain contrast without class balancing,,,,0.21971950241922325,0.185731902718544,False,False,2.0,1.0,20.0,0.002280501710376283,20.0,weights_changed,8770.0,0.6966678041957898,17.852825164794922,0.03269697353243828,0.05601354315876961,0.2611915171146393,0.49631649255752563,,,,,,,False,,,False,True,,empirical training fractions within domain,class-conditional mean squared batch-mean CE gradient,equal across reference domains,retained only,mean,0.0,0.0,The shared bank is kept only to benchmark independent deletion scenarios; a deployment must purge the forgotten domain entry.,,,,,,,,,,,,,,,,,,,,
numerical_feature_transformer,2026,NF-BoT-IoT,dc_ssd,dc_ssd,proposed class-balanced domain-contrastive SSD,,,,9.820928512005867,1.1798707246780396,False,False,2.0,1.0,4948.0,0.5641961231470923,4948.0,weights_changed,8770.0,0.5130769147067283,3669.633544921875,2.410400867462158,0.0002725067606661469,0.21033263206481934,0.4995868504047394,,,,,,,False,,,True,True,,equal 0.5/0.5,class-conditional mean squared batch-mean CE gradient,equal across reference domains,retained only,mean,0.0,0.0,The shared bank is kept only to benchmark independent deletion scenarios; a deployment must purge the forgotten domain entry.,,,,,,,,,,,,,,,,,,,,
numerical_feature_transformer,2026,NF-BoT-IoT,scrub_r,scrub_r,"SCRUB+R (Kurmanji et al., NeurIPS 2023)",,,,145.64000107768499,100.95671081542969,False,False,,,,,,,,,,,,,,,,,,,,,,,,,,,,,,,,,,True,2.0,3.0,3.0,0.9461279461279462,0.9053254437869822,4.0,0.001,0.99,sgd,0.0005,True,True,NetFlow short-run adaptation; not exact image-experiment reproduction,0.0005,0.9,32.0,128.0,False,"forgotten-domain validation split, never test"
numerical_feature_transformer,2026,NF-BoT-IoT,scrub_r@lr=0.001,scrub_r,"SCRUB+R (Kurmanji et al., NeurIPS 2023)",,,,149.3867135632458,103.53252410888672,False,False,,,,,,,,,,,,,,,,,,,,,,,,,,,,,,,,,,True,2.0,3.0,1.0,0.9914141414141414,0.9951904367522476,4.0,0.001,0.99,sgd,0.001,False,False,NetFlow short-run adaptation; not exact image-experiment reproduction,0.0005,0.9,32.0,128.0,False,"forgotten-domain validation split, never test"
numerical_feature_transformer,2026,NF-CSE-CIC-IDS2018,rollback_repair,rollback_repair,amnesiac update subtraction plus custom retained repair,1.0,2.0,0.25,64.490183900224,6.490898132324219,False,False,,,,,,,,,,,,,,,,,,,,,,,,,,,,,,,,,,,,,,,,,,,,,,,,,,,,,
numerical_feature_transformer,2026,NF-CSE-CIC-IDS2018,ssd_canonical,ssd_canonical,"canonical SSD (Foster et al., AAAI 2024)",,,,0.0,0.0,True,True,10.0,1.0,0.0,0.0,0.0,no_parameters_selected,8770.0,0.8726348031049099,3.1752467155456543,1.4307537078857422,1.0,1.0,1.0,True,True,100% pooled train cache plus 100% forgotten train online,0.3128146399194522,3.19626730885009,5309.0,True,1661.0,106255.0,,,,,,,,,,,,,,,,,,,,,,,,,,,,,,,
numerical_feature_transformer,2026,NF-CSE-CIC-IDS2018,ssd_canonical@alpha=1,ssd_canonical,"canonical SSD (Foster et al., AAAI 2024)",,,,5.748054709959267,0.7342479825019836,False,False,1.0,1.0,6397.0,0.729418472063854,6397.0,weights_changed,8770.0,0.8726348031049099,3.1752467155456543,1.4307537078857422,0.31493616104125977,0.584214985370636,0.9998056292533875,False,False,100% pooled train cache plus 100% forgotten train online,0.3128146399194522,3.19626730885009,5309.0,False,1661.0,106255.0,,,,,,,,,,,,,,,,,,,,,,,,,,,,,,,
numerical_feature_transformer,2026,NF-CSE-CIC-IDS2018,ssd_canonical@alpha=2,ssd_canonical,"canonical SSD (Foster et al., AAAI 2024)",,,,4.446513932375385,0.7342479825019836,False,False,2.0,1.0,2062.0,0.23511972633979475,2062.0,weights_changed,8770.0,0.8726348031049099,3.1752467155456543,1.4307537078857422,0.31493616104125977,0.42815130949020386,0.49997520446777344,False,False,100% pooled train cache plus 100% forgotten train online,0.3128146399194522,3.19626730885009,5309.0,False,1661.0,106255.0,,,,,,,,,,,,,,,,,,,,,,,,,,,,,,,
numerical_feature_transformer,2026,NF-CSE-CIC-IDS2018,ssd_canonical@alpha=3,ssd_canonical,"canonical SSD (Foster et al., AAAI 2024)",,,,0.5860106136482555,0.19532909989356995,False,False,3.0,1.0,45.0,0.005131128848346636,45.0,weights_changed,8770.0,0.8726348031049099,3.1752467155456543,1.4307537078857422,0.31493616104125977,0.3251619338989258,0.33304986357688904,False,False,100% pooled train cache plus 100% forgotten train online,0.3128146399194522,3.19626730885009,5309.0,False,1661.0,106255.0,,,,,,,,,,,,,,,,,,,,,,,,,,,,,,,
numerical_feature_transformer,2026,NF-CSE-CIC-IDS2018,ssd_canonical@alpha=5,ssd_canonical,"canonical SSD (Foster et al., AAAI 2024)",,,,0.0,0.0,True,True,5.0,1.0,0.0,0.0,0.0,no_parameters_selected,8770.0,0.8726348031049099,3.1752467155456543,1.4307537078857422,1.0,1.0,1.0,False,False,100% pooled train cache plus 100% forgotten train online,0.3128146399194522,3.19626730885009,5309.0,True,1661.0,106255.0,,,,,,,,,,,,,,,,,,,,,,,,,,,,,,,
numerical_feature_transformer,2026,NF-CSE-CIC-IDS2018,dc_ssd_no_contrast,dc_ssd_no_contrast,DC-SSD ablation: class-balanced Fisher without retained-only contrast,,,,2.3042607296416526,0.8243352174758911,False,False,2.0,1.0,422.0,0.04811858608893957,422.0,weights_changed,8770.0,0.39325170529286235,3.7814950942993164,0.3153652846813202,0.2644456624984741,0.4043242931365967,0.4992837905883789,,,,,,,False,,,True,False,4.0,equal 0.5/0.5,class-conditional mean squared batch-mean CE gradient,equal across reference domains,all domains including forgotten,mean,0.0,0.0,The shared bank is kept only to benchmark independent deletion scenarios; a deployment must purge the forgotten domain entry.,,,,,,,,,,,,,,,,,,,,
numerical_feature_transformer,2026,NF-CSE-CIC-IDS2018,dc_ssd_no_class_balance,dc_ssd_no_class_balance,DC-SSD ablation: retained-domain contrast without class balancing,,,,4.538469412473837,1.0942633152008057,False,False,2.0,1.0,1185.0,0.13511972633979474,1185.0,weights_changed,8770.0,0.5592315655626725,167.20974731445312,0.4096662402153015,0.005980512592941523,0.2841324508190155,0.49990782141685486,,,,,,,False,,,False,True,,empirical training fractions within domain,class-conditional mean squared batch-mean CE gradient,equal across reference domains,retained only,mean,0.0,0.0,The shared bank is kept only to benchmark independent deletion scenarios; a deployment must purge the forgotten domain entry.,,,,,,,,,,,,,,,,,,,,
numerical_feature_transformer,2026,NF-CSE-CIC-IDS2018,dc_ssd,dc_ssd,proposed class-balanced domain-contrastive SSD,,,,3.638855626629321,1.0991135835647583,False,False,2.0,1.0,737.0,0.08403648802736602,737.0,weights_changed,8770.0,0.3338596803356322,51.91871643066406,0.2567678689956665,0.01926087588071823,0.3032691478729248,0.4989820718765259,,,,,,,False,,,True,True,,equal 0.5/0.5,class-conditional mean squared batch-mean CE gradient,equal across reference domains,retained only,mean,0.0,0.0,The shared bank is kept only to benchmark independent deletion scenarios; a deployment must purge the forgotten domain entry.,,,,,,,,,,,,,,,,,,,,
numerical_feature_transformer,2026,NF-CSE-CIC-IDS2018,scrub_r,scrub_r,"SCRUB+R (Kurmanji et al., NeurIPS 2023)",,,,156.16604581318418,108.15038299560547,False,False,,,,,,,,,,,,,,,,,,,,,,,,,,,,,,,,,,True,2.0,3.0,3.0,0.48787891743982215,0.8015999247094254,4.0,0.001,0.99,sgd,0.0005,True,True,NetFlow short-run adaptation; not exact image-experiment reproduction,0.0005,0.9,32.0,128.0,False,"forgotten-domain validation split, never test"
numerical_feature_transformer,2026,NF-CSE-CIC-IDS2018,scrub_r@lr=0.001,scrub_r,"SCRUB+R (Kurmanji et al., NeurIPS 2023)",,,,311.3305539143995,216.1736602783203,False,False,,,,,,,,,,,,,,,,,,,,,,,,,,,,,,,,,,True,2.0,3.0,3.0,0.4446107144384112,0.6857183191379229,4.0,0.001,0.99,sgd,0.001,False,False,NetFlow short-run adaptation; not exact image-experiment reproduction,0.0005,0.9,32.0,128.0,False,"forgotten-domain validation split, never test"
