architecture,seed,forgotten_domain,method,device,parameter_count,checkpoint_bytes,original_training_optimizer_steps,original_training_samples_seen,online_optimizer_steps,online_gradient_sample_exposures,online_unique_forget_samples,online_unique_retain_samples,online_selection_inference_samples,online_temporary_storage_bytes,online_seconds,online_optimization_seconds,full_retraining_optimizer_steps,full_retraining_samples_seen,full_retraining_optimization_seconds,full_retraining_validation_seconds,offline_preparation_seconds,offline_preparation_samples,offline_preparation_batches,offline_preparation_storage_bytes,offline_preparation_kind,offline_preparation_wall_seconds,offline_preparation_rss_start_bytes,offline_preparation_rss_peak_bytes,offline_preparation_rss_peak_increment_bytes,offline_preparation_accelerator_start_bytes,offline_preparation_accelerator_peak_bytes,offline_preparation_accelerator_peak_increment_bytes,offline_preparation_accelerator_memory_status,original_training_wall_seconds,original_training_rss_start_bytes,original_training_rss_peak_bytes,original_training_rss_peak_increment_bytes,original_training_accelerator_start_bytes,original_training_accelerator_peak_bytes,original_training_accelerator_peak_increment_bytes,original_training_accelerator_memory_status,online_unlearning_wall_seconds,online_unlearning_rss_start_bytes,online_unlearning_rss_peak_bytes,online_unlearning_rss_peak_increment_bytes,online_unlearning_accelerator_start_bytes,online_unlearning_accelerator_peak_bytes,online_unlearning_accelerator_peak_increment_bytes,online_unlearning_accelerator_memory_status,full_retraining_wall_seconds,full_retraining_rss_start_bytes,full_retraining_rss_peak_bytes,full_retraining_rss_peak_increment_bytes,full_retraining_accelerator_start_bytes,full_retraining_accelerator_peak_bytes,full_retraining_accelerator_peak_increment_bytes,full_retraining_accelerator_memory_status,online_speedup_vs_retraining_optimization,monitor_scope_speedup_vs_retraining,gradient_exposure_reduction_fraction
mlp,42,NF-UNSW-NB15,rollback_repair,cuda,16994,67976,26580,6793480,476,121656,0,106495,0,271904,1.6870845010000721,1.685080839999955,19040,4866240,68.77720737799928,0.15802759000007427,,0,0,271904,domain update trace; incremental tracing time not separately measured,,,,,,,,not_measured,112.73868298399998,1549598720,1829146624,279547904,0,19344896,19344896,measured,1.7200383480001165,1920495616,1928888320,8392704,18087936,18989568,901632,measured,68.94043096299993,2188079104,2188095488,16384,18087936,18991616,903680,measured,40.76690132428425,40.08075229436411,0.975
mlp,42,NF-UNSW-NB15,ssd_canonical,cuda,16994,67976,26580,6793480,0,96362,96362,0,0,67976,3.12201043999994,0.0,19040,4866240,68.77720737799928,0.15802759000007427,10.527136286000086,339674,5309,67976,full-training Fisher cache,10.52980487700006,1831391232.0,1919426560.0,88035328.0,18087936.0,18436608.0,348672.0,measured,112.73868298399998,1549598720,1829146624,279547904,0,19344896,19344896,measured,3.1243936260000282,1929277440,1949847552,20570112,18087936,18454528,366592,measured,68.94043096299993,2188079104,2188095488,16384,18087936,18991616,903680,measured,22.029781353966452,22.065219436278323,0.9801978529624515
mlp,42,NF-UNSW-NB15,ssd_canonical@alpha=1,cuda,16994,67976,26580,6793480,0,96362,96362,0,0,67976,3.3343558230001236,0.0,19040,4866240,68.77720737799928,0.15802759000007427,10.527136286000086,339674,5309,67976,full-training Fisher cache,10.52980487700006,1831391232.0,1919426560.0,88035328.0,18087936.0,18436608.0,348672.0,measured,112.73868298399998,1549598720,1829146624,279547904,0,19344896,19344896,measured,3.336892028999955,1949847552,2135351296,185503744,18087936,18454528,366592,measured,68.94043096299993,2188079104,2188095488,16384,18087936,18991616,903680,measured,20.626834995707274,20.660072415846468,0.9801978529624515
mlp,42,NF-UNSW-NB15,ssd_canonical@alpha=2,cuda,16994,67976,26580,6793480,0,96362,96362,0,0,67976,3.114757979999922,0.0,19040,4866240,68.77720737799928,0.15802759000007427,10.527136286000086,339674,5309,67976,full-training Fisher cache,10.52980487700006,1831391232.0,1919426560.0,88035328.0,18087936.0,18436608.0,348672.0,measured,112.73868298399998,1549598720,1829146624,279547904,0,19344896,19344896,measured,3.1172422110000753,2135351296,2135990272,638976,18087936,18454528,366592,measured,68.94043096299993,2188079104,2188095488,16384,18087936,18991616,903680,measured,22.08107590368899,22.115840315431385,0.9801978529624515
mlp,42,NF-UNSW-NB15,ssd_canonical@alpha=3,cuda,16994,67976,26580,6793480,0,96362,96362,0,0,67976,3.113408791000211,0.0,19040,4866240,68.77720737799928,0.15802759000007427,10.527136286000086,339674,5309,67976,full-training Fisher cache,10.52980487700006,1831391232.0,1919426560.0,88035328.0,18087936.0,18436608.0,348672.0,measured,112.73868298399998,1549598720,1829146624,279547904,0,19344896,19344896,measured,3.115865589000123,2135986176,2135990272,4096,18087936,18454528,366592,measured,68.94043096299993,2188079104,2188095488,16384,18087936,18991616,903680,measured,22.090644690414706,22.125611324948974,0.9801978529624515
mlp,42,NF-UNSW-NB15,ssd_canonical@alpha=5,cuda,16994,67976,26580,6793480,0,96362,96362,0,0,67976,3.0300614319999113,0.0,19040,4866240,68.77720737799928,0.15802759000007427,10.527136286000086,339674,5309,67976,full-training Fisher cache,10.52980487700006,1831391232.0,1919426560.0,88035328.0,18087936.0,18436608.0,348672.0,measured,112.73868298399998,1549598720,1829146624,279547904,0,19344896,19344896,measured,3.0323750239999754,2135986176,2135990272,4096,18087936,18454528,366592,measured,68.94043096299993,2188079104,2188095488,16384,18087936,18991616,903680,measured,22.69828811114391,22.73479712019963,0.9801978529624515
mlp,42,NF-UNSW-NB15,dc_ssd_no_contrast,cuda,16994,67976,26580,6793480,0,0,0,0,0,271904,0.021003810999900452,0.0,19040,4866240,68.77720737799928,0.15802759000007427,10.588147320999951,339674,5310,271904,class-balanced per-domain Fisher bank,10.588261701999954,1919496192.0,1920442368.0,946176.0,18087936.0,18436608.0,348672.0,measured,112.73868298399998,1549598720,1829146624,279547904,0,19344896,19344896,measured,0.023368553999944197,2135986176,2136461312,475136,18087936,18454528,366592,measured,68.94043096299993,2188079104,2188095488,16384,18087936,18991616,903680,measured,3274.5108674956773,2950.136793366186,1.0
mlp,42,NF-UNSW-NB15,dc_ssd_no_class_balance,cuda,16994,67976,26580,6793480,0,0,0,0,0,271904,0.018736334999857718,0.0,19040,4866240,68.77720737799928,0.15802759000007427,10.681567900000118,339674,5310,271904,empirical-weighted class-conditional per-domain Fisher bank,10.681682185,1920438272.0,1920499712.0,61440.0,18087936.0,18436608.0,348672.0,measured,112.73868298399998,1549598720,1829146624,279547904,0,19344896,19344896,measured,0.0212327340000229,2136457216,2136461312,4096,18087936,18454528,366592,measured,68.94043096299993,2188079104,2188095488,16384,18087936,18991616,903680,measured,3670.7930007934615,3246.8937331822444,1.0
mlp,42,NF-UNSW-NB15,dc_ssd,cuda,16994,67976,26580,6793480,0,0,0,0,0,271904,0.01966718900007436,0.0,19040,4866240,68.77720737799928,0.15802759000007427,10.588147320999951,339674,5310,271904,class-balanced per-domain Fisher bank,10.588261701999954,1919496192.0,1920442368.0,946176.0,18087936.0,18436608.0,348672.0,measured,112.73868298399998,1549598720,1829146624,279547904,0,19344896,19344896,measured,0.02197265800009518,2136457216,2136461312,4096,18087936,18454528,366592,measured,68.94043096299993,2188079104,2188095488,16384,18087936,18991616,903680,measured,3497.053258487486,3137.5553637025296,1.0
mlp,42,NF-UNSW-NB15,scrub_r,cuda,16994,67976,26580,6793480,11730,922660,96362,243312,310061,271904,54.44030530200007,54.0801940570002,19040,4866240,68.77720737799928,0.15802759000007427,0.0,0,0,0,none,,,,,,,,not_measured,112.73868298399998,1549598720,1829146624,279547904,0,19344896,19344896,measured,54.446405508,2136457216,2188079104,51621888,18087936,19027968,940032,measured,68.94043096299993,2188079104,2188095488,16384,18087936,18991616,903680,measured,1.2633508757246532,1.2662072054117561,0.810395705924903
mlp,42,NF-UNSW-NB15,scrub_r@lr=0.001,cuda,16994,67976,26580,6793480,11730,922660,96362,243312,310061,271904,54.52086545899988,54.16309251100006,19040,4866240,68.77720737799928,0.15802759000007427,0.0,0,0,0,none,,,,,,,,not_measured,112.73868298399998,1549598720,1829146624,279547904,0,19344896,19344896,measured,54.5265034749998,2188079104,2188083200,4096,18087936,19027968,940032,measured,68.94043096299993,2188079104,2188095488,16384,18087936,18991616,903680,measured,1.2614841455464474,1.2643471810843117,0.810395705924903
mlp,42,NF-ToN-IoT,rollback_repair,cuda,16994,67976,26580,6793480,594,151418,0,132702,0,271904,2.175591913999824,2.173445539999875,23700,6056680,87.41104161499993,0.18451953799990406,,0,0,271904,domain update trace; incremental tracing time not separately measured,,,,,,,,not_measured,112.73868298399998,1549598720,1829146624,279547904,0,19344896,19344896,measured,2.215183711999998,2313732096,2316148736,2416640,18087936,18989568,901632,measured,87.60079506800002,2315448320,2315464704,16384,18087936,18991616,903680,measured,40.178050420446176,39.54561176730072,0.9749998348930438
mlp,42,NF-ToN-IoT,ssd_canonical,cuda,16994,67976,26580,6793480,0,36840,36840,0,0,67976,1.2090616190000674,0.0,23700,6056680,87.41104161499993,0.18451953799990406,10.527136286000086,339674,5309,67976,full-training Fisher cache,10.52980487700006,1831391232.0,1919426560.0,88035328.0,18087936.0,18436608.0,348672.0,measured,112.73868298399998,1549598720,1829146624,279547904,0,19344896,19344896,measured,1.2115589580000687,2315321344,2315325440,4096,18087936,18454528,366592,measured,87.60079506800002,2315448320,2315464704,16384,18087936,18991616,903680,measured,72.29659782542072,72.30419492964953,0.9939174597304133
mlp,42,NF-ToN-IoT,ssd_canonical@alpha=1,cuda,16994,67976,26580,6793480,0,36840,36840,0,0,67976,1.2394911579999643,0.0,23700,6056680,87.41104161499993,0.18451953799990406,10.527136286000086,339674,5309,67976,full-training Fisher cache,10.52980487700006,1831391232.0,1919426560.0,88035328.0,18087936.0,18436608.0,348672.0,measured,112.73868298399998,1549598720,1829146624,279547904,0,19344896,19344896,measured,1.2420054159999836,2315321344,2315440128,118784,18087936,18728960,641024,measured,87.60079506800002,2315448320,2315464704,16384,18087936,18991616,903680,measured,70.52171453650857,70.53173354922083,0.9939174597304133
mlp,42,NF-ToN-IoT,ssd_canonical@alpha=2,cuda,16994,67976,26580,6793480,0,36840,36840,0,0,67976,1.238933422999935,0.0,23700,6056680,87.41104161499993,0.18451953799990406,10.527136286000086,339674,5309,67976,full-training Fisher cache,10.52980487700006,1831391232.0,1919426560.0,88035328.0,18087936.0,18436608.0,348672.0,measured,112.73868298399998,1549598720,1829146624,279547904,0,19344896,19344896,measured,1.2414143070000137,2315436032,2315444224,8192,18087936,18704896,616960,measured,87.60079506800002,2315448320,2315464704,16384,18087936,18991616,903680,measured,70.55346154383675,70.56531777831287,0.9939174597304133
mlp,42,NF-ToN-IoT,ssd_canonical@alpha=3,cuda,16994,67976,26580,6793480,0,36840,36840,0,0,67976,1.2366051840001546,0.0,23700,6056680,87.41104161499993,0.18451953799990406,10.527136286000086,339674,5309,67976,full-training Fisher cache,10.52980487700006,1831391232.0,1919426560.0,88035328.0,18087936.0,18436608.0,348672.0,measured,112.73868298399998,1549598720,1829146624,279547904,0,19344896,19344896,measured,1.2390772700000525,2315440128,2315444224,4096,18087936,18668032,580096,measured,87.60079506800002,2315448320,2315464704,16384,18087936,18991616,903680,measured,70.68629724828082,70.69841178508287,0.9939174597304133
mlp,42,NF-ToN-IoT,ssd_canonical@alpha=5,cuda,16994,67976,26580,6793480,0,36840,36840,0,0,67976,1.2377504250000584,0.0,23700,6056680,87.41104161499993,0.18451953799990406,10.527136286000086,339674,5309,67976,full-training Fisher cache,10.52980487700006,1831391232.0,1919426560.0,88035328.0,18087936.0,18436608.0,348672.0,measured,112.73868298399998,1549598720,1829146624,279547904,0,19344896,19344896,measured,1.2402565649999815,2315440128,2315444224,4096,18087936,18541568,453632,measured,87.60079506800002,2315448320,2315464704,16384,18087936,18991616,903680,measured,70.62089404250926,70.63118836867542,0.9939174597304133
mlp,42,NF-ToN-IoT,dc_ssd_no_contrast,cuda,16994,67976,26580,6793480,0,0,0,0,0,271904,0.02665886199997658,0.0,23700,6056680,87.41104161499993,0.18451953799990406,10.588147320999951,339674,5310,271904,class-balanced per-domain Fisher bank,10.588261701999954,1919496192.0,1920442368.0,946176.0,18087936.0,18436608.0,348672.0,measured,112.73868298399998,1549598720,1829146624,279547904,0,19344896,19344896,measured,0.029188179999891872,2315440128,2315444224,4096,18087936,18514944,427008,measured,87.60079506800002,2315448320,2315464704,16384,18087936,18991616,903680,measured,3278.8737049269666,3001.2421147301593,1.0
mlp,42,NF-ToN-IoT,dc_ssd_no_class_balance,cuda,16994,67976,26580,6793480,0,0,0,0,0,271904,0.02604132699980255,0.0,23700,6056680,87.41104161499993,0.18451953799990406,10.681567900000118,339674,5310,271904,empirical-weighted class-conditional per-domain Fisher bank,10.681682185,1920438272.0,1920499712.0,61440.0,18087936.0,18436608.0,348672.0,measured,112.73868298399998,1549598720,1829146624,279547904,0,19344896,19344896,measured,0.028534903000036138,2315440128,2315444224,4096,18087936,18712064,624128,measured,87.60079506800002,2315448320,2315464704,16384,18087936,18991616,903680,measured,3356.627779208897,3069.9524392246603,1.0
mlp,42,NF-ToN-IoT,dc_ssd,cuda,16994,67976,26580,6793480,0,0,0,0,0,271904,0.025861690000056115,0.0,23700,6056680,87.41104161499993,0.18451953799990406,10.588147320999951,339674,5310,271904,class-balanced per-domain Fisher bank,10.588261701999954,1919496192.0,1920442368.0,946176.0,18087936.0,18436608.0,348672.0,measured,112.73868298399998,1549598720,1829146624,279547904,0,19344896,19344896,measured,0.028364751000026445,2315440128,2315444224,4096,18087936,18555392,467456,measured,87.60079506800002,2315448320,2315464704,16384,18087936,18991616,903680,measured,3379.9431365394244,3088.36820277105,1.0
mlp,42,NF-ToN-IoT,scrub_r,cuda,16994,67976,26580,6793480,9405,982182,36840,302834,119347,271904,45.05533120900009,44.91126112200027,23700,6056680,87.41104161499993,0.18451953799990406,0.0,0,0,0,none,,,,,,,,not_measured,112.73868298399998,1549598720,1829146624,279547904,0,19344896,19344896,measured,45.061244420000094,2315440128,2315444224,4096,18087936,19027968,940032,measured,87.60079506800002,2315448320,2315464704,16384,18087936,18991616,903680,measured,1.9400821005958786,1.9440385234704942,0.8378349194608268
mlp,42,NF-ToN-IoT,scrub_r@lr=0.001,cuda,16994,67976,26580,6793480,9405,982182,36840,302834,119347,271904,44.899870269000075,44.75670009400005,23700,6056680,87.41104161499993,0.18451953799990406,0.0,0,0,0,none,,,,,,,,not_measured,112.73868298399998,1549598720,1829146624,279547904,0,19344896,19344896,measured,44.90575890700006,2315440128,2315452416,12288,18087936,19027968,940032,measured,87.60079506800002,2315448320,2315464704,16384,18087936,18991616,903680,measured,1.9467994248382174,1.9507697275403248,0.8378349194608268
mlp,42,NF-BoT-IoT,rollback_repair,cuda,16994,67976,26580,6793480,470,119730,0,104839,0,271904,1.7087770279999859,1.7063222199999473,18740,4789140,69.46708877799983,0.13753100200028712,,0,0,271904,domain update trace; incremental tracing time not separately measured,,,,,,,,not_measured,112.73868298399998,1549598720,1829146624,279547904,0,19344896,19344896,measured,1.7432537190002222,2316496896,2317836288,1339392,18087936,18989568,901632,measured,69.61000471999978,2317848576,2317864960,16384,18087936,18991616,903680,measured,40.653103149043744,39.93108057725641,0.9749996867913655
mlp,42,NF-BoT-IoT,ssd_canonical,cuda,16994,67976,26580,6793480,0,100217,100217,0,0,67976,3.269098326999938,0.0,18740,4789140,69.46708877799983,0.13753100200028712,10.527136286000086,339674,5309,67976,full-training Fisher cache,10.52980487700006,1831391232.0,1919426560.0,88035328.0,18087936.0,18436608.0,348672.0,measured,112.73868298399998,1549598720,1829146624,279547904,0,19344896,19344896,measured,3.2713888910002424,2317836288,2317840384,4096,18087936,18454528,366592,measured,69.61000471999978,2317848576,2317864960,16384,18087936,18991616,903680,measured,21.249617426389865,21.278425475950122,0.9790741135151614
mlp,42,NF-BoT-IoT,ssd_canonical@alpha=1,cuda,16994,67976,26580,6793480,0,100217,100217,0,0,67976,3.1719581249999464,0.0,18740,4789140,69.46708877799983,0.13753100200028712,10.527136286000086,339674,5309,67976,full-training Fisher cache,10.52980487700006,1831391232.0,1919426560.0,88035328.0,18087936.0,18436608.0,348672.0,measured,112.73868298399998,1549598720,1829146624,279547904,0,19344896,19344896,measured,3.174452098999609,2317836288,2317840384,4096,18087936,18454528,366592,measured,69.61000471999978,2317848576,2317864960,16384,18087936,18991616,903680,measured,21.90038015650065,21.928195023618894,0.9790741135151614
mlp,42,NF-BoT-IoT,ssd_canonical@alpha=2,cuda,16994,67976,26580,6793480,0,100217,100217,0,0,67976,3.1948640639998303,0.0,18740,4789140,69.46708877799983,0.13753100200028712,10.527136286000086,339674,5309,67976,full-training Fisher cache,10.52980487700006,1831391232.0,1919426560.0,88035328.0,18087936.0,18436608.0,348672.0,measured,112.73868298399998,1549598720,1829146624,279547904,0,19344896,19344896,measured,3.1973521719996825,2317836288,2317840384,4096,18087936,18454528,366592,measured,69.61000471999978,2317848576,2317864960,16384,18087936,18991616,903680,measured,21.743362905722528,21.77114092391781,0.9790741135151614
mlp,42,NF-BoT-IoT,ssd_canonical@alpha=3,cuda,16994,67976,26580,6793480,0,100217,100217,0,0,67976,3.240482576999966,0.0,18740,4789140,69.46708877799983,0.13753100200028712,10.527136286000086,339674,5309,67976,full-training Fisher cache,10.52980487700006,1831391232.0,1919426560.0,88035328.0,18087936.0,18436608.0,348672.0,measured,112.73868298399998,1549598720,1829146624,279547904,0,19344896,19344896,measured,3.2428391979997286,2317836288,2317840384,4096,18087936,18454528,366592,measured,69.61000471999978,2317848576,2317864960,16384,18087936,18991616,903680,measured,21.4372665574744,21.4657590061626,0.9790741135151614
mlp,42,NF-BoT-IoT,ssd_canonical@alpha=5,cuda,16994,67976,26580,6793480,0,100217,100217,0,0,67976,3.311265137999726,0.0,18740,4789140,69.46708877799983,0.13753100200028712,10.527136286000086,339674,5309,67976,full-training Fisher cache,10.52980487700006,1831391232.0,1919426560.0,88035328.0,18087936.0,18436608.0,348672.0,measured,112.73868298399998,1549598720,1829146624,279547904,0,19344896,19344896,measured,3.3136480369998935,2317836288,2317840384,4096,18087936,18454528,366592,measured,69.61000471999978,2317848576,2317864960,16384,18087936,18991616,903680,measured,20.97901734923094,21.007060479188127,0.9790741135151614
mlp,42,NF-BoT-IoT,dc_ssd_no_contrast,cuda,16994,67976,26580,6793480,0,0,0,0,0,271904,0.02637523000021247,0.0,18740,4789140,69.46708877799983,0.13753100200028712,10.588147320999951,339674,5310,271904,class-balanced per-domain Fisher bank,10.588261701999954,1919496192.0,1920442368.0,946176.0,18087936.0,18436608.0,348672.0,measured,112.73868298399998,1549598720,1829146624,279547904,0,19344896,19344896,measured,0.028724768000301992,2317836288,2317840384,4096,18087936,18454528,366592,measured,69.61000471999978,2317848576,2317864960,16384,18087936,18991616,903680,measured,2633.800303445325,2423.344366759305,1.0
mlp,42,NF-BoT-IoT,dc_ssd_no_class_balance,cuda,16994,67976,26580,6793480,0,0,0,0,0,271904,0.01805527099986648,0.0,18740,4789140,69.46708877799983,0.13753100200028712,10.681567900000118,339674,5310,271904,empirical-weighted class-conditional per-domain Fisher bank,10.681682185,1920438272.0,1920499712.0,61440.0,18087936.0,18436608.0,348672.0,measured,112.73868298399998,1549598720,1829146624,279547904,0,19344896,19344896,measured,0.02057820499976515,2317836288,2317840384,4096,18087936,18454528,366592,measured,69.61000471999978,2317848576,2317864960,16384,18087936,18991616,903680,measured,3847.468629992513,3382.7053778886066,1.0
mlp,42,NF-BoT-IoT,dc_ssd,cuda,16994,67976,26580,6793480,0,0,0,0,0,271904,0.025021505000040634,0.0,18740,4789140,69.46708877799983,0.13753100200028712,10.588147320999951,339674,5310,271904,class-balanced per-domain Fisher bank,10.588261701999954,1919496192.0,1920442368.0,946176.0,18087936.0,18436608.0,348672.0,measured,112.73868298399998,1549598720,1829146624,279547904,0,19344896,19344896,measured,0.027408680000007735,2317836288,2317840384,4096,18087936,18454528,366592,measured,69.61000471999978,2317848576,2317864960,16384,18087936,18991616,903680,measured,2776.2953818280325,2539.7065717860232,1.0
mlp,42,NF-BoT-IoT,scrub_r,cuda,16994,67976,26580,6793480,11880,918805,100217,239457,330351,271904,56.39285176099975,56.00208033700028,18740,4789140,69.46708877799983,0.13753100200028712,0.0,0,0,0,none,,,,,,,,not_measured,112.73868298399998,1549598720,1829146624,279547904,0,19344896,19344896,measured,56.398616975000095,2317836288,2317844480,8192,18087936,19027968,940032,measured,69.61000471999978,2317848576,2317864960,16384,18087936,18991616,903680,measured,1.2318420971581718,1.2342502077817956,0.8081482270303227
mlp,42,NF-BoT-IoT,scrub_r@lr=0.001,cuda,16994,67976,26580,6793480,11880,918805,100217,239457,330351,271904,56.56368724399999,56.17317643700062,18740,4789140,69.46708877799983,0.13753100200028712,0.0,0,0,0,none,,,,,,,,not_measured,112.73868298399998,1549598720,1829146624,279547904,0,19344896,19344896,measured,56.5695724520001,2317840384,2317852672,12288,18087936,19027968,940032,measured,69.61000471999978,2317848576,2317864960,16384,18087936,18991616,903680,measured,1.2281216476984282,1.2305202550198628,0.8081482270303227
mlp,42,NF-CSE-CIC-IDS2018,rollback_repair,cuda,16994,67976,26580,6793480,458,116710,0,101958,0,271904,1.6534450979997928,1.6513383129999966,18260,4668380,67.19305541399945,0.1494577560001744,,0,0,271904,domain update trace; incremental tracing time not separately measured,,,,,,,,not_measured,112.73868298399998,1549598720,1829146624,279547904,0,19344896,19344896,measured,1.6866778309999972,2320883712,2321571840,688128,18087936,18989568,901632,measured,67.34790929000019,2321588224,2321600512,12288,18087936,18991616,903680,measured,40.63821380902474,39.92932618914602,0.9749998928964652
mlp,42,NF-CSE-CIC-IDS2018,ssd_canonical,cuda,16994,67976,26580,6793480,0,106255,106255,0,0,67976,3.3740578239999195,0.0,18260,4668380,67.19305541399945,0.1494577560001744,10.527136286000086,339674,5309,67976,full-training Fisher cache,10.52980487700006,1831391232.0,1919426560.0,88035328.0,18087936.0,18436608.0,348672.0,measured,112.73868298399998,1549598720,1829146624,279547904,0,19344896,19344896,measured,3.3766279930000564,2321571840,2321575936,4096,18087936,18454528,366592,measured,67.34790929000019,2321588224,2321600512,12288,18087936,18991616,903680,measured,19.91461288423996,19.945315098262608,0.9772394278100754
mlp,42,NF-CSE-CIC-IDS2018,ssd_canonical@alpha=1,cuda,16994,67976,26580,6793480,0,106255,106255,0,0,67976,3.4418496600001163,0.0,18260,4668380,67.19305541399945,0.1494577560001744,10.527136286000086,339674,5309,67976,full-training Fisher cache,10.52980487700006,1831391232.0,1919426560.0,88035328.0,18087936.0,18436608.0,348672.0,measured,112.73868298399998,1549598720,1829146624,279547904,0,19344896,19344896,measured,3.4444055760000083,2321571840,2321575936,4096,18087936,18484224,396288,measured,67.34790929000019,2321588224,2321600512,12288,18087936,18991616,903680,measured,19.522367927597738,19.552839467938437,0.9772394278100754
mlp,42,NF-CSE-CIC-IDS2018,ssd_canonical@alpha=2,cuda,16994,67976,26580,6793480,0,106255,106255,0,0,67976,3.4669466289997217,0.0,18260,4668380,67.19305541399945,0.1494577560001744,10.527136286000086,339674,5309,67976,full-training Fisher cache,10.52980487700006,1831391232.0,1919426560.0,88035328.0,18087936.0,18436608.0,348672.0,measured,112.73868298399998,1549598720,1829146624,279547904,0,19344896,19344896,measured,3.469511309000154,2321571840,2321575936,4096,18087936,18454528,366592,measured,67.34790929000019,2321588224,2321600512,12288,18087936,18991616,903680,measured,19.381046956983553,19.411353153769817,0.9772394278100754
mlp,42,NF-CSE-CIC-IDS2018,ssd_canonical@alpha=3,cuda,16994,67976,26580,6793480,0,106255,106255,0,0,67976,3.4678769719998854,0.0,18260,4668380,67.19305541399945,0.1494577560001744,10.527136286000086,339674,5309,67976,full-training Fisher cache,10.52980487700006,1831391232.0,1919426560.0,88035328.0,18087936.0,18436608.0,348672.0,measured,112.73868298399998,1549598720,1829146624,279547904,0,19344896,19344896,measured,3.4702908360000038,2321571840,2321584128,12288,18087936,18454528,366592,measured,67.34790929000019,2321588224,2321600512,12288,18087936,18991616,903680,measured,19.37584751608128,19.406992806294035,0.9772394278100754
mlp,42,NF-CSE-CIC-IDS2018,ssd_canonical@alpha=5,cuda,16994,67976,26580,6793480,0,106255,106255,0,0,67976,3.4286061729999346,0.0,18260,4668380,67.19305541399945,0.1494577560001744,10.527136286000086,339674,5309,67976,full-training Fisher cache,10.52980487700006,1831391232.0,1919426560.0,88035328.0,18087936.0,18436608.0,348672.0,measured,112.73868298399998,1549598720,1829146624,279547904,0,19344896,19344896,measured,3.430995077999796,2321580032,2321584128,4096,18087936,18454528,366592,measured,67.34790929000019,2321588224,2321600512,12288,18087936,18991616,903680,measured,19.597775895972152,19.629264326797788,0.9772394278100754
mlp,42,NF-CSE-CIC-IDS2018,dc_ssd_no_contrast,cuda,16994,67976,26580,6793480,0,0,0,0,0,271904,0.023692098000083206,0.0,18260,4668380,67.19305541399945,0.1494577560001744,10.588147320999951,339674,5310,271904,class-balanced per-domain Fisher bank,10.588261701999954,1919496192.0,1920442368.0,946176.0,18087936.0,18436608.0,348672.0,measured,112.73868298399998,1549598720,1829146624,279547904,0,19344896,19344896,measured,0.026136594000035984,2321580032,2321584128,4096,18087936,18454528,366592,measured,67.34790929000019,2321588224,2321600512,12288,18087936,18991616,903680,measured,2836.095621998671,2576.7668614321924,1.0
mlp,42,NF-CSE-CIC-IDS2018,dc_ssd_no_class_balance,cuda,16994,67976,26580,6793480,0,0,0,0,0,271904,0.024077716000192595,0.0,18260,4668380,67.19305541399945,0.1494577560001744,10.681567900000118,339674,5310,271904,empirical-weighted class-conditional per-domain Fisher bank,10.681682185,1920438272.0,1920499712.0,61440.0,18087936.0,18436608.0,348672.0,measured,112.73868298399998,1549598720,1829146624,279547904,0,19344896,19344896,measured,0.02644256499979747,2321580032,2321584128,4096,18087936,18454528,366592,measured,67.34790929000019,2321588224,2321600512,12288,18087936,18991616,903680,measured,2790.6739747848997,2546.9506944774844,1.0
mlp,42,NF-CSE-CIC-IDS2018,dc_ssd,cuda,16994,67976,26580,6793480,0,0,0,0,0,271904,0.024726059999920835,0.0,18260,4668380,67.19305541399945,0.1494577560001744,10.588147320999951,339674,5310,271904,class-balanced per-domain Fisher bank,10.588261701999954,1919496192.0,1920442368.0,946176.0,18087936.0,18436608.0,348672.0,measured,112.73868298399998,1549598720,1829146624,279547904,0,19344896,19344896,measured,0.027087812999980088,2321580032,2321584128,4096,18087936,18454528,366592,measured,67.34790929000019,2321588224,2321600512,12288,18087936,18991616,903680,measured,2717.4994889689087,2486.2807968310212,1.0
mlp,42,NF-CSE-CIC-IDS2018,scrub_r,cuda,16994,67976,26580,6793480,12114,912767,106255,233419,342154,271904,56.9996183369999,56.601258623000376,18260,4668380,67.19305541399945,0.1494577560001744,0.0,0,0,0,none,,,,,,,,not_measured,112.73868298399998,1549598720,1829146624,279547904,0,19344896,19344896,measured,57.0054854949999,2321580032,2321592320,12288,18087936,19027968,940032,measured,67.34790929000019,2321588224,2321600512,12288,18087936,18991616,903680,measured,1.1788334268614344,1.1814285713943695,0.8044788556201509
mlp,42,NF-CSE-CIC-IDS2018,scrub_r@lr=0.001,cuda,16994,67976,26580,6793480,12114,912767,106255,233419,342154,271904,56.69218902299963,56.291069344999414,18260,4668380,67.19305541399945,0.1494577560001744,0.0,0,0,0,none,,,,,,,,not_measured,112.73868298399998,1549598720,1829146624,279547904,0,19344896,19344896,measured,56.698082431999865,2321588224,2321592320,4096,18087936,19027968,940032,measured,67.34790929000019,2321588224,2321600512,12288,18087936,18991616,903680,measured,1.1852259821320303,1.1878339866391965,0.8044788556201509
numerical_feature_transformer,42,NF-UNSW-NB15,rollback_repair,cuda,8770,35080,26580,6793480,476,121656,0,106495,0,140320,3.989641431000109,3.9864514789996974,19040,4866240,162.4466475399986,0.3363985269998011,,0,0,140320,domain update trace; incremental tracing time not separately measured,,,,,,,,not_measured,264.57149509400006,2324881408,2333708288,8826880,18087936,60563968,42476032,measured,4.024240458999884,2335260672,2335272960,12288,18087936,60339200,42251264,measured,162.7915591330002,2335371264,2335395840,24576,18087936,60341248,42253312,measured,40.717104619418656,40.45274152764162,0.975
numerical_feature_transformer,42,NF-UNSW-NB15,ssd_canonical,cuda,8770,35080,26580,6793480,0,96362,96362,0,0,35080,10.531682305999766,0.0,19040,4866240,162.4466475399986,0.3363985269998011,37.36612151899999,339674,5309,35080,full-training Fisher cache,37.371060314999795,2333704192.0,2335215616.0,1511424.0,18087936.0,28242432.0,10154496.0,measured,264.57149509400006,2324881408,2333708288,8826880,18087936,60563968,42476032,measured,10.536227388999578,2335268864,2335277056,8192,18087936,28242432,10154496,measured,162.7915591330002,2335371264,2335395840,24576,18087936,60341248,42253312,measured,15.424567777500732,15.450649755619727,0.9801978529624515
numerical_feature_transformer,42,NF-UNSW-NB15,ssd_canonical@alpha=1,cuda,8770,35080,26580,6793480,0,96362,96362,0,0,35080,10.4877853400003,0.0,19040,4866240,162.4466475399986,0.3363985269998011,37.36612151899999,339674,5309,35080,full-training Fisher cache,37.371060314999795,2333704192.0,2335215616.0,1511424.0,18087936.0,28242432.0,10154496.0,measured,264.57149509400006,2324881408,2333708288,8826880,18087936,60563968,42476032,measured,10.492747006999707,2335272960,2335277056,4096,18087936,28242432,10154496,measured,162.7915591330002,2335371264,2335395840,24576,18087936,60341248,42253312,measured,15.489127806652261,15.514674948743357,0.9801978529624515
numerical_feature_transformer,42,NF-UNSW-NB15,ssd_canonical@alpha=2,cuda,8770,35080,26580,6793480,0,96362,96362,0,0,35080,10.461690464000185,0.0,19040,4866240,162.4466475399986,0.3363985269998011,37.36612151899999,339674,5309,35080,full-training Fisher cache,37.371060314999795,2333704192.0,2335215616.0,1511424.0,18087936.0,28242432.0,10154496.0,measured,264.57149509400006,2324881408,2333708288,8826880,18087936,60563968,42476032,measured,10.46627381999997,2335272960,2335277056,4096,18087936,28242432,10154496,measured,162.7915591330002,2335371264,2335395840,24576,18087936,60341248,42253312,measured,15.527762754881268,15.553917462193882,0.9801978529624515
numerical_feature_transformer,42,NF-UNSW-NB15,ssd_canonical@alpha=3,cuda,8770,35080,26580,6793480,0,96362,96362,0,0,35080,10.538609291000284,0.0,19040,4866240,162.4466475399986,0.3363985269998011,37.36612151899999,339674,5309,35080,full-training Fisher cache,37.371060314999795,2333704192.0,2335215616.0,1511424.0,18087936.0,28242432.0,10154496.0,measured,264.57149509400006,2324881408,2333708288,8826880,18087936,60563968,42476032,measured,10.54361020100032,2335272960,2335277056,4096,18087936,28242432,10154496,measured,162.7915591330002,2335371264,2335395840,24576,18087936,60341248,42253312,measured,15.414429271870253,15.439830952547489,0.9801978529624515
numerical_feature_transformer,42,NF-UNSW-NB15,ssd_canonical@alpha=5,cuda,8770,35080,26580,6793480,0,96362,96362,0,0,35080,10.5451701650004,0.0,19040,4866240,162.4466475399986,0.3363985269998011,37.36612151899999,339674,5309,35080,full-training Fisher cache,37.371060314999795,2333704192.0,2335215616.0,1511424.0,18087936.0,28242432.0,10154496.0,measured,264.57149509400006,2324881408,2333708288,8826880,18087936,60563968,42476032,measured,10.55023066700005,2335272960,2335277056,4096,18087936,28242432,10154496,measured,162.7915591330002,2335371264,2335395840,24576,18087936,60341248,42253312,measured,15.40483889763693,15.430142171411863,0.9801978529624515
numerical_feature_transformer,42,NF-UNSW-NB15,dc_ssd_no_contrast,cuda,8770,35080,26580,6793480,0,0,0,0,0,140320,0.03649427700020169,0.0,19040,4866240,162.4466475399986,0.3363985269998011,37.28159811099977,339674,5310,140320,class-balanced per-domain Fisher bank,37.28175969599988,2335211520.0,2335256576.0,45056.0,18087936.0,28242432.0,10154496.0,measured,264.57149509400006,2324881408,2333708288,8826880,18087936,60563968,42476032,measured,0.041938596999898436,2335272960,2335277056,4096,18087936,18170368,82432,measured,162.7915591330002,2335371264,2335395840,24576,18087936,60341248,42253312,measured,4451.291021304541,3881.6644041142918,1.0
numerical_feature_transformer,42,NF-UNSW-NB15,dc_ssd_no_class_balance,cuda,8770,35080,26580,6793480,0,0,0,0,0,140320,0.03666099500014752,0.0,19040,4866240,162.4466475399986,0.3363985269998011,37.39962386299976,339674,5310,140320,empirical-weighted class-conditional per-domain Fisher bank,37.3997908020001,2335252480.0,2335264768.0,12288.0,18087936.0,28242432.0,10154496.0,measured,264.57149509400006,2324881408,2333708288,8826880,18087936,60563968,42476032,measured,0.041951855000206706,2335272960,2335277056,4096,18087936,18170368,82432,measured,162.7915591330002,2335371264,2335395840,24576,18087936,60341248,42253312,measured,4431.048517350522,3880.4376858233823,1.0
numerical_feature_transformer,42,NF-UNSW-NB15,dc_ssd,cuda,8770,35080,26580,6793480,0,0,0,0,0,140320,0.03611887199986086,0.0,19040,4866240,162.4466475399986,0.3363985269998011,37.28159811099977,339674,5310,140320,class-balanced per-domain Fisher bank,37.28175969599988,2335211520.0,2335256576.0,45056.0,18087936.0,28242432.0,10154496.0,measured,264.57149509400006,2324881408,2333708288,8826880,18087936,60563968,42476032,measured,0.04132261399990966,2335272960,2335277056,4096,18087936,18170368,82432,measured,162.7915591330002,2335371264,2335395840,24576,18087936,60341248,42253312,measured,4497.555946393464,3939.527134787651,1.0
numerical_feature_transformer,42,NF-UNSW-NB15,scrub_r,cuda,8770,35080,26580,6793480,11730,922660,96362,243312,310061,140320,122.5660987440001,121.68812312499995,19040,4866240,162.4466475399986,0.3363985269998011,0.0,0,0,0,none,,,,,,,,not_measured,264.57149509400006,2324881408,2333708288,8826880,18087936,60563968,42476032,measured,122.57645859100012,2335272960,2335358976,86016,18087936,46583808,28495872,measured,162.7915591330002,2335371264,2335395840,24576,18087936,60341248,42253312,measured,1.3253799313568406,1.328081762226346,0.810395705924903
numerical_feature_transformer,42,NF-UNSW-NB15,scrub_r@lr=0.001,cuda,8770,35080,26580,6793480,11730,922660,96362,243312,310061,140320,123.44338101600033,122.55525856700069,19040,4866240,162.4466475399986,0.3363985269998011,0.0,0,0,0,none,,,,,,,,not_measured,264.57149509400006,2324881408,2333708288,8826880,18087936,60563968,42476032,measured,123.4540522010002,2335354880,2335375360,20480,18087936,46583808,28495872,measured,162.7915591330002,2335371264,2335395840,24576,18087936,60341248,42253312,measured,1.3159607765356232,1.3186408727026078,0.810395705924903
numerical_feature_transformer,42,NF-ToN-IoT,rollback_repair,cuda,8770,35080,26580,6793480,594,151418,0,132702,0,140320,5.126864683999884,5.123374318999595,23700,6056680,203.25345530400136,0.40480119899984857,,0,0,140320,domain update trace; incremental tracing time not separately measured,,,,,,,,not_measured,264.57149509400006,2324881408,2333708288,8826880,18087936,60563968,42476032,measured,5.169131224000012,2355482624,2356387840,905216,18087936,60339200,42251264,measured,203.66692651700032,2356400128,2356424704,24576,18087936,60341248,42253312,measured,39.644786400999145,39.40061060384484,0.9749998348930438
numerical_feature_transformer,42,NF-ToN-IoT,ssd_canonical,cuda,8770,35080,26580,6793480,0,36840,36840,0,0,35080,4.0797423439998965,0.0,23700,6056680,203.25345530400136,0.40480119899984857,37.36612151899999,339674,5309,35080,full-training Fisher cache,37.371060314999795,2333704192.0,2335215616.0,1511424.0,18087936.0,28242432.0,10154496.0,measured,264.57149509400006,2324881408,2333708288,8826880,18087936,60563968,42476032,measured,4.084419652000179,2356383744,2356387840,4096,18087936,28242432,10154496,measured,203.66692651700032,2356400128,2356424704,24576,18087936,60341248,42253312,measured,49.8201695513756,49.86434888424423,0.9939174597304133
numerical_feature_transformer,42,NF-ToN-IoT,ssd_canonical@alpha=1,cuda,8770,35080,26580,6793480,0,36840,36840,0,0,35080,4.084863832999872,0.0,23700,6056680,203.25345530400136,0.40480119899984857,37.36612151899999,339674,5309,35080,full-training Fisher cache,37.371060314999795,2333704192.0,2335215616.0,1511424.0,18087936.0,28242432.0,10154496.0,measured,264.57149509400006,2324881408,2333708288,8826880,18087936,60563968,42476032,measured,4.089554586000304,2356383744,2356387840,4096,18087936,28242432,10154496,measured,203.66692651700032,2356400128,2356424704,24576,18087936,60341248,42253312,measured,49.75770640431229,49.80173811940536,0.9939174597304133
numerical_feature_transformer,42,NF-ToN-IoT,ssd_canonical@alpha=2,cuda,8770,35080,26580,6793480,0,36840,36840,0,0,35080,4.086308853000446,0.0,23700,6056680,203.25345530400136,0.40480119899984857,37.36612151899999,339674,5309,35080,full-training Fisher cache,37.371060314999795,2333704192.0,2335215616.0,1511424.0,18087936.0,28242432.0,10154496.0,measured,264.57149509400006,2324881408,2333708288,8826880,18087936,60563968,42476032,measured,4.091358668999419,2356383744,2356387840,4096,18087936,28242432,10154496,measured,203.66692651700032,2356400128,2356424704,24576,18087936,60341248,42253312,measured,49.74011084716684,49.77977806253027,0.9939174597304133
numerical_feature_transformer,42,NF-ToN-IoT,ssd_canonical@alpha=3,cuda,8770,35080,26580,6793480,0,36840,36840,0,0,35080,4.057304537999698,0.0,23700,6056680,203.25345530400136,0.40480119899984857,37.36612151899999,339674,5309,35080,full-training Fisher cache,37.371060314999795,2333704192.0,2335215616.0,1511424.0,18087936.0,28242432.0,10154496.0,measured,264.57149509400006,2324881408,2333708288,8826880,18087936,60563968,42476032,measured,4.062456947000101,2356383744,2356387840,4096,18087936,28242432,10154496,measured,203.66692651700032,2356400128,2356424704,24576,18087936,60341248,42253312,measured,50.09568628639541,50.13392859889803,0.9939174597304133
numerical_feature_transformer,42,NF-ToN-IoT,ssd_canonical@alpha=5,cuda,8770,35080,26580,6793480,0,36840,36840,0,0,35080,4.101891719000378,0.0,23700,6056680,203.25345530400136,0.40480119899984857,37.36612151899999,339674,5309,35080,full-training Fisher cache,37.371060314999795,2333704192.0,2335215616.0,1511424.0,18087936.0,28242432.0,10154496.0,measured,264.57149509400006,2324881408,2333708288,8826880,18087936,60563968,42476032,measured,4.107007534999866,2356383744,2356387840,4096,18087936,28242432,10154496,measured,203.66692651700032,2356400128,2356424704,24576,18087936,60341248,42253312,measured,49.55115084157653,49.59010295972271,0.9939174597304133
numerical_feature_transformer,42,NF-ToN-IoT,dc_ssd_no_contrast,cuda,8770,35080,26580,6793480,0,0,0,0,0,140320,0.059817827999722795,0.0,23700,6056680,203.25345530400136,0.40480119899984857,37.28159811099977,339674,5310,140320,class-balanced per-domain Fisher bank,37.28175969599988,2335211520.0,2335256576.0,45056.0,18087936.0,28242432.0,10154496.0,measured,264.57149509400006,2324881408,2333708288,8826880,18087936,60563968,42476032,measured,0.06449745400004758,2356383744,2356387840,4096,18087936,18178560,90624,measured,203.66692651700032,2356400128,2356424704,24576,18087936,60341248,42253312,measured,3397.8742141045855,3157.7514132084975,1.0
numerical_feature_transformer,42,NF-ToN-IoT,dc_ssd_no_class_balance,cuda,8770,35080,26580,6793480,0,0,0,0,0,140320,0.05929208700035815,0.0,23700,6056680,203.25345530400136,0.40480119899984857,37.39962386299976,339674,5310,140320,empirical-weighted class-conditional per-domain Fisher bank,37.3997908020001,2335252480.0,2335264768.0,12288.0,18087936.0,28242432.0,10154496.0,measured,264.57149509400006,2324881408,2333708288,8826880,18087936,60563968,42476032,measured,0.06390869799997745,2356383744,2356387840,4096,18087936,18195456,107520,measured,203.66692651700032,2356400128,2356424704,24576,18087936,60341248,42253312,measured,3428.0030538100914,3186.842055788278,1.0
numerical_feature_transformer,42,NF-ToN-IoT,dc_ssd,cuda,8770,35080,26580,6793480,0,0,0,0,0,140320,0.059919688000263704,0.0,23700,6056680,203.25345530400136,0.40480119899984857,37.28159811099977,339674,5310,140320,class-balanced per-domain Fisher bank,37.28175969599988,2335211520.0,2335256576.0,45056.0,18087936.0,28242432.0,10154496.0,measured,264.57149509400006,2324881408,2333708288,8826880,18087936,60563968,42476032,measured,0.06457486899944342,2356383744,2356387840,4096,18087936,18182144,94208,measured,203.66692651700032,2356400128,2356424704,24576,18087936,60341248,42253312,measured,3392.098024661057,3153.9657714018085,1.0
numerical_feature_transformer,42,NF-ToN-IoT,scrub_r,cuda,8770,35080,26580,6793480,9405,982182,36840,302834,119347,140320,99.86981325400029,99.50638207599968,23700,6056680,203.25345530400136,0.40480119899984857,0.0,0,0,0,none,,,,,,,,not_measured,264.57149509400006,2324881408,2333708288,8826880,18087936,60563968,42476032,measured,99.88050366600055,2356383744,2356396032,12288,18087936,46583808,28495872,measured,203.66692651700032,2356400128,2356424704,24576,18087936,60341248,42253312,measured,2.0351840929857756,2.039105921993151,0.8378349194608268
numerical_feature_transformer,42,NF-ToN-IoT,scrub_r@lr=0.001,cuda,8770,35080,26580,6793480,9405,982182,36840,302834,119347,140320,99.82497016700017,99.45688045099996,23700,6056680,203.25345530400136,0.40480119899984857,0.0,0,0,0,none,,,,,,,,not_measured,264.57149509400006,2324881408,2333708288,8826880,18087936,60563968,42476032,measured,99.83537915099987,2356391936,2356404224,12288,18087936,46583808,28495872,measured,203.66692651700032,2356400128,2356424704,24576,18087936,60341248,42253312,measured,2.03609833255119,2.0400275758852624,0.8378349194608268
numerical_feature_transformer,42,NF-BoT-IoT,rollback_repair,cuda,8770,35080,26580,6793480,470,119730,0,104839,0,140320,3.9587660710003547,3.9552954339997086,18740,4789140,160.8334585989969,0.29100780699991446,,0,0,140320,domain update trace; incremental tracing time not separately measured,,,,,,,,not_measured,264.57149509400006,2324881408,2333708288,8826880,18087936,60563968,42476032,measured,3.9934270459998515,2356449280,2356584448,135168,18087936,60339200,42251264,measured,161.13298462200055,2356609024,2356633600,24576,18087936,60341248,42253312,measured,40.627169101294065,40.34955008966666,0.9749996867913655
numerical_feature_transformer,42,NF-BoT-IoT,ssd_canonical,cuda,8770,35080,26580,6793480,0,100217,100217,0,0,35080,10.995869516999846,0.0,18740,4789140,160.8334585989969,0.29100780699991446,37.36612151899999,339674,5309,35080,full-training Fisher cache,37.371060314999795,2333704192.0,2335215616.0,1511424.0,18087936.0,28242432.0,10154496.0,measured,264.57149509400006,2324881408,2333708288,8826880,18087936,60563968,42476032,measured,11.00043310000001,2356580352,2356584448,4096,18087936,28242432,10154496,measured,161.13298462200055,2356609024,2356633600,24576,18087936,60341248,42253312,measured,14.626715818184728,14.64787642061115,0.9790741135151614
numerical_feature_transformer,42,NF-BoT-IoT,ssd_canonical@alpha=1,cuda,8770,35080,26580,6793480,0,100217,100217,0,0,35080,10.943960557000537,0.0,18740,4789140,160.8334585989969,0.29100780699991446,37.36612151899999,339674,5309,35080,full-training Fisher cache,37.371060314999795,2333704192.0,2335215616.0,1511424.0,18087936.0,28242432.0,10154496.0,measured,264.57149509400006,2324881408,2333708288,8826880,18087936,60563968,42476032,measured,10.948628355000437,2356580352,2356584448,4096,18087936,28242432,10154496,measured,161.13298462200055,2356609024,2356633600,24576,18087936,60341248,42253312,measured,14.696092676989444,14.71718460042606,0.9790741135151614
numerical_feature_transformer,42,NF-BoT-IoT,ssd_canonical@alpha=2,cuda,8770,35080,26580,6793480,0,100217,100217,0,0,35080,10.93382547300007,0.0,18740,4789140,160.8334585989969,0.29100780699991446,37.36612151899999,339674,5309,35080,full-training Fisher cache,37.371060314999795,2333704192.0,2335215616.0,1511424.0,18087936.0,28242432.0,10154496.0,measured,264.57149509400006,2324881408,2333708288,8826880,18087936,60563968,42476032,measured,10.938510127999507,2356580352,2356584448,4096,18087936,28242432,10154496,measured,161.13298462200055,2356609024,2356633600,24576,18087936,60341248,42253312,measured,14.709715185792767,14.730798137631693,0.9790741135151614
numerical_feature_transformer,42,NF-BoT-IoT,ssd_canonical@alpha=3,cuda,8770,35080,26580,6793480,0,100217,100217,0,0,35080,11.060881649999828,0.0,18740,4789140,160.8334585989969,0.29100780699991446,37.36612151899999,339674,5309,35080,full-training Fisher cache,37.371060314999795,2333704192.0,2335215616.0,1511424.0,18087936.0,28242432.0,10154496.0,measured,264.57149509400006,2324881408,2333708288,8826880,18087936,60563968,42476032,measured,11.066472038000029,2356580352,2356584448,4096,18087936,28242432,10154496,measured,161.13298462200055,2356609024,2356633600,24576,18087936,60341248,42253312,measured,14.540744914217521,14.560465527649864,0.9790741135151614
numerical_feature_transformer,42,NF-BoT-IoT,ssd_canonical@alpha=5,cuda,8770,35080,26580,6793480,0,100217,100217,0,0,35080,10.96477578699978,0.0,18740,4789140,160.8334585989969,0.29100780699991446,37.36612151899999,339674,5309,35080,full-training Fisher cache,37.371060314999795,2333704192.0,2335215616.0,1511424.0,18087936.0,28242432.0,10154496.0,measured,264.57149509400006,2324881408,2333708288,8826880,18087936,60563968,42476032,measured,10.969822547000149,2356580352,2356584448,4096,18087936,28242432,10154496,measured,161.13298462200055,2356609024,2356633600,24576,18087936,60341248,42253312,measured,14.668194017217083,14.688750335898971,0.9790741135151614
numerical_feature_transformer,42,NF-BoT-IoT,dc_ssd_no_contrast,cuda,8770,35080,26580,6793480,0,0,0,0,0,140320,0.05740445900028135,0.0,18740,4789140,160.8334585989969,0.29100780699991446,37.28159811099977,339674,5310,140320,class-balanced per-domain Fisher bank,37.28175969599988,2335211520.0,2335256576.0,45056.0,18087936.0,28242432.0,10154496.0,measured,264.57149509400006,2324881408,2333708288,8826880,18087936,60563968,42476032,measured,0.06275913799981936,2356580352,2356584448,4096,18087936,18170368,82432,measured,161.13298462200055,2356609024,2356633600,24576,18087936,60341248,42253312,measured,2801.7589817928365,2567.482437736228,1.0
numerical_feature_transformer,42,NF-BoT-IoT,dc_ssd_no_class_balance,cuda,8770,35080,26580,6793480,0,0,0,0,0,140320,0.03759428299963474,0.0,18740,4789140,160.8334585989969,0.29100780699991446,37.39962386299976,339674,5310,140320,empirical-weighted class-conditional per-domain Fisher bank,37.3997908020001,2335252480.0,2335264768.0,12288.0,18087936.0,28242432.0,10154496.0,measured,264.57149509400006,2324881408,2333708288,8826880,18087936,60563968,42476032,measured,0.04282979700019496,2356580352,2356584448,4096,18087936,18170368,82432,measured,161.13298462200055,2356609024,2356633600,24576,18087936,60341248,42253312,measured,4278.136082567648,3762.1701690826853,1.0
numerical_feature_transformer,42,NF-BoT-IoT,dc_ssd,cuda,8770,35080,26580,6793480,0,0,0,0,0,140320,0.058141891000559554,0.0,18740,4789140,160.8334585989969,0.29100780699991446,37.28159811099977,339674,5310,140320,class-balanced per-domain Fisher bank,37.28175969599988,2335211520.0,2335256576.0,45056.0,18087936.0,28242432.0,10154496.0,measured,264.57149509400006,2324881408,2333708288,8826880,18087936,60563968,42476032,measured,0.06342354200023692,2356580352,2356584448,4096,18087936,18173440,85504,measured,161.13298462200055,2356609024,2356633600,24576,18087936,60341248,42253312,measured,2766.2233861201566,2540.586342866165,1.0
numerical_feature_transformer,42,NF-BoT-IoT,scrub_r,cuda,8770,35080,26580,6793480,11880,918805,100217,239457,330351,140320,125.29527262900046,124.35616484799993,18740,4789140,160.8334585989969,0.29100780699991446,0.0,0,0,0,none,,,,,,,,not_measured,264.57149509400006,2324881408,2333708288,8826880,18087936,60563968,42476032,measured,125.30578296299973,2356580352,2356592640,12288,18087936,46583808,28495872,measured,161.13298462200055,2356609024,2356633600,24576,18087936,60341248,42253312,measured,1.2836354893869386,1.2859181820010643,0.8081482270303227
numerical_feature_transformer,42,NF-BoT-IoT,scrub_r@lr=0.001,cuda,8770,35080,26580,6793480,11880,918805,100217,239457,330351,140320,125.51990593399933,124.57695867800066,18740,4789140,160.8334585989969,0.29100780699991446,0.0,0,0,0,none,,,,,,,,not_measured,264.57149509400006,2324881408,2333708288,8826880,18087936,60563968,42476032,measured,125.53034870700048,2356588544,2356613120,24576,18087936,46583808,28495872,measured,161.13298462200055,2356609024,2356633600,24576,18087936,60341248,42253312,measured,1.281338265848973,1.2836177568350418,0.8081482270303227
numerical_feature_transformer,42,NF-CSE-CIC-IDS2018,rollback_repair,cuda,8770,35080,26580,6793480,458,116710,0,101958,0,140320,3.910846288000357,3.90735213500011,18260,4668380,156.40159175999815,0.3276762499999677,,0,0,140320,domain update trace; incremental tracing time not separately measured,,,,,,,,not_measured,264.57149509400006,2324881408,2333708288,8826880,18087936,60563968,42476032,measured,3.9447127510002247,2358362112,2358366208,4096,18087936,60339200,42251264,measured,156.7379007009995,2358394880,2358407168,12288,18087936,60341248,42253312,measured,39.99175120737547,39.73366645296464,0.9749998928964652
numerical_feature_transformer,42,NF-CSE-CIC-IDS2018,ssd_canonical,cuda,8770,35080,26580,6793480,0,106255,106255,0,0,35080,11.618427752999196,0.0,18260,4668380,156.40159175999815,0.3276762499999677,37.36612151899999,339674,5309,35080,full-training Fisher cache,37.371060314999795,2333704192.0,2335215616.0,1511424.0,18087936.0,28242432.0,10154496.0,measured,264.57149509400006,2324881408,2333708288,8826880,18087936,60563968,42476032,measured,11.623106548000578,2358362112,2358374400,12288,18087936,28242432,10154496,measured,156.7379007009995,2358394880,2358407168,12288,18087936,60341248,42253312,measured,13.461510893298316,13.485026576475954,0.9772394278100754
numerical_feature_transformer,42,NF-CSE-CIC-IDS2018,ssd_canonical@alpha=1,cuda,8770,35080,26580,6793480,0,106255,106255,0,0,35080,11.805383875999723,0.0,18260,4668380,156.40159175999815,0.3276762499999677,37.36612151899999,339674,5309,35080,full-training Fisher cache,37.371060314999795,2333704192.0,2335215616.0,1511424.0,18087936.0,28242432.0,10154496.0,measured,264.57149509400006,2324881408,2333708288,8826880,18087936,60563968,42476032,measured,11.809985849999975,2358370304,2358374400,4096,18087936,28242432,10154496,measured,156.7379007009995,2358394880,2358407168,12288,18087936,60341248,42253312,measured,13.248327492167508,13.271641701501261,0.9772394278100754
numerical_feature_transformer,42,NF-CSE-CIC-IDS2018,ssd_canonical@alpha=2,cuda,8770,35080,26580,6793480,0,106255,106255,0,0,35080,11.734280163000221,0.0,18260,4668380,156.40159175999815,0.3276762499999677,37.36612151899999,339674,5309,35080,full-training Fisher cache,37.371060314999795,2333704192.0,2335215616.0,1511424.0,18087936.0,28242432.0,10154496.0,measured,264.57149509400006,2324881408,2333708288,8826880,18087936,60563968,42476032,measured,11.738872683999944,2358370304,2358374400,4096,18087936,28242432,10154496,measured,156.7379007009995,2358394880,2358407168,12288,18087936,60341248,42253312,measured,13.328605554617113,13.35204026146675,0.9772394278100754
numerical_feature_transformer,42,NF-CSE-CIC-IDS2018,ssd_canonical@alpha=3,cuda,8770,35080,26580,6793480,0,106255,106255,0,0,35080,11.719292032999874,0.0,18260,4668380,156.40159175999815,0.3276762499999677,37.36612151899999,339674,5309,35080,full-training Fisher cache,37.371060314999795,2333704192.0,2335215616.0,1511424.0,18087936.0,28242432.0,10154496.0,measured,264.57149509400006,2324881408,2333708288,8826880,18087936,60563968,42476032,measured,11.723876783000378,2358370304,2358374400,4096,18087936,28242432,10154496,measured,156.7379007009995,2358394880,2358407168,12288,18087936,60341248,42253312,measured,13.345651880642048,13.369118731123944,0.9772394278100754
numerical_feature_transformer,42,NF-CSE-CIC-IDS2018,ssd_canonical@alpha=5,cuda,8770,35080,26580,6793480,0,106255,106255,0,0,35080,11.773197270999844,0.0,18260,4668380,156.40159175999815,0.3276762499999677,37.36612151899999,339674,5309,35080,full-training Fisher cache,37.371060314999795,2333704192.0,2335215616.0,1511424.0,18087936.0,28242432.0,10154496.0,measured,264.57149509400006,2324881408,2333708288,8826880,18087936,60563968,42476032,measured,11.777968369000519,2358370304,2358374400,4096,18087936,28242432,10154496,measured,156.7379007009995,2358394880,2358407168,12288,18087936,60341248,42253312,measured,13.284546938260526,13.307719616018998,0.9772394278100754
numerical_feature_transformer,42,NF-CSE-CIC-IDS2018,dc_ssd_no_contrast,cuda,8770,35080,26580,6793480,0,0,0,0,0,140320,0.051995919000546564,0.0,18260,4668380,156.40159175999815,0.3276762499999677,37.28159811099977,339674,5310,140320,class-balanced per-domain Fisher bank,37.28175969599988,2335211520.0,2335256576.0,45056.0,18087936.0,28242432.0,10154496.0,measured,264.57149509400006,2324881408,2333708288,8826880,18087936,60563968,42476032,measured,0.05670013599956292,2358370304,2358374400,4096,18087936,18170368,82432,measured,156.7379007009995,2358394880,2358407168,12288,18087936,60341248,42253312,measured,3007.9589853648727,2764.3302425625175,1.0
numerical_feature_transformer,42,NF-CSE-CIC-IDS2018,dc_ssd_no_class_balance,cuda,8770,35080,26580,6793480,0,0,0,0,0,140320,0.05495732500003214,0.0,18260,4668380,156.40159175999815,0.3276762499999677,37.39962386299976,339674,5310,140320,empirical-weighted class-conditional per-domain Fisher bank,37.3997908020001,2335252480.0,2335264768.0,12288.0,18087936.0,28242432.0,10154496.0,measured,264.57149509400006,2324881408,2333708288,8826880,18087936,60563968,42476032,measured,0.05994923900016147,2358370304,2358374400,4096,18087936,18170368,82432,measured,156.7379007009995,2358394880,2358407168,12288,18087936,60341248,42253312,measured,2845.873443802199,2614.510264268364,1.0
numerical_feature_transformer,42,NF-CSE-CIC-IDS2018,dc_ssd,cuda,8770,35080,26580,6793480,0,0,0,0,0,140320,0.05282661999990523,0.0,18260,4668380,156.40159175999815,0.3276762499999677,37.28159811099977,339674,5310,140320,class-balanced per-domain Fisher bank,37.28175969599988,2335211520.0,2335256576.0,45056.0,18087936.0,28242432.0,10154496.0,measured,264.57149509400006,2324881408,2333708288,8826880,18087936,60563968,42476032,measured,0.05755253999996057,2358370304,2358374400,4096,18087936,18170368,82432,measured,156.7379007009995,2358394880,2358407168,12288,18087936,60341248,42253312,measured,2960.658693671462,2723.3880676874883,1.0
numerical_feature_transformer,42,NF-CSE-CIC-IDS2018,scrub_r,cuda,8770,35080,26580,6793480,12114,912767,106255,233419,342154,140320,127.77944374699928,126.79888222999944,18260,4668380,156.40159175999815,0.3276762499999677,0.0,0,0,0,none,,,,,,,,not_measured,264.57149509400006,2324881408,2333708288,8826880,18087936,60563968,42476032,measured,127.79025839299993,2358370304,2358382592,12288,18087936,46583808,28495872,measured,156.7379007009995,2358394880,2358407168,12288,18087936,60341248,42253312,measured,1.2239964987613356,1.2265246402349026,0.8044788556201509
numerical_feature_transformer,42,NF-CSE-CIC-IDS2018,scrub_r@lr=0.001,cuda,8770,35080,26580,6793480,12114,912767,106255,233419,342154,140320,127.7659549989994,126.80094963099873,18260,4668380,156.40159175999815,0.3276762499999677,0.0,0,0,0,none,,,,,,,,not_measured,264.57149509400006,2324881408,2333708288,8826880,18087936,60563968,42476032,measured,127.77630223799952,2358378496,2358398976,20480,18087936,46583808,28495872,measured,156.7379007009995,2358394880,2358407168,12288,18087936,60341248,42253312,measured,1.224125720824636,1.2266586053574733,0.8044788556201509
mlp,1337,NF-UNSW-NB15,rollback_repair,cuda,16994,67976,26580,6793480,476,121656,0,106340,0,271904,1.7583620349996636,1.7565739720002966,19040,4866240,70.09181886000079,0.15835990000050515,,0,0,271904,domain update trace; incremental tracing time not separately measured,,,,,,,,not_measured,114.4305707020003,2359705600,2359717888,12288,18087936,19344896,1256960,measured,1.791476092999801,2359713792,2359717888,4096,18087936,18989568,901632,measured,70.25547795900002,2359730176,2359734272,4096,18087936,18991616,903680,measured,39.8619951209389,39.21653112398403,0.975
mlp,1337,NF-UNSW-NB15,ssd_canonical,cuda,16994,67976,26580,6793480,0,96362,96362,0,0,67976,3.089242944000034,0.0,19040,4866240,70.09181886000079,0.15835990000050515,11.05485699699966,339674,5309,67976,full-training Fisher cache,11.057392761000301,2359713792.0,2359717888.0,4096.0,18087936.0,18436608.0,348672.0,measured,114.4305707020003,2359705600,2359717888,12288,18087936,19344896,1256960,measured,3.0915705469997192,2359713792,2359717888,4096,18087936,18454528,366592,measured,70.25547795900002,2359730176,2359734272,4096,18087936,18991616,903680,measured,22.688995372194338,22.724850327992982,0.9801978529624515
mlp,1337,NF-UNSW-NB15,ssd_canonical@alpha=1,cuda,16994,67976,26580,6793480,0,96362,96362,0,0,67976,3.0974258900005225,0.0,19040,4866240,70.09181886000079,0.15835990000050515,11.05485699699966,339674,5309,67976,full-training Fisher cache,11.057392761000301,2359713792.0,2359717888.0,4096.0,18087936.0,18436608.0,348672.0,measured,114.4305707020003,2359705600,2359717888,12288,18087936,19344896,1256960,measured,3.1001360150003165,2359713792,2359717888,4096,18087936,18454528,366592,measured,70.25547795900002,2359730176,2359734272,4096,18087936,18991616,903680,measured,22.62905436616886,22.6620630898328,0.9801978529624515
mlp,1337,NF-UNSW-NB15,ssd_canonical@alpha=2,cuda,16994,67976,26580,6793480,0,96362,96362,0,0,67976,3.067939012000352,0.0,19040,4866240,70.09181886000079,0.15835990000050515,11.05485699699966,339674,5309,67976,full-training Fisher cache,11.057392761000301,2359713792.0,2359717888.0,4096.0,18087936.0,18436608.0,348672.0,measured,114.4305707020003,2359705600,2359717888,12288,18087936,19344896,1256960,measured,3.0702852939994045,2359713792,2359717888,4096,18087936,18454528,366592,measured,70.25547795900002,2359730176,2359734272,4096,18087936,18991616,903680,measured,22.8465489652285,22.882394055141393,0.9801978529624515
mlp,1337,NF-UNSW-NB15,ssd_canonical@alpha=3,cuda,16994,67976,26580,6793480,0,96362,96362,0,0,67976,3.139972756000134,0.0,19040,4866240,70.09181886000079,0.15835990000050515,11.05485699699966,339674,5309,67976,full-training Fisher cache,11.057392761000301,2359713792.0,2359717888.0,4096.0,18087936.0,18436608.0,348672.0,measured,114.4305707020003,2359705600,2359717888,12288,18087936,19344896,1256960,measured,3.142330779999611,2359713792,2359717888,4096,18087936,18454528,366592,measured,70.25547795900002,2359730176,2359734272,4096,18087936,18991616,903680,measured,22.32242898479397,22.357760171578345,0.9801978529624515
mlp,1337,NF-UNSW-NB15,ssd_canonical@alpha=5,cuda,16994,67976,26580,6793480,0,96362,96362,0,0,67976,3.064672339000026,0.0,19040,4866240,70.09181886000079,0.15835990000050515,11.05485699699966,339674,5309,67976,full-training Fisher cache,11.057392761000301,2359713792.0,2359717888.0,4096.0,18087936.0,18436608.0,348672.0,measured,114.4305707020003,2359705600,2359717888,12288,18087936,19344896,1256960,measured,3.067060334999951,2359713792,2359717888,4096,18087936,18454528,366592,measured,70.25547795900002,2359730176,2359734272,4096,18087936,18991616,903680,measured,22.870901390675613,22.906454482579047,0.9801978529624515
mlp,1337,NF-UNSW-NB15,dc_ssd_no_contrast,cuda,16994,67976,26580,6793480,0,0,0,0,0,271904,0.019393046000004688,0.0,19040,4866240,70.09181886000079,0.15835990000050515,11.244149612999536,339674,5310,271904,class-balanced per-domain Fisher bank,11.244275385999572,2359713792.0,2359717888.0,4096.0,18087936.0,18436608.0,348672.0,measured,114.4305707020003,2359705600,2359717888,12288,18087936,19344896,1256960,measured,0.021778846000415797,2359713792,2359717888,4096,18087936,18454528,366592,measured,70.25547795900002,2359730176,2359734272,4096,18087936,18991616,903680,measured,3614.27590384635,3225.8586133378562,1.0
mlp,1337,NF-UNSW-NB15,dc_ssd_no_class_balance,cuda,16994,67976,26580,6793480,0,0,0,0,0,271904,0.018350080999880447,0.0,19040,4866240,70.09181886000079,0.15835990000050515,10.927003554999828,339674,5310,271904,empirical-weighted class-conditional per-domain Fisher bank,10.927121810999779,2359713792.0,2359717888.0,4096.0,18087936.0,18436608.0,348672.0,measured,114.4305707020003,2359705600,2359717888,12288,18087936,19344896,1256960,measured,0.020936501000505814,2359713792,2359717888,4096,18087936,18454528,366592,measured,70.25547795900002,2359730176,2359734272,4096,18087936,18991616,903680,measured,3819.700788266681,3355.6456237507255,1.0
mlp,1337,NF-UNSW-NB15,dc_ssd,cuda,16994,67976,26580,6793480,0,0,0,0,0,271904,0.02092485899993335,0.0,19040,4866240,70.09181886000079,0.15835990000050515,11.244149612999536,339674,5310,271904,class-balanced per-domain Fisher bank,11.244275385999572,2359713792.0,2359717888.0,4096.0,18087936.0,18436608.0,348672.0,measured,114.4305707020003,2359705600,2359717888,12288,18087936,19344896,1256960,measured,0.02329475399983494,2359713792,2359717888,4096,18087936,18454528,366592,measured,70.25547795900002,2359730176,2359734272,4096,18087936,18991616,903680,measured,3349.691334131525,3015.9356033336016,1.0
mlp,1337,NF-UNSW-NB15,scrub_r,cuda,16994,67976,26580,6793480,11730,922660,96362,243312,310061,271904,55.48207514299975,55.11284655000054,19040,4866240,70.09181886000079,0.15835990000050515,0.0,0,0,0,none,,,,,,,,not_measured,114.4305707020003,2359705600,2359717888,12288,18087936,19344896,1256960,measured,55.487906817000294,2359713792,2359726080,12288,18087936,19027968,940032,measured,70.25547795900002,2359730176,2359734272,4096,18087936,18991616,903680,measured,1.263323671282046,1.2661403536216158,0.810395705924903
mlp,1337,NF-UNSW-NB15,scrub_r@lr=0.001,cuda,16994,67976,26580,6793480,11730,922660,96362,243312,310061,271904,55.165180039000006,54.799201605000235,19040,4866240,70.09181886000079,0.15835990000050515,0.0,0,0,0,none,,,,,,,,not_measured,114.4305707020003,2359705600,2359717888,12288,18087936,19344896,1256960,measured,55.17094618399915,2359721984,2359734272,12288,18087936,19027968,940032,measured,70.25547795900002,2359730176,2359734272,4096,18087936,18991616,903680,measured,1.2705808049651632,1.273414411358704,0.810395705924903
mlp,1337,NF-ToN-IoT,rollback_repair,cuda,16994,67976,26580,6793480,594,151418,0,132471,0,271904,2.1770399049992193,2.1749413219995404,23700,6056680,87.27205093799694,0.18617228800030716,,0,0,271904,domain update trace; incremental tracing time not separately measured,,,,,,,,not_measured,114.4305707020003,2359705600,2359717888,12288,18087936,19344896,1256960,measured,2.21805859000051,2359762944,2360283136,520192,18087936,18989568,901632,measured,87.46356639900023,2360295424,2360307712,12288,18087936,18991616,903680,measured,40.0874833472693,39.4324869475067,0.9749998348930438
mlp,1337,NF-ToN-IoT,ssd_canonical,cuda,16994,67976,26580,6793480,0,36840,36840,0,0,67976,1.20622756100056,0.0,23700,6056680,87.27205093799694,0.18617228800030716,11.05485699699966,339674,5309,67976,full-training Fisher cache,11.057392761000301,2359713792.0,2359717888.0,4096.0,18087936.0,18436608.0,348672.0,measured,114.4305707020003,2359705600,2359717888,12288,18087936,19344896,1256960,measured,1.2087993840004856,2360279040,2360283136,4096,18087936,18454528,366592,measured,87.46356639900023,2360295424,2360307712,12288,18087936,18991616,903680,measured,72.35123268581692,72.35573376083478,0.9939174597304133
mlp,1337,NF-ToN-IoT,ssd_canonical@alpha=1,cuda,16994,67976,26580,6793480,0,36840,36840,0,0,67976,1.2031133680002313,0.0,23700,6056680,87.27205093799694,0.18617228800030716,11.05485699699966,339674,5309,67976,full-training Fisher cache,11.057392761000301,2359713792.0,2359717888.0,4096.0,18087936.0,18436608.0,348672.0,measured,114.4305707020003,2359705600,2359717888,12288,18087936,19344896,1256960,measured,1.205506181000601,2360279040,2360283136,4096,18087936,18728960,641024,measured,87.46356639900023,2360295424,2360307712,12288,18087936,18991616,903680,measured,72.53850988544595,72.55339522722582,0.9939174597304133
mlp,1337,NF-ToN-IoT,ssd_canonical@alpha=2,cuda,16994,67976,26580,6793480,0,36840,36840,0,0,67976,1.220585043999563,0.0,23700,6056680,87.27205093799694,0.18617228800030716,11.05485699699966,339674,5309,67976,full-training Fisher cache,11.057392761000301,2359713792.0,2359717888.0,4096.0,18087936.0,18436608.0,348672.0,measured,114.4305707020003,2359705600,2359717888,12288,18087936,19344896,1256960,measured,1.2229575880000993,2360279040,2360283136,4096,18087936,18704896,616960,measured,87.46356639900023,2360295424,2360307712,12288,18087936,18991616,903680,measured,71.50018048068775,71.51807001093903,0.9939174597304133
mlp,1337,NF-ToN-IoT,ssd_canonical@alpha=3,cuda,16994,67976,26580,6793480,0,36840,36840,0,0,67976,1.2477582620003886,0.0,23700,6056680,87.27205093799694,0.18617228800030716,11.05485699699966,339674,5309,67976,full-training Fisher cache,11.057392761000301,2359713792.0,2359717888.0,4096.0,18087936.0,18436608.0,348672.0,measured,114.4305707020003,2359705600,2359717888,12288,18087936,19344896,1256960,measured,1.2503032579998035,2360279040,2360283136,4096,18087936,18671104,583168,measured,87.46356639900023,2360295424,2360307712,12288,18087936,18991616,903680,measured,69.94307599140527,69.95388185976716,0.9939174597304133
mlp,1337,NF-ToN-IoT,ssd_canonical@alpha=5,cuda,16994,67976,26580,6793480,0,36840,36840,0,0,67976,1.2355044309997538,0.0,23700,6056680,87.27205093799694,0.18617228800030716,11.05485699699966,339674,5309,67976,full-training Fisher cache,11.057392761000301,2359713792.0,2359717888.0,4096.0,18087936.0,18436608.0,348672.0,measured,114.4305707020003,2359705600,2359717888,12288,18087936,19344896,1256960,measured,1.2381908010002007,2360279040,2360283136,4096,18087936,18528768,440832,measured,87.46356639900023,2360295424,2360307712,12288,18087936,18991616,903680,measured,70.63677697001665,70.63819754463356,0.9939174597304133
mlp,1337,NF-ToN-IoT,dc_ssd_no_contrast,cuda,16994,67976,26580,6793480,0,0,0,0,0,271904,0.02644882700042217,0.0,23700,6056680,87.27205093799694,0.18617228800030716,11.244149612999536,339674,5310,271904,class-balanced per-domain Fisher bank,11.244275385999572,2359713792.0,2359717888.0,4096.0,18087936.0,18436608.0,348672.0,measured,114.4305707020003,2359705600,2359717888,12288,18087936,19344896,1256960,measured,0.028818234000027587,2360279040,2360283136,4096,18087936,18521600,433664,measured,87.46356639900023,2360295424,2360307712,12288,18087936,18991616,903680,measured,3299.6567649901417,3035.0078495065486,1.0
mlp,1337,NF-ToN-IoT,dc_ssd_no_class_balance,cuda,16994,67976,26580,6793480,0,0,0,0,0,271904,0.025794249999307794,0.0,23700,6056680,87.27205093799694,0.18617228800030716,10.927003554999828,339674,5310,271904,empirical-weighted class-conditional per-domain Fisher bank,10.927121810999779,2359713792.0,2359717888.0,4096.0,18087936.0,18436608.0,348672.0,measured,114.4305707020003,2359705600,2359717888,12288,18087936,19344896,1256960,measured,0.028121227000156068,2360279040,2360283136,4096,18087936,18715648,627712,measured,87.46356639900023,2360295424,2360307712,12288,18087936,18991616,903680,measured,3383.391683818639,3110.2329353735104,1.0
mlp,1337,NF-ToN-IoT,dc_ssd,cuda,16994,67976,26580,6793480,0,0,0,0,0,271904,0.025871524999274698,0.0,23700,6056680,87.27205093799694,0.18617228800030716,11.244149612999536,339674,5310,271904,class-balanced per-domain Fisher bank,11.244275385999572,2359713792.0,2359717888.0,4096.0,18087936.0,18436608.0,348672.0,measured,114.4305707020003,2359705600,2359717888,12288,18087936,19344896,1256960,measured,0.028203826999742887,2360279040,2360283136,4096,18087936,18568192,480256,measured,87.46356639900023,2360295424,2360307712,12288,18087936,18991616,903680,measured,3373.2859172562726,3101.124056667826,1.0
mlp,1337,NF-ToN-IoT,scrub_r,cuda,16994,67976,26580,6793480,9405,982182,36840,302834,119347,271904,45.058020837000186,44.91569296700072,23700,6056680,87.27205093799694,0.18617228800030716,0.0,0,0,0,none,,,,,,,,not_measured,114.4305707020003,2359705600,2359717888,12288,18087936,19344896,1256960,measured,45.063702214999466,2360279040,2360299520,20480,18087936,19027968,940032,measured,87.46356639900023,2360295424,2360307712,12288,18087936,18991616,903680,measured,1.936881587713501,1.9408872795606207,0.8378349194608268
mlp,1337,NF-ToN-IoT,scrub_r@lr=0.001,cuda,16994,67976,26580,6793480,9405,982182,36840,302834,119347,271904,44.72403427400059,44.57560679099879,23700,6056680,87.27205093799694,0.18617228800030716,0.0,0,0,0,none,,,,,,,,not_measured,114.4305707020003,2359705600,2359717888,12288,18087936,19344896,1256960,measured,44.729814455999986,2360295424,2360299520,4096,18087936,19027968,940032,measured,87.46356639900023,2360295424,2360307712,12288,18087936,18991616,903680,measured,1.951345676987167,1.9553751220013837,0.8378349194608268
mlp,1337,NF-BoT-IoT,rollback_repair,cuda,16994,67976,26580,6793480,470,119730,0,104664,0,271904,1.7258260309990874,1.7236773170006927,18740,4789140,69.27729196700238,0.1397278219992586,,0,0,271904,domain update trace; incremental tracing time not separately measured,,,,,,,,not_measured,114.4305707020003,2359705600,2359717888,12288,18087936,19344896,1256960,measured,1.759130512999036,2360340480,2360344576,4096,18087936,18989568,901632,measured,69.42238470400116,2360348672,2360360960,12288,18087936,18991616,903680,measured,40.14152685302672,39.46403304985433,0.9749996867913655
mlp,1337,NF-BoT-IoT,ssd_canonical,cuda,16994,67976,26580,6793480,0,100217,100217,0,0,67976,3.1853488809992996,0.0,18740,4789140,69.27729196700238,0.1397278219992586,11.05485699699966,339674,5309,67976,full-training Fisher cache,11.057392761000301,2359713792.0,2359717888.0,4096.0,18087936.0,18436608.0,348672.0,measured,114.4305707020003,2359705600,2359717888,12288,18087936,19344896,1256960,measured,3.1876961390007637,2360340480,2360344576,4096,18087936,18454528,366592,measured,69.42238470400116,2360348672,2360360960,12288,18087936,18991616,903680,measured,21.748729748331016,21.778231574406824,0.9790741135151614
mlp,1337,NF-BoT-IoT,ssd_canonical@alpha=1,cuda,16994,67976,26580,6793480,0,100217,100217,0,0,67976,3.227430421000463,0.0,18740,4789140,69.27729196700238,0.1397278219992586,11.05485699699966,339674,5309,67976,full-training Fisher cache,11.057392761000301,2359713792.0,2359717888.0,4096.0,18087936.0,18436608.0,348672.0,measured,114.4305707020003,2359705600,2359717888,12288,18087936,19344896,1256960,measured,3.2298274599997967,2360340480,2360344576,4096,18087936,18454528,366592,measured,69.42238470400116,2360348672,2360360960,12288,18087936,18991616,903680,measured,21.4651542961931,21.494146533761135,0.9790741135151614
mlp,1337,NF-BoT-IoT,ssd_canonical@alpha=2,cuda,16994,67976,26580,6793480,0,100217,100217,0,0,67976,3.1797191290006594,0.0,18740,4789140,69.27729196700238,0.1397278219992586,11.05485699699966,339674,5309,67976,full-training Fisher cache,11.057392761000301,2359713792.0,2359717888.0,4096.0,18087936.0,18436608.0,348672.0,measured,114.4305707020003,2359705600,2359717888,12288,18087936,19344896,1256960,measured,3.182086206999884,2360340480,2360344576,4096,18087936,18454528,366592,measured,69.42238470400116,2360348672,2360360960,12288,18087936,18991616,903680,measured,21.787236279820494,21.81662600821037,0.9790741135151614
mlp,1337,NF-BoT-IoT,ssd_canonical@alpha=3,cuda,16994,67976,26580,6793480,0,100217,100217,0,0,67976,3.2392949940003746,0.0,18740,4789140,69.27729196700238,0.1397278219992586,11.05485699699966,339674,5309,67976,full-training Fisher cache,11.057392761000301,2359713792.0,2359717888.0,4096.0,18087936.0,18436608.0,348672.0,measured,114.4305707020003,2359705600,2359717888,12288,18087936,19344896,1256960,measured,3.241668799000763,2360340480,2360352768,12288,18087936,18454528,366592,measured,69.42238470400116,2360348672,2360360960,12288,18087936,18991616,903680,measured,21.38653382767348,21.41563158006779,0.9790741135151614
mlp,1337,NF-BoT-IoT,ssd_canonical@alpha=5,cuda,16994,67976,26580,6793480,0,100217,100217,0,0,67976,3.1931241210004373,0.0,18740,4789140,69.27729196700238,0.1397278219992586,11.05485699699966,339674,5309,67976,full-training Fisher cache,11.057392761000301,2359713792.0,2359717888.0,4096.0,18087936.0,18436608.0,348672.0,measured,114.4305707020003,2359705600,2359717888,12288,18087936,19344896,1256960,measured,3.1955142459992203,2360348672,2360352768,4096,18087936,18454528,366592,measured,69.42238470400116,2360348672,2360360960,12288,18087936,18991616,903680,measured,21.69577170877314,21.72494921307827,0.9790741135151614
mlp,1337,NF-BoT-IoT,dc_ssd_no_contrast,cuda,16994,67976,26580,6793480,0,0,0,0,0,271904,0.02614750899920182,0.0,18740,4789140,69.27729196700238,0.1397278219992586,11.244149612999536,339674,5310,271904,class-balanced per-domain Fisher bank,11.244275385999572,2359713792.0,2359717888.0,4096.0,18087936.0,18436608.0,348672.0,measured,114.4305707020003,2359705600,2359717888,12288,18087936,19344896,1256960,measured,0.02850440499969409,2360348672,2360352768,4096,18087936,18454528,366592,measured,69.42238470400116,2360348672,2360360960,12288,18087936,18991616,903680,measured,2649.4796108155906,2435.4967137446374,1.0
mlp,1337,NF-BoT-IoT,dc_ssd_no_class_balance,cuda,16994,67976,26580,6793480,0,0,0,0,0,271904,0.01721440899927984,0.0,18740,4789140,69.27729196700238,0.1397278219992586,10.927003554999828,339674,5310,271904,empirical-weighted class-conditional per-domain Fisher bank,10.927121810999779,2359713792.0,2359717888.0,4096.0,18087936.0,18436608.0,348672.0,measured,114.4305707020003,2359705600,2359717888,12288,18087936,19344896,1256960,measured,0.019607539999924484,2360348672,2360348672,0,18087936,18454528,366592,measured,69.42238470400116,2360348672,2360360960,12288,18087936,18991616,903680,measured,4024.3781805056788,3540.5963575373826,1.0
mlp,1337,NF-BoT-IoT,dc_ssd,cuda,16994,67976,26580,6793480,0,0,0,0,0,271904,0.02494671800013748,0.0,18740,4789140,69.27729196700238,0.1397278219992586,11.244149612999536,339674,5310,271904,class-balanced per-domain Fisher bank,11.244275385999572,2359713792.0,2359717888.0,4096.0,18087936.0,18436608.0,348672.0,measured,114.4305707020003,2359705600,2359717888,12288,18087936,19344896,1256960,measured,0.027272363999145455,2360348672,2360352768,4096,18087936,18454528,366592,measured,69.42238470400116,2360348672,2360360960,12288,18087936,18991616,903680,measured,2777.010265102632,2545.5213455707917,1.0
mlp,1337,NF-BoT-IoT,scrub_r,cuda,16994,67976,26580,6793480,11880,918805,100217,239457,330351,271904,56.10777245999998,55.71541103299751,18740,4789140,69.27729196700238,0.1397278219992586,0.0,0,0,0,none,,,,,,,,not_measured,114.4305707020003,2359705600,2359717888,12288,18087936,19344896,1256960,measured,56.11371005900037,2360348672,2360352768,4096,18087936,19027968,940032,measured,69.42238470400116,2360348672,2360360960,12288,18087936,18991616,903680,measured,1.2347182739502114,1.237173315238067,0.8081482270303227
mlp,1337,NF-BoT-IoT,scrub_r@lr=0.001,cuda,16994,67976,26580,6793480,11880,918805,100217,239457,330351,271904,55.99266815400006,55.60046526500082,18740,4789140,69.27729196700238,0.1397278219992586,0.0,0,0,0,none,,,,,,,,not_measured,114.4305707020003,2359705600,2359717888,12288,18087936,19344896,1256960,measured,55.99857360199894,2360348672,2360352768,4096,18087936,19027968,940032,measured,69.42238470400116,2360348672,2360360960,12288,18087936,18991616,903680,measured,1.2372564882327952,1.2397170184621102,0.8081482270303227
mlp,1337,NF-CSE-CIC-IDS2018,rollback_repair,cuda,16994,67976,26580,6793480,458,116710,0,102192,0,271904,1.678905950000626,1.6767572789995029,18260,4668380,67.21880177300045,0.15050320900081715,,0,0,271904,domain update trace; incremental tracing time not separately measured,,,,,,,,not_measured,114.4305707020003,2359705600,2359717888,12288,18087936,19344896,1256960,measured,1.7106060480000451,2361483264,2361487360,4096,18087936,18989568,901632,measured,67.37452369600032,2361491456,2361503744,12288,18087936,18991616,903680,measured,40.03726460852401,39.38634718073822,0.9749998928964652
mlp,1337,NF-CSE-CIC-IDS2018,ssd_canonical,cuda,16994,67976,26580,6793480,0,106255,106255,0,0,67976,3.4139039519996004,0.0,18260,4668380,67.21880177300045,0.15050320900081715,11.05485699699966,339674,5309,67976,full-training Fisher cache,11.057392761000301,2359713792.0,2359717888.0,4096.0,18087936.0,18436608.0,348672.0,measured,114.4305707020003,2359705600,2359717888,12288,18087936,19344896,1256960,measured,3.4162585559988656,2361483264,2361487360,4096,18087936,18454528,366592,measured,67.37452369600032,2361491456,2361503744,12288,18087936,18991616,903680,measured,19.689716734306156,19.721728490863878,0.9772394278100754
mlp,1337,NF-CSE-CIC-IDS2018,ssd_canonical@alpha=1,cuda,16994,67976,26580,6793480,0,106255,106255,0,0,67976,3.5384109129990975,0.0,18260,4668380,67.21880177300045,0.15050320900081715,11.05485699699966,339674,5309,67976,full-training Fisher cache,11.057392761000301,2359713792.0,2359717888.0,4096.0,18087936.0,18436608.0,348672.0,measured,114.4305707020003,2359705600,2359717888,12288,18087936,19344896,1256960,measured,3.5408884699991177,2361483264,2361487360,4096,18087936,18514944,427008,measured,67.37452369600032,2361491456,2361503744,12288,18087936,18991616,903680,measured,18.996889684592038,19.027575781288903,0.9772394278100754
mlp,1337,NF-CSE-CIC-IDS2018,ssd_canonical@alpha=2,cuda,16994,67976,26580,6793480,0,106255,106255,0,0,67976,3.4234536690000823,0.0,18260,4668380,67.21880177300045,0.15050320900081715,11.05485699699966,339674,5309,67976,full-training Fisher cache,11.057392761000301,2359713792.0,2359717888.0,4096.0,18087936.0,18436608.0,348672.0,measured,114.4305707020003,2359705600,2359717888,12288,18087936,19344896,1256960,measured,3.425801315001081,2361483264,2361487360,4096,18087936,18454528,366592,measured,67.37452369600032,2361491456,2361503744,12288,18087936,18991616,903680,measured,19.63479230978862,19.666792525584356,0.9772394278100754
mlp,1337,NF-CSE-CIC-IDS2018,ssd_canonical@alpha=3,cuda,16994,67976,26580,6793480,0,106255,106255,0,0,67976,3.402968991000307,0.0,18260,4668380,67.21880177300045,0.15050320900081715,11.05485699699966,339674,5309,67976,full-training Fisher cache,11.057392761000301,2359713792.0,2359717888.0,4096.0,18087936.0,18436608.0,348672.0,measured,114.4305707020003,2359705600,2359717888,12288,18087936,19344896,1256960,measured,3.40533801499987,2361483264,2361487360,4096,18087936,18454528,366592,measured,67.37452369600032,2361491456,2361503744,12288,18087936,18991616,903680,measured,19.752986862581253,19.784973884891393,0.9772394278100754
mlp,1337,NF-CSE-CIC-IDS2018,ssd_canonical@alpha=5,cuda,16994,67976,26580,6793480,0,106255,106255,0,0,67976,3.395685756999228,0.0,18260,4668380,67.21880177300045,0.15050320900081715,11.05485699699966,339674,5309,67976,full-training Fisher cache,11.057392761000301,2359713792.0,2359717888.0,4096.0,18087936.0,18436608.0,348672.0,measured,114.4305707020003,2359705600,2359717888,12288,18087936,19344896,1256960,measured,3.398206408999613,2361483264,2361487360,4096,18087936,18454528,366592,measured,67.37452369600032,2361491456,2361503744,12288,18087936,18991616,903680,measured,19.79535404135917,19.826495388146387,0.9772394278100754
mlp,1337,NF-CSE-CIC-IDS2018,dc_ssd_no_contrast,cuda,16994,67976,26580,6793480,0,0,0,0,0,271904,0.024151360999894678,0.0,18260,4668380,67.21880177300045,0.15050320900081715,11.244149612999536,339674,5310,271904,class-balanced per-domain Fisher bank,11.244275385999572,2359713792.0,2359717888.0,4096.0,18087936.0,18436608.0,348672.0,measured,114.4305707020003,2359705600,2359717888,12288,18087936,19344896,1256960,measured,0.02672325200001069,2361483264,2361487360,4096,18087936,18454528,366592,measured,67.37452369600032,2361491456,2361503744,12288,18087936,18991616,903680,measured,2783.230384958164,2521.194789315813,1.0
mlp,1337,NF-CSE-CIC-IDS2018,dc_ssd_no_class_balance,cuda,16994,67976,26580,6793480,0,0,0,0,0,271904,0.02317510300053982,0.0,18260,4668380,67.21880177300045,0.15050320900081715,10.927003554999828,339674,5310,271904,empirical-weighted class-conditional per-domain Fisher bank,10.927121810999779,2359713792.0,2359717888.0,4096.0,18087936.0,18436608.0,348672.0,measured,114.4305707020003,2359705600,2359717888,12288,18087936,19344896,1256960,measured,0.025780119000046398,2361483264,2361487360,4096,18087936,18454528,366592,measured,67.37452369600032,2361491456,2361503744,12288,18087936,18991616,903680,measured,2900.474779828798,2613.429507283464,1.0
mlp,1337,NF-CSE-CIC-IDS2018,dc_ssd,cuda,16994,67976,26580,6793480,0,0,0,0,0,271904,0.02479910399961227,0.0,18260,4668380,67.21880177300045,0.15050320900081715,11.244149612999536,339674,5310,271904,class-balanced per-domain Fisher bank,11.244275385999572,2359713792.0,2359717888.0,4096.0,18087936.0,18436608.0,348672.0,measured,114.4305707020003,2359705600,2359717888,12288,18087936,19344896,1256960,measured,0.027371363999918685,2361483264,2361487360,4096,18087936,18454528,366592,measured,67.37452369600032,2361491456,2361503744,12288,18087936,18991616,903680,measured,2710.5334843569913,2461.4967561061435,1.0
mlp,1337,NF-CSE-CIC-IDS2018,scrub_r,cuda,16994,67976,26580,6793480,12114,912767,106255,233419,342154,271904,57.267470017999585,56.85938190500201,18260,4668380,67.21880177300045,0.15050320900081715,0.0,0,0,0,none,,,,,,,,not_measured,114.4305707020003,2359705600,2359717888,12288,18087936,19344896,1256960,measured,57.27349495499948,2361483264,2361495552,12288,18087936,19027968,940032,measured,67.37452369600032,2361491456,2361503744,12288,18087936,18991616,903680,measured,1.173769362464818,1.1763648045040267,0.8044788556201509
mlp,1337,NF-CSE-CIC-IDS2018,scrub_r@lr=0.001,cuda,16994,67976,26580,6793480,12114,912767,106255,233419,342154,271904,57.330848053999944,56.9148703389983,18260,4668380,67.21880177300045,0.15050320900081715,0.0,0,0,0,none,,,,,,,,not_measured,114.4305707020003,2359705600,2359717888,12288,18087936,19344896,1256960,measured,57.33668183200098,2361491456,2361495552,4096,18087936,19027968,940032,measured,67.37452369600032,2361491456,2361503744,12288,18087936,18991616,903680,measured,1.172471785341236,1.1750684124590725,0.8044788556201509
numerical_feature_transformer,1337,NF-UNSW-NB15,rollback_repair,cuda,8770,35080,26580,6793480,476,121656,0,106340,0,140320,4.116857736999009,4.113665721999496,19040,4866240,162.61250753399872,0.34573507599998266,,0,0,140320,domain update trace; incremental tracing time not separately measured,,,,,,,,not_measured,265.46639394700105,2362781696,2362814464,32768,18087936,60563968,42476032,measured,4.151246667999658,2362826752,2362830848,4096,18087936,60339200,42251264,measured,162.96675789300025,2362855424,2362875904,20480,18087936,60341248,42253312,measured,39.49918066698496,39.25730531727913,0.975
numerical_feature_transformer,1337,NF-UNSW-NB15,ssd_canonical,cuda,8770,35080,26580,6793480,0,96362,96362,0,0,35080,10.61620933300037,0.0,19040,4866240,162.61250753399872,0.34573507599998266,37.559913689001405,339674,5309,35080,full-training Fisher cache,37.564971211999364,2362810368.0,2362814464.0,4096.0,18087936.0,28242432.0,10154496.0,measured,265.46639394700105,2362781696,2362814464,32768,18087936,60563968,42476032,measured,10.621260589001395,2362826752,2362830848,4096,18087936,28242432,10154496,measured,162.96675789300025,2362855424,2362875904,20480,18087936,60341248,42253312,measured,15.317379530989422,15.34344784476494,0.9801978529624515
numerical_feature_transformer,1337,NF-UNSW-NB15,ssd_canonical@alpha=1,cuda,8770,35080,26580,6793480,0,96362,96362,0,0,35080,10.742797242999586,0.0,19040,4866240,162.61250753399872,0.34573507599998266,37.559913689001405,339674,5309,35080,full-training Fisher cache,37.564971211999364,2362810368.0,2362814464.0,4096.0,18087936.0,28242432.0,10154496.0,measured,265.46639394700105,2362781696,2362814464,32768,18087936,60563968,42476032,measured,10.747771508000369,2362826752,2362839040,12288,18087936,28242432,10154496,measured,162.96675789300025,2362855424,2362875904,20480,18087936,60341248,42253312,measured,15.136886963026617,15.16284168971139,0.9801978529624515
numerical_feature_transformer,1337,NF-UNSW-NB15,ssd_canonical@alpha=2,cuda,8770,35080,26580,6793480,0,96362,96362,0,0,35080,10.632158026999605,0.0,19040,4866240,162.61250753399872,0.34573507599998266,37.559913689001405,339674,5309,35080,full-training Fisher cache,37.564971211999364,2362810368.0,2362814464.0,4096.0,18087936.0,28242432.0,10154496.0,measured,265.46639394700105,2362781696,2362814464,32768,18087936,60563968,42476032,measured,10.637242292999872,2362834944,2362839040,4096,18087936,28242432,10154496,measured,162.96675789300025,2362855424,2362875904,20480,18087936,60341248,42253312,measured,15.294402803368412,15.320395399872107,0.9801978529624515
numerical_feature_transformer,1337,NF-UNSW-NB15,ssd_canonical@alpha=3,cuda,8770,35080,26580,6793480,0,96362,96362,0,0,35080,10.601121626001259,0.0,19040,4866240,162.61250753399872,0.34573507599998266,37.559913689001405,339674,5309,35080,full-training Fisher cache,37.564971211999364,2362810368.0,2362814464.0,4096.0,18087936.0,28242432.0,10154496.0,measured,265.46639394700105,2362781696,2362814464,32768,18087936,60563968,42476032,measured,10.606522250000125,2362834944,2362839040,4096,18087936,28242432,10154496,measured,162.96675789300025,2362855424,2362875904,20480,18087936,60341248,42253312,measured,15.339179501078522,15.364768399274165,0.9801978529624515
numerical_feature_transformer,1337,NF-UNSW-NB15,ssd_canonical@alpha=5,cuda,8770,35080,26580,6793480,0,96362,96362,0,0,35080,10.598906760000318,0.0,19040,4866240,162.61250753399872,0.34573507599998266,37.559913689001405,339674,5309,35080,full-training Fisher cache,37.564971211999364,2362810368.0,2362814464.0,4096.0,18087936.0,28242432.0,10154496.0,measured,265.46639394700105,2362781696,2362814464,32768,18087936,60563968,42476032,measured,10.603642854999634,2362834944,2362839040,4096,18087936,28242432,10154496,measured,162.96675789300025,2362855424,2362875904,20480,18087936,60341248,42253312,measured,15.342384947444696,15.368940667042663,0.9801978529624515
numerical_feature_transformer,1337,NF-UNSW-NB15,dc_ssd_no_contrast,cuda,8770,35080,26580,6793480,0,0,0,0,0,140320,0.0422241619999113,0.0,19040,4866240,162.61250753399872,0.34573507599998266,37.43351840899959,339674,5310,140320,class-balanced per-domain Fisher bank,37.433693059998404,2362810368.0,2362830848.0,20480.0,18087936.0,28242432.0,10154496.0,measured,265.46639394700105,2362781696,2362814464,32768,18087936,60563968,42476032,measured,0.047823635999520775,2362834944,2362839040,4096,18087936,18170368,82432,measured,162.96675789300025,2362855424,2362875904,20480,18087936,60341248,42253312,measured,3851.171931709155,3407.6613893312774,1.0
numerical_feature_transformer,1337,NF-UNSW-NB15,dc_ssd_no_class_balance,cuda,8770,35080,26580,6793480,0,0,0,0,0,140320,0.0391507289987203,0.0,19040,4866240,162.61250753399872,0.34573507599998266,37.57397033000052,339674,5310,140320,empirical-weighted class-conditional per-domain Fisher bank,37.57414103700103,2362826752.0,2362830848.0,4096.0,18087936.0,28242432.0,10154496.0,measured,265.46639394700105,2362781696,2362814464,32768,18087936,60563968,42476032,measured,0.04374289099905582,2362834944,2362839040,4096,18087936,18170368,82432,measured,162.96675789300025,2362855424,2362875904,20480,18087936,60341248,42253312,measured,4153.498841345048,3725.559837746386,1.0
numerical_feature_transformer,1337,NF-UNSW-NB15,dc_ssd,cuda,8770,35080,26580,6793480,0,0,0,0,0,140320,0.042816858000151115,0.0,19040,4866240,162.61250753399872,0.34573507599998266,37.43351840899959,339674,5310,140320,class-balanced per-domain Fisher bank,37.433693059998404,2362810368.0,2362830848.0,20480.0,18087936.0,28242432.0,10154496.0,measured,265.46639394700105,2362781696,2362814464,32768,18087936,60563968,42476032,measured,0.047455530999286566,2362834944,2362839040,4096,18087936,18170368,82432,measured,162.96675789300025,2362855424,2362875904,20480,18087936,60341248,42253312,measured,3797.861756540492,3434.094076314313,1.0
numerical_feature_transformer,1337,NF-UNSW-NB15,scrub_r,cuda,8770,35080,26580,6793480,11730,922660,96362,243312,310061,140320,123.0408213519986,122.15833070100052,19040,4866240,162.61250753399872,0.34573507599998266,0.0,0,0,0,none,,,,,,,,not_measured,265.46639394700105,2362781696,2362814464,32768,18087936,60563968,42476032,measured,123.05119978100083,2362834944,2362847232,12288,18087936,46583808,28495872,measured,162.96675789300025,2362855424,2362875904,20480,18087936,60341248,42253312,measured,1.3216142882270945,1.3243817060137466,0.810395705924903
numerical_feature_transformer,1337,NF-UNSW-NB15,scrub_r@lr=0.001,cuda,8770,35080,26580,6793480,11730,922660,96362,243312,310061,140320,123.59092329600026,122.70051397600218,19040,4866240,162.61250753399872,0.34573507599998266,0.0,0,0,0,none,,,,,,,,not_measured,265.46639394700105,2362781696,2362814464,32768,18087936,60563968,42476032,measured,123.6013927439999,2362843136,2362859520,16384,18087936,46583808,28495872,measured,162.96675789300025,2362855424,2362875904,20480,18087936,60341248,42253312,measured,1.3157317964567816,1.3184864205416593,0.810395705924903
numerical_feature_transformer,1337,NF-ToN-IoT,rollback_repair,cuda,8770,35080,26580,6793480,594,151418,0,132471,0,140320,5.040283960999659,5.036714988000313,23700,6056680,203.10390533800455,0.40060145200004627,,0,0,140320,domain update trace; incremental tracing time not separately measured,,,,,,,,not_measured,265.46639394700105,2362781696,2362814464,32768,18087936,60563968,42476032,measured,5.082012159000442,2362912768,2363719680,806912,18087936,60339200,42251264,measured,203.51305529300043,2363740160,2363760640,20480,18087936,60341248,42253312,measured,40.29612357350639,40.045763159493994,0.9749998348930438
numerical_feature_transformer,1337,NF-ToN-IoT,ssd_canonical,cuda,8770,35080,26580,6793480,0,36840,36840,0,0,35080,4.102008301000751,0.0,23700,6056680,203.10390533800455,0.40060145200004627,37.559913689001405,339674,5309,35080,full-training Fisher cache,37.564971211999364,2362810368.0,2362814464.0,4096.0,18087936.0,28242432.0,10154496.0,measured,265.46639394700105,2362781696,2362814464,32768,18087936,60563968,42476032,measured,4.107257576999473,2363719680,2363723776,4096,18087936,28242432,10154496,measured,203.51305529300043,2363740160,2363760640,20480,18087936,60341248,42253312,measured,49.51328481915897,49.54962075733157,0.9939174597304133
numerical_feature_transformer,1337,NF-ToN-IoT,ssd_canonical@alpha=1,cuda,8770,35080,26580,6793480,0,36840,36840,0,0,35080,4.097783833998619,0.0,23700,6056680,203.10390533800455,0.40060145200004627,37.559913689001405,339674,5309,35080,full-training Fisher cache,37.564971211999364,2362810368.0,2362814464.0,4096.0,18087936.0,28242432.0,10154496.0,measured,265.46639394700105,2362781696,2362814464,32768,18087936,60563968,42476032,measured,4.102439837999555,2363719680,2363723776,4096,18087936,28242432,10154496,measured,203.51305529300043,2363740160,2363760640,20480,18087936,60341248,42253312,measured,49.56432880936418,49.60780982280977,0.9939174597304133
numerical_feature_transformer,1337,NF-ToN-IoT,ssd_canonical@alpha=2,cuda,8770,35080,26580,6793480,0,36840,36840,0,0,35080,4.127987481999298,0.0,23700,6056680,203.10390533800455,0.40060145200004627,37.559913689001405,339674,5309,35080,full-training Fisher cache,37.564971211999364,2362810368.0,2362814464.0,4096.0,18087936.0,28242432.0,10154496.0,measured,265.46639394700105,2362781696,2362814464,32768,18087936,60563968,42476032,measured,4.133089165999991,2363719680,2363723776,4096,18087936,28242432,10154496,measured,203.51305529300043,2363740160,2363760640,20480,18087936,60341248,42253312,measured,49.201676658097746,49.23993824453602,0.9939174597304133
numerical_feature_transformer,1337,NF-ToN-IoT,ssd_canonical@alpha=3,cuda,8770,35080,26580,6793480,0,36840,36840,0,0,35080,4.081660301000738,0.0,23700,6056680,203.10390533800455,0.40060145200004627,37.559913689001405,339674,5309,35080,full-training Fisher cache,37.564971211999364,2362810368.0,2362814464.0,4096.0,18087936.0,28242432.0,10154496.0,measured,265.46639394700105,2362781696,2362814464,32768,18087936,60563968,42476032,measured,4.086681810998925,2363719680,2363723776,4096,18087936,28242432,10154496,measured,203.51305529300043,2363740160,2363760640,20480,18087936,60341248,42253312,measured,49.76011974543979,49.799094890447286,0.9939174597304133
numerical_feature_transformer,1337,NF-ToN-IoT,ssd_canonical@alpha=5,cuda,8770,35080,26580,6793480,0,36840,36840,0,0,35080,4.100288449999425,0.0,23700,6056680,203.10390533800455,0.40060145200004627,37.559913689001405,339674,5309,35080,full-training Fisher cache,37.564971211999364,2362810368.0,2362814464.0,4096.0,18087936.0,28242432.0,10154496.0,measured,265.46639394700105,2362781696,2362814464,32768,18087936,60563968,42476032,measured,4.104888789999677,2363719680,2363723776,4096,18087936,28242432,10154496,measured,203.51305529300043,2363740160,2363760640,20480,18087936,60341248,42253312,measured,49.534052985475455,49.578214101390174,0.9939174597304133
numerical_feature_transformer,1337,NF-ToN-IoT,dc_ssd_no_contrast,cuda,8770,35080,26580,6793480,0,0,0,0,0,140320,0.05915379900034168,0.0,23700,6056680,203.10390533800455,0.40060145200004627,37.43351840899959,339674,5310,140320,class-balanced per-domain Fisher bank,37.433693059998404,2362810368.0,2362830848.0,20480.0,18087936.0,28242432.0,10154496.0,measured,265.46639394700105,2362781696,2362814464,32768,18087936,60563968,42476032,measured,0.06378925700118998,2363719680,2363723776,4096,18087936,18172928,84992,measured,203.51305529300043,2363740160,2363760640,20480,18087936,60341248,42253312,measured,3433.4887829745544,3190.397017623264,1.0
numerical_feature_transformer,1337,NF-ToN-IoT,dc_ssd_no_class_balance,cuda,8770,35080,26580,6793480,0,0,0,0,0,140320,0.05905956599963247,0.0,23700,6056680,203.10390533800455,0.40060145200004627,37.57397033000052,339674,5310,140320,empirical-weighted class-conditional per-domain Fisher bank,37.57414103700103,2362826752.0,2362830848.0,4096.0,18087936.0,28242432.0,10154496.0,measured,265.46639394700105,2362781696,2362814464,32768,18087936,60563968,42476032,measured,0.06372333999934199,2363719680,2363723776,4096,18087936,18195968,108032,measured,203.51305529300043,2363740160,2363760640,20480,18087936,60341248,42253312,measured,3438.9671156619825,3193.69724335074,1.0
numerical_feature_transformer,1337,NF-ToN-IoT,dc_ssd,cuda,8770,35080,26580,6793480,0,0,0,0,0,140320,0.05963678799889749,0.0,23700,6056680,203.10390533800455,0.40060145200004627,37.43351840899959,339674,5310,140320,class-balanced per-domain Fisher bank,37.433693059998404,2362810368.0,2362830848.0,20480.0,18087936.0,28242432.0,10154496.0,measured,265.46639394700105,2362781696,2362814464,32768,18087936,60563968,42476032,measured,0.06430503600131487,2363719680,2363723776,4096,18087936,18176512,88576,measured,203.51305529300043,2363740160,2363760640,20480,18087936,60341248,42253312,measured,3405.6814954849574,3164.807423307237,1.0
numerical_feature_transformer,1337,NF-ToN-IoT,scrub_r,cuda,8770,35080,26580,6793480,9405,982182,36840,302834,119347,140320,99.91871688100036,99.54959975999918,23700,6056680,203.10390533800455,0.40060145200004627,0.0,0,0,0,none,,,,,,,,not_measured,265.46639394700105,2362781696,2362814464,32768,18087936,60563968,42476032,measured,99.92914849100089,2363719680,2363736064,16384,18087936,46583808,28495872,measured,203.51305529300043,2363740160,2363760640,20480,18087936,60341248,42253312,measured,2.032691288258776,2.036573495983785,0.8378349194608268
numerical_feature_transformer,1337,NF-ToN-IoT,scrub_r@lr=0.001,cuda,8770,35080,26580,6793480,9405,982182,36840,302834,119347,140320,100.72493715699966,100.35729300199819,23700,6056680,203.10390533800455,0.40060145200004627,0.0,0,0,0,none,,,,,,,,not_measured,265.46639394700105,2362781696,2362814464,32768,18087936,60563968,42476032,measured,100.73563451700102,2363731968,2363744256,12288,18087936,46583808,28495872,measured,203.51305529300043,2363740160,2363760640,20480,18087936,60341248,42253312,measured,2.0164212663784253,2.020268758605514,0.8378349194608268
numerical_feature_transformer,1337,NF-BoT-IoT,rollback_repair,cuda,8770,35080,26580,6793480,470,119730,0,104664,0,140320,3.997113048000756,3.993543212000077,18740,4789140,160.9515633300034,0.2916901680000592,,0,0,140320,domain update trace; incremental tracing time not separately measured,,,,,,,,not_measured,265.46639394700105,2362781696,2362814464,32768,18087936,60563968,42476032,measured,4.032282121999742,2363805696,2363809792,4096,18087936,60339200,42251264,measured,161.25199934899865,2363830272,2363858944,28672,18087936,60341248,42253312,measured,40.26695302263389,39.990257246441985,0.9749996867913655
numerical_feature_transformer,1337,NF-BoT-IoT,ssd_canonical,cuda,8770,35080,26580,6793480,0,100217,100217,0,0,35080,11.10009901400008,0.0,18740,4789140,160.9515633300034,0.2916901680000592,37.559913689001405,339674,5309,35080,full-training Fisher cache,37.564971211999364,2362810368.0,2362814464.0,4096.0,18087936.0,28242432.0,10154496.0,measured,265.46639394700105,2362781696,2362814464,32768,18087936,60563968,42476032,measured,11.105121782000424,2363805696,2363809792,4096,18087936,28242432,10154496,measured,161.25199934899865,2363830272,2363858944,28672,18087936,60341248,42253312,measured,14.500011497825568,14.520507070022557,0.9790741135151614
numerical_feature_transformer,1337,NF-BoT-IoT,ssd_canonical@alpha=1,cuda,8770,35080,26580,6793480,0,100217,100217,0,0,35080,11.119928784999502,0.0,18740,4789140,160.9515633300034,0.2916901680000592,37.559913689001405,339674,5309,35080,full-training Fisher cache,37.564971211999364,2362810368.0,2362814464.0,4096.0,18087936.0,28242432.0,10154496.0,measured,265.46639394700105,2362781696,2362814464,32768,18087936,60563968,42476032,measured,11.124992999000824,2363805696,2363809792,4096,18087936,28242432,10154496,measured,161.25199934899865,2363830272,2363858944,28672,18087936,60341248,42253312,measured,14.47415414630379,14.494570860717062,0.9790741135151614
numerical_feature_transformer,1337,NF-BoT-IoT,ssd_canonical@alpha=2,cuda,8770,35080,26580,6793480,0,100217,100217,0,0,35080,11.109900884001036,0.0,18740,4789140,160.9515633300034,0.2916901680000592,37.559913689001405,339674,5309,35080,full-training Fisher cache,37.564971211999364,2362810368.0,2362814464.0,4096.0,18087936.0,28242432.0,10154496.0,measured,265.46639394700105,2362781696,2362814464,32768,18087936,60563968,42476032,measured,11.114953480999247,2363805696,2363817984,12288,18087936,28242432,10154496,measured,161.25199934899865,2363830272,2363858944,28672,18087936,60341248,42253312,measured,14.48721865392912,14.507662998739056,0.9790741135151614
numerical_feature_transformer,1337,NF-BoT-IoT,ssd_canonical@alpha=3,cuda,8770,35080,26580,6793480,0,100217,100217,0,0,35080,11.045030539000436,0.0,18740,4789140,160.9515633300034,0.2916901680000592,37.559913689001405,339674,5309,35080,full-training Fisher cache,37.564971211999364,2362810368.0,2362814464.0,4096.0,18087936.0,28242432.0,10154496.0,measured,265.46639394700105,2362781696,2362814464,32768,18087936,60563968,42476032,measured,11.050067232999936,2363813888,2363817984,4096,18087936,28242432,10154496,measured,161.25199934899865,2363830272,2363858944,28672,18087936,60341248,42253312,measured,14.572305867482859,14.592852328303982,0.9790741135151614
numerical_feature_transformer,1337,NF-BoT-IoT,ssd_canonical@alpha=5,cuda,8770,35080,26580,6793480,0,100217,100217,0,0,35080,11.131862497999464,0.0,18740,4789140,160.9515633300034,0.2916901680000592,37.559913689001405,339674,5309,35080,full-training Fisher cache,37.564971211999364,2362810368.0,2362814464.0,4096.0,18087936.0,28242432.0,10154496.0,measured,265.46639394700105,2362781696,2362814464,32768,18087936,60563968,42476032,measured,11.136962861999564,2363813888,2363817984,4096,18087936,28242432,10154496,measured,161.25199934899865,2363830272,2363858944,28672,18087936,60341248,42253312,measured,14.458637389648716,14.478992284261508,0.9790741135151614
numerical_feature_transformer,1337,NF-BoT-IoT,dc_ssd_no_contrast,cuda,8770,35080,26580,6793480,0,0,0,0,0,140320,0.0602905740015558,0.0,18740,4789140,160.9515633300034,0.2916901680000592,37.43351840899959,339674,5310,140320,class-balanced per-domain Fisher bank,37.433693059998404,2362810368.0,2362830848.0,20480.0,18087936.0,28242432.0,10154496.0,measured,265.46639394700105,2362781696,2362814464,32768,18087936,60563968,42476032,measured,0.06537691199991968,2363813888,2363817984,4096,18087936,18172928,84992,measured,161.25199934899865,2363830272,2363858944,28672,18087936,60341248,42253312,measured,2669.5974618826826,2466.4976429170706,1.0
numerical_feature_transformer,1337,NF-BoT-IoT,dc_ssd_no_class_balance,cuda,8770,35080,26580,6793480,0,0,0,0,0,140320,0.037403772001198377,0.0,18740,4789140,160.9515633300034,0.2916901680000592,37.57397033000052,339674,5310,140320,empirical-weighted class-conditional per-domain Fisher bank,37.57414103700103,2362826752.0,2362830848.0,4096.0,18087936.0,28242432.0,10154496.0,measured,265.46639394700105,2362781696,2362814464,32768,18087936,60563968,42476032,measured,0.04277531600018847,2363813888,2363817984,4096,18087936,18170368,82432,measured,161.25199934899865,2363830272,2363858944,28672,18087936,60341248,42253312,measured,4303.083745801004,3769.7441989274416,1.0
numerical_feature_transformer,1337,NF-BoT-IoT,dc_ssd,cuda,8770,35080,26580,6793480,0,0,0,0,0,140320,0.05937239599916211,0.0,18740,4789140,160.9515633300034,0.2916901680000592,37.43351840899959,339674,5310,140320,class-balanced per-domain Fisher bank,37.433693059998404,2362810368.0,2362830848.0,20480.0,18087936.0,28242432.0,10154496.0,measured,265.46639394700105,2362781696,2362814464,32768,18087936,60563968,42476032,measured,0.06446608499936701,2363813888,2363817984,4096,18087936,18176512,88576,measured,161.25199934899865,2363830272,2363858944,28672,18087936,60341248,42253312,measured,2710.8820626385846,2501.34624043917,1.0
numerical_feature_transformer,1337,NF-BoT-IoT,scrub_r,cuda,8770,35080,26580,6793480,11880,918805,100217,239457,330351,140320,125.20185675799985,124.2591527099994,18740,4789140,160.9515633300034,0.2916901680000592,0.0,0,0,0,none,,,,,,,,not_measured,265.46639394700105,2362781696,2362814464,32768,18087936,60563968,42476032,measured,125.21241080999971,2363813888,2363826176,12288,18087936,46583808,28495872,measured,161.25199934899865,2363830272,2363858944,28672,18087936,60341248,42253312,measured,1.285536552713459,1.287827606751269,0.8081482270303227
numerical_feature_transformer,1337,NF-BoT-IoT,scrub_r@lr=0.001,cuda,8770,35080,26580,6793480,11880,918805,100217,239457,330351,140320,125.22724685399953,124.29128230200149,18740,4789140,160.9515633300034,0.2916901680000592,0.0,0,0,0,none,,,,,,,,not_measured,265.46639394700105,2362781696,2362814464,32768,18087936,60563968,42476032,measured,125.23785507200046,2363822080,2363834368,12288,18087936,46583808,28495872,measured,161.25199934899865,2363830272,2363858944,28672,18087936,60341248,42253312,measured,1.2852759073882243,1.2875659620351476,0.8081482270303227
numerical_feature_transformer,1337,NF-CSE-CIC-IDS2018,rollback_repair,cuda,8770,35080,26580,6793480,458,116710,0,102192,0,140320,3.9598444830007793,3.956331033999959,18260,4668380,156.37429964999865,0.3199165920013911,,0,0,140320,domain update trace; incremental tracing time not separately measured,,,,,,,,not_measured,265.46639394700105,2362781696,2362814464,32768,18087936,60563968,42476032,measured,3.993799965999642,2363969536,2363973632,4096,18087936,60339200,42251264,measured,156.70272949100035,2364010496,2364030976,20480,18087936,60341248,42253312,measured,39.49001035805776,39.236499280148074,0.9749998928964652
numerical_feature_transformer,1337,NF-CSE-CIC-IDS2018,ssd_canonical,cuda,8770,35080,26580,6793480,0,106255,106255,0,0,35080,11.754083089999767,0.0,18260,4668380,156.37429964999865,0.3199165920013911,37.559913689001405,339674,5309,35080,full-training Fisher cache,37.564971211999364,2362810368.0,2362814464.0,4096.0,18087936.0,28242432.0,10154496.0,measured,265.46639394700105,2362781696,2362814464,32768,18087936,60563968,42476032,measured,11.758769236001172,2363969536,2363973632,4096,18087936,28242432,10154496,measured,156.70272949100035,2364010496,2364030976,20480,18087936,60341248,42253312,measured,13.303827993443404,13.326456735899901,0.9772394278100754
numerical_feature_transformer,1337,NF-CSE-CIC-IDS2018,ssd_canonical@alpha=1,cuda,8770,35080,26580,6793480,0,106255,106255,0,0,35080,11.824325936000605,0.0,18260,4668380,156.37429964999865,0.3199165920013911,37.559913689001405,339674,5309,35080,full-training Fisher cache,37.564971211999364,2362810368.0,2362814464.0,4096.0,18087936.0,28242432.0,10154496.0,measured,265.46639394700105,2362781696,2362814464,32768,18087936,60563968,42476032,measured,11.829156145000525,2363969536,2363973632,4096,18087936,28242432,10154496,measured,156.70272949100035,2364010496,2364030976,20480,18087936,60341248,42253312,measured,13.22479611069397,13.24716045423318,0.9772394278100754
numerical_feature_transformer,1337,NF-CSE-CIC-IDS2018,ssd_canonical@alpha=2,cuda,8770,35080,26580,6793480,0,106255,106255,0,0,35080,11.8054326879992,0.0,18260,4668380,156.37429964999865,0.3199165920013911,37.559913689001405,339674,5309,35080,full-training Fisher cache,37.564971211999364,2362810368.0,2362814464.0,4096.0,18087936.0,28242432.0,10154496.0,measured,265.46639394700105,2362781696,2362814464,32768,18087936,60563968,42476032,measured,11.81065136899997,2363969536,2363973632,4096,18087936,28242432,10154496,measured,156.70272949100035,2364010496,2364030976,20480,18087936,60341248,42253312,measured,13.245960887902124,13.267915934112334,0.9772394278100754
numerical_feature_transformer,1337,NF-CSE-CIC-IDS2018,ssd_canonical@alpha=3,cuda,8770,35080,26580,6793480,0,106255,106255,0,0,35080,11.750566755999898,0.0,18260,4668380,156.37429964999865,0.3199165920013911,37.559913689001405,339674,5309,35080,full-training Fisher cache,37.564971211999364,2362810368.0,2362814464.0,4096.0,18087936.0,28242432.0,10154496.0,measured,265.46639394700105,2362781696,2362814464,32768,18087936,60563968,42476032,measured,11.755285103999995,2363969536,2363973632,4096,18087936,28242432,10154496,measured,156.70272949100035,2364010496,2364030976,20480,18087936,60341248,42253312,measured,13.307809137814834,13.330406545195471,0.9772394278100754
numerical_feature_transformer,1337,NF-CSE-CIC-IDS2018,ssd_canonical@alpha=5,cuda,8770,35080,26580,6793480,0,106255,106255,0,0,35080,11.697211693999634,0.0,18260,4668380,156.37429964999865,0.3199165920013911,37.559913689001405,339674,5309,35080,full-training Fisher cache,37.564971211999364,2362810368.0,2362814464.0,4096.0,18087936.0,28242432.0,10154496.0,measured,265.46639394700105,2362781696,2362814464,32768,18087936,60563968,42476032,measured,11.702899337000417,2363969536,2363981824,12288,18087936,28242432,10154496,measured,156.70272949100035,2364010496,2364030976,20480,18087936,60341248,42253312,measured,13.368510696460644,13.390077533655434,0.9772394278100754
numerical_feature_transformer,1337,NF-CSE-CIC-IDS2018,dc_ssd_no_contrast,cuda,8770,35080,26580,6793480,0,0,0,0,0,140320,0.043680524999217596,0.0,18260,4668380,156.37429964999865,0.3199165920013911,37.43351840899959,339674,5310,140320,class-balanced per-domain Fisher bank,37.433693059998404,2362810368.0,2362830848.0,20480.0,18087936.0,28242432.0,10154496.0,measured,265.46639394700105,2362781696,2362814464,32768,18087936,60563968,42476032,measured,0.049482510999951046,2363977728,2363981824,4096,18087936,18170368,82432,measured,156.70272949100035,2364010496,2364030976,20480,18087936,60341248,42253312,measured,3579.954674372609,3166.8305897240216,1.0
numerical_feature_transformer,1337,NF-CSE-CIC-IDS2018,dc_ssd_no_class_balance,cuda,8770,35080,26580,6793480,0,0,0,0,0,140320,0.04679583600045589,0.0,18260,4668380,156.37429964999865,0.3199165920013911,37.57397033000052,339674,5310,140320,empirical-weighted class-conditional per-domain Fisher bank,37.57414103700103,2362826752.0,2362830848.0,4096.0,18087936.0,28242432.0,10154496.0,measured,265.46639394700105,2362781696,2362814464,32768,18087936,60563968,42476032,measured,0.051929105000454,2363977728,2363981824,4096,18087936,18170368,82432,measured,156.70272949100035,2364010496,2364030976,20480,18087936,60341248,42253312,measured,3341.628508324442,3017.62815842157,1.0
numerical_feature_transformer,1337,NF-CSE-CIC-IDS2018,dc_ssd,cuda,8770,35080,26580,6793480,0,0,0,0,0,140320,0.04683183100132737,0.0,18260,4668380,156.37429964999865,0.3199165920013911,37.43351840899959,339674,5310,140320,class-balanced per-domain Fisher bank,37.433693059998404,2362810368.0,2362830848.0,20480.0,18087936.0,28242432.0,10154496.0,measured,265.46639394700105,2362781696,2362814464,32768,18087936,60563968,42476032,measured,0.05189425099888467,2363977728,2363981824,4096,18087936,18170368,82432,measured,156.70272949100035,2364010496,2364030976,20480,18087936,60341248,42253312,measured,3339.060128688252,3019.654903476076,1.0
numerical_feature_transformer,1337,NF-CSE-CIC-IDS2018,scrub_r,cuda,8770,35080,26580,6793480,12114,912767,106255,233419,342154,140320,127.59419887500007,126.62531367600059,18260,4668380,156.37429964999865,0.3199165920013911,0.0,0,0,0,none,,,,,,,,not_measured,265.46639394700105,2362781696,2362814464,32768,18087936,60563968,42476032,measured,127.6048595150005,2363977728,2363998208,20480,18087936,46583808,28495872,measured,156.70272949100035,2364010496,2364030976,20480,18087936,60341248,42253312,measured,1.225559633813709,1.2280310490258348,0.8044788556201509
numerical_feature_transformer,1337,NF-CSE-CIC-IDS2018,scrub_r@lr=0.001,cuda,8770,35080,26580,6793480,12114,912767,106255,233419,342154,140320,127.47835803000089,126.49953271999948,18260,4668380,156.37429964999865,0.3199165920013911,0.0,0,0,0,none,,,,,,,,not_measured,265.46639394700105,2362781696,2362814464,32768,18087936,60563968,42476032,measured,127.48906845499914,2363994112,2364014592,20480,18087936,46583808,28495872,measured,156.70272949100035,2364010496,2364030976,20480,18087936,60341248,42253312,measured,1.2266733119765894,1.2291463996876955,0.8044788556201509
mlp,2026,NF-UNSW-NB15,rollback_repair,cuda,16994,67976,26580,6793480,476,121656,0,106282,0,271904,1.7613045119996968,1.7595197630016628,19040,4866240,69.75802362700233,0.1565312830007315,,0,0,271904,domain update trace; incremental tracing time not separately measured,,,,,,,,not_measured,113.58698832399932,2364313600,2364325888,12288,18087936,19344896,1256960,measured,1.795084274999681,2364321792,2364325888,4096,18087936,18989568,901632,measured,69.91966664900065,2364346368,2364358656,12288,18087936,18991616,903680,measured,39.60588481534211,38.950631801959865,0.975
mlp,2026,NF-UNSW-NB15,ssd_canonical,cuda,16994,67976,26580,6793480,0,96362,96362,0,0,67976,3.176277554999615,0.0,19040,4866240,69.75802362700233,0.1565312830007315,10.784179263999249,339674,5309,67976,full-training Fisher cache,10.786633470999732,2364321792.0,2364325888.0,4096.0,18087936.0,18436608.0,348672.0,measured,113.58698832399932,2364313600,2364325888,12288,18087936,19344896,1256960,measured,3.1786551690001943,2364321792,2364325888,4096,18087936,18454528,366592,measured,69.91966664900065,2364346368,2364358656,12288,18087936,18991616,903680,measured,21.962193926409174,21.996618988713077,0.9801978529624515
mlp,2026,NF-UNSW-NB15,ssd_canonical@alpha=1,cuda,16994,67976,26580,6793480,0,96362,96362,0,0,67976,3.184958668998661,0.0,19040,4866240,69.75802362700233,0.1565312830007315,10.784179263999249,339674,5309,67976,full-training Fisher cache,10.786633470999732,2364321792.0,2364325888.0,4096.0,18087936.0,18436608.0,348672.0,measured,113.58698832399932,2364313600,2364325888,12288,18087936,19344896,1256960,measured,3.1873356090000016,2364321792,2364325888,4096,18087936,18454528,366592,measured,69.91966664900065,2364346368,2364358656,12288,18087936,18991616,903680,measured,21.902332455991964,21.93671305010059,0.9801978529624515
mlp,2026,NF-UNSW-NB15,ssd_canonical@alpha=2,cuda,16994,67976,26580,6793480,0,96362,96362,0,0,67976,3.199692001000585,0.0,19040,4866240,69.75802362700233,0.1565312830007315,10.784179263999249,339674,5309,67976,full-training Fisher cache,10.786633470999732,2364321792.0,2364325888.0,4096.0,18087936.0,18436608.0,348672.0,measured,113.58698832399932,2364313600,2364325888,12288,18087936,19344896,1256960,measured,3.202097371000491,2364321792,2364334080,12288,18087936,18454528,366592,measured,69.91966664900065,2364346368,2364358656,12288,18087936,18991616,903680,measured,21.80148076914531,21.83558416499819,0.9801978529624515
mlp,2026,NF-UNSW-NB15,ssd_canonical@alpha=3,cuda,16994,67976,26580,6793480,0,96362,96362,0,0,67976,3.1104934300001332,0.0,19040,4866240,69.75802362700233,0.1565312830007315,10.784179263999249,339674,5309,67976,full-training Fisher cache,10.786633470999732,2364321792.0,2364325888.0,4096.0,18087936.0,18436608.0,348672.0,measured,113.58698832399932,2364313600,2364325888,12288,18087936,19344896,1256960,measured,3.112927155001671,2364329984,2364334080,4096,18087936,18454528,366592,measured,69.91966664900065,2364346368,2364358656,12288,18087936,18991616,903680,measured,22.42667448006773,22.461067402961156,0.9801978529624515
mlp,2026,NF-UNSW-NB15,ssd_canonical@alpha=5,cuda,16994,67976,26580,6793480,0,96362,96362,0,0,67976,3.0982858410006884,0.0,19040,4866240,69.75802362700233,0.1565312830007315,10.784179263999249,339674,5309,67976,full-training Fisher cache,10.786633470999732,2364321792.0,2364325888.0,4096.0,18087936.0,18436608.0,348672.0,measured,113.58698832399932,2364313600,2364325888,12288,18087936,19344896,1256960,measured,3.1007499730003474,2364329984,2364334080,4096,18087936,18454528,366592,measured,69.91966664900065,2364346368,2364358656,12288,18087936,18991616,903680,measured,22.515038058745347,22.54927590351472,0.9801978529624515
mlp,2026,NF-UNSW-NB15,dc_ssd_no_contrast,cuda,16994,67976,26580,6793480,0,0,0,0,0,271904,0.0192581599985715,0.0,19040,4866240,69.75802362700233,0.1565312830007315,10.9968763020006,339674,5310,271904,class-balanced per-domain Fisher bank,10.996999807000975,2364321792.0,2364325888.0,4096.0,18087936.0,18436608.0,348672.0,measured,113.58698832399932,2364313600,2364325888,12288,18087936,19344896,1256960,measured,0.021649690001140698,2364329984,2364334080,4096,18087936,18454528,366592,measured,69.91966664900065,2364346368,2364358656,12288,18087936,18991616,903680,measured,3622.257974395099,3229.5920470601036,1.0
mlp,2026,NF-UNSW-NB15,dc_ssd_no_class_balance,cuda,16994,67976,26580,6793480,0,0,0,0,0,271904,0.0182236330001615,0.0,19040,4866240,69.75802362700233,0.1565312830007315,10.835373767999045,339674,5310,271904,empirical-weighted class-conditional per-domain Fisher bank,10.83551291099866,2364321792.0,2364325888.0,4096.0,18087936.0,18436608.0,348672.0,measured,113.58698832399932,2364313600,2364325888,12288,18087936,19344896,1256960,measured,0.020774108999830787,2364329984,2364334080,4096,18087936,18454528,366592,measured,69.91966664900065,2364346368,2364358656,12288,18087936,18991616,903680,measured,3827.8878655196872,3365.7119373721475,1.0
mlp,2026,NF-UNSW-NB15,dc_ssd,cuda,16994,67976,26580,6793480,0,0,0,0,0,271904,0.019208616999094374,0.0,19040,4866240,69.75802362700233,0.1565312830007315,10.9968763020006,339674,5310,271904,class-balanced per-domain Fisher bank,10.996999807000975,2364321792.0,2364325888.0,4096.0,18087936.0,18436608.0,348672.0,measured,113.58698832399932,2364313600,2364325888,12288,18087936,19344896,1256960,measured,0.021590583000943298,2364329984,2364334080,4096,18087936,18454528,366592,measured,69.91966664900065,2364346368,2364358656,12288,18087936,18991616,903680,measured,3631.600527528411,3238.433471015852,1.0
mlp,2026,NF-UNSW-NB15,scrub_r,cuda,16994,67976,26580,6793480,11730,922660,96362,243312,310061,271904,55.40786311299962,55.04038540200054,19040,4866240,69.75802362700233,0.1565312830007315,0.0,0,0,0,none,,,,,,,,not_measured,113.58698832399932,2364313600,2364325888,12288,18087936,19344896,1256960,measured,55.41386448199955,2364329984,2364334080,4096,18087936,19027968,940032,measured,69.91966664900065,2364346368,2364358656,12288,18087936,18991616,903680,measured,1.2589914085792622,1.2617720727944015,0.810395705924903
mlp,2026,NF-UNSW-NB15,scrub_r@lr=0.001,cuda,16994,67976,26580,6793480,11730,922660,96362,243312,310061,271904,55.55193556000086,55.1859397579974,19040,4866240,69.75802362700233,0.1565312830007315,0.0,0,0,0,none,,,,,,,,not_measured,113.58698832399932,2364313600,2364325888,12288,18087936,19344896,1256960,measured,55.55777054999999,2364329984,2364334080,4096,18087936,19027968,940032,measured,69.91966664900065,2364346368,2364358656,12288,18087936,18991616,903680,measured,1.2557262483079041,1.2585038232604289,0.810395705924903
mlp,2026,NF-ToN-IoT,rollback_repair,cuda,16994,67976,26580,6793480,594,151418,0,132436,0,271904,2.1587517480002134,2.1566603719984414,23700,6056680,87.31811975799974,0.1913571499990212,,0,0,271904,domain update trace; incremental tracing time not separately measured,,,,,,,,not_measured,113.58698832399932,2364313600,2364325888,12288,18087936,19344896,1256960,measured,2.2000079009994806,2364379136,2364977152,598016,18087936,18989568,901632,measured,87.51467096099987,2364989440,2364993536,4096,18087936,18991616,903680,measured,40.44843036670982,39.77925302961015,0.9749998348930438
mlp,2026,NF-ToN-IoT,ssd_canonical,cuda,16994,67976,26580,6793480,0,36840,36840,0,0,67976,1.2137890049998532,0.0,23700,6056680,87.31811975799974,0.1913571499990212,10.784179263999249,339674,5309,67976,full-training Fisher cache,10.786633470999732,2364321792.0,2364325888.0,4096.0,18087936.0,18436608.0,348672.0,measured,113.58698832399932,2364313600,2364325888,12288,18087936,19344896,1256960,measured,1.2165177229999244,2364973056,2364977152,4096,18087936,18454528,366592,measured,87.51467096099987,2364989440,2364993536,4096,18087936,18991616,903680,measured,71.93846656899838,71.93867323625116,0.9939174597304133
mlp,2026,NF-ToN-IoT,ssd_canonical@alpha=1,cuda,16994,67976,26580,6793480,0,36840,36840,0,0,67976,1.1927965939994465,0.0,23700,6056680,87.31811975799974,0.1913571499990212,10.784179263999249,339674,5309,67976,full-training Fisher cache,10.786633470999732,2364321792.0,2364325888.0,4096.0,18087936.0,18436608.0,348672.0,measured,113.58698832399932,2364313600,2364325888,12288,18087936,19344896,1256960,measured,1.1955303590002586,2364973056,2364977152,4096,18087936,18729472,641536,measured,87.51467096099987,2364989440,2364993536,4096,18087936,18991616,903680,measured,73.20453478595384,73.20154632809366,0.9939174597304133
mlp,2026,NF-ToN-IoT,ssd_canonical@alpha=2,cuda,16994,67976,26580,6793480,0,36840,36840,0,0,67976,1.1940986660010822,0.0,23700,6056680,87.31811975799974,0.1913571499990212,10.784179263999249,339674,5309,67976,full-training Fisher cache,10.786633470999732,2364321792.0,2364325888.0,4096.0,18087936.0,18436608.0,348672.0,measured,113.58698832399932,2364313600,2364325888,12288,18087936,19344896,1256960,measured,1.196693514000799,2364973056,2364977152,4096,18087936,18704384,616448,measured,87.51467096099987,2364989440,2364993536,4096,18087936,18991616,903680,measured,73.12471091724727,73.13039632714299,0.9939174597304133
mlp,2026,NF-ToN-IoT,ssd_canonical@alpha=3,cuda,16994,67976,26580,6793480,0,36840,36840,0,0,67976,1.217670021998856,0.0,23700,6056680,87.31811975799974,0.1913571499990212,10.784179263999249,339674,5309,67976,full-training Fisher cache,10.786633470999732,2364321792.0,2364325888.0,4096.0,18087936.0,18436608.0,348672.0,measured,113.58698832399932,2364313600,2364325888,12288,18087936,19344896,1256960,measured,1.2201994259994535,2364973056,2364977152,4096,18087936,18661376,573440,measured,87.51467096099987,2364989440,2364993536,4096,18087936,18991616,903680,measured,71.70918079650463,71.72161295627347,0.9939174597304133
mlp,2026,NF-ToN-IoT,ssd_canonical@alpha=5,cuda,16994,67976,26580,6793480,0,36840,36840,0,0,67976,1.198008118000871,0.0,23700,6056680,87.31811975799974,0.1913571499990212,10.784179263999249,339674,5309,67976,full-training Fisher cache,10.786633470999732,2364321792.0,2364325888.0,4096.0,18087936.0,18436608.0,348672.0,measured,113.58698832399932,2364313600,2364325888,12288,18087936,19344896,1256960,measured,1.2005313839999872,2364973056,2364977152,4096,18087936,18508800,420864,measured,87.51467096099987,2364989440,2364993536,4096,18087936,18991616,903680,measured,72.88608352980815,72.89661238960231,0.9939174597304133
mlp,2026,NF-ToN-IoT,dc_ssd_no_contrast,cuda,16994,67976,26580,6793480,0,0,0,0,0,271904,0.027020858999094344,0.0,23700,6056680,87.31811975799974,0.1913571499990212,10.9968763020006,339674,5310,271904,class-balanced per-domain Fisher bank,10.996999807000975,2364321792.0,2364325888.0,4096.0,18087936.0,18436608.0,348672.0,measured,113.58698832399932,2364313600,2364325888,12288,18087936,19344896,1256960,measured,0.029572946001280798,2364973056,2364977152,4096,18087936,18535424,447488,measured,87.51467096099987,2364989440,2364993536,4096,18087936,18991616,903680,measured,3231.5079161963863,2959.2814647958858,1.0
mlp,2026,NF-ToN-IoT,dc_ssd_no_class_balance,cuda,16994,67976,26580,6793480,0,0,0,0,0,271904,0.02620292299980065,0.0,23700,6056680,87.31811975799974,0.1913571499990212,10.835373767999045,339674,5310,271904,empirical-weighted class-conditional per-domain Fisher bank,10.83551291099866,2364321792.0,2364325888.0,4096.0,18087936.0,18436608.0,348672.0,measured,113.58698832399932,2364313600,2364325888,12288,18087936,19344896,1256960,measured,0.028709242998957052,2364973056,2364977152,4096,18087936,18715648,627712,measured,87.51467096099987,2364989440,2364993536,4096,18087936,18991616,903680,measured,3332.38088585247,3048.309945482683,1.0
mlp,2026,NF-ToN-IoT,dc_ssd,cuda,16994,67976,26580,6793480,0,0,0,0,0,271904,0.025958087999242707,0.0,23700,6056680,87.31811975799974,0.1913571499990212,10.9968763020006,339674,5310,271904,class-balanced per-domain Fisher bank,10.996999807000975,2364321792.0,2364325888.0,4096.0,18087936.0,18436608.0,348672.0,measured,113.58698832399932,2364313600,2364325888,12288,18087936,19344896,1256960,measured,0.02851661600107036,2364973056,2364977152,4096,18087936,18581504,493568,measured,87.51467096099987,2364989440,2364993536,4096,18087936,18991616,903680,measured,3363.8116859973325,3068.900985927469,1.0
mlp,2026,NF-ToN-IoT,scrub_r,cuda,16994,67976,26580,6793480,9405,982182,36840,302834,119347,271904,44.92407495800035,44.78011718500056,23700,6056680,87.31811975799974,0.1913571499990212,0.0,0,0,0,none,,,,,,,,not_measured,113.58698832399932,2364313600,2364325888,12288,18087936,19344896,1256960,measured,44.93001643400021,2364973056,2364985344,12288,18087936,19027968,940032,measured,87.51467096099987,2364989440,2364993536,4096,18087936,18991616,903680,measured,1.9436820867126081,1.9477996650536338,0.8378349194608268
mlp,2026,NF-ToN-IoT,scrub_r@lr=0.001,cuda,16994,67976,26580,6793480,9405,982182,36840,302834,119347,271904,45.11819041700073,44.97268637000161,23700,6056680,87.31811975799974,0.1913571499990212,0.0,0,0,0,none,,,,,,,,not_measured,113.58698832399932,2364313600,2364325888,12288,18087936,19344896,1256960,measured,45.12400768399857,2364981248,2364993536,12288,18087936,19027968,940032,measured,87.51467096099987,2364989440,2364993536,4096,18087936,18991616,903680,measured,1.9353196338543286,1.9394259387122978,0.8378349194608268
mlp,2026,NF-BoT-IoT,rollback_repair,cuda,16994,67976,26580,6793480,470,119730,0,104709,0,271904,1.7108538989996305,1.7087718410002708,18740,4789140,68.71770666899829,0.13776166000025114,,0,0,271904,domain update trace; incremental tracing time not separately measured,,,,,,,,not_measured,113.58698832399932,2364313600,2364325888,12288,18087936,19344896,1256960,measured,1.7451108349996503,2365030400,2365034496,4096,18087936,18989568,901632,measured,68.86090894500012,2365046784,2365059072,12288,18087936,18991616,903680,measured,40.16573636660551,39.459332647495664,0.9749996867913655
mlp,2026,NF-BoT-IoT,ssd_canonical,cuda,16994,67976,26580,6793480,0,100217,100217,0,0,67976,3.2089650079997227,0.0,18740,4789140,68.71770666899829,0.13776166000025114,10.784179263999249,339674,5309,67976,full-training Fisher cache,10.786633470999732,2364321792.0,2364325888.0,4096.0,18087936.0,18436608.0,348672.0,measured,113.58698832399932,2364313600,2364325888,12288,18087936,19344896,1256960,measured,3.211471540000275,2365030400,2365034496,4096,18087936,18454528,366592,measured,68.86090894500012,2365046784,2365059072,12288,18087936,18991616,903680,measured,21.414289809234415,21.442166959073916,0.9790741135151614
mlp,2026,NF-BoT-IoT,ssd_canonical@alpha=1,cuda,16994,67976,26580,6793480,0,100217,100217,0,0,67976,3.2243247469996277,0.0,18740,4789140,68.71770666899829,0.13776166000025114,10.784179263999249,339674,5309,67976,full-training Fisher cache,10.786633470999732,2364321792.0,2364325888.0,4096.0,18087936.0,18436608.0,348672.0,measured,113.58698832399932,2364313600,2364325888,12288,18087936,19344896,1256960,measured,3.2267164980003145,2365030400,2365034496,4096,18087936,18454528,366592,measured,68.86090894500012,2365046784,2365059072,12288,18087936,18991616,903680,measured,21.312278402770396,21.34086120911928,0.9790741135151614
mlp,2026,NF-BoT-IoT,ssd_canonical@alpha=2,cuda,16994,67976,26580,6793480,0,100217,100217,0,0,67976,3.199205875000189,0.0,18740,4789140,68.71770666899829,0.13776166000025114,10.784179263999249,339674,5309,67976,full-training Fisher cache,10.786633470999732,2364321792.0,2364325888.0,4096.0,18087936.0,18436608.0,348672.0,measured,113.58698832399932,2364313600,2364325888,12288,18087936,19344896,1256960,measured,3.2017555639995408,2365030400,2365034496,4096,18087936,18454528,366592,measured,68.86090894500012,2365046784,2365059072,12288,18087936,18991616,903680,measured,21.479613802282802,21.507234880535684,0.9790741135151614
mlp,2026,NF-BoT-IoT,ssd_canonical@alpha=3,cuda,16994,67976,26580,6793480,0,100217,100217,0,0,67976,3.179810871000882,0.0,18740,4789140,68.71770666899829,0.13776166000025114,10.784179263999249,339674,5309,67976,full-training Fisher cache,10.786633470999732,2364321792.0,2364325888.0,4096.0,18087936.0,18436608.0,348672.0,measured,113.58698832399932,2364313600,2364325888,12288,18087936,19344896,1256960,measured,3.182408033999309,2365030400,2365034496,4096,18087936,18454528,366592,measured,68.86090894500012,2365046784,2365059072,12288,18087936,18991616,903680,measured,21.61062700165202,21.637988658061275,0.9790741135151614
mlp,2026,NF-BoT-IoT,ssd_canonical@alpha=5,cuda,16994,67976,26580,6793480,0,100217,100217,0,0,67976,3.23332032899998,0.0,18740,4789140,68.71770666899829,0.13776166000025114,10.784179263999249,339674,5309,67976,full-training Fisher cache,10.786633470999732,2364321792.0,2364325888.0,4096.0,18087936.0,18436608.0,348672.0,measured,113.58698832399932,2364313600,2364325888,12288,18087936,19344896,1256960,measured,3.2356798210003035,2365030400,2365042688,12288,18087936,18454528,366592,measured,68.86090894500012,2365046784,2365059072,12288,18087936,18991616,903680,measured,21.252984448420456,21.281743792472,0.9790741135151614
mlp,2026,NF-BoT-IoT,dc_ssd_no_contrast,cuda,16994,67976,26580,6793480,0,0,0,0,0,271904,0.025064716000997578,0.0,18740,4789140,68.71770666899829,0.13776166000025114,10.9968763020006,339674,5310,271904,class-balanced per-domain Fisher bank,10.996999807000975,2364321792.0,2364325888.0,4096.0,18087936.0,18436608.0,348672.0,measured,113.58698832399932,2364313600,2364325888,12288,18087936,19344896,1256960,measured,0.027472062000015285,2365038592,2365042688,4096,18087936,18454528,366592,measured,68.86090894500012,2365046784,2365059072,12288,18087936,18991616,903680,measured,2741.6112221763583,2506.5795550753273,1.0
mlp,2026,NF-BoT-IoT,dc_ssd_no_class_balance,cuda,16994,67976,26580,6793480,0,0,0,0,0,271904,0.017784124000172596,0.0,18740,4789140,68.71770666899829,0.13776166000025114,10.835373767999045,339674,5310,271904,empirical-weighted class-conditional per-domain Fisher bank,10.83551291099866,2364321792.0,2364325888.0,4096.0,18087936.0,18436608.0,348672.0,measured,113.58698832399932,2364313600,2364325888,12288,18087936,19344896,1256960,measured,0.02035296800022479,2365038592,2365042688,4096,18087936,18454528,366592,measured,68.86090894500012,2365046784,2365059072,12288,18087936,18991616,903680,measured,3863.991651673784,3383.334997836167,1.0
mlp,2026,NF-BoT-IoT,dc_ssd,cuda,16994,67976,26580,6793480,0,0,0,0,0,271904,0.025326324999696226,0.0,18740,4789140,68.71770666899829,0.13776166000025114,10.9968763020006,339674,5310,271904,class-balanced per-domain Fisher bank,10.996999807000975,2364321792.0,2364325888.0,4096.0,18087936.0,18436608.0,348672.0,measured,113.58698832399932,2364313600,2364325888,12288,18087936,19344896,1256960,measured,0.027691400000549038,2365038592,2365042688,4096,18087936,18454528,366592,measured,68.86090894500012,2365046784,2365059072,12288,18087936,18991616,903680,measured,2713.2916706163455,2486.72544340968,1.0
mlp,2026,NF-BoT-IoT,scrub_r,cuda,16994,67976,26580,6793480,11880,918805,100217,239457,330351,271904,56.17178828500073,55.7824204250046,18740,4789140,68.71770666899829,0.13776166000025114,0.0,0,0,0,none,,,,,,,,not_measured,113.58698832399932,2364313600,2364325888,12288,18087936,19344896,1256960,measured,56.17770336600006,2365038592,2365042688,4096,18087936,19027968,940032,measured,68.86090894500012,2365046784,2365059072,12288,18087936,18991616,903680,measured,1.223349100447771,1.225769385700381,0.8081482270303227
mlp,2026,NF-BoT-IoT,scrub_r@lr=0.001,cuda,16994,67976,26580,6793480,11880,918805,100217,239457,330351,271904,56.17553980299999,55.787240777995976,18740,4789140,68.71770666899829,0.13776166000025114,0.0,0,0,0,none,,,,,,,,not_measured,113.58698832399932,2364313600,2364325888,12288,18087936,19344896,1256960,measured,56.1813264249995,2365038592,2365050880,12288,18087936,19027968,940032,measured,68.86090894500012,2365046784,2365059072,12288,18087936,18991616,903680,measured,1.2232674026806325,1.2256903374634187,0.8081482270303227
mlp,2026,NF-CSE-CIC-IDS2018,rollback_repair,cuda,16994,67976,26580,6793480,458,116710,0,102011,0,271904,1.6550363950009341,1.6529887180004152,18260,4668380,67.72401284900116,0.1504347969985247,,0,0,271904,domain update trace; incremental tracing time not separately measured,,,,,,,,not_measured,113.58698832399932,2364313600,2364325888,12288,18087936,19344896,1256960,measured,1.6865147909993539,2365112320,2365116416,4096,18087936,18989568,901632,measured,67.87964349300091,2365128704,2365140992,12288,18087936,18991616,903680,measured,40.91995381706572,40.24847208886822,0.9749998928964652
mlp,2026,NF-CSE-CIC-IDS2018,ssd_canonical,cuda,16994,67976,26580,6793480,0,106255,106255,0,0,67976,3.398519986998508,0.0,18260,4668380,67.72401284900116,0.1504347969985247,10.784179263999249,339674,5309,67976,full-training Fisher cache,10.786633470999732,2364321792.0,2364325888.0,4096.0,18087936.0,18436608.0,348672.0,measured,113.58698832399932,2364313600,2364325888,12288,18087936,19344896,1256960,measured,3.4009482480014412,2365112320,2365116416,4096,18087936,18454528,366592,measured,67.87964349300091,2365128704,2365140992,12288,18087936,18991616,903680,measured,19.927501709005217,19.95903452305992,0.9772394278100754
mlp,2026,NF-CSE-CIC-IDS2018,ssd_canonical@alpha=1,cuda,16994,67976,26580,6793480,0,106255,106255,0,0,67976,3.4299437620011304,0.0,18260,4668380,67.72401284900116,0.1504347969985247,10.784179263999249,339674,5309,67976,full-training Fisher cache,10.786633470999732,2364321792.0,2364325888.0,4096.0,18087936.0,18436608.0,348672.0,measured,113.58698832399932,2364313600,2364325888,12288,18087936,19344896,1256960,measured,3.432326274998559,2365112320,2365116416,4096,18087936,18534912,446976,measured,67.87964349300091,2365128704,2365140992,12288,18087936,18991616,903680,measured,19.744933896376473,19.77657077284397,0.9772394278100754
mlp,2026,NF-CSE-CIC-IDS2018,ssd_canonical@alpha=2,cuda,16994,67976,26580,6793480,0,106255,106255,0,0,67976,3.4068223419999413,0.0,18260,4668380,67.72401284900116,0.1504347969985247,10.784179263999249,339674,5309,67976,full-training Fisher cache,10.786633470999732,2364321792.0,2364325888.0,4096.0,18087936.0,18436608.0,348672.0,measured,113.58698832399932,2364313600,2364325888,12288,18087936,19344896,1256960,measured,3.409188557001471,2365112320,2365116416,4096,18087936,18454528,366592,measured,67.87964349300091,2365128704,2365140992,12288,18087936,18991616,903680,measured,19.878938802909353,19.91079177876392,0.9772394278100754
mlp,2026,NF-CSE-CIC-IDS2018,ssd_canonical@alpha=3,cuda,16994,67976,26580,6793480,0,106255,106255,0,0,67976,3.3978846699992573,0.0,18260,4668380,67.72401284900116,0.1504347969985247,10.784179263999249,339674,5309,67976,full-training Fisher cache,10.786633470999732,2364321792.0,2364325888.0,4096.0,18087936.0,18436608.0,348672.0,measured,113.58698832399932,2364313600,2364325888,12288,18087936,19344896,1256960,measured,3.4002153929995984,2365112320,2365116416,4096,18087936,18454528,366592,measured,67.87964349300091,2365128704,2365140992,12288,18087936,18991616,903680,measured,19.931227639052256,19.963336332384202,0.9772394278100754
mlp,2026,NF-CSE-CIC-IDS2018,ssd_canonical@alpha=5,cuda,16994,67976,26580,6793480,0,106255,106255,0,0,67976,3.449315153999123,0.0,18260,4668380,67.72401284900116,0.1504347969985247,10.784179263999249,339674,5309,67976,full-training Fisher cache,10.786633470999732,2364321792.0,2364325888.0,4096.0,18087936.0,18436608.0,348672.0,measured,113.58698832399932,2364313600,2364325888,12288,18087936,19344896,1256960,measured,3.4517032940002537,2365112320,2365116416,4096,18087936,18454528,366592,measured,67.87964349300091,2365128704,2365140992,12288,18087936,18991616,903680,measured,19.634046129557685,19.66554993616897,0.9772394278100754
mlp,2026,NF-CSE-CIC-IDS2018,dc_ssd_no_contrast,cuda,16994,67976,26580,6793480,0,0,0,0,0,271904,0.024265826999908313,0.0,18260,4668380,67.72401284900116,0.1504347969985247,10.9968763020006,339674,5310,271904,class-balanced per-domain Fisher bank,10.996999807000975,2364321792.0,2364325888.0,4096.0,18087936.0,18436608.0,348672.0,measured,113.58698832399932,2364313600,2364325888,12288,18087936,19344896,1256960,measured,0.02666393999970751,2365112320,2365116416,4096,18087936,18454528,366592,measured,67.87964349300091,2365128704,2365140992,12288,18087936,18991616,903680,measured,2790.921275803089,2545.7469336394215,1.0
mlp,2026,NF-CSE-CIC-IDS2018,dc_ssd_no_class_balance,cuda,16994,67976,26580,6793480,0,0,0,0,0,271904,0.027046822000556858,0.0,18260,4668380,67.72401284900116,0.1504347969985247,10.835373767999045,339674,5310,271904,empirical-weighted class-conditional per-domain Fisher bank,10.83551291099866,2364321792.0,2364325888.0,4096.0,18087936.0,18436608.0,348672.0,measured,113.58698832399932,2364313600,2364325888,12288,18087936,19344896,1256960,measured,0.029534260000218637,2365112320,2365116416,4096,18087936,18454528,366592,measured,67.87964349300091,2365128704,2365140992,12288,18087936,18991616,903680,measured,2503.9545439980643,2298.335678378209,1.0
mlp,2026,NF-CSE-CIC-IDS2018,dc_ssd,cuda,16994,67976,26580,6793480,0,0,0,0,0,271904,0.024824035999699845,0.0,18260,4668380,67.72401284900116,0.1504347969985247,10.9968763020006,339674,5310,271904,class-balanced per-domain Fisher bank,10.996999807000975,2364321792.0,2364325888.0,4096.0,18087936.0,18436608.0,348672.0,measured,113.58698832399932,2364313600,2364325888,12288,18087936,19344896,1256960,measured,0.02719303400044737,2365112320,2365116416,4096,18087936,18454528,366592,measured,67.87964349300091,2365128704,2365140992,12288,18087936,18991616,903680,measured,2728.1628519157816,2496.214416231899,1.0
mlp,2026,NF-CSE-CIC-IDS2018,scrub_r,cuda,16994,67976,26580,6793480,12114,912767,106255,233419,342154,271904,57.5534976910003,57.149397387000135,18260,4668380,67.72401284900116,0.1504347969985247,0.0,0,0,0,none,,,,,,,,not_measured,113.58698832399932,2364313600,2364325888,12288,18087936,19344896,1256960,measured,57.55944077999993,2365112320,2365124608,12288,18087936,19027968,940032,measured,67.87964349300091,2365128704,2365140992,12288,18087936,18991616,903680,measured,1.1767141106280883,1.179296438136816,0.8044788556201509
mlp,2026,NF-CSE-CIC-IDS2018,scrub_r@lr=0.001,cuda,16994,67976,26580,6793480,12114,912767,106255,233419,342154,271904,57.253947254001105,56.848922606001,18260,4668380,67.72401284900116,0.1504347969985247,0.0,0,0,0,none,,,,,,,,not_measured,113.58698832399932,2364313600,2364325888,12288,18087936,19344896,1256960,measured,57.25999441900058,2365120512,2365132800,12288,18087936,19027968,940032,measured,67.87964349300091,2365128704,2365140992,12288,18087936,18991616,903680,measured,1.1828706333303223,1.1854636763722146,0.8044788556201509
numerical_feature_transformer,2026,NF-UNSW-NB15,rollback_repair,cuda,8770,35080,26580,6793480,476,121656,0,106282,0,140320,4.085183350000079,4.081962398000542,19040,4866240,163.16198281000106,0.33899259099780465,,0,0,140320,domain update trace; incremental tracing time not separately measured,,,,,,,,not_measured,267.9727018329995,2366140416,2366160896,20480,18087936,60563968,42476032,measured,4.120524857000419,2366164992,2366169088,4096,18087936,60339200,42251264,measured,163.50963113699981,2366193664,2366205952,12288,18087936,60341248,42253312,measured,39.93994120484161,39.68174851784014,0.975
numerical_feature_transformer,2026,NF-UNSW-NB15,ssd_canonical,cuda,8770,35080,26580,6793480,0,96362,96362,0,0,35080,10.579221800000596,0.0,19040,4866240,163.16198281000106,0.33899259099780465,37.58577301400146,339674,5309,35080,full-training Fisher cache,37.59096689599937,2366156800.0,2366169088.0,12288.0,18087936.0,28242432.0,10154496.0,measured,267.9727018329995,2366140416,2366160896,20480,18087936,60563968,42476032,measured,10.583967824000865,2366164992,2366181376,16384,18087936,28242432,10154496,measured,163.50963113699981,2366193664,2366205952,12288,18087936,60341248,42253312,measured,15.422871917667127,15.448802741653767,0.9801978529624515
numerical_feature_transformer,2026,NF-UNSW-NB15,ssd_canonical@alpha=1,cuda,8770,35080,26580,6793480,0,96362,96362,0,0,35080,10.549560094001208,0.0,19040,4866240,163.16198281000106,0.33899259099780465,37.58577301400146,339674,5309,35080,full-training Fisher cache,37.59096689599937,2366156800.0,2366169088.0,12288.0,18087936.0,28242432.0,10154496.0,measured,267.9727018329995,2366140416,2366160896,20480,18087936,60563968,42476032,measured,10.554724109000745,2366177280,2366181376,4096,18087936,28242432,10154496,measured,163.50963113699981,2366193664,2366205952,12288,18087936,60341248,42253312,measured,15.466235687190387,15.49160636018556,0.9801978529624515
numerical_feature_transformer,2026,NF-UNSW-NB15,ssd_canonical@alpha=2,cuda,8770,35080,26580,6793480,0,96362,96362,0,0,35080,10.628807973000221,0.0,19040,4866240,163.16198281000106,0.33899259099780465,37.58577301400146,339674,5309,35080,full-training Fisher cache,37.59096689599937,2366156800.0,2366169088.0,12288.0,18087936.0,28242432.0,10154496.0,measured,267.9727018329995,2366140416,2366160896,20480,18087936,60563968,42476032,measured,10.633897416999389,2366177280,2366181376,4096,18087936,28242432,10154496,measured,163.50963113699981,2366193664,2366205952,12288,18087936,60341248,42253312,measured,15.35092018074581,15.37626560846945,0.9801978529624515
numerical_feature_transformer,2026,NF-UNSW-NB15,ssd_canonical@alpha=3,cuda,8770,35080,26580,6793480,0,96362,96362,0,0,35080,10.65398574199935,0.0,19040,4866240,163.16198281000106,0.33899259099780465,37.58577301400146,339674,5309,35080,full-training Fisher cache,37.59096689599937,2366156800.0,2366169088.0,12288.0,18087936.0,28242432.0,10154496.0,measured,267.9727018329995,2366140416,2366160896,20480,18087936,60563968,42476032,measured,10.658678765999866,2366177280,2366181376,4096,18087936,28242432,10154496,measured,163.50963113699981,2366193664,2366205952,12288,18087936,60341248,42253312,measured,15.314642497295265,15.340515905083791,0.9801978529624515
numerical_feature_transformer,2026,NF-UNSW-NB15,ssd_canonical@alpha=5,cuda,8770,35080,26580,6793480,0,96362,96362,0,0,35080,10.623784770001294,0.0,19040,4866240,163.16198281000106,0.33899259099780465,37.58577301400146,339674,5309,35080,full-training Fisher cache,37.59096689599937,2366156800.0,2366169088.0,12288.0,18087936.0,28242432.0,10154496.0,measured,267.9727018329995,2366140416,2366160896,20480,18087936,60563968,42476032,measured,10.628426672001297,2366177280,2366181376,4096,18087936,28242432,10154496,measured,163.50963113699981,2366193664,2366205952,12288,18087936,60341248,42253312,measured,15.358178496869266,15.384180197407478,0.9801978529624515
numerical_feature_transformer,2026,NF-UNSW-NB15,dc_ssd_no_contrast,cuda,8770,35080,26580,6793480,0,0,0,0,0,140320,0.0435377840003639,0.0,19040,4866240,163.16198281000106,0.33899259099780465,37.67827979499998,339674,5310,140320,class-balanced per-domain Fisher bank,37.67847137199897,2366164992.0,2366169088.0,4096.0,18087936.0,28242432.0,10154496.0,measured,267.9727018329995,2366140416,2366160896,20480,18087936,60563968,42476032,measured,0.04820258099971397,2366177280,2366181376,4096,18087936,18170368,82432,measured,163.50963113699981,2366193664,2366205952,12288,18087936,60341248,42253312,measured,3747.59502708354,3392.1343576596046,1.0
numerical_feature_transformer,2026,NF-UNSW-NB15,dc_ssd_no_class_balance,cuda,8770,35080,26580,6793480,0,0,0,0,0,140320,0.044155363999379915,0.0,19040,4866240,163.16198281000106,0.33899259099780465,37.5200801409992,339674,5310,140320,empirical-weighted class-conditional per-domain Fisher bank,37.520249127999705,2366164992.0,2366169088.0,4096.0,18087936.0,28242432.0,10154496.0,measured,267.9727018329995,2366140416,2366160896,20480,18087936,60563968,42476032,measured,0.04919695999888063,2366177280,2366181376,4096,18087936,18170368,82432,measured,163.50963113699981,2366193664,2366205952,12288,18087936,60341248,42253312,measured,3695.1792043270752,3323.571845510782,1.0
numerical_feature_transformer,2026,NF-UNSW-NB15,dc_ssd,cuda,8770,35080,26580,6793480,0,0,0,0,0,140320,0.04557828499855532,0.0,19040,4866240,163.16198281000106,0.33899259099780465,37.67827979499998,339674,5310,140320,class-balanced per-domain Fisher bank,37.67847137199897,2366164992.0,2366169088.0,4096.0,18087936.0,28242432.0,10154496.0,measured,267.9727018329995,2366140416,2366160896,20480,18087936,60563968,42476032,measured,0.05047304900108429,2366177280,2366181376,4096,18087936,18170368,82432,measured,163.50963113699981,2366193664,2366205952,12288,18087936,60341248,42253312,measured,3579.8183897260014,3239.543367659188,1.0
numerical_feature_transformer,2026,NF-UNSW-NB15,scrub_r,cuda,8770,35080,26580,6793480,11730,922660,96362,243312,310061,140320,124.02483196400135,123.14320699599921,19040,4866240,163.16198281000106,0.33899259099780465,0.0,0,0,0,none,,,,,,,,not_measured,267.9727018329995,2366140416,2366160896,20480,18087936,60563968,42476032,measured,124.03578023900081,2366177280,2366189568,12288,18087936,46583808,28495872,measured,163.50963113699981,2366193664,2366205952,12288,18087936,60341248,42253312,measured,1.315558991100745,1.3182456773516322,0.810395705924903
numerical_feature_transformer,2026,NF-UNSW-NB15,scrub_r@lr=0.001,cuda,8770,35080,26580,6793480,11730,922660,96362,243312,310061,140320,123.9159420069991,123.02387557600377,19040,4866240,163.16198281000106,0.33899259099780465,0.0,0,0,0,none,,,,,,,,not_measured,267.9727018329995,2366140416,2366160896,20480,18087936,60563968,42476032,measured,123.92684639199797,2366185472,2366197760,12288,18087936,46583808,28495872,measured,163.50963113699981,2366193664,2366205952,12288,18087936,60341248,42253312,measured,1.3167150260681166,1.3194044381618164,0.810395705924903
numerical_feature_transformer,2026,NF-ToN-IoT,rollback_repair,cuda,8770,35080,26580,6793480,594,151418,0,132436,0,140320,5.14627935200042,5.142745074001141,23700,6056680,203.89136354001312,0.40215290099877166,,0,0,140320,domain update trace; incremental tracing time not separately measured,,,,,,,,not_measured,267.9727018329995,2366140416,2366160896,20480,18087936,60563968,42476032,measured,5.18916474100115,2366218240,2366955520,737280,18087936,60339200,42251264,measured,204.3021121439997,2366955520,2366959616,4096,18087936,60341248,42253312,measured,39.619179137789736,39.37090501863379,0.9749998348930438
numerical_feature_transformer,2026,NF-ToN-IoT,ssd_canonical,cuda,8770,35080,26580,6793480,0,36840,36840,0,0,35080,4.086369617001765,0.0,23700,6056680,203.89136354001312,0.40215290099877166,37.58577301400146,339674,5309,35080,full-training Fisher cache,37.59096689599937,2366156800.0,2366169088.0,12288.0,18087936.0,28242432.0,10154496.0,measured,267.9727018329995,2366140416,2366160896,20480,18087936,60563968,42476032,measured,4.0910214639989135,2366955520,2366959616,4096,18087936,28242432,10154496,measured,204.3021121439997,2366955520,2366959616,4096,18087936,60341248,42253312,measured,49.89547756319006,49.93914452462867,0.9939174597304133
numerical_feature_transformer,2026,NF-ToN-IoT,ssd_canonical@alpha=1,cuda,8770,35080,26580,6793480,0,36840,36840,0,0,35080,4.1546313099970575,0.0,23700,6056680,203.89136354001312,0.40215290099877166,37.58577301400146,339674,5309,35080,full-training Fisher cache,37.59096689599937,2366156800.0,2366169088.0,12288.0,18087936.0,28242432.0,10154496.0,measured,267.9727018329995,2366140416,2366160896,20480,18087936,60563968,42476032,measured,4.159354716997768,2366955520,2366959616,4096,18087936,28242432,10154496,measured,204.3021121439997,2366955520,2366959616,4096,18087936,60341248,42253312,measured,49.07568164939226,49.11870375207273,0.9939174597304133
numerical_feature_transformer,2026,NF-ToN-IoT,ssd_canonical@alpha=2,cuda,8770,35080,26580,6793480,0,36840,36840,0,0,35080,4.122421050000412,0.0,23700,6056680,203.89136354001312,0.40215290099877166,37.58577301400146,339674,5309,35080,full-training Fisher cache,37.59096689599937,2366156800.0,2366169088.0,12288.0,18087936.0,28242432.0,10154496.0,measured,267.9727018329995,2366140416,2366160896,20480,18087936,60563968,42476032,measured,4.1271322700013116,2366955520,2366959616,4096,18087936,28242432,10154496,measured,204.3021121439997,2366955520,2366959616,4096,18087936,60341248,42253312,measured,49.459131191849686,49.50219638682304,0.9939174597304133
numerical_feature_transformer,2026,NF-ToN-IoT,ssd_canonical@alpha=3,cuda,8770,35080,26580,6793480,0,36840,36840,0,0,35080,4.124956439998641,0.0,23700,6056680,203.89136354001312,0.40215290099877166,37.58577301400146,339674,5309,35080,full-training Fisher cache,37.59096689599937,2366156800.0,2366169088.0,12288.0,18087936.0,28242432.0,10154496.0,measured,267.9727018329995,2366140416,2366160896,20480,18087936,60563968,42476032,measured,4.12961631899816,2366955520,2366959616,4096,18087936,28242432,10154496,measured,204.3021121439997,2366955520,2366959616,4096,18087936,60341248,42253312,measured,49.428731310452406,49.4724197994169,0.9939174597304133
numerical_feature_transformer,2026,NF-ToN-IoT,ssd_canonical@alpha=5,cuda,8770,35080,26580,6793480,0,36840,36840,0,0,35080,4.178465740998945,0.0,23700,6056680,203.89136354001312,0.40215290099877166,37.58577301400146,339674,5309,35080,full-training Fisher cache,37.59096689599937,2366156800.0,2366169088.0,12288.0,18087936.0,28242432.0,10154496.0,measured,267.9727018329995,2366140416,2366160896,20480,18087936,60563968,42476032,measured,4.183553725997626,2366955520,2366959616,4096,18087936,28242432,10154496,measured,204.3021121439997,2366955520,2366959616,4096,18087936,60341248,42253312,measured,48.795748530241355,48.83458550428465,0.9939174597304133
numerical_feature_transformer,2026,NF-ToN-IoT,dc_ssd_no_contrast,cuda,8770,35080,26580,6793480,0,0,0,0,0,140320,0.05923431100018206,0.0,23700,6056680,203.89136354001312,0.40215290099877166,37.67827979499998,339674,5310,140320,class-balanced per-domain Fisher bank,37.67847137199897,2366164992.0,2366169088.0,4096.0,18087936.0,28242432.0,10154496.0,measured,267.9727018329995,2366140416,2366160896,20480,18087936,60563968,42476032,measured,0.06440665199988871,2366955520,2366959616,4096,18087936,18170368,82432,measured,204.3021121439997,2366955520,2366959616,4096,18087936,60341248,42253312,measured,3442.1158969737394,3172.065396977205,1.0
numerical_feature_transformer,2026,NF-ToN-IoT,dc_ssd_no_class_balance,cuda,8770,35080,26580,6793480,0,0,0,0,0,140320,0.05971973900159355,0.0,23700,6056680,203.89136354001312,0.40215290099877166,37.5200801409992,339674,5310,140320,empirical-weighted class-conditional per-domain Fisher bank,37.520249127999705,2366164992.0,2366169088.0,4096.0,18087936.0,28242432.0,10154496.0,measured,267.9727018329995,2366140416,2366160896,20480,18087936,60563968,42476032,measured,0.0648160180026025,2366955520,2366959616,4096,18087936,18195456,107520,measured,204.3021121439997,2366955520,2366959616,4096,18087936,60341248,42253312,measured,3414.1368825234235,3152.031217588784,1.0
numerical_feature_transformer,2026,NF-ToN-IoT,dc_ssd,cuda,8770,35080,26580,6793480,0,0,0,0,0,140320,0.05940884000301594,0.0,23700,6056680,203.89136354001312,0.40215290099877166,37.67827979499998,339674,5310,140320,class-balanced per-domain Fisher bank,37.67847137199897,2366164992.0,2366169088.0,4096.0,18087936.0,28242432.0,10154496.0,measured,267.9727018329995,2366140416,2366160896,20480,18087936,60563968,42476032,measured,0.06461565700010397,2366955520,2366959616,4096,18087936,18172928,84992,measured,204.3021121439997,2366955520,2366959616,4096,18087936,60341248,42253312,measured,3432.003781418092,3161.8050737094723,1.0
numerical_feature_transformer,2026,NF-ToN-IoT,scrub_r,cuda,8770,35080,26580,6793480,9405,982182,36840,302834,119347,140320,100.30279168999914,99.93131146200176,23700,6056680,203.89136354001312,0.40215290099877166,0.0,0,0,0,none,,,,,,,,not_measured,267.9727018329995,2366140416,2366160896,20480,18087936,60563968,42476032,measured,100.31332417300291,2366955520,2366959616,4096,18087936,46583808,28495872,measured,204.3021121439997,2366955520,2366959616,4096,18087936,60341248,42253312,measured,2.0327586112475315,2.036639836515188,0.8378349194608268
numerical_feature_transformer,2026,NF-ToN-IoT,scrub_r@lr=0.001,cuda,8770,35080,26580,6793480,9405,982182,36840,302834,119347,140320,100.60210496000218,100.24000762200012,23700,6056680,203.89136354001312,0.40215290099877166,0.0,0,0,0,none,,,,,,,,not_measured,267.9727018329995,2366140416,2366160896,20480,18087936,60563968,42476032,measured,100.61272287300017,2366955520,2366959616,4096,18087936,46583808,28495872,measured,204.3021121439997,2366955520,2366959616,4096,18087936,60341248,42253312,measured,2.0267107096921793,2.030579297629018,0.8378349194608268
numerical_feature_transformer,2026,NF-BoT-IoT,rollback_repair,cuda,8770,35080,26580,6793480,470,119730,0,104709,0,140320,4.018134407000616,4.014646793999418,18740,4789140,160.50155279799947,0.2909562300010293,,0,0,140320,domain update trace; incremental tracing time not separately measured,,,,,,,,not_measured,267.9727018329995,2366140416,2366160896,20480,18087936,60563968,42476032,measured,4.054268054998829,2368524288,2368528384,4096,18087936,60339200,42251264,measured,160.80154759500147,2368524288,2368528384,4096,18087936,60341248,42253312,measured,39.94429666622519,39.662288090876594,0.9749996867913655
numerical_feature_transformer,2026,NF-BoT-IoT,ssd_canonical,cuda,8770,35080,26580,6793480,0,100217,100217,0,0,35080,11.048056485000416,0.0,18740,4789140,160.50155279799947,0.2909562300010293,37.58577301400146,339674,5309,35080,full-training Fisher cache,37.59096689599937,2366156800.0,2366169088.0,12288.0,18087936.0,28242432.0,10154496.0,measured,267.9727018329995,2366140416,2366160896,20480,18087936,60563968,42476032,measured,11.053129842999624,2368524288,2368528384,4096,18087936,28242432,10154496,measured,160.80154759500147,2368524288,2368528384,4096,18087936,60341248,42253312,measured,14.52758256765859,14.54805560769227,0.9790741135151614
numerical_feature_transformer,2026,NF-BoT-IoT,ssd_canonical@alpha=1,cuda,8770,35080,26580,6793480,0,100217,100217,0,0,35080,11.091424081001605,0.0,18740,4789140,160.50155279799947,0.2909562300010293,37.58577301400146,339674,5309,35080,full-training Fisher cache,37.59096689599937,2366156800.0,2366169088.0,12288.0,18087936.0,28242432.0,10154496.0,measured,267.9727018329995,2366140416,2366160896,20480,18087936,60563968,42476032,measured,11.09650845899887,2368524288,2368528384,4096,18087936,28242432,10154496,measured,160.80154759500147,2368524288,2368528384,4096,18087936,60341248,42253312,measured,14.470779552367945,14.491184158436539,0.9790741135151614
numerical_feature_transformer,2026,NF-BoT-IoT,ssd_canonical@alpha=2,cuda,8770,35080,26580,6793480,0,100217,100217,0,0,35080,11.077077111996914,0.0,18740,4789140,160.50155279799947,0.2909562300010293,37.58577301400146,339674,5309,35080,full-training Fisher cache,37.59096689599937,2366156800.0,2366169088.0,12288.0,18087936.0,28242432.0,10154496.0,measured,267.9727018329995,2366140416,2366160896,20480,18087936,60563968,42476032,measured,11.081735454001318,2368524288,2368528384,4096,18087936,28242432,10154496,measured,160.80154759500147,2368524288,2368528384,4096,18087936,60341248,42253312,measured,14.48952202600178,14.510502282107838,0.9790741135151614
numerical_feature_transformer,2026,NF-BoT-IoT,ssd_canonical@alpha=3,cuda,8770,35080,26580,6793480,0,100217,100217,0,0,35080,11.052042100996914,0.0,18740,4789140,160.50155279799947,0.2909562300010293,37.58577301400146,339674,5309,35080,full-training Fisher cache,37.59096689599937,2366156800.0,2366169088.0,12288.0,18087936.0,28242432.0,10154496.0,measured,267.9727018329995,2366140416,2366160896,20480,18087936,60563968,42476032,measured,11.056685613999434,2368524288,2368528384,4096,18087936,28242432,10154496,measured,160.80154759500147,2368524288,2368528384,4096,18087936,60341248,42253312,measured,14.522343593273314,14.543377030762493,0.9790741135151614
numerical_feature_transformer,2026,NF-BoT-IoT,ssd_canonical@alpha=5,cuda,8770,35080,26580,6793480,0,100217,100217,0,0,35080,11.144729818999622,0.0,18740,4789140,160.50155279799947,0.2909562300010293,37.58577301400146,339674,5309,35080,full-training Fisher cache,37.59096689599937,2366156800.0,2366169088.0,12288.0,18087936.0,28242432.0,10154496.0,measured,267.9727018329995,2366140416,2366160896,20480,18087936,60563968,42476032,measured,11.149393056999543,2368524288,2368528384,4096,18087936,28242432,10154496,measured,160.80154759500147,2368524288,2368528384,4096,18087936,60341248,42253312,measured,14.401565170684997,14.422448538044044,0.9790741135151614
numerical_feature_transformer,2026,NF-BoT-IoT,dc_ssd_no_contrast,cuda,8770,35080,26580,6793480,0,0,0,0,0,140320,0.058814133997657336,0.0,18740,4789140,160.50155279799947,0.2909562300010293,37.67827979499998,339674,5310,140320,class-balanced per-domain Fisher bank,37.67847137199897,2366164992.0,2366169088.0,4096.0,18087936.0,28242432.0,10154496.0,measured,267.9727018329995,2366140416,2366160896,20480,18087936,60563968,42476032,measured,0.06437035999988439,2368524288,2368528384,4096,18087936,18172928,84992,measured,160.80154759500147,2368524288,2368528384,4096,18087936,60341248,42253312,measured,2728.962272986839,2498.0681729182543,1.0
numerical_feature_transformer,2026,NF-BoT-IoT,dc_ssd_no_class_balance,cuda,8770,35080,26580,6793480,0,0,0,0,0,140320,0.03724638200219488,0.0,18740,4789140,160.50155279799947,0.2909562300010293,37.5200801409992,339674,5310,140320,empirical-weighted class-conditional per-domain Fisher bank,37.520249127999705,2366164992.0,2366169088.0,4096.0,18087936.0,28242432.0,10154496.0,measured,267.9727018329995,2366140416,2366160896,20480,18087936,60563968,42476032,measured,0.04207553800006281,2368524288,2368528384,4096,18087936,18170368,82432,measured,160.80154759500147,2368524288,2368528384,4096,18087936,60341248,42253312,measured,4309.185058257238,3821.7347950431777,1.0
numerical_feature_transformer,2026,NF-BoT-IoT,dc_ssd,cuda,8770,35080,26580,6793480,0,0,0,0,0,140320,0.05863959099951899,0.0,18740,4789140,160.50155279799947,0.2909562300010293,37.67827979499998,339674,5310,140320,class-balanced per-domain Fisher bank,37.67847137199897,2366164992.0,2366169088.0,4096.0,18087936.0,28242432.0,10154496.0,measured,267.9727018329995,2366140416,2366160896,20480,18087936,60563968,42476032,measured,0.06331584399958956,2368524288,2368528384,4096,18087936,18179072,91136,measured,160.80154759500147,2368524288,2368528384,4096,18087936,60341248,42253312,measured,2737.0851341598895,2539.6731281990624,1.0
numerical_feature_transformer,2026,NF-BoT-IoT,scrub_r,cuda,8770,35080,26580,6793480,11880,918805,100217,239457,330351,140320,125.27443293200122,124.35249599699819,18740,4789140,160.50155279799947,0.2909562300010293,0.0,0,0,0,none,,,,,,,,not_measured,267.9727018329995,2366140416,2366160896,20480,18087936,60563968,42476032,measured,125.2850386909995,2368524288,2368528384,4096,18087936,46583808,28495872,measured,160.80154759500147,2368524288,2368528384,4096,18087936,60341248,42253312,measured,1.281199595492238,1.2834856362346598,0.8081482270303227
numerical_feature_transformer,2026,NF-BoT-IoT,scrub_r@lr=0.001,cuda,8770,35080,26580,6793480,11880,918805,100217,239457,330351,140320,126.15917624900248,125.22222359100124,18740,4789140,160.50155279799947,0.2909562300010293,0.0,0,0,0,none,,,,,,,,not_measured,267.9727018329995,2366140416,2366160896,20480,18087936,60563968,42476032,measured,126.1697514059997,2368524288,2368528384,4096,18087936,46583808,28495872,measured,160.80154759500147,2368524288,2368528384,4096,18087936,60341248,42253312,measured,1.2722146542968453,1.274485728972871,0.8081482270303227
numerical_feature_transformer,2026,NF-CSE-CIC-IDS2018,rollback_repair,cuda,8770,35080,26580,6793480,458,116710,0,102011,0,140320,3.930524200997752,3.9270224470019457,18260,4668380,156.51960178101217,0.32618699000158813,,0,0,140320,domain update trace; incremental tracing time not separately measured,,,,,,,,not_measured,267.9727018329995,2366140416,2366160896,20480,18087936,60563968,42476032,measured,3.9636248530005105,2368598016,2368602112,4096,18087936,60339200,42251264,measured,156.85440062400085,2368602112,2368606208,4096,18087936,60341248,42253312,measured,39.821559104325104,39.573472879316576,0.9749998928964652
numerical_feature_transformer,2026,NF-CSE-CIC-IDS2018,ssd_canonical,cuda,8770,35080,26580,6793480,0,106255,106255,0,0,35080,11.708109297000192,0.0,18260,4668380,156.51960178101217,0.32618699000158813,37.58577301400146,339674,5309,35080,full-training Fisher cache,37.59096689599937,2366156800.0,2366169088.0,12288.0,18087936.0,28242432.0,10154496.0,measured,267.9727018329995,2366140416,2366160896,20480,18087936,60563968,42476032,measured,11.712810345001344,2368598016,2368602112,4096,18087936,28242432,10154496,measured,156.85440062400085,2368602112,2368606208,4096,18087936,60341248,42253312,measured,13.36847801900133,13.391696442087559,0.9772394278100754
numerical_feature_transformer,2026,NF-CSE-CIC-IDS2018,ssd_canonical@alpha=1,cuda,8770,35080,26580,6793480,0,106255,106255,0,0,35080,11.79660689999946,0.0,18260,4668380,156.51960178101217,0.32618699000158813,37.58577301400146,339674,5309,35080,full-training Fisher cache,37.59096689599937,2366156800.0,2366169088.0,12288.0,18087936.0,28242432.0,10154496.0,measured,267.9727018329995,2366140416,2366160896,20480,18087936,60563968,42476032,measured,11.801338728000701,2368598016,2368602112,4096,18087936,28242432,10154496,measured,156.85440062400085,2368602112,2368606208,4096,18087936,60341248,42253312,measured,13.268188311082852,13.291237904377482,0.9772394278100754
numerical_feature_transformer,2026,NF-CSE-CIC-IDS2018,ssd_canonical@alpha=2,cuda,8770,35080,26580,6793480,0,106255,106255,0,0,35080,11.796195724000427,0.0,18260,4668380,156.51960178101217,0.32618699000158813,37.58577301400146,339674,5309,35080,full-training Fisher cache,37.59096689599937,2366156800.0,2366169088.0,12288.0,18087936.0,28242432.0,10154496.0,measured,267.9727018329995,2366140416,2366160896,20480,18087936,60563968,42476032,measured,11.800836648999393,2368598016,2368602112,4096,18087936,28242432,10154496,measured,156.85440062400085,2368602112,2368606208,4096,18087936,60341248,42253312,measured,13.268650795828938,13.29180339406704,0.9772394278100754
numerical_feature_transformer,2026,NF-CSE-CIC-IDS2018,ssd_canonical@alpha=3,cuda,8770,35080,26580,6793480,0,106255,106255,0,0,35080,11.73341659899961,0.0,18260,4668380,156.51960178101217,0.32618699000158813,37.58577301400146,339674,5309,35080,full-training Fisher cache,37.59096689599937,2366156800.0,2366169088.0,12288.0,18087936.0,28242432.0,10154496.0,measured,267.9727018329995,2366140416,2366160896,20480,18087936,60563968,42476032,measured,11.738071901996591,2368598016,2368602112,4096,18087936,28242432,10154496,measured,156.85440062400085,2368602112,2368606208,4096,18087936,60341248,42253312,measured,13.339644123294574,13.362876112329884,0.9772394278100754
numerical_feature_transformer,2026,NF-CSE-CIC-IDS2018,ssd_canonical@alpha=5,cuda,8770,35080,26580,6793480,0,106255,106255,0,0,35080,11.679556096001761,0.0,18260,4668380,156.51960178101217,0.32618699000158813,37.58577301400146,339674,5309,35080,full-training Fisher cache,37.59096689599937,2366156800.0,2366169088.0,12288.0,18087936.0,28242432.0,10154496.0,measured,267.9727018329995,2366140416,2366160896,20480,18087936,60563968,42476032,measured,11.68465002999801,2368598016,2368602112,4096,18087936,28242432,10154496,measured,156.85440062400085,2368602112,2368606208,4096,18087936,60341248,42253312,measured,13.401160154930308,13.423970784003664,0.9772394278100754
numerical_feature_transformer,2026,NF-CSE-CIC-IDS2018,dc_ssd_no_contrast,cuda,8770,35080,26580,6793480,0,0,0,0,0,140320,0.05174774300030549,0.0,18260,4668380,156.51960178101217,0.32618699000158813,37.67827979499998,339674,5310,140320,class-balanced per-domain Fisher bank,37.67847137199897,2366164992.0,2366169088.0,4096.0,18087936.0,28242432.0,10154496.0,measured,267.9727018329995,2366140416,2366160896,20480,18087936,60563968,42476032,measured,0.05702423800175893,2368602112,2368606208,4096,18087936,18170368,82432,measured,156.85440062400085,2368602112,2368606208,4096,18087936,60341248,42253312,measured,3024.6652840509037,2750.6619311451846,1.0
numerical_feature_transformer,2026,NF-CSE-CIC-IDS2018,dc_ssd_no_class_balance,cuda,8770,35080,26580,6793480,0,0,0,0,0,140320,0.057024956000532256,0.0,18260,4668380,156.51960178101217,0.32618699000158813,37.5200801409992,339674,5310,140320,empirical-weighted class-conditional per-domain Fisher bank,37.520249127999705,2366164992.0,2366169088.0,4096.0,18087936.0,28242432.0,10154496.0,measured,267.9727018329995,2366140416,2366160896,20480,18087936,60563968,42476032,measured,0.06243983300009859,2368602112,2368606208,4096,18087936,18170368,82432,measured,156.85440062400085,2368602112,2368606208,4096,18087936,60341248,42253312,measured,2744.756204275743,2512.088727459492,1.0
numerical_feature_transformer,2026,NF-CSE-CIC-IDS2018,dc_ssd,cuda,8770,35080,26580,6793480,0,0,0,0,0,140320,0.05294538399903104,0.0,18260,4668380,156.51960178101217,0.32618699000158813,37.67827979499998,339674,5310,140320,class-balanced per-domain Fisher bank,37.67847137199897,2366164992.0,2366169088.0,4096.0,18087936.0,28242432.0,10154496.0,measured,267.9727018329995,2366140416,2366160896,20480,18087936,60563968,42476032,measured,0.05808674299987615,2368602112,2368606208,4096,18087936,18170368,82432,measured,156.85440062400085,2368602112,2368606208,4096,18087936,60341248,42253312,measured,2956.2464177023753,2700.3476615023033,1.0
numerical_feature_transformer,2026,NF-CSE-CIC-IDS2018,scrub_r,cuda,8770,35080,26580,6793480,12114,912767,106255,233419,342154,140320,128.11885989800066,127.15160457299498,18260,4668380,156.51960178101217,0.32618699000158813,0.0,0,0,0,none,,,,,,,,not_measured,267.9727018329995,2366140416,2366160896,20480,18087936,60563968,42476032,measured,128.12958882500243,2368602112,2368606208,4096,18087936,46583808,28495872,measured,156.85440062400085,2368602112,2368606208,4096,18087936,60341248,42253312,measured,1.2216749501644193,1.224185623808021,0.8044788556201509
numerical_feature_transformer,2026,NF-CSE-CIC-IDS2018,scrub_r@lr=0.001,cuda,8770,35080,26580,6793480,12114,912767,106255,233419,342154,140320,128.46130964900294,127.4897104330048,18260,4668380,156.51960178101217,0.32618699000158813,0.0,0,0,0,none,,,,,,,,not_measured,267.9727018329995,2366140416,2366160896,20480,18087936,60563968,42476032,measured,128.47173973100143,2368602112,2368606208,4096,18087936,46583808,28495872,measured,156.85440062400085,2368602112,2368606208,4096,18087936,60341248,42253312,measured,1.218418231984972,1.2209253253083363,0.8044788556201509
