architecture,seed,forgotten_domain,model,evaluation_domain,evaluation_scope,accuracy,balanced_accuracy,precision_attack,recall_attack,f1_attack,roc_auc,average_precision,log_loss,true_negative,false_positive,false_negative,true_positive,samples,attack_rate
mlp,42,NF-UNSW-NB15,original,NF-UNSW-NB15,forgotten,0.9990468020207797,0.9971966049372389,0.9925373134328358,0.9950124688279302,0.9937733499377335,0.9998552874702499,0.9952278122517322,0.003872904088667369,19366.0,12.0,8.0,1596.0,20982.0,0.07644647793346677
mlp,42,NF-UNSW-NB15,original,NF-ToN-IoT,retained,0.6033692413476965,0.6486211705675249,0.862291169451074,0.5561028166846237,0.6761485917469823,0.7366612177632731,0.8452845123593878,0.887214090110789,1652.0,577.0,2884.0,3613.0,8726.0,0.7445564978225991
mlp,42,NF-UNSW-NB15,original,NF-BoT-IoT,retained,0.9871341267288517,0.8132639000733701,0.9994702958194116,0.9876389112578515,0.9935193811008951,0.9901017340419822,0.999985555523559,0.022686785893110715,23.0,13.0,307.0,24529.0,24872.0,0.9985525892569959
mlp,42,NF-UNSW-NB15,original,NF-CSE-CIC-IDS2018,retained,0.9080773995130494,0.748347318744981,0.7489233419465977,0.5256952841596131,0.6177619893428064,0.7606376886964419,0.636095060824365,0.393884022142935,19520.0,583.0,1569.0,1739.0,23411.0,0.14130109777455044
mlp,42,NF-UNSW-NB15,original,RETAINED_MACRO,retained_macro,0.8328602558631992,0.736744129795292,0.8702282690723612,0.6898123373673628,0.7624766540635614,0.8291335468338991,0.8271217095691039,0.43459496604894493,21195.0,1173.0,4760.0,29881.0,57009.0,0.6076408988054518
mlp,42,NF-UNSW-NB15,rollback_repair,NF-UNSW-NB15,forgotten,0.9242684205509484,0.5058194834412575,0.8260869565217391,0.011845386533665835,0.023355869698832205,0.05238912086076479,0.05627969088968019,0.5349127321032527,19374.0,4.0,1585.0,19.0,20982.0,0.07644647793346677
mlp,42,NF-UNSW-NB15,rollback_repair,NF-ToN-IoT,retained,0.212583085033234,0.3994545089071375,0.18833333333333332,0.01739264275819609,0.03184444131323094,0.24314818179187922,0.599287228036177,0.8318205114360173,1742.0,487.0,6384.0,113.0,8726.0,0.7445564978225991
mlp,42,NF-UNSW-NB15,rollback_repair,NF-BoT-IoT,retained,0.5675458346735285,0.5892968987670228,0.9990076552310746,0.5674826864229344,0.7238085456039441,0.6422263381113438,0.9986277065623839,0.6852507869629866,22.0,14.0,10742.0,14094.0,24872.0,0.9985525892569959
mlp,42,NF-UNSW-NB15,rollback_repair,NF-CSE-CIC-IDS2018,retained,0.5471359617273931,0.3534366934110372,0.035177160336477185,0.08343409915356712,0.04948897256589564,0.26664866836637746,0.09118833818899603,0.7033697024981365,12533.0,7570.0,3032.0,276.0,23411.0,0.14130109777455044
mlp,42,NF-UNSW-NB15,rollback_repair,RETAINED_MACRO,retained_macro,0.4424216271447185,0.4473960336950658,0.4075060496336284,0.22276980944489921,0.2683806531610236,0.3840077294232002,0.5630344242625189,0.7401470002990468,14297.0,8071.0,20158.0,14483.0,57009.0,0.6076408988054518
mlp,42,NF-UNSW-NB15,ssd_canonical,NF-UNSW-NB15,forgotten,0.9990468020207797,0.9971966049372389,0.9925373134328358,0.9950124688279302,0.9937733499377335,0.9998552874702499,0.9952278122517322,0.003872904088667369,19366.0,12.0,8.0,1596.0,20982.0,0.07644647793346677
mlp,42,NF-UNSW-NB15,ssd_canonical,NF-ToN-IoT,retained,0.6033692413476965,0.6486211705675249,0.862291169451074,0.5561028166846237,0.6761485917469823,0.7366612177632731,0.8452845123593878,0.887214090110789,1652.0,577.0,2884.0,3613.0,8726.0,0.7445564978225991
mlp,42,NF-UNSW-NB15,ssd_canonical,NF-BoT-IoT,retained,0.9871341267288517,0.8132639000733701,0.9994702958194116,0.9876389112578515,0.9935193811008951,0.9901017340419822,0.999985555523559,0.022686785893110715,23.0,13.0,307.0,24529.0,24872.0,0.9985525892569959
mlp,42,NF-UNSW-NB15,ssd_canonical,NF-CSE-CIC-IDS2018,retained,0.9080773995130494,0.748347318744981,0.7489233419465977,0.5256952841596131,0.6177619893428064,0.7606376886964419,0.636095060824365,0.393884022142935,19520.0,583.0,1569.0,1739.0,23411.0,0.14130109777455044
mlp,42,NF-UNSW-NB15,ssd_canonical,RETAINED_MACRO,retained_macro,0.8328602558631992,0.736744129795292,0.8702282690723612,0.6898123373673628,0.7624766540635614,0.8291335468338991,0.8271217095691039,0.43459496604894493,21195.0,1173.0,4760.0,29881.0,57009.0,0.6076408988054518
mlp,42,NF-UNSW-NB15,ssd_canonical@alpha=1,NF-UNSW-NB15,forgotten,0.9975216852540273,0.9875074608349598,0.9917617237008872,0.9756857855361596,0.9836580766813325,0.999764818009677,0.9953305006852491,0.00908113692607621,19365.0,13.0,39.0,1565.0,20982.0,0.07644647793346677
mlp,42,NF-UNSW-NB15,ssd_canonical@alpha=1,NF-ToN-IoT,retained,0.6033692413476965,0.6484738133271021,0.862118320610687,0.5562567338771741,0.676209187014688,0.7269246606070663,0.8424889061994393,0.9182691707267542,1651.0,578.0,2883.0,3614.0,8726.0,0.7445564978225991
mlp,42,NF-UNSW-NB15,ssd_canonical@alpha=1,NF-BoT-IoT,retained,0.9870939208748793,0.8132437680070148,0.9994702742349537,0.9875986471251409,0.9934989975089616,0.9904473345144146,0.9999860584299077,0.022801026559155824,23.0,13.0,308.0,24528.0,24872.0,0.9985525892569959
mlp,42,NF-UNSW-NB15,ssd_canonical@alpha=1,NF-CSE-CIC-IDS2018,retained,0.9090171287001837,0.749525884861043,0.754978354978355,0.5272067714631197,0.6208615165539337,0.7182869091771091,0.6281441025222749,0.41203676285937185,19537.0,566.0,1564.0,1744.0,23411.0,0.14130109777455044
mlp,42,NF-UNSW-NB15,ssd_canonical@alpha=1,RETAINED_MACRO,retained_macro,0.8331600969742533,0.7370811553983866,0.8721889832746652,0.6903540508218114,0.7635232336925277,0.8118863014328633,0.8235396890505408,0.4510356533817606,21211.0,1157.0,4755.0,29886.0,57009.0,0.6076408988054518
mlp,42,NF-UNSW-NB15,ssd_canonical@alpha=2,NF-UNSW-NB15,forgotten,0.9982842436374035,0.9919231555233086,0.9930817610062893,0.9844139650872819,0.9887288666249218,0.9998419358251085,0.9955970943825785,0.005963835375165283,19367.0,11.0,25.0,1579.0,20982.0,0.07644647793346677
mlp,42,NF-UNSW-NB15,ssd_canonical@alpha=2,NF-ToN-IoT,retained,0.6040568416227367,0.6492302793855991,0.8626609442060086,0.5568724026473757,0.6768309793284071,0.7429179619982663,0.8471537528972954,0.8565069048859024,1653.0,576.0,2879.0,3618.0,8726.0,0.7445564978225991
mlp,42,NF-UNSW-NB15,ssd_canonical@alpha=2,NF-BoT-IoT,retained,0.9870939208748793,0.8132437680070148,0.9994702742349537,0.9875986471251409,0.9934989975089616,0.9903668062489934,0.9999859415023349,0.022703124987850168,23.0,13.0,308.0,24528.0,24872.0,0.9985525892569959
mlp,42,NF-UNSW-NB15,ssd_canonical@alpha=2,NF-CSE-CIC-IDS2018,retained,0.9080773995130494,0.748347318744981,0.7489233419465977,0.5256952841596131,0.6177619893428064,0.7445844198628575,0.6320754593423528,0.4013967048389953,19520.0,583.0,1569.0,1739.0,23411.0,0.14130109777455044
mlp,42,NF-UNSW-NB15,ssd_canonical@alpha=2,RETAINED_MACRO,retained_macro,0.8330760540035551,0.7369404553791984,0.8703515201291867,0.6900554446440431,0.7626973220600584,0.8259563960367058,0.8264050512473277,0.42686891157091594,21196.0,1172.0,4756.0,29885.0,57009.0,0.6076408988054518
mlp,42,NF-UNSW-NB15,ssd_canonical@alpha=3,NF-UNSW-NB15,forgotten,0.9989991421218187,0.9968848842389846,0.9925326695706285,0.9943890274314214,0.9934599813142323,0.9998558987503889,0.9951473630063787,0.0040083081918303055,19366.0,12.0,9.0,1595.0,20982.0,0.07644647793346677
mlp,42,NF-UNSW-NB15,ssd_canonical@alpha=3,NF-ToN-IoT,retained,0.6030254412101765,0.6483902947786992,0.8621925005970862,0.5556410651069724,0.6757768625982778,0.7333287966085461,0.8442298814943632,0.9011782236024534,1652.0,577.0,2887.0,3610.0,8726.0,0.7445564978225991
mlp,42,NF-UNSW-NB15,ssd_canonical@alpha=3,NF-BoT-IoT,retained,0.9871341267288517,0.8132639000733701,0.9994702958194116,0.9876389112578515,0.9935193811008951,0.9901073262826363,0.9999855636418632,0.022693392115063278,23.0,13.0,307.0,24529.0,24872.0,0.9985525892569959
mlp,42,NF-UNSW-NB15,ssd_canonical@alpha=3,NF-CSE-CIC-IDS2018,retained,0.9080773995130494,0.748347318744981,0.7489233419465977,0.5256952841596131,0.6177619893428064,0.7538743112029878,0.6342068911722533,0.396995113149388,19520.0,583.0,1569.0,1739.0,23411.0,0.14130109777455044
mlp,42,NF-UNSW-NB15,ssd_canonical@alpha=3,RETAINED_MACRO,retained_macro,0.8327456558173592,0.7366671711990168,0.8701953794543652,0.6896584201748124,0.7623527443473265,0.8257701446980569,0.8261407787694931,0.44028890962230155,21195.0,1173.0,4763.0,29878.0,57009.0,0.6076408988054518
mlp,42,NF-UNSW-NB15,ssd_canonical@alpha=5,NF-UNSW-NB15,forgotten,0.9990468020207797,0.9971966049372389,0.9925373134328358,0.9950124688279302,0.9937733499377335,0.9998552874702499,0.9952278122517322,0.003872904088667369,19366.0,12.0,8.0,1596.0,20982.0,0.07644647793346677
mlp,42,NF-UNSW-NB15,ssd_canonical@alpha=5,NF-ToN-IoT,retained,0.6033692413476965,0.6486211705675249,0.862291169451074,0.5561028166846237,0.6761485917469823,0.7366612177632731,0.8452845123593878,0.887214090110789,1652.0,577.0,2884.0,3613.0,8726.0,0.7445564978225991
mlp,42,NF-UNSW-NB15,ssd_canonical@alpha=5,NF-BoT-IoT,retained,0.9871341267288517,0.8132639000733701,0.9994702958194116,0.9876389112578515,0.9935193811008951,0.9901017340419822,0.999985555523559,0.022686785893110715,23.0,13.0,307.0,24529.0,24872.0,0.9985525892569959
mlp,42,NF-UNSW-NB15,ssd_canonical@alpha=5,NF-CSE-CIC-IDS2018,retained,0.9080773995130494,0.748347318744981,0.7489233419465977,0.5256952841596131,0.6177619893428064,0.7606376886964419,0.636095060824365,0.393884022142935,19520.0,583.0,1569.0,1739.0,23411.0,0.14130109777455044
mlp,42,NF-UNSW-NB15,ssd_canonical@alpha=5,RETAINED_MACRO,retained_macro,0.8328602558631992,0.736744129795292,0.8702282690723612,0.6898123373673628,0.7624766540635614,0.8291335468338991,0.8271217095691039,0.43459496604894493,21195.0,1173.0,4760.0,29881.0,57009.0,0.6076408988054518
mlp,42,NF-UNSW-NB15,dc_ssd_no_contrast,NF-UNSW-NB15,forgotten,0.9980459441425984,0.9920800614831999,0.989355040701315,0.9850374064837906,0.9871915026554202,0.9995766724174187,0.9952975968118569,0.00721921955388605,19361.0,17.0,24.0,1580.0,20982.0,0.07644647793346677
mlp,42,NF-UNSW-NB15,dc_ssd_no_contrast,NF-ToN-IoT,retained,0.6025670410268165,0.6452826728255641,0.8588012319355602,0.5579498229952286,0.6764321701810039,0.6516683719089591,0.8182005051827069,1.1508093178546535,1633.0,596.0,2872.0,3625.0,8726.0,0.7445564978225991
mlp,42,NF-UNSW-NB15,dc_ssd_no_contrast,NF-BoT-IoT,retained,0.987174332582824,0.8132840321397254,0.9994703174021106,0.987679175390562,0.993539763867231,0.9902471322989925,0.9999857657359198,0.02259531623247546,23.0,13.0,306.0,24530.0,24872.0,0.9985525892569959
mlp,42,NF-UNSW-NB15,dc_ssd_no_contrast,NF-CSE-CIC-IDS2018,retained,0.9082055444022041,0.749684702680831,0.7477554510474562,0.5287182587666264,0.6194439525411723,0.8450153941181152,0.6695110471119013,0.3269022118090929,19513.0,590.0,1559.0,1749.0,23411.0,0.14130109777455044
mlp,42,NF-UNSW-NB15,dc_ssd_no_contrast,RETAINED_MACRO,retained_macro,0.832648972670615,0.7360838025487069,0.8686756667950423,0.6914490857174723,0.7631386288631358,0.828976966108689,0.8292324393435093,0.5001022819654073,21169.0,1199.0,4737.0,29904.0,57009.0,0.6076408988054518
mlp,42,NF-UNSW-NB15,dc_ssd_no_class_balance,NF-UNSW-NB15,forgotten,0.996854446668573,0.9831433710593986,0.9916879795396419,0.9669576059850374,0.9791666666666666,0.9997276264391143,0.9945196951435996,0.010860234378916683,19365.0,13.0,53.0,1551.0,20982.0,0.07644647793346677
mlp,42,NF-UNSW-NB15,dc_ssd_no_class_balance,NF-ToN-IoT,retained,0.6026816410726564,0.6472752755473365,0.8610581506196378,0.5561028166846237,0.6757691948003367,0.7448198647503597,0.8475442430432485,0.8361095663664767,1646.0,583.0,2884.0,3613.0,8726.0,0.7445564978225991
mlp,42,NF-UNSW-NB15,dc_ssd_no_class_balance,NF-BoT-IoT,retained,0.987053715020907,0.8132236359406596,0.9994702526487368,0.9875583829924304,0.9934786130913804,0.9908242515345109,0.9999866045668001,0.022924314454231563,23.0,13.0,309.0,24527.0,24872.0,0.9985525892569959
mlp,42,NF-UNSW-NB15,dc_ssd_no_class_balance,NF-CSE-CIC-IDS2018,retained,0.908504549143565,0.748848591483004,0.751727115716753,0.5262998790810157,0.6191322901849218,0.7722009086698063,0.6393512901460678,0.3890531758595063,19528.0,575.0,1567.0,1741.0,23411.0,0.14130109777455044
mlp,42,NF-UNSW-NB15,dc_ssd_no_class_balance,RETAINED_MACRO,retained_macro,0.8327466350790429,0.7364491676570001,0.8707518396617092,0.68998702625269,0.7627933660255463,0.8359483416515591,0.8289607125853721,0.4160290188934049,21197.0,1171.0,4760.0,29881.0,57009.0,0.6076408988054518
mlp,42,NF-UNSW-NB15,dc_ssd,NF-UNSW-NB15,forgotten,0.9966638070727291,0.9836119977175444,0.9879134860050891,0.9682044887780549,0.9779596977329975,0.9992205534774892,0.9945218953767441,0.012908618862446002,19359.0,19.0,51.0,1553.0,20982.0,0.07644647793346677
mlp,42,NF-UNSW-NB15,dc_ssd,NF-ToN-IoT,retained,0.6032546413018566,0.6455970671627924,0.858831875147789,0.5590272433430814,0.6772328920380384,0.633305270548653,0.815933582332181,1.2525433197398395,1632.0,597.0,2865.0,3632.0,8726.0,0.7445564978225991
mlp,42,NF-UNSW-NB15,dc_ssd,NF-BoT-IoT,retained,0.9874959794146028,0.7995763318480342,0.9994298049118234,0.9880415525849573,0.9937030512867238,0.9905435210536676,0.9999861971894697,0.02218273426503883,22.0,14.0,297.0,24539.0,24872.0,0.9985525892569959
mlp,42,NF-UNSW-NB15,dc_ssd,NF-CSE-CIC-IDS2018,retained,0.9088035538849258,0.7516745080850549,0.7494683113568694,0.5326481257557436,0.6227248630500088,0.8618657219431174,0.6836636365704185,0.2995377196779697,19514.0,589.0,1546.0,1762.0,23411.0,0.14130109777455044
mlp,42,NF-UNSW-NB15,dc_ssd,RETAINED_MACRO,retained_macro,0.8331847248671284,0.7322826356986272,0.8692433304721606,0.693238973894594,0.7645536021249236,0.8285715045151459,0.8331944720306899,0.524754591227616,21168.0,1200.0,4708.0,29933.0,57009.0,0.6076408988054518
mlp,42,NF-UNSW-NB15,scrub_r,NF-UNSW-NB15,forgotten,0.4331808216566581,0.5661836867218887,0.09199777936394639,0.7231920199501247,0.16323084500105536,0.4973884182103313,0.070715663622619,15.10038067991137,7929.0,11449.0,444.0,1160.0,20982.0,0.07644647793346677
mlp,42,NF-UNSW-NB15,scrub_r,NF-ToN-IoT,retained,0.5850332340132937,0.6357183662018009,0.8561168895492818,0.5320917346467601,0.6562885619364025,0.6074783247097584,0.8031612045081475,1.225014667972298,1648.0,581.0,3040.0,3457.0,8726.0,0.7445564978225991
mlp,42,NF-UNSW-NB15,scrub_r,NF-BoT-IoT,retained,0.9887021550337729,0.8001802938386929,0.9994305007525526,0.9892494765662747,0.9943139278415184,0.9813252715592061,0.9999720182750217,0.023614282791319333,22.0,14.0,267.0,24569.0,24872.0,0.9985525892569959
mlp,42,NF-UNSW-NB15,scrub_r,NF-CSE-CIC-IDS2018,retained,0.9041049079492546,0.7524743490010726,0.7111640842272546,0.5411124546553809,0.6145922746781116,0.8193961166497976,0.6608524881391592,0.40295746022020107,19376.0,727.0,1518.0,1790.0,23411.0,0.14130109777455044
mlp,42,NF-UNSW-NB15,scrub_r,RETAINED_MACRO,retained_macro,0.8259467656654405,0.7294576696805221,0.8555704915096963,0.6874845552894718,0.7550649214853443,0.8027332376395874,0.8213285703074428,0.5505288036612728,21046.0,1322.0,4825.0,29816.0,57009.0,0.6076408988054518
mlp,42,NF-UNSW-NB15,scrub_r@lr=0.001,NF-UNSW-NB15,forgotten,0.3013535411304928,0.4808040984853379,0.07272370229757151,0.692643391521197,0.1316272732658018,0.36292036448253917,0.05516096276784054,13.494452686143571,5212.0,14166.0,493.0,1111.0,20982.0,0.07644647793346677
mlp,42,NF-UNSW-NB15,scrub_r@lr=0.001,NF-ToN-IoT,retained,0.5591336236534494,0.626872443388131,0.858495670995671,0.4883792519624442,0.6225841263612283,0.6119723062298899,0.8042988110833296,1.1662731590210214,1706.0,523.0,3324.0,3173.0,8726.0,0.7445564978225991
mlp,42,NF-UNSW-NB15,scrub_r@lr=0.001,NF-BoT-IoT,retained,0.9865310389192666,0.7990931622555073,0.9994292470137388,0.9870752133999033,0.993213815456295,0.9803455109965822,0.9999705273859051,0.025634724609902727,22.0,14.0,321.0,24515.0,24872.0,0.9985525892569959
mlp,42,NF-UNSW-NB15,scrub_r@lr=0.001,NF-CSE-CIC-IDS2018,retained,0.8917602836273547,0.7432659379768557,0.6395097332372026,0.5362756952841596,0.5833607365998027,0.8037770536152359,0.6470828476793833,0.40320024344119954,19103.0,1000.0,1534.0,1774.0,23411.0,0.14130109777455044
mlp,42,NF-UNSW-NB15,scrub_r@lr=0.001,RETAINED_MACRO,retained_macro,0.8124749820666902,0.7230771812068313,0.8324782170822042,0.6705767202155024,0.7330528928057753,0.7986982902805693,0.8171173953828726,0.5317027090240413,20831.0,1537.0,5179.0,29462.0,57009.0,0.6076408988054518
mlp,42,NF-UNSW-NB15,retrained,NF-UNSW-NB15,forgotten,0.45386521780573824,0.34149940326189376,0.031828978622327794,0.20885286783042395,0.0552395086157144,0.26182185224831406,0.04780645580323832,1.1479204846701634,9188.0,10190.0,1269.0,335.0,20982.0,0.07644647793346677
mlp,42,NF-UNSW-NB15,retrained,NF-ToN-IoT,retained,0.5994728397891359,0.6589720154513803,0.8771356783919598,0.5373249191934739,0.6664121408800229,0.7138511248557071,0.8432747689729301,1.0740700793113362,1740.0,489.0,3006.0,3491.0,8726.0,0.7445564978225991
mlp,42,NF-UNSW-NB15,retrained,NF-BoT-IoT,retained,0.9892650369893856,0.8143308995902006,0.9994714372840008,0.9897729102915124,0.994598531286035,0.9923788944363916,0.9999888761961312,0.021133372967417425,23.0,13.0,254.0,24582.0,24872.0,0.9985525892569959
mlp,42,NF-UNSW-NB15,retrained,NF-CSE-CIC-IDS2018,retained,0.9104694374439366,0.755043772155022,0.7578723404255319,0.538391777509069,0.6295510781194769,0.7633009378965558,0.6482867393662106,0.3685896235740604,19534.0,569.0,1527.0,1781.0,23411.0,0.14130109777455044
mlp,42,NF-UNSW-NB15,retrained,RETAINED_MACRO,retained_macro,0.8330691047408193,0.7427822290655343,0.8781598187004974,0.6884965356646852,0.7635205834285116,0.8231769857295514,0.8305167948450906,0.4879310252842714,21297.0,1071.0,4787.0,29854.0,57009.0,0.6076408988054518
mlp,42,NF-ToN-IoT,original,NF-UNSW-NB15,retained,0.9990468020207797,0.9971966049372389,0.9925373134328358,0.9950124688279302,0.9937733499377335,0.9998552874702499,0.9952278122517322,0.003872904088667369,19366.0,12.0,8.0,1596.0,20982.0,0.07644647793346677
mlp,42,NF-ToN-IoT,original,NF-ToN-IoT,forgotten,0.6033692413476965,0.6486211705675249,0.862291169451074,0.5561028166846237,0.6761485917469823,0.7366612177632731,0.8452845123593878,0.887214090110789,1652.0,577.0,2884.0,3613.0,8726.0,0.7445564978225991
mlp,42,NF-ToN-IoT,original,NF-BoT-IoT,retained,0.9871341267288517,0.8132639000733701,0.9994702958194116,0.9876389112578515,0.9935193811008951,0.9901017340419822,0.999985555523559,0.022686785893110715,23.0,13.0,307.0,24529.0,24872.0,0.9985525892569959
mlp,42,NF-ToN-IoT,original,NF-CSE-CIC-IDS2018,retained,0.9080773995130494,0.748347318744981,0.7489233419465977,0.5256952841596131,0.6177619893428064,0.7606376886964419,0.636095060824365,0.393884022142935,19520.0,583.0,1569.0,1739.0,23411.0,0.14130109777455044
mlp,42,NF-ToN-IoT,original,RETAINED_MACRO,retained_macro,0.9647527760875603,0.8529359412518632,0.913643650399615,0.8361155547484649,0.8683515734604783,0.9168649034028912,0.8771028095332186,0.14014790404157104,38909.0,608.0,1884.0,27864.0,69265.0,0.4294809788493467
mlp,42,NF-ToN-IoT,rollback_repair,NF-UNSW-NB15,retained,0.9235535220665332,0.5,0.0,0.0,0.0,0.863064385300553,0.5227144903350678,0.4164489223863031,19378.0,0.0,1604.0,0.0,20982.0,0.07644647793346677
mlp,42,NF-ToN-IoT,rollback_repair,NF-ToN-IoT,forgotten,0.25544350217740086,0.5,0.0,0.0,0.0,0.5635532650504465,0.7366800185371005,4.061786355964547,2229.0,0.0,6497.0,0.0,8726.0,0.7445564978225991
mlp,42,NF-ToN-IoT,rollback_repair,NF-BoT-IoT,retained,0.0014474107430041815,0.5,0.0,0.0,0.0,0.9879140494980405,0.9999823623384941,5.3181746779512045,36.0,0.0,24836.0,0.0,24872.0,0.9985525892569959
mlp,42,NF-ToN-IoT,rollback_repair,NF-CSE-CIC-IDS2018,retained,0.8586989022254495,0.5,0.0,0.0,0.0,0.8011423905700636,0.30654253260392816,0.7694618192398188,20103.0,0.0,3308.0,0.0,23411.0,0.14130109777455044
mlp,42,NF-ToN-IoT,rollback_repair,RETAINED_MACRO,retained_macro,0.5945666116783289,0.5,0.0,0.0,0.0,0.8840402751228856,0.6097464617591634,2.168028473192442,39517.0,0.0,29748.0,0.0,69265.0,0.4294809788493467
mlp,42,NF-ToN-IoT,ssd_canonical,NF-UNSW-NB15,retained,0.9990468020207797,0.9971966049372389,0.9925373134328358,0.9950124688279302,0.9937733499377335,0.9998552874702499,0.9952278122517322,0.003872904088667369,19366.0,12.0,8.0,1596.0,20982.0,0.07644647793346677
mlp,42,NF-ToN-IoT,ssd_canonical,NF-ToN-IoT,forgotten,0.6033692413476965,0.6486211705675249,0.862291169451074,0.5561028166846237,0.6761485917469823,0.7366612177632731,0.8452845123593878,0.887214090110789,1652.0,577.0,2884.0,3613.0,8726.0,0.7445564978225991
mlp,42,NF-ToN-IoT,ssd_canonical,NF-BoT-IoT,retained,0.9871341267288517,0.8132639000733701,0.9994702958194116,0.9876389112578515,0.9935193811008951,0.9901017340419822,0.999985555523559,0.022686785893110715,23.0,13.0,307.0,24529.0,24872.0,0.9985525892569959
mlp,42,NF-ToN-IoT,ssd_canonical,NF-CSE-CIC-IDS2018,retained,0.9080773995130494,0.748347318744981,0.7489233419465977,0.5256952841596131,0.6177619893428064,0.7606376886964419,0.636095060824365,0.393884022142935,19520.0,583.0,1569.0,1739.0,23411.0,0.14130109777455044
mlp,42,NF-ToN-IoT,ssd_canonical,RETAINED_MACRO,retained_macro,0.9647527760875603,0.8529359412518632,0.913643650399615,0.8361155547484649,0.8683515734604783,0.9168649034028912,0.8771028095332186,0.14014790404157104,38909.0,608.0,1884.0,27864.0,69265.0,0.4294809788493467
mlp,42,NF-ToN-IoT,ssd_canonical@alpha=1,NF-UNSW-NB15,retained,0.24401868268039273,0.28050014426211284,0.03393043933054393,0.32356608478802995,0.06142011834319527,0.2347299647465092,0.04638078527007125,0.8323507483190241,4601.0,14777.0,1085.0,519.0,20982.0,0.07644647793346677
mlp,42,NF-ToN-IoT,ssd_canonical@alpha=1,NF-ToN-IoT,forgotten,0.6343112537245015,0.5901217962143276,0.7985910404624278,0.6804679082653532,0.7348125986869443,0.6546665117136923,0.8231017195973597,0.7067818008103157,1114.0,1115.0,2076.0,4421.0,8726.0,0.7445564978225991
mlp,42,NF-ToN-IoT,ssd_canonical@alpha=1,NF-BoT-IoT,retained,0.7081859118687681,0.5903750827651617,0.9989214350590372,0.7085279433081011,0.8290304343729389,0.646846647339883,0.9978516313834696,0.5948402651680263,17.0,19.0,7239.0,17597.0,24872.0,0.9985525892569959
mlp,42,NF-ToN-IoT,ssd_canonical@alpha=1,NF-CSE-CIC-IDS2018,retained,0.7284182649182008,0.5742838153160558,0.21904937361827562,0.3594316807738815,0.2722069597069597,0.49445570697846836,0.1418722441000751,0.6124649662696099,15864.0,4239.0,2119.0,1189.0,23411.0,0.14130109777455044
mlp,42,NF-ToN-IoT,ssd_canonical@alpha=1,RETAINED_MACRO,retained_macro,0.5602076198224539,0.48171968078111016,0.41730041600261897,0.4638419029566709,0.38755250414103126,0.45867743968828684,0.39536822025120527,0.6798853265855535,20482.0,19035.0,10443.0,19305.0,69265.0,0.4294809788493467
mlp,42,NF-ToN-IoT,ssd_canonical@alpha=2,NF-UNSW-NB15,retained,0.9212181870174435,0.5221809754692637,0.38497652582159625,0.05112219451371571,0.09025866813428729,0.28934707302339674,0.08844848145212075,0.3506828569920197,19247.0,131.0,1522.0,82.0,20982.0,0.07644647793346677
mlp,42,NF-ToN-IoT,ssd_canonical@alpha=2,NF-ToN-IoT,forgotten,0.28019711207884485,0.4105258436909799,0.5652173913043478,0.14406649222718176,0.22960873298172452,0.5009257473494513,0.7053962163350402,1.424996391687429,1509.0,720.0,5561.0,936.0,8726.0,0.7445564978225991
mlp,42,NF-ToN-IoT,ssd_canonical@alpha=2,NF-BoT-IoT,retained,0.5731746542296559,0.6059841448792971,0.9990874631475501,0.5730794008697052,0.7283659996929532,0.7253281526815912,0.9988165326619001,0.9403618184575927,23.0,13.0,10603.0,14233.0,24872.0,0.9985525892569959
mlp,42,NF-ToN-IoT,ssd_canonical@alpha=2,NF-CSE-CIC-IDS2018,retained,0.8119687326470463,0.48112440099148396,0.053833605220228384,0.01995163240628779,0.029113365681517425,0.3170050674937013,0.09796387501626248,0.5696745838790923,18943.0,1160.0,3242.0,66.0,23411.0,0.14130109777455044
mlp,42,NF-ToN-IoT,ssd_canonical@alpha=2,RETAINED_MACRO,retained_macro,0.7687871912980486,0.5364298404466815,0.47929919806312493,0.2147177425965696,0.2825793445029193,0.44389343106622975,0.3950762963767611,0.6202397531095682,38213.0,1304.0,15367.0,14381.0,69265.0,0.4294809788493467
mlp,42,NF-ToN-IoT,ssd_canonical@alpha=3,NF-UNSW-NB15,retained,0.35211133352397295,0.3115719641447522,0.032954191336865064,0.263715710723192,0.05858725761772853,0.310640357126587,0.05152053523288738,0.7577308293625099,6965.0,12413.0,1181.0,423.0,20982.0,0.07644647793346677
mlp,42,NF-ToN-IoT,ssd_canonical@alpha=3,NF-ToN-IoT,forgotten,0.531285812514325,0.6289488753928807,0.8795332702617471,0.4292750500230876,0.5769549027720314,0.7081139978813427,0.8811795132895482,0.8083916961573107,1847.0,382.0,3708.0,2789.0,8726.0,0.7445564978225991
mlp,42,NF-ToN-IoT,ssd_canonical@alpha=3,NF-BoT-IoT,retained,0.010252492762946284,0.4766714088867415,0.9910313901345291,0.008898373329038492,0.017638373438684705,0.2732693133623235,0.9966678165992058,1.43252804924348,34.0,2.0,24615.0,221.0,24872.0,0.9985525892569959
mlp,42,NF-ToN-IoT,ssd_canonical@alpha=3,NF-CSE-CIC-IDS2018,retained,0.6184272350604417,0.36956626968452255,0.012987012987012988,0.02267230955259976,0.01651436749972476,0.3687101587044376,0.10427672343323155,0.6358966520093653,14403.0,5700.0,3233.0,75.0,23411.0,0.14130109777455044
mlp,42,NF-ToN-IoT,ssd_canonical@alpha=3,RETAINED_MACRO,retained_macro,0.32693035378245366,0.3859365475720054,0.3456575314861357,0.09842879786827674,0.030913332852046,0.3175399430644494,0.38415502508844157,0.9420518435384517,21402.0,18115.0,29029.0,719.0,69265.0,0.4294809788493467
mlp,42,NF-ToN-IoT,ssd_canonical@alpha=5,NF-UNSW-NB15,retained,0.9305118673148413,0.5475126496381608,0.95625,0.09538653366583541,0.17346938775510204,0.6222931389402435,0.3365932629416929,0.25119798084799755,19371.0,7.0,1451.0,153.0,20982.0,0.07644647793346677
mlp,42,NF-ToN-IoT,ssd_canonical@alpha=5,NF-ToN-IoT,forgotten,0.23917029566811826,0.4632843622549193,0.15865384615384615,0.00507926735416346,0.009843400447427294,0.4393593536941818,0.696093837507523,2.1350979728915624,2054.0,175.0,6464.0,33.0,8726.0,0.7445564978225991
mlp,42,NF-ToN-IoT,ssd_canonical@alpha=5,NF-BoT-IoT,retained,0.9049935670633644,0.7443965748644441,0.9993334222103719,0.9054598163955548,0.950083440714844,0.7060181457024749,0.9970799981862396,0.28172861848428443,21.0,15.0,2348.0,22488.0,24872.0,0.9985525892569959
mlp,42,NF-ToN-IoT,ssd_canonical@alpha=5,NF-CSE-CIC-IDS2018,retained,0.8560932894793046,0.5002506890000175,0.15730337078651685,0.004232164449818622,0.008242566970856638,0.4749965203386357,0.12313418468341042,0.539109147159853,20028.0,75.0,3294.0,14.0,23411.0,0.14130109777455044
mlp,42,NF-ToN-IoT,ssd_canonical@alpha=5,RETAINED_MACRO,retained_macro,0.8971995746191701,0.5973866378342074,0.7042955976656295,0.3350261715037363,0.3772651318136009,0.6011026016604514,0.4856024819371143,0.35734524883071167,39420.0,97.0,7093.0,22655.0,69265.0,0.4294809788493467
mlp,42,NF-ToN-IoT,dc_ssd_no_contrast,NF-UNSW-NB15,retained,0.9771709083976742,0.9710573653594365,0.7859684799186578,0.9638403990024937,0.8658639036684402,0.9934829494022195,0.9709128881359012,0.15545742325088108,18957.0,421.0,58.0,1546.0,20982.0,0.07644647793346677
mlp,42,NF-ToN-IoT,dc_ssd_no_contrast,NF-ToN-IoT,forgotten,0.512376804950722,0.608588130505483,0.8604501607717042,0.4118824072648915,0.5570937857812012,0.6417913972511591,0.7958005072058052,0.889172149013347,1795.0,434.0,3821.0,2676.0,8726.0,0.7445564978225991
mlp,42,NF-ToN-IoT,dc_ssd_no_contrast,NF-BoT-IoT,retained,0.9864104213573496,0.7158202251212398,0.9991849376477301,0.9871960057980351,0.9931542917324908,0.9763202161736547,0.9999645619666111,0.02875452149847706,16.0,20.0,318.0,24518.0,24872.0,0.9985525892569959
mlp,42,NF-ToN-IoT,dc_ssd_no_contrast,NF-CSE-CIC-IDS2018,retained,0.6440562128913758,0.5079881461140183,0.14766512410601598,0.3183192261185006,0.20174346201743462,0.623983334376931,0.29452235827893314,0.6833375821073312,14025.0,6078.0,2255.0,1053.0,23411.0,0.14130109777455044
mlp,42,NF-ToN-IoT,dc_ssd_no_contrast,RETAINED_MACRO,retained_macro,0.8692125142154664,0.7316219121982316,0.6442728472241347,0.7564518769730099,0.6869205524727886,0.8645954999842683,0.7551332694604819,0.28918317561889645,32998.0,6519.0,2631.0,27117.0,69265.0,0.4294809788493467
mlp,42,NF-ToN-IoT,dc_ssd_no_class_balance,NF-UNSW-NB15,retained,0.47402535506624727,0.32610936406532437,0.024500907441016333,0.15149625935162095,0.04218017705259504,0.23681468740163217,0.0462343036343331,0.644561879934227,9703.0,9675.0,1361.0,243.0,20982.0,0.07644647793346677
mlp,42,NF-ToN-IoT,dc_ssd_no_class_balance,NF-ToN-IoT,forgotten,0.8072427228970892,0.6508459955946124,0.8087726048480185,0.9706018162228721,0.8823282496152232,0.7409025720743667,0.8265980613291184,0.6221824463686043,738.0,1491.0,191.0,6306.0,8726.0,0.7445564978225991
mlp,42,NF-ToN-IoT,dc_ssd_no_class_balance,NF-BoT-IoT,retained,0.6798809906722418,0.5207270807609027,0.9986406619385343,0.6803430504106942,0.8093208161701312,0.5949875628567847,0.9989764180946342,0.9406710782656599,13.0,23.0,7939.0,16897.0,24872.0,0.9985525892569959
mlp,42,NF-ToN-IoT,dc_ssd_no_class_balance,NF-CSE-CIC-IDS2018,retained,0.5089060697962496,0.5157930461027762,0.14899271324474925,0.5253929866989118,0.23215120550323917,0.3798166543269514,0.10809752849714421,0.656998471747891,10176.0,9927.0,1570.0,1738.0,23411.0,0.14130109777455044
mlp,42,NF-ToN-IoT,dc_ssd_no_class_balance,RETAINED_MACRO,retained_macro,0.5542708051782462,0.4542098303096678,0.39071142754143334,0.45241076548707565,0.3612173995753218,0.40387296819512275,0.3844360834087038,0.7474104766492594,19892.0,19625.0,10870.0,18878.0,69265.0,0.4294809788493467
mlp,42,NF-ToN-IoT,dc_ssd,NF-UNSW-NB15,retained,0.9569631112382042,0.9586875326391422,0.6472070558588828,0.9607231920199502,0.7734002509410288,0.9758712607993896,0.8506933466693432,0.2769611830494563,18538.0,840.0,63.0,1541.0,20982.0,0.07644647793346677
mlp,42,NF-ToN-IoT,dc_ssd,NF-ToN-IoT,forgotten,0.5049278019711207,0.6003439624582917,0.8523794108125607,0.40526396798522396,0.5493427915710412,0.6334430295433314,0.818209148361212,0.8773916901152925,1773.0,456.0,3864.0,2633.0,8726.0,0.7445564978225991
mlp,42,NF-ToN-IoT,dc_ssd,NF-BoT-IoT,retained,0.9856867159858476,0.6599828206367101,0.9990215264187867,0.9866323079400869,0.9927882667530994,0.9805848588965839,0.9999714708708232,0.0321689063022466,12.0,24.0,332.0,24504.0,24872.0,0.9985525892569959
mlp,42,NF-ToN-IoT,dc_ssd,NF-CSE-CIC-IDS2018,retained,0.6162487719448123,0.4353507940755652,0.08797909407665505,0.18319226118500603,0.11887014515496273,0.5319780653816641,0.2136655983476275,0.5953242145052241,13821.0,6282.0,2702.0,606.0,23411.0,0.14130109777455044
mlp,42,NF-ToN-IoT,dc_ssd,RETAINED_MACRO,retained_macro,0.8529661997229546,0.684673715783806,0.5780692254514416,0.7101825870483477,0.6283528876163637,0.8294780616925458,0.6881101386292646,0.301484767952309,32371.0,7146.0,3097.0,26651.0,69265.0,0.4294809788493467
mlp,42,NF-ToN-IoT,scrub_r,NF-UNSW-NB15,retained,0.9973787055571443,0.9868582169820572,0.9911223842739378,0.9744389027431422,0.9827098396730588,0.999748892553424,0.9932324002815207,0.009314526933098425,19364.0,14.0,41.0,1563.0,20982.0,0.07644647793346677
mlp,42,NF-ToN-IoT,scrub_r,NF-ToN-IoT,forgotten,0.28558331423332567,0.45569763951516296,0.6154521510096576,0.10789595197783593,0.18360398114195914,0.48128414584555124,0.7037080932404091,2.219069589467102,1791.0,438.0,5796.0,701.0,8726.0,0.7445564978225991
mlp,42,NF-ToN-IoT,scrub_r,NF-BoT-IoT,retained,0.97885172081055,0.7120353966464451,0.9991786447638604,0.9796263488484458,0.9893059000528606,0.7274688624040372,0.9985353398213892,0.08020019894678884,16.0,20.0,506.0,24330.0,24872.0,0.9985525892569959
mlp,42,NF-ToN-IoT,scrub_r,NF-CSE-CIC-IDS2018,retained,0.9140574943402674,0.7023288723894194,0.9635193133047211,0.40719467956469163,0.572460688482788,0.6805975676294893,0.6162994871779497,0.39202338477627174,20052.0,51.0,1961.0,1347.0,23411.0,0.14130109777455044
mlp,42,NF-ToN-IoT,scrub_r,RETAINED_MACRO,retained_macro,0.9634293069026539,0.8004074953393072,0.9846067807808397,0.7870866437187599,0.8481588094029026,0.8026051075289834,0.8693557424269532,0.16051270355205302,39432.0,85.0,2508.0,27240.0,69265.0,0.4294809788493467
mlp,42,NF-ToN-IoT,scrub_r@lr=0.001,NF-UNSW-NB15,retained,0.9980459441425984,0.9909363885157578,0.9918187539332913,0.9825436408977556,0.9871594112120263,0.9998067067855184,0.9930938817404207,0.006588042934584785,19365.0,13.0,28.0,1576.0,20982.0,0.07644647793346677
mlp,42,NF-ToN-IoT,scrub_r@lr=0.001,NF-ToN-IoT,forgotten,0.2556727022690809,0.44091630654255787,0.5012406947890818,0.062182545790364786,0.11063946323428728,0.5530051382378711,0.7211117317657756,2.159125815004012,1827.0,402.0,6093.0,404.0,8726.0,0.7445564978225991
mlp,42,NF-ToN-IoT,scrub_r@lr=0.001,NF-BoT-IoT,retained,0.9822290125442265,0.6998577333977559,0.9991406122114912,0.9830488001288452,0.991029387887644,0.6894975483616972,0.9983643317045722,0.0746341710449051,15.0,21.0,421.0,24415.0,24872.0,0.9985525892569959
mlp,42,NF-ToN-IoT,scrub_r@lr=0.001,NF-CSE-CIC-IDS2018,retained,0.9178591260518559,0.712750465694178,0.9812369701181376,0.4268440145102781,0.594902043395829,0.6319363079415496,0.6080136987993696,0.5366002180583695,20076.0,27.0,1896.0,1412.0,23411.0,0.14130109777455044
mlp,42,NF-ToN-IoT,scrub_r@lr=0.001,RETAINED_MACRO,retained_macro,0.966044694246227,0.801181529202564,0.99073211208764,0.797478818512293,0.8576969474984998,0.7737468543629218,0.8664906374147875,0.2059408106792865,39456.0,61.0,2345.0,27403.0,69265.0,0.4294809788493467
mlp,42,NF-ToN-IoT,retrained,NF-UNSW-NB15,retained,0.9991421218187018,0.997534128091887,0.9931592039800995,0.9956359102244389,0.9943960149439601,0.999878258734421,0.9970726941074132,0.0031748746496883915,19367.0,11.0,7.0,1597.0,20982.0,0.07644647793346677
mlp,42,NF-ToN-IoT,retrained,NF-ToN-IoT,forgotten,0.29394911757964703,0.4831244886258371,0.6834061135371179,0.09635216253655533,0.16889248617293942,0.6755119334851238,0.7915762476891818,1.7692406138729155,1939.0,290.0,5871.0,626.0,8726.0,0.7445564978225991
mlp,42,NF-ToN-IoT,retrained,NF-BoT-IoT,retained,0.9862093920874879,0.6602445374993289,0.9990220447414531,0.9871557416653245,0.9930534459363671,0.9859321594101752,0.9999794227497235,0.03462530084730709,12.0,24.0,319.0,24517.0,24872.0,0.9985525892569959
mlp,42,NF-ToN-IoT,retrained,NF-CSE-CIC-IDS2018,retained,0.9251206697706207,0.735541382978026,0.9974408189379399,0.47128174123337363,0.6401149661260521,0.6658370591574312,0.6327456907793204,0.4164284306229218,20099.0,4.0,1749.0,1559.0,23411.0,0.14130109777455044
mlp,42,NF-ToN-IoT,retrained,RETAINED_MACRO,retained_macro,0.9701573945589367,0.7977733495230807,0.9965406892198309,0.8180244643743789,0.8758548090021264,0.8838824924340091,0.8765992692121524,0.15140953537330576,39478.0,39.0,2075.0,27673.0,69265.0,0.4294809788493467
mlp,42,NF-BoT-IoT,original,NF-UNSW-NB15,retained,0.9990468020207797,0.9971966049372389,0.9925373134328358,0.9950124688279302,0.9937733499377335,0.9998552874702499,0.9952278122517322,0.003872904088667369,19366.0,12.0,8.0,1596.0,20982.0,0.07644647793346677
mlp,42,NF-BoT-IoT,original,NF-ToN-IoT,retained,0.6033692413476965,0.6486211705675249,0.862291169451074,0.5561028166846237,0.6761485917469823,0.7366612177632731,0.8452845123593878,0.887214090110789,1652.0,577.0,2884.0,3613.0,8726.0,0.7445564978225991
mlp,42,NF-BoT-IoT,original,NF-BoT-IoT,forgotten,0.9871341267288517,0.8132639000733701,0.9994702958194116,0.9876389112578515,0.9935193811008951,0.9901017340419822,0.999985555523559,0.022686785893110715,23.0,13.0,307.0,24529.0,24872.0,0.9985525892569959
mlp,42,NF-BoT-IoT,original,NF-CSE-CIC-IDS2018,retained,0.9080773995130494,0.748347318744981,0.7489233419465977,0.5256952841596131,0.6177619893428064,0.7606376886964419,0.636095060824365,0.393884022142935,19520.0,583.0,1569.0,1739.0,23411.0,0.14130109777455044
mlp,42,NF-BoT-IoT,original,RETAINED_MACRO,retained_macro,0.8368311476271751,0.7980550314165816,0.8679172749435025,0.6922701898907223,0.7625613103425074,0.8323847313099882,0.8255357951451616,0.4283236721141304,40538.0,1172.0,4461.0,6948.0,53119.0,0.21478190477983397
mlp,42,NF-BoT-IoT,rollback_repair,NF-UNSW-NB15,retained,0.9235535220665332,0.5,0.0,0.0,0.0,0.9130453841400215,0.650097996496041,0.6789230955290029,19378.0,0.0,1604.0,0.0,20982.0,0.07644647793346677
mlp,42,NF-BoT-IoT,rollback_repair,NF-ToN-IoT,retained,0.25544350217740086,0.5,0.0,0.0,0.0,0.7548366009145403,0.8243120224449001,6.60829571947821,2229.0,0.0,6497.0,0.0,8726.0,0.7445564978225991
mlp,42,NF-BoT-IoT,rollback_repair,NF-BoT-IoT,forgotten,0.0014474107430041815,0.5,0.0,0.0,0.0,0.3545782555788193,0.9967242867723322,8.882344379144268,36.0,0.0,24836.0,0.0,24872.0,0.9985525892569959
mlp,42,NF-BoT-IoT,rollback_repair,NF-CSE-CIC-IDS2018,retained,0.8586989022254495,0.5,0.0,0.0,0.0,0.5015599003102582,0.1279177069219491,1.254938358998529,20103.0,0.0,3308.0,0.0,23411.0,0.14130109777455044
mlp,42,NF-BoT-IoT,rollback_repair,RETAINED_MACRO,retained_macro,0.6792319754897945,0.5,0.0,0.0,0.0,0.7231472951216067,0.5341092419542967,2.8473857246685808,41710.0,0.0,11409.0,0.0,53119.0,0.21478190477983397
mlp,42,NF-BoT-IoT,ssd_canonical,NF-UNSW-NB15,retained,0.9990468020207797,0.9971966049372389,0.9925373134328358,0.9950124688279302,0.9937733499377335,0.9998552874702499,0.9952278122517322,0.003872904088667369,19366.0,12.0,8.0,1596.0,20982.0,0.07644647793346677
mlp,42,NF-BoT-IoT,ssd_canonical,NF-ToN-IoT,retained,0.6033692413476965,0.6486211705675249,0.862291169451074,0.5561028166846237,0.6761485917469823,0.7366612177632731,0.8452845123593878,0.887214090110789,1652.0,577.0,2884.0,3613.0,8726.0,0.7445564978225991
mlp,42,NF-BoT-IoT,ssd_canonical,NF-BoT-IoT,forgotten,0.9871341267288517,0.8132639000733701,0.9994702958194116,0.9876389112578515,0.9935193811008951,0.9901017340419822,0.999985555523559,0.022686785893110715,23.0,13.0,307.0,24529.0,24872.0,0.9985525892569959
mlp,42,NF-BoT-IoT,ssd_canonical,NF-CSE-CIC-IDS2018,retained,0.9080773995130494,0.748347318744981,0.7489233419465977,0.5256952841596131,0.6177619893428064,0.7606376886964419,0.636095060824365,0.393884022142935,19520.0,583.0,1569.0,1739.0,23411.0,0.14130109777455044
mlp,42,NF-BoT-IoT,ssd_canonical,RETAINED_MACRO,retained_macro,0.8368311476271751,0.7980550314165816,0.8679172749435025,0.6922701898907223,0.7625613103425074,0.8323847313099882,0.8255357951451616,0.4283236721141304,40538.0,1172.0,4461.0,6948.0,53119.0,0.21478190477983397
mlp,42,NF-BoT-IoT,ssd_canonical@alpha=1,NF-UNSW-NB15,retained,0.9990468020207797,0.9971966049372389,0.9925373134328358,0.9950124688279302,0.9937733499377335,0.9998564778578891,0.9952598146478011,0.0038905645066327436,19366.0,12.0,8.0,1596.0,20982.0,0.07644647793346677
mlp,42,NF-BoT-IoT,ssd_canonical@alpha=1,NF-ToN-IoT,retained,0.6029108411643365,0.6477239072207326,0.8614687649022413,0.5561028166846237,0.6758956131325414,0.7371750691712424,0.8459983596708857,0.8893141498990157,1648.0,581.0,2884.0,3613.0,8726.0,0.7445564978225991
mlp,42,NF-BoT-IoT,ssd_canonical@alpha=1,NF-BoT-IoT,forgotten,0.9870135091669348,0.8132035038743043,0.9994702310607604,0.9875181188597197,0.9934582278481012,0.9898087006316993,0.9999851283081436,0.023639847609543716,23.0,13.0,310.0,24526.0,24872.0,0.9985525892569959
mlp,42,NF-BoT-IoT,ssd_canonical@alpha=1,NF-CSE-CIC-IDS2018,retained,0.9082482593652557,0.7485730832043272,0.75,0.5259975816203144,0.6183368869936035,0.7564855985628066,0.6369607482559461,0.39145601370728145,19523.0,580.0,1568.0,1740.0,23411.0,0.14130109777455044
mlp,42,NF-BoT-IoT,ssd_canonical@alpha=1,RETAINED_MACRO,retained_macro,0.8367353008501239,0.7978311984540997,0.8680020261116924,0.6923709557109561,0.7626686166879594,0.8311723818639795,0.8260729741915442,0.42822024270431,40537.0,1173.0,4460.0,6949.0,53119.0,0.21478190477983397
mlp,42,NF-BoT-IoT,ssd_canonical@alpha=2,NF-UNSW-NB15,retained,0.9990468020207797,0.9971966049372389,0.9925373134328358,0.9950124688279302,0.9937733499377335,0.9998572821738615,0.9953389896166459,0.0038579258338909167,19366.0,12.0,8.0,1596.0,20982.0,0.07644647793346677
mlp,42,NF-BoT-IoT,ssd_canonical@alpha=2,NF-ToN-IoT,retained,0.6030254412101765,0.6483902947786992,0.8621925005970862,0.5556410651069724,0.6757768625982778,0.7374800033669818,0.8456938909168727,0.8833116399584489,1652.0,577.0,2887.0,3610.0,8726.0,0.7445564978225991
mlp,42,NF-BoT-IoT,ssd_canonical@alpha=2,NF-BoT-IoT,forgotten,0.9871341267288517,0.8132639000733701,0.9994702958194116,0.9876389112578515,0.9935193811008951,0.989819885113008,0.9999851432391167,0.022684195420081064,23.0,13.0,307.0,24529.0,24872.0,0.9985525892569959
mlp,42,NF-BoT-IoT,ssd_canonical@alpha=2,NF-CSE-CIC-IDS2018,retained,0.9080773995130494,0.748347318744981,0.7489233419465977,0.5256952841596131,0.6177619893428064,0.7593312818669463,0.6358378514710536,0.3944222689094864,19520.0,583.0,1569.0,1739.0,23411.0,0.14130109777455044
mlp,42,NF-BoT-IoT,ssd_canonical@alpha=2,RETAINED_MACRO,retained_macro,0.8367165475813353,0.7979780728203064,0.8678843853255066,0.6921162726981719,0.7624374006262725,0.8322228558025966,0.8256235773348575,0.427197278233942,40538.0,1172.0,4464.0,6945.0,53119.0,0.21478190477983397
mlp,42,NF-BoT-IoT,ssd_canonical@alpha=3,NF-UNSW-NB15,retained,0.9990468020207797,0.9971966049372389,0.9925373134328358,0.9950124688279302,0.9937733499377335,0.9998552874702499,0.9952278122517322,0.003872904088667369,19366.0,12.0,8.0,1596.0,20982.0,0.07644647793346677
mlp,42,NF-BoT-IoT,ssd_canonical@alpha=3,NF-ToN-IoT,retained,0.6033692413476965,0.6486211705675249,0.862291169451074,0.5561028166846237,0.6761485917469823,0.7366612177632731,0.8452845123593878,0.887214090110789,1652.0,577.0,2884.0,3613.0,8726.0,0.7445564978225991
mlp,42,NF-BoT-IoT,ssd_canonical@alpha=3,NF-BoT-IoT,forgotten,0.9871341267288517,0.8132639000733701,0.9994702958194116,0.9876389112578515,0.9935193811008951,0.9901017340419822,0.999985555523559,0.022686785893110715,23.0,13.0,307.0,24529.0,24872.0,0.9985525892569959
mlp,42,NF-BoT-IoT,ssd_canonical@alpha=3,NF-CSE-CIC-IDS2018,retained,0.9080773995130494,0.748347318744981,0.7489233419465977,0.5256952841596131,0.6177619893428064,0.7606376886964419,0.636095060824365,0.393884022142935,19520.0,583.0,1569.0,1739.0,23411.0,0.14130109777455044
mlp,42,NF-BoT-IoT,ssd_canonical@alpha=3,RETAINED_MACRO,retained_macro,0.8368311476271751,0.7980550314165816,0.8679172749435025,0.6922701898907223,0.7625613103425074,0.8323847313099882,0.8255357951451616,0.4283236721141304,40538.0,1172.0,4461.0,6948.0,53119.0,0.21478190477983397
mlp,42,NF-BoT-IoT,ssd_canonical@alpha=5,NF-UNSW-NB15,retained,0.9990468020207797,0.9971966049372389,0.9925373134328358,0.9950124688279302,0.9937733499377335,0.9998552874702499,0.9952278122517322,0.003872904088667369,19366.0,12.0,8.0,1596.0,20982.0,0.07644647793346677
mlp,42,NF-BoT-IoT,ssd_canonical@alpha=5,NF-ToN-IoT,retained,0.6033692413476965,0.6486211705675249,0.862291169451074,0.5561028166846237,0.6761485917469823,0.7366612177632731,0.8452845123593878,0.887214090110789,1652.0,577.0,2884.0,3613.0,8726.0,0.7445564978225991
mlp,42,NF-BoT-IoT,ssd_canonical@alpha=5,NF-BoT-IoT,forgotten,0.9871341267288517,0.8132639000733701,0.9994702958194116,0.9876389112578515,0.9935193811008951,0.9901017340419822,0.999985555523559,0.022686785893110715,23.0,13.0,307.0,24529.0,24872.0,0.9985525892569959
mlp,42,NF-BoT-IoT,ssd_canonical@alpha=5,NF-CSE-CIC-IDS2018,retained,0.9080773995130494,0.748347318744981,0.7489233419465977,0.5256952841596131,0.6177619893428064,0.7606376886964419,0.636095060824365,0.393884022142935,19520.0,583.0,1569.0,1739.0,23411.0,0.14130109777455044
mlp,42,NF-BoT-IoT,ssd_canonical@alpha=5,RETAINED_MACRO,retained_macro,0.8368311476271751,0.7980550314165816,0.8679172749435025,0.6922701898907223,0.7625613103425074,0.8323847313099882,0.8255357951451616,0.4283236721141304,40538.0,1172.0,4461.0,6948.0,53119.0,0.21478190477983397
mlp,42,NF-BoT-IoT,dc_ssd_no_contrast,NF-UNSW-NB15,retained,0.9394242684205509,0.6069480931791689,0.9690140845070423,0.2144638403990025,0.3511995916283818,0.9704115961515346,0.7977555079201367,0.17017863449119458,19367.0,11.0,1260.0,344.0,20982.0,0.07644647793346677
mlp,42,NF-BoT-IoT,dc_ssd_no_contrast,NF-ToN-IoT,retained,0.5912216364886546,0.6398741304006619,0.8580156402737048,0.540403263044482,0.6631409953725564,0.6597084563928564,0.8241724558676626,0.9938282786478394,1648.0,581.0,2986.0,3511.0,8726.0,0.7445564978225991
mlp,42,NF-BoT-IoT,dc_ssd_no_contrast,NF-BoT-IoT,forgotten,0.7146992602122869,0.760061559385122,0.9996057226540498,0.7145675632146884,0.8333881192768255,0.6982158515416689,0.9994742530533464,1.3757990642268494,29.0,7.0,7089.0,17747.0,24872.0,0.9985525892569959
mlp,42,NF-BoT-IoT,dc_ssd_no_contrast,NF-CSE-CIC-IDS2018,retained,0.9078638246977916,0.7450660386795187,0.7527448397013614,0.5181378476420798,0.6137869292748434,0.7146084078723715,0.6139202135553946,0.41895630436309855,19540.0,563.0,1594.0,1714.0,23411.0,0.14130109777455044
mlp,42,NF-BoT-IoT,dc_ssd_no_contrast,RETAINED_MACRO,retained_macro,0.8128365765356658,0.6639627540864498,0.8599248548273696,0.42433498369518813,0.5427091720919273,0.7815761534722542,0.7452827257810646,0.5276544058340442,40555.0,1155.0,5840.0,5569.0,53119.0,0.21478190477983397
mlp,42,NF-BoT-IoT,dc_ssd_no_class_balance,NF-UNSW-NB15,retained,0.9988085025259746,0.9956380014459671,0.9925140361821585,0.9918952618453866,0.9922045525413159,0.9998553839881666,0.9959403726000821,0.004272300545311009,19366.0,12.0,13.0,1591.0,20982.0,0.07644647793346677
mlp,42,NF-BoT-IoT,dc_ssd_no_class_balance,NF-ToN-IoT,retained,0.6027962411184965,0.6466154479414974,0.8602329450915142,0.5570263198399261,0.6761958146487295,0.7259194342586801,0.841736778967595,0.9226601035223015,1641.0,588.0,2878.0,3619.0,8726.0,0.7445564978225991
mlp,42,NF-BoT-IoT,dc_ssd_no_class_balance,NF-BoT-IoT,forgotten,0.9870939208748793,0.7993750111844813,0.9994295725868884,0.9876389112578515,0.9934992608193767,0.9882339256634635,0.9999828174156377,0.023101457695876713,22.0,14.0,307.0,24529.0,24872.0,0.9985525892569959
mlp,42,NF-BoT-IoT,dc_ssd_no_class_balance,NF-CSE-CIC-IDS2018,retained,0.9082909743283072,0.7487242319346779,0.7501077121930203,0.5262998790810157,0.6185823414460828,0.7306535264187499,0.6299404876551093,0.40473713131911576,19523.0,580.0,1567.0,1741.0,23411.0,0.14130109777455044
mlp,42,NF-BoT-IoT,dc_ssd_no_class_balance,RETAINED_MACRO,retained_macro,0.8366319059909261,0.7969925604407141,0.8676182311555644,0.6917404869221095,0.7623275695453761,0.8188094482218654,0.8225392130742621,0.44388984512890944,40530.0,1180.0,4458.0,6951.0,53119.0,0.21478190477983397
mlp,42,NF-BoT-IoT,dc_ssd,NF-UNSW-NB15,retained,0.9288914307501668,0.5374859823812335,0.9307692307692308,0.07543640897755612,0.1395617070357555,0.8656434727249376,0.45414352163527416,0.2442156993036037,19369.0,9.0,1483.0,121.0,20982.0,0.07644647793346677
mlp,42,NF-BoT-IoT,dc_ssd,NF-ToN-IoT,retained,0.5827412330964933,0.666008358207636,0.8982152816508645,0.4957672772048638,0.6388971536249132,0.7517013926364053,0.8561775734526694,0.8783803738712732,1864.0,365.0,3276.0,3221.0,8726.0,0.7445564978225991
mlp,42,NF-BoT-IoT,dc_ssd,NF-BoT-IoT,forgotten,0.008000964940495335,0.4894127699933788,0.9939393939393939,0.006603317764535352,0.01311947522099116,0.4429557899822838,0.9975462175350175,2.1066882003357463,35.0,1.0,24672.0,164.0,24872.0,0.9985525892569959
mlp,42,NF-BoT-IoT,dc_ssd,NF-CSE-CIC-IDS2018,retained,0.8396053137414036,0.6030365022792834,0.4008869179600887,0.27327690447400244,0.3250044939780694,0.7029398506999713,0.3664096889204761,0.4521857141815456,18752.0,1351.0,2404.0,904.0,23411.0,0.14130109777455044
mlp,42,NF-BoT-IoT,dc_ssd,RETAINED_MACRO,retained_macro,0.7837459925293545,0.6021769476227177,0.7432904767933947,0.28149353021880746,0.3678211182129127,0.7734282386871048,0.5589102613361399,0.5249272624521408,39985.0,1725.0,7163.0,4246.0,53119.0,0.21478190477983397
mlp,42,NF-BoT-IoT,scrub_r,NF-UNSW-NB15,retained,0.9944237918215614,0.9675315336902865,0.9907590759075907,0.935785536159601,0.9624879769156781,0.9995731977724179,0.9910240874438778,0.0171318569292545,19364.0,14.0,103.0,1501.0,20982.0,0.07644647793346677
mlp,42,NF-BoT-IoT,scrub_r,NF-ToN-IoT,retained,0.5493926197570479,0.5518098459081056,0.7824267782426778,0.5468677851315992,0.6437760463852147,0.5096216889418473,0.7764821013455188,1.8071367524041968,1241.0,988.0,2944.0,3553.0,8726.0,0.7445564978225991
mlp,42,NF-BoT-IoT,scrub_r,NF-BoT-IoT,forgotten,0.37118044387262783,0.5048406435103165,0.9985903274777705,0.37079239813174425,0.5407833695460684,0.5074969578210841,0.9986342583740302,1.3168255734740735,23.0,13.0,15627.0,9209.0,24872.0,0.9985525892569959
mlp,42,NF-BoT-IoT,scrub_r,NF-CSE-CIC-IDS2018,retained,0.8284139934218957,0.7176195329843327,0.4200676437429538,0.563180169286578,0.4812088337853545,0.703481431269831,0.616430438179354,0.4690566493349726,17531.0,2572.0,1445.0,1863.0,23411.0,0.14130109777455044
mlp,42,NF-BoT-IoT,scrub_r,RETAINED_MACRO,retained_macro,0.7907434683335017,0.745653637527575,0.7310844992977407,0.6819444968592595,0.6958242856954158,0.7375587726613654,0.7946455423229168,0.7644417528894746,38136.0,3574.0,4492.0,6917.0,53119.0,0.21478190477983397
mlp,42,NF-BoT-IoT,scrub_r@lr=0.001,NF-UNSW-NB15,retained,0.9978076446477934,0.988805948540765,0.9930379746835443,0.9781795511221946,0.9855527638190955,0.9998005939841283,0.99182337540292,0.0076748822707952006,19367.0,11.0,35.0,1569.0,20982.0,0.07644647793346677
mlp,42,NF-BoT-IoT,scrub_r@lr=0.001,NF-ToN-IoT,retained,0.5663534265413707,0.5963550972519809,0.8200047180938901,0.5350161613052178,0.6475409836065574,0.4987750152553414,0.7700139685347155,1.896354234369031,1466.0,763.0,3021.0,3476.0,8726.0,0.7445564978225991
mlp,42,NF-BoT-IoT,scrub_r@lr=0.001,NF-BoT-IoT,forgotten,0.04595529109038276,0.4668111701651724,0.9964125560538116,0.04473345144145595,0.085622904705021,0.3477982230096097,0.9977431640985351,2.222107737548635,32.0,4.0,23725.0,1111.0,24872.0,0.9985525892569959
mlp,42,NF-BoT-IoT,scrub_r@lr=0.001,NF-CSE-CIC-IDS2018,retained,0.9012857203878518,0.7539897234803037,0.6893277630079757,0.5486698911729141,0.6110082477697357,0.6633369435195924,0.6271680146354567,0.4931773606968784,19285.0,818.0,1493.0,1815.0,23411.0,0.14130109777455044
mlp,42,NF-BoT-IoT,scrub_r@lr=0.001,RETAINED_MACRO,retained_macro,0.8218155971923387,0.7797169230910166,0.8341234852618035,0.6872885345334421,0.748033998398463,0.7206375175863541,0.7963351195243641,0.7990688257789015,40118.0,1592.0,4549.0,6860.0,53119.0,0.21478190477983397
mlp,42,NF-BoT-IoT,retrained,NF-UNSW-NB15,retained,0.9989514822228577,0.9954294905732881,0.9949937421777222,0.9912718204488778,0.9931292941911305,0.9998349865351072,0.9954355955410065,0.003955556925966174,19370.0,8.0,14.0,1590.0,20982.0,0.07644647793346677
mlp,42,NF-BoT-IoT,retrained,NF-ToN-IoT,retained,0.5220032088012835,0.6098951491777997,0.8563112745098039,0.43019855317839,0.5726872246696035,0.7328068315755769,0.8471390403127473,0.9713046697238006,1760.0,469.0,3702.0,2795.0,8726.0,0.7445564978225991
mlp,42,NF-BoT-IoT,retrained,NF-BoT-IoT,forgotten,0.0138308137664844,0.35364435138955996,0.9666666666666667,0.01284425833467547,0.02535166494476675,0.3459717972119325,0.9966407128958329,2.9822739752515806,25.0,11.0,24517.0,319.0,24872.0,0.9985525892569959
mlp,42,NF-BoT-IoT,retrained,NF-CSE-CIC-IDS2018,retained,0.8786895049335782,0.662035747159685,0.622257053291536,0.3600362756952842,0.45614707008808886,0.7545303942856321,0.5415336184453587,0.44238123253129524,19380.0,723.0,2117.0,1191.0,23411.0,0.14130109777455044
mlp,42,NF-BoT-IoT,retrained,RETAINED_MACRO,retained_macro,0.7998813986525731,0.7557867956369243,0.8245206899930206,0.593835549774184,0.673987862982941,0.8290574041321054,0.7947027514330376,0.472547153060354,40510.0,1200.0,5833.0,5576.0,53119.0,0.21478190477983397
mlp,42,NF-CSE-CIC-IDS2018,original,NF-UNSW-NB15,retained,0.9990468020207797,0.9971966049372389,0.9925373134328358,0.9950124688279302,0.9937733499377335,0.9998552874702499,0.9952278122517322,0.003872904088667369,19366.0,12.0,8.0,1596.0,20982.0,0.07644647793346677
mlp,42,NF-CSE-CIC-IDS2018,original,NF-ToN-IoT,retained,0.6033692413476965,0.6486211705675249,0.862291169451074,0.5561028166846237,0.6761485917469823,0.7366612177632731,0.8452845123593878,0.887214090110789,1652.0,577.0,2884.0,3613.0,8726.0,0.7445564978225991
mlp,42,NF-CSE-CIC-IDS2018,original,NF-BoT-IoT,retained,0.9871341267288517,0.8132639000733701,0.9994702958194116,0.9876389112578515,0.9935193811008951,0.9901017340419822,0.999985555523559,0.022686785893110715,23.0,13.0,307.0,24529.0,24872.0,0.9985525892569959
mlp,42,NF-CSE-CIC-IDS2018,original,NF-CSE-CIC-IDS2018,forgotten,0.9080773995130494,0.748347318744981,0.7489233419465977,0.5256952841596131,0.6177619893428064,0.7606376886964419,0.636095060824365,0.393884022142935,19520.0,583.0,1569.0,1739.0,23411.0,0.14130109777455044
mlp,42,NF-CSE-CIC-IDS2018,original,RETAINED_MACRO,retained_macro,0.8631833900324426,0.819693891859378,0.9514329262344404,0.8462513989234685,0.8878137742618702,0.9088727464251685,0.9468326267115597,0.3045912600308557,21041.0,602.0,3199.0,29738.0,54580.0,0.6034628068889704
mlp,42,NF-CSE-CIC-IDS2018,rollback_repair,NF-UNSW-NB15,retained,0.07644647793346677,0.5,0.07644647793346677,1.0,0.142034888869211,0.1610166579628954,0.04577209806865967,15.318361579879086,0.0,19378.0,0.0,1604.0,20982.0,0.07644647793346677
mlp,42,NF-CSE-CIC-IDS2018,rollback_repair,NF-ToN-IoT,retained,0.7445564978225991,0.5,0.7445564978225991,1.0,0.8535768245418117,0.535959516947222,0.7050317419322653,4.237544730818909,0.0,2229.0,0.0,6497.0,8726.0,0.7445564978225991
mlp,42,NF-CSE-CIC-IDS2018,rollback_repair,NF-BoT-IoT,retained,0.9985525892569959,0.5,0.9985525892569959,1.0,0.9992757704997184,0.01525227716039441,0.9935371576425461,0.02399868515774119,0.0,36.0,0.0,24836.0,24872.0,0.9985525892569959
mlp,42,NF-CSE-CIC-IDS2018,rollback_repair,NF-CSE-CIC-IDS2018,forgotten,0.14130109777455044,0.5,0.14130109777455044,1.0,0.2476140574123283,0.28552768087156466,0.09335566839420739,14.274489464079055,0.0,20103.0,0.0,3308.0,23411.0,0.14130109777455044
mlp,42,NF-CSE-CIC-IDS2018,rollback_repair,RETAINED_MACRO,retained_macro,0.6065185216710206,0.5,0.6065185216710206,1.0,0.6649624946369137,0.23740948402350395,0.5814469992144904,6.526634998618579,0.0,21643.0,0.0,32937.0,54580.0,0.6034628068889704
mlp,42,NF-CSE-CIC-IDS2018,ssd_canonical,NF-UNSW-NB15,retained,0.9990468020207797,0.9971966049372389,0.9925373134328358,0.9950124688279302,0.9937733499377335,0.9998552874702499,0.9952278122517322,0.003872904088667369,19366.0,12.0,8.0,1596.0,20982.0,0.07644647793346677
mlp,42,NF-CSE-CIC-IDS2018,ssd_canonical,NF-ToN-IoT,retained,0.6033692413476965,0.6486211705675249,0.862291169451074,0.5561028166846237,0.6761485917469823,0.7366612177632731,0.8452845123593878,0.887214090110789,1652.0,577.0,2884.0,3613.0,8726.0,0.7445564978225991
mlp,42,NF-CSE-CIC-IDS2018,ssd_canonical,NF-BoT-IoT,retained,0.9871341267288517,0.8132639000733701,0.9994702958194116,0.9876389112578515,0.9935193811008951,0.9901017340419822,0.999985555523559,0.022686785893110715,23.0,13.0,307.0,24529.0,24872.0,0.9985525892569959
mlp,42,NF-CSE-CIC-IDS2018,ssd_canonical,NF-CSE-CIC-IDS2018,forgotten,0.9080773995130494,0.748347318744981,0.7489233419465977,0.5256952841596131,0.6177619893428064,0.7606376886964419,0.636095060824365,0.393884022142935,19520.0,583.0,1569.0,1739.0,23411.0,0.14130109777455044
mlp,42,NF-CSE-CIC-IDS2018,ssd_canonical,RETAINED_MACRO,retained_macro,0.8631833900324426,0.819693891859378,0.9514329262344404,0.8462513989234685,0.8878137742618702,0.9088727464251685,0.9468326267115597,0.3045912600308557,21041.0,602.0,3199.0,29738.0,54580.0,0.6034628068889704
mlp,42,NF-CSE-CIC-IDS2018,ssd_canonical@alpha=1,NF-UNSW-NB15,retained,0.9973787055571443,0.9854286257727546,0.994256541161455,0.9713216957605985,0.9826553137811416,0.9997647536643992,0.9964089057051301,0.012842100036461994,19369.0,9.0,46.0,1558.0,20982.0,0.07644647793346677
mlp,42,NF-CSE-CIC-IDS2018,ssd_canonical@alpha=1,NF-ToN-IoT,retained,0.6214760485904194,0.6482552633430635,0.8534749889331562,0.5935046944743728,0.7001361779391738,0.7639180260095888,0.8528621295726756,0.569183827908215,1567.0,662.0,2641.0,3856.0,8726.0,0.7445564978225991
mlp,42,NF-CSE-CIC-IDS2018,ssd_canonical@alpha=1,NF-BoT-IoT,retained,0.98882277259569,0.6754218786349564,0.9990651926516013,0.9897326461588017,0.9943770226537216,0.9813834308620102,0.9999726046138976,0.04241758552406066,13.0,23.0,255.0,24581.0,24872.0,0.9985525892569959
mlp,42,NF-CSE-CIC-IDS2018,ssd_canonical@alpha=1,NF-CSE-CIC-IDS2018,forgotten,0.8988936824569647,0.7477983773530045,0.6800612323000382,0.5371825876662636,0.6002364465461916,0.6367583757433979,0.6108314132902923,0.4104899904474033,19267.0,836.0,1531.0,1777.0,23411.0,0.14130109777455044
mlp,42,NF-CSE-CIC-IDS2018,ssd_canonical@alpha=1,RETAINED_MACRO,retained_macro,0.8692258422477512,0.7697019225835916,0.9489322409154042,0.8515196787979243,0.8923895047913457,0.915022070178666,0.9497478799639011,0.20814783782291255,20949.0,694.0,2942.0,29995.0,54580.0,0.6034628068889704
mlp,42,NF-CSE-CIC-IDS2018,ssd_canonical@alpha=2,NF-UNSW-NB15,retained,0.9992374416166238,0.9987294059721169,0.9919454770755886,0.9981296758104738,0.9950279676817899,0.9998435766296921,0.9953901023582712,0.007144378900215002,19365.0,13.0,3.0,1601.0,20982.0,0.07644647793346677
mlp,42,NF-CSE-CIC-IDS2018,ssd_canonical@alpha=2,NF-ToN-IoT,retained,0.6104744441897777,0.645140598072907,0.8549495875343721,0.5742650454055718,0.6870453917687137,0.7331710815489746,0.8433074934786451,0.7330469949532556,1596.0,633.0,2766.0,3731.0,8726.0,0.7445564978225991
mlp,42,NF-CSE-CIC-IDS2018,ssd_canonical@alpha=2,NF-BoT-IoT,retained,0.9876165969765198,0.6886866734668313,0.9991046719843725,0.9884844580447737,0.9937661917098446,0.9864186843470947,0.9999801657160314,0.02069006009431947,14.0,22.0,286.0,24550.0,24872.0,0.9985525892569959
mlp,42,NF-CSE-CIC-IDS2018,ssd_canonical@alpha=2,NF-CSE-CIC-IDS2018,forgotten,0.9089316987740805,0.7511177397106232,0.7514970059880239,0.531136638452237,0.622387530995395,0.7493863450268602,0.6468481939520221,0.2857758331264251,19522.0,581.0,1551.0,1757.0,23411.0,0.14130109777455044
mlp,42,NF-CSE-CIC-IDS2018,ssd_canonical@alpha=2,RETAINED_MACRO,retained_macro,0.8657761609276404,0.7775188925039518,0.9486665788647777,0.8536263930869398,0.8919465170534494,0.9064777808419205,0.9462259205176492,0.2536271446492634,20975.0,668.0,3055.0,29882.0,54580.0,0.6034628068889704
mlp,42,NF-CSE-CIC-IDS2018,ssd_canonical@alpha=3,NF-UNSW-NB15,retained,0.9990468020207797,0.9971966049372389,0.9925373134328358,0.9950124688279302,0.9937733499377335,0.9998623654508069,0.9958478732116924,0.0038626443409498813,19366.0,12.0,8.0,1596.0,20982.0,0.07644647793346677
mlp,42,NF-CSE-CIC-IDS2018,ssd_canonical@alpha=3,NF-ToN-IoT,retained,0.6033692413476965,0.6486211705675249,0.862291169451074,0.5561028166846237,0.6761485917469823,0.7360394724058376,0.8451376022997439,0.8901096193689154,1652.0,577.0,2884.0,3613.0,8726.0,0.7445564978225991
mlp,42,NF-CSE-CIC-IDS2018,ssd_canonical@alpha=3,NF-BoT-IoT,retained,0.9870939208748793,0.8132437680070148,0.9994702742349537,0.9875986471251409,0.9934989975089616,0.9900849573200193,0.999985530899206,0.02272392861036558,23.0,13.0,308.0,24528.0,24872.0,0.9985525892569959
mlp,42,NF-CSE-CIC-IDS2018,ssd_canonical@alpha=3,NF-CSE-CIC-IDS2018,forgotten,0.9080773995130494,0.748347318744981,0.7489233419465977,0.5256952841596131,0.6177619893428064,0.7579983640478861,0.6354567084913006,0.3950054013492127,19520.0,583.0,1569.0,1739.0,23411.0,0.14130109777455044
mlp,42,NF-CSE-CIC-IDS2018,ssd_canonical@alpha=3,RETAINED_MACRO,retained_macro,0.8631699880811184,0.8196871811705929,0.9514329190396212,0.8462379775458982,0.8878069797312258,0.9086622650588879,0.9469903354702142,0.30556539744007694,21041.0,602.0,3200.0,29737.0,54580.0,0.6034628068889704
mlp,42,NF-CSE-CIC-IDS2018,ssd_canonical@alpha=5,NF-UNSW-NB15,retained,0.9990468020207797,0.9971966049372389,0.9925373134328358,0.9950124688279302,0.9937733499377335,0.9998552874702499,0.9952278122517322,0.003872904088667369,19366.0,12.0,8.0,1596.0,20982.0,0.07644647793346677
mlp,42,NF-CSE-CIC-IDS2018,ssd_canonical@alpha=5,NF-ToN-IoT,retained,0.6033692413476965,0.6486211705675249,0.862291169451074,0.5561028166846237,0.6761485917469823,0.7366612177632731,0.8452845123593878,0.887214090110789,1652.0,577.0,2884.0,3613.0,8726.0,0.7445564978225991
mlp,42,NF-CSE-CIC-IDS2018,ssd_canonical@alpha=5,NF-BoT-IoT,retained,0.9871341267288517,0.8132639000733701,0.9994702958194116,0.9876389112578515,0.9935193811008951,0.9901017340419822,0.999985555523559,0.022686785893110715,23.0,13.0,307.0,24529.0,24872.0,0.9985525892569959
mlp,42,NF-CSE-CIC-IDS2018,ssd_canonical@alpha=5,NF-CSE-CIC-IDS2018,forgotten,0.9080773995130494,0.748347318744981,0.7489233419465977,0.5256952841596131,0.6177619893428064,0.7606376886964419,0.636095060824365,0.393884022142935,19520.0,583.0,1569.0,1739.0,23411.0,0.14130109777455044
mlp,42,NF-CSE-CIC-IDS2018,ssd_canonical@alpha=5,RETAINED_MACRO,retained_macro,0.8631833900324426,0.819693891859378,0.9514329262344404,0.8462513989234685,0.8878137742618702,0.9088727464251685,0.9468326267115597,0.3045912600308557,21041.0,602.0,3199.0,29738.0,54580.0,0.6034628068889704
mlp,42,NF-CSE-CIC-IDS2018,dc_ssd_no_contrast,NF-UNSW-NB15,retained,0.9988561624249357,0.9985229863209661,0.9870530209617756,0.9981296758104738,0.9925604463732176,0.9998192219420486,0.9953641137483947,0.011015779838514858,19357.0,21.0,3.0,1601.0,20982.0,0.07644647793346677
mlp,42,NF-CSE-CIC-IDS2018,dc_ssd_no_contrast,NF-ToN-IoT,retained,0.6179234471693789,0.6520585509562926,0.8591869180104474,0.582268739418193,0.6941284403669725,0.7438507871908027,0.8538847859787295,0.7183514188418613,1609.0,620.0,2714.0,3783.0,8726.0,0.7445564978225991
mlp,42,NF-CSE-CIC-IDS2018,dc_ssd_no_contrast,NF-BoT-IoT,retained,0.9883805082019942,0.5919878849698467,0.9988213777687462,0.9895313254952488,0.9941546489755466,0.9856458366886777,0.999979036089912,0.020979069825040945,7.0,29.0,260.0,24576.0,24872.0,0.9985525892569959
mlp,42,NF-CSE-CIC-IDS2018,dc_ssd_no_contrast,NF-CSE-CIC-IDS2018,forgotten,0.9052154969885952,0.7457969630526128,0.7292631578947368,0.5235792019347038,0.6095372162590181,0.7698095437276744,0.6463012669643474,0.2925726421409242,19460.0,643.0,1576.0,1732.0,23411.0,0.14130109777455044
mlp,42,NF-CSE-CIC-IDS2018,dc_ssd_no_contrast,RETAINED_MACRO,retained_macro,0.868386705932103,0.7475231407490351,0.9483537722469898,0.8566432469079719,0.8936145119052457,0.9097719486071764,0.9497426452723454,0.25011542283513905,20973.0,670.0,2977.0,29960.0,54580.0,0.6034628068889704
mlp,42,NF-CSE-CIC-IDS2018,dc_ssd_no_class_balance,NF-UNSW-NB15,retained,0.9990944619197407,0.9986519986029354,0.9901051329622759,0.9981296758104738,0.9941012108040981,0.9998255921245498,0.9956705843122189,0.01264407761210387,19362.0,16.0,3.0,1601.0,20982.0,0.07644647793346677
mlp,42,NF-CSE-CIC-IDS2018,dc_ssd_no_class_balance,NF-ToN-IoT,retained,0.6095576438230575,0.6362729238390249,0.8457923008057296,0.5816530706479914,0.6892840857273141,0.758337060421924,0.8514079525722977,0.6140524251760485,1540.0,689.0,2718.0,3779.0,8726.0,0.7445564978225991
mlp,42,NF-CSE-CIC-IDS2018,dc_ssd_no_class_balance,NF-BoT-IoT,retained,0.9875763911225475,0.7025352982230096,0.9991452643575237,0.9884039297793525,0.9937455723104949,0.9802716934199459,0.9999709220580983,0.02528985523143568,15.0,21.0,288.0,24548.0,24872.0,0.9985525892569959
mlp,42,NF-CSE-CIC-IDS2018,dc_ssd_no_class_balance,NF-CSE-CIC-IDS2018,forgotten,0.9037204732817906,0.7487147508348931,0.7133603238866397,0.5326481257557436,0.6098996192454137,0.7856196949073817,0.6546853395557318,0.2919681154912697,19395.0,708.0,1546.0,1762.0,23411.0,0.14130109777455044
mlp,42,NF-CSE-CIC-IDS2018,dc_ssd_no_class_balance,RETAINED_MACRO,retained_macro,0.8654094989551152,0.7791534068883234,0.9450142327085098,0.8560622254126059,0.8923769562806356,0.9128114486554733,0.9490164863142049,0.21732878600652936,20917.0,726.0,3009.0,29928.0,54580.0,0.6034628068889704
mlp,42,NF-CSE-CIC-IDS2018,dc_ssd,NF-UNSW-NB15,retained,0.9796968830426079,0.9881503988506389,0.79100790513834,0.9981296758104738,0.88257993384785,0.9994165491936379,0.9900120585885838,0.06738688204340086,18955.0,423.0,3.0,1601.0,20982.0,0.07644647793346677
mlp,42,NF-CSE-CIC-IDS2018,dc_ssd,NF-ToN-IoT,retained,0.6086408434563374,0.6246054620371082,0.8342733188720174,0.5919655225488687,0.692536238408211,0.7356332042127598,0.8472867543108936,0.6313243438450235,1465.0,764.0,2651.0,3846.0,8726.0,0.7445564978225991
mlp,42,NF-CSE-CIC-IDS2018,dc_ssd,NF-BoT-IoT,retained,0.9875361852685751,0.577696354753852,0.9987797933783454,0.9887260428410372,0.9937274897818785,0.984298106691004,0.9999770382903516,0.02210104958625758,6.0,30.0,280.0,24556.0,24872.0,0.9985525892569959
mlp,42,NF-CSE-CIC-IDS2018,dc_ssd,NF-CSE-CIC-IDS2018,forgotten,0.8999188415702021,0.7999162460246297,0.6417033773861968,0.6605199516324063,0.6509757187546551,0.84203393033736,0.6980382597560888,0.3161322039128325,18883.0,1220.0,1123.0,2185.0,23411.0,0.14130109777455044
mlp,42,NF-CSE-CIC-IDS2018,dc_ssd,RETAINED_MACRO,retained_macro,0.8586246372558403,0.7301507385471998,0.8746870057962343,0.8596070804001266,0.8562812206793131,0.9064492866991339,0.9457586170632762,0.24027075849156063,20426.0,1217.0,2934.0,30003.0,54580.0,0.6034628068889704
mlp,42,NF-CSE-CIC-IDS2018,scrub_r,NF-UNSW-NB15,retained,0.9822228576875417,0.8868732802115878,0.99122106943336,0.7743142144638404,0.8694434721736087,0.9940562979999685,0.9514833150808578,0.057817512668410107,19367.0,11.0,362.0,1242.0,20982.0,0.07644647793346677
mlp,42,NF-CSE-CIC-IDS2018,scrub_r,NF-ToN-IoT,retained,0.5583314233325694,0.5190576621863574,0.7568513119533528,0.5993535477912882,0.6689572238447002,0.560125517433487,0.7320823034195095,0.7148764825340499,978.0,1251.0,2603.0,3894.0,8726.0,0.7445564978225991
mlp,42,NF-CSE-CIC-IDS2018,scrub_r,NF-BoT-IoT,retained,0.9917577999356706,0.5936789785436911,0.9988253878245372,0.9929135126429377,0.9958606764260475,0.9242452712013026,0.999870690537828,0.03594864956405779,7.0,29.0,176.0,24660.0,24872.0,0.9985525892569959
mlp,42,NF-CSE-CIC-IDS2018,scrub_r,NF-CSE-CIC-IDS2018,forgotten,0.6652855495279997,0.6463737522617048,0.2376593279258401,0.6200120918984281,0.34360864466409785,0.6339132488241782,0.36796589435386584,0.6787644913679884,13524.0,6579.0,1257.0,2051.0,23411.0,0.14130109777455044
mlp,42,NF-CSE-CIC-IDS2018,scrub_r,RETAINED_MACRO,retained_macro,0.8441040269852605,0.6665366403138787,0.9156325897370833,0.788860424966022,0.8447537908147855,0.8261423622115861,0.8944787696793984,0.2695475482555059,20352.0,1291.0,3141.0,29796.0,54580.0,0.6034628068889704
mlp,42,NF-CSE-CIC-IDS2018,scrub_r@lr=0.001,NF-UNSW-NB15,retained,0.9870365074826042,0.9183570707352786,0.9918759231905465,0.837281795511222,0.9080459770114943,0.9979181085370998,0.9797101033716407,0.03555645224604367,19367.0,11.0,261.0,1343.0,20982.0,0.07644647793346677
mlp,42,NF-CSE-CIC-IDS2018,scrub_r@lr=0.001,NF-ToN-IoT,retained,0.8322255328902132,0.7072620672563581,0.8365654674334626,0.9627520394028013,0.8952340060111635,0.6331075052550396,0.7646604567946192,0.525908866420839,1007.0,1222.0,242.0,6255.0,8726.0,0.7445564978225991
mlp,42,NF-CSE-CIC-IDS2018,scrub_r@lr=0.001,NF-BoT-IoT,retained,0.9917175940816984,0.5659213328322685,0.9987445326421514,0.9929537767756482,0.9958407365530609,0.9274294930298312,0.9998750831682959,0.025894967758070233,5.0,31.0,175.0,24661.0,24872.0,0.9985525892569959
mlp,42,NF-CSE-CIC-IDS2018,scrub_r@lr=0.001,NF-CSE-CIC-IDS2018,forgotten,0.6852761522361284,0.6643276470193016,0.2542967804405713,0.6351269649334945,0.36318063958513397,0.648538097119063,0.34557417022973175,0.6837466522524684,13942.0,6161.0,1207.0,2101.0,23411.0,0.14130109777455044
mlp,42,NF-CSE-CIC-IDS2018,scrub_r@lr=0.001,RETAINED_MACRO,retained_macro,0.9369932114848386,0.730513490274635,0.9423953077553868,0.9309958705632239,0.933040239858573,0.8528183689406569,0.9147485477781853,0.19578676214165094,20379.0,1264.0,678.0,32259.0,54580.0,0.6034628068889704
mlp,42,NF-CSE-CIC-IDS2018,retrained,NF-UNSW-NB15,retained,0.9992851015155848,0.9981833719447897,0.9937849596022374,0.9968827930174564,0.9953314659197012,0.9999113643798441,0.9980380514158371,0.0031114520753363073,19368.0,10.0,5.0,1599.0,20982.0,0.07644647793346677
mlp,42,NF-CSE-CIC-IDS2018,retrained,NF-ToN-IoT,retained,0.8730231492092597,0.797433511950472,0.8859762211717519,0.9519778359242728,0.917791957263689,0.8754442554948059,0.9159898420322875,0.34489829843065234,1433.0,796.0,312.0,6185.0,8726.0,0.7445564978225991
mlp,42,NF-CSE-CIC-IDS2018,retrained,NF-BoT-IoT,retained,0.9921196526214217,0.6909414648986238,0.9991087344028521,0.9929940409083589,0.9960420032310178,0.9891544084751526,0.9999841494545381,0.014274190921959043,14.0,22.0,174.0,24662.0,24872.0,0.9985525892569959
mlp,42,NF-CSE-CIC-IDS2018,retrained,NF-CSE-CIC-IDS2018,forgotten,0.49284524368886423,0.5569519363428284,0.16649793629779613,0.6463119709794438,0.2647841971639111,0.5121508677108537,0.18668417034308413,1.36643913146982,9400.0,10703.0,1170.0,2138.0,23411.0,0.14130109777455044
mlp,42,NF-CSE-CIC-IDS2018,retrained,RETAINED_MACRO,retained_macro,0.9548093011154221,0.8288527829312953,0.9596233050589471,0.9806182232833627,0.9697218088048026,0.9548366761166008,0.971337347634221,0.12076131380931589,20815.0,828.0,491.0,32446.0,54580.0,0.6034628068889704
numerical_feature_transformer,42,NF-UNSW-NB15,original,NF-UNSW-NB15,forgotten,0.9993327614145459,0.997923256159323,0.9950186799501868,0.9962593516209476,0.9956386292834891,0.9998432227306644,0.9962458747410696,0.004772512345033358,19370.0,8.0,6.0,1598.0,20982.0,0.07644647793346677
numerical_feature_transformer,42,NF-UNSW-NB15,original,NF-ToN-IoT,retained,0.5731148292459317,0.6084108736937841,0.8303145853193518,0.5362474988456211,0.6516412606378005,0.7068561097978547,0.8127057049214689,0.7332857892420097,1517.0,712.0,3013.0,3484.0,8726.0,0.7445564978225991
numerical_feature_transformer,42,NF-UNSW-NB15,original,NF-BoT-IoT,retained,0.9892248311354133,0.7172294697661101,0.9991872561768531,0.9900144950877758,0.9945797265593399,0.9913297900896547,0.9999873691699069,0.026313305593658538,16.0,20.0,248.0,24588.0,24872.0,0.9985525892569959
numerical_feature_transformer,42,NF-UNSW-NB15,original,NF-CSE-CIC-IDS2018,retained,0.9525009610866687,0.9235995836676907,0.8009868421052632,0.8833131801692866,0.8401380103507763,0.9613270451010428,0.9306815197337821,0.1268870558143446,19377.0,726.0,386.0,2922.0,23411.0,0.14130109777455044
numerical_feature_transformer,42,NF-UNSW-NB15,original,RETAINED_MACRO,retained_macro,0.8382802071560045,0.7497466423758615,0.8768295612004894,0.8031917247008945,0.8287863325159722,0.8865043149961841,0.9144581979417193,0.29549538355000426,20910.0,1458.0,3647.0,30994.0,57009.0,0.6076408988054518
numerical_feature_transformer,42,NF-UNSW-NB15,rollback_repair,NF-UNSW-NB15,forgotten,0.9308931465065294,0.5494345787404746,0.9695121951219512,0.09912718204488778,0.17986425339366516,0.9486529509130466,0.6242912312894384,0.5921816653564094,19373.0,5.0,1445.0,159.0,20982.0,0.07644647793346677
numerical_feature_transformer,42,NF-UNSW-NB15,rollback_repair,NF-ToN-IoT,retained,0.18519367407746964,0.34996902666813884,0.10855683269476372,0.01308296136678467,0.023351648351648352,0.37402647720972504,0.6373556642547591,0.7692387047292705,1531.0,698.0,6412.0,85.0,8726.0,0.7445564978225991
numerical_feature_transformer,42,NF-UNSW-NB15,rollback_repair,NF-BoT-IoT,retained,0.9730218719845609,0.8478038152502639,0.9995865205706016,0.9733854082783057,0.9863119887395198,0.8476751937152162,0.999685376876106,0.5723322531053494,26.0,10.0,661.0,24175.0,24872.0,0.9985525892569959
numerical_feature_transformer,42,NF-UNSW-NB15,rollback_repair,NF-CSE-CIC-IDS2018,retained,0.8348212378796293,0.49266299717278267,0.0784313725490196,0.015719467956469165,0.02618987660538907,0.7556267733265581,0.2563230947772033,0.6203751183934905,19492.0,611.0,3256.0,52.0,23411.0,0.14130109777455044
numerical_feature_transformer,42,NF-UNSW-NB15,rollback_repair,RETAINED_MACRO,retained_macro,0.6643455946472199,0.5634786130303951,0.39552490860479494,0.3340626125338531,0.345284504565519,0.6591094814171665,0.6311213786360228,0.6539820254093701,21049.0,1319.0,10329.0,24312.0,57009.0,0.6076408988054518
numerical_feature_transformer,42,NF-UNSW-NB15,ssd_canonical,NF-UNSW-NB15,forgotten,0.9993327614145459,0.997923256159323,0.9950186799501868,0.9962593516209476,0.9956386292834891,0.9998432227306644,0.9962458747410696,0.004772512345033358,19370.0,8.0,6.0,1598.0,20982.0,0.07644647793346677
numerical_feature_transformer,42,NF-UNSW-NB15,ssd_canonical,NF-ToN-IoT,retained,0.5731148292459317,0.6084108736937841,0.8303145853193518,0.5362474988456211,0.6516412606378005,0.7068561097978547,0.8127057049214689,0.7332857892420097,1517.0,712.0,3013.0,3484.0,8726.0,0.7445564978225991
numerical_feature_transformer,42,NF-UNSW-NB15,ssd_canonical,NF-BoT-IoT,retained,0.9892248311354133,0.7172294697661101,0.9991872561768531,0.9900144950877758,0.9945797265593399,0.9913297900896547,0.9999873691699069,0.026313305593658538,16.0,20.0,248.0,24588.0,24872.0,0.9985525892569959
numerical_feature_transformer,42,NF-UNSW-NB15,ssd_canonical,NF-CSE-CIC-IDS2018,retained,0.9525009610866687,0.9235995836676907,0.8009868421052632,0.8833131801692866,0.8401380103507763,0.9613270451010428,0.9306815197337821,0.1268870558143446,19377.0,726.0,386.0,2922.0,23411.0,0.14130109777455044
numerical_feature_transformer,42,NF-UNSW-NB15,ssd_canonical,RETAINED_MACRO,retained_macro,0.8382802071560045,0.7497466423758615,0.8768295612004894,0.8031917247008945,0.8287863325159722,0.8865043149961841,0.9144581979417193,0.29549538355000426,20910.0,1458.0,3647.0,30994.0,57009.0,0.6076408988054518
numerical_feature_transformer,42,NF-UNSW-NB15,ssd_canonical@alpha=1,NF-UNSW-NB15,forgotten,0.9994280812124678,0.9985466975558317,0.9950248756218906,0.9975062344139651,0.9962640099626401,0.9998188036977429,0.995738738333156,0.0046576952915046085,19370.0,8.0,4.0,1600.0,20982.0,0.07644647793346677
numerical_feature_transformer,42,NF-UNSW-NB15,ssd_canonical@alpha=1,NF-ToN-IoT,retained,0.5705936282374513,0.6062757128544609,0.8289473684210527,0.5333230721871633,0.6490587243607755,0.7017713873256062,0.8075432381443048,0.7332048252382211,1514.0,715.0,3032.0,3465.0,8726.0,0.7445564978225991
numerical_feature_transformer,42,NF-UNSW-NB15,ssd_canonical@alpha=1,NF-BoT-IoT,retained,0.9893454486973303,0.717289865965176,0.9991873552476535,0.9901352874859075,0.9946407264343641,0.9915378214419928,0.9999876741606364,0.02505567189658621,16.0,20.0,245.0,24591.0,24872.0,0.9985525892569959
numerical_feature_transformer,42,NF-UNSW-NB15,ssd_canonical@alpha=1,NF-CSE-CIC-IDS2018,retained,0.952372816197514,0.923524967938695,0.8003286770747741,0.8833131801692866,0.8397758298606122,0.9611690543399197,0.9305906482967989,0.12762494994568965,19374.0,729.0,386.0,2922.0,23411.0,0.14130109777455044
numerical_feature_transformer,42,NF-UNSW-NB15,ssd_canonical@alpha=1,RETAINED_MACRO,retained_macro,0.8374372977107652,0.7490301822527773,0.8761544669144934,0.8022571799474525,0.8278250935519172,0.8848260877025061,0.9127071868672467,0.2952951490268323,20904.0,1464.0,3663.0,30978.0,57009.0,0.6076408988054518
numerical_feature_transformer,42,NF-UNSW-NB15,ssd_canonical@alpha=2,NF-UNSW-NB15,forgotten,0.9993327614145459,0.997923256159323,0.9950186799501868,0.9962593516209476,0.9956386292834891,0.9998461504408036,0.9961699879941328,0.004789876090683773,19370.0,8.0,6.0,1598.0,20982.0,0.07644647793346677
numerical_feature_transformer,42,NF-UNSW-NB15,ssd_canonical@alpha=2,NF-ToN-IoT,retained,0.5709374283749713,0.6069486603645552,0.8295427340196313,0.5333230721871633,0.6492411467116358,0.7045955502947041,0.8118415235557342,0.7451544346679307,1517.0,712.0,3032.0,3465.0,8726.0,0.7445564978225991
numerical_feature_transformer,42,NF-UNSW-NB15,ssd_canonical@alpha=2,NF-BoT-IoT,retained,0.9892248311354133,0.7172294697661101,0.9991872561768531,0.9900144950877758,0.9945797265593399,0.991320842504608,0.9999873560312839,0.026350600570378933,16.0,20.0,248.0,24588.0,24872.0,0.9985525892569959
numerical_feature_transformer,42,NF-UNSW-NB15,ssd_canonical@alpha=2,NF-CSE-CIC-IDS2018,retained,0.9525009610866687,0.9235995836676907,0.8009868421052632,0.8833131801692866,0.8401380103507763,0.961340353226831,0.930682764348446,0.12692714904641605,19377.0,726.0,386.0,2922.0,23411.0,0.14130109777455044
numerical_feature_transformer,42,NF-UNSW-NB15,ssd_canonical@alpha=2,RETAINED_MACRO,retained_macro,0.8375544068656845,0.7492592379327853,0.8765722774339159,0.8022169158147419,0.827986294540584,0.8857522486753812,0.914170547978488,0.29947739476157526,20910.0,1458.0,3666.0,30975.0,57009.0,0.6076408988054518
numerical_feature_transformer,42,NF-UNSW-NB15,ssd_canonical@alpha=3,NF-UNSW-NB15,forgotten,0.9993327614145459,0.997923256159323,0.9950186799501868,0.9962593516209476,0.9956386292834891,0.9998432227306644,0.9962458747410696,0.004772512345033358,19370.0,8.0,6.0,1598.0,20982.0,0.07644647793346677
numerical_feature_transformer,42,NF-UNSW-NB15,ssd_canonical@alpha=3,NF-ToN-IoT,retained,0.5731148292459317,0.6084108736937841,0.8303145853193518,0.5362474988456211,0.6516412606378005,0.7068561097978547,0.8127057049214689,0.7332857892420097,1517.0,712.0,3013.0,3484.0,8726.0,0.7445564978225991
numerical_feature_transformer,42,NF-UNSW-NB15,ssd_canonical@alpha=3,NF-BoT-IoT,retained,0.9892248311354133,0.7172294697661101,0.9991872561768531,0.9900144950877758,0.9945797265593399,0.9913297900896547,0.9999873691699069,0.026313305593658538,16.0,20.0,248.0,24588.0,24872.0,0.9985525892569959
numerical_feature_transformer,42,NF-UNSW-NB15,ssd_canonical@alpha=3,NF-CSE-CIC-IDS2018,retained,0.9525009610866687,0.9235995836676907,0.8009868421052632,0.8833131801692866,0.8401380103507763,0.9613270451010428,0.9306815197337821,0.1268870558143446,19377.0,726.0,386.0,2922.0,23411.0,0.14130109777455044
numerical_feature_transformer,42,NF-UNSW-NB15,ssd_canonical@alpha=3,RETAINED_MACRO,retained_macro,0.8382802071560045,0.7497466423758615,0.8768295612004894,0.8031917247008945,0.8287863325159722,0.8865043149961841,0.9144581979417193,0.29549538355000426,20910.0,1458.0,3647.0,30994.0,57009.0,0.6076408988054518
numerical_feature_transformer,42,NF-UNSW-NB15,ssd_canonical@alpha=5,NF-UNSW-NB15,forgotten,0.9993327614145459,0.997923256159323,0.9950186799501868,0.9962593516209476,0.9956386292834891,0.9998432227306644,0.9962458747410696,0.004772512345033358,19370.0,8.0,6.0,1598.0,20982.0,0.07644647793346677
numerical_feature_transformer,42,NF-UNSW-NB15,ssd_canonical@alpha=5,NF-ToN-IoT,retained,0.5731148292459317,0.6084108736937841,0.8303145853193518,0.5362474988456211,0.6516412606378005,0.7068561097978547,0.8127057049214689,0.7332857892420097,1517.0,712.0,3013.0,3484.0,8726.0,0.7445564978225991
numerical_feature_transformer,42,NF-UNSW-NB15,ssd_canonical@alpha=5,NF-BoT-IoT,retained,0.9892248311354133,0.7172294697661101,0.9991872561768531,0.9900144950877758,0.9945797265593399,0.9913297900896547,0.9999873691699069,0.026313305593658538,16.0,20.0,248.0,24588.0,24872.0,0.9985525892569959
numerical_feature_transformer,42,NF-UNSW-NB15,ssd_canonical@alpha=5,NF-CSE-CIC-IDS2018,retained,0.9525009610866687,0.9235995836676907,0.8009868421052632,0.8833131801692866,0.8401380103507763,0.9613270451010428,0.9306815197337821,0.1268870558143446,19377.0,726.0,386.0,2922.0,23411.0,0.14130109777455044
numerical_feature_transformer,42,NF-UNSW-NB15,ssd_canonical@alpha=5,RETAINED_MACRO,retained_macro,0.8382802071560045,0.7497466423758615,0.8768295612004894,0.8031917247008945,0.8287863325159722,0.8865043149961841,0.9144581979417193,0.29549538355000426,20910.0,1458.0,3647.0,30994.0,57009.0,0.6076408988054518
numerical_feature_transformer,42,NF-UNSW-NB15,dc_ssd_no_contrast,NF-UNSW-NB15,forgotten,0.9994757411114289,0.9988584182540861,0.9950279676817899,0.9981296758104738,0.9965764083411143,0.9998645210176129,0.9965938687839055,0.004264808135263552,19370.0,8.0,3.0,1601.0,20982.0,0.07644647793346677
numerical_feature_transformer,42,NF-UNSW-NB15,dc_ssd_no_contrast,NF-ToN-IoT,retained,0.5857208342883338,0.6158448186010965,0.8335648148148148,0.5542558103740188,0.6658038273088657,0.6938384026917072,0.8077297186707323,0.7972116536362394,1510.0,719.0,2896.0,3601.0,8726.0,0.7445564978225991
numerical_feature_transformer,42,NF-UNSW-NB15,dc_ssd_no_contrast,NF-BoT-IoT,retained,0.9892650369893856,0.7172496018324654,0.999187289203137,0.9900547592204864,0.9946000606734756,0.9915221631681609,0.9999876510481371,0.025211611146505167,16.0,20.0,247.0,24589.0,24872.0,0.9985525892569959
numerical_feature_transformer,42,NF-UNSW-NB15,dc_ssd_no_contrast,NF-CSE-CIC-IDS2018,retained,0.9510486523429157,0.9227539387390731,0.7935904399782727,0.8833131801692866,0.8360515021459227,0.959410426869939,0.9290356803972619,0.13181561671901118,19343.0,760.0,386.0,2922.0,23411.0,0.14130109777455044
numerical_feature_transformer,42,NF-UNSW-NB15,dc_ssd_no_contrast,RETAINED_MACRO,retained_macro,0.842011507873545,0.751949453057545,0.875447514665408,0.8092079165879307,0.8321517967094213,0.8815903309099357,0.9122510167053771,0.3180796271672519,20869.0,1499.0,3529.0,31112.0,57009.0,0.6076408988054518
numerical_feature_transformer,42,NF-UNSW-NB15,dc_ssd_no_class_balance,NF-UNSW-NB15,forgotten,0.9994280812124678,0.9985466975558317,0.9950248756218906,0.9975062344139651,0.9962640099626401,0.9998831168028942,0.9969069425877506,0.004132500906755793,19370.0,8.0,4.0,1600.0,20982.0,0.07644647793346677
numerical_feature_transformer,42,NF-UNSW-NB15,dc_ssd_no_class_balance,NF-ToN-IoT,retained,0.5601650240660097,0.600746052997646,0.8267387564512165,0.5177774357395721,0.6367594169979178,0.7074471269584823,0.811147055850009,0.737948245952247,1524.0,705.0,3133.0,3364.0,8726.0,0.7445564978225991
numerical_feature_transformer,42,NF-UNSW-NB15,dc_ssd_no_class_balance,NF-BoT-IoT,retained,0.9892650369893856,0.7172496018324654,0.999187289203137,0.9900547592204864,0.9946000606734756,0.9915747302303107,0.9999877282956582,0.02543536807796782,16.0,20.0,247.0,24589.0,24872.0,0.9985525892569959
numerical_feature_transformer,42,NF-UNSW-NB15,dc_ssd_no_class_balance,NF-CSE-CIC-IDS2018,retained,0.9514758019734313,0.9230026578357252,0.795751633986928,0.8833131801692866,0.8372492836676217,0.9592237747667229,0.9288999074294891,0.13060600618775708,19353.0,750.0,386.0,2922.0,23411.0,0.14130109777455044
numerical_feature_transformer,42,NF-UNSW-NB15,dc_ssd_no_class_balance,RETAINED_MACRO,retained_macro,0.8336352876762755,0.7469994375552789,0.8738925598804271,0.7970484583764484,0.8228695871130051,0.8860818773185053,0.9133448971917187,0.2979965400726573,20893.0,1475.0,3766.0,30875.0,57009.0,0.6076408988054518
numerical_feature_transformer,42,NF-UNSW-NB15,dc_ssd,NF-UNSW-NB15,forgotten,0.9994757411114289,0.9988584182540861,0.9950279676817899,0.9981296758104738,0.9965764083411143,0.9998636201837238,0.9967883705558696,0.004327518505017639,19370.0,8.0,3.0,1601.0,20982.0,0.07644647793346677
numerical_feature_transformer,42,NF-UNSW-NB15,dc_ssd,NF-ToN-IoT,retained,0.5905340362136144,0.6196665086063464,0.83578318787322,0.5601046636909343,0.6707215924799558,0.7038495801596112,0.8098284078751345,0.7725385816206339,1514.0,715.0,2858.0,3639.0,8726.0,0.7445564978225991
numerical_feature_transformer,42,NF-UNSW-NB15,dc_ssd,NF-BoT-IoT,retained,0.989184625281441,0.7172093376997548,0.9991872231478848,0.9899742309550652,0.9945593916226766,0.9914561747284408,0.9999875542027813,0.026140732676675008,16.0,20.0,249.0,24587.0,24872.0,0.9985525892569959
numerical_feature_transformer,42,NF-UNSW-NB15,dc_ssd,NF-CSE-CIC-IDS2018,retained,0.9513903720473281,0.9229529140163948,0.7953184540010887,0.8833131801692866,0.8370094528788313,0.9587746292807279,0.9279914843344981,0.13315193727499433,19351.0,752.0,386.0,2922.0,23411.0,0.14130109777455044
numerical_feature_transformer,42,NF-UNSW-NB15,dc_ssd,RETAINED_MACRO,retained_macro,0.8437030111807945,0.753276253440832,0.8767629550073979,0.8111306916050953,0.8340968123271546,0.8846934613895933,0.9126024821374713,0.31061041719076776,20881.0,1487.0,3493.0,31148.0,57009.0,0.6076408988054518
numerical_feature_transformer,42,NF-UNSW-NB15,scrub_r,NF-UNSW-NB15,forgotten,0.8116004194071108,0.5986464906471565,0.16084319953797285,0.3472568578553616,0.2198539569765147,0.5489616087760781,0.10502168682282309,0.6945088203583732,16472.0,2906.0,1047.0,557.0,20982.0,0.07644647793346677
numerical_feature_transformer,42,NF-UNSW-NB15,scrub_r,NF-ToN-IoT,retained,0.5382764153105661,0.5455237199927937,0.7786811201445348,0.5307064799138064,0.6312128146453089,0.5883962180702099,0.7603081601211515,1.0306979520469237,1249.0,980.0,3049.0,3448.0,8726.0,0.7445564978225991
numerical_feature_transformer,42,NF-UNSW-NB15,scrub_r,NF-BoT-IoT,retained,0.9796960437439691,0.7956707109751078,0.9994252637628802,0.9802303108391045,0.9897347291391402,0.9839927703512822,0.9999764332366043,0.04772334724096545,22.0,14.0,491.0,24345.0,24872.0,0.9985525892569959
numerical_feature_transformer,42,NF-UNSW-NB15,scrub_r,NF-CSE-CIC-IDS2018,retained,0.8739054290718039,0.724282655930182,0.5582460732984293,0.5157194679564692,0.5361407919547454,0.9070999287165655,0.6887956974377655,0.26259763705970035,18753.0,1350.0,1602.0,1706.0,23411.0,0.14130109777455044
numerical_feature_transformer,42,NF-UNSW-NB15,scrub_r,RETAINED_MACRO,retained_macro,0.7972926293754464,0.6884923622993613,0.7787841524019482,0.67555208623646,0.7190294452463982,0.826496305712686,0.8163600969318404,0.44700631211586317,20024.0,2344.0,5142.0,29499.0,57009.0,0.6076408988054518
numerical_feature_transformer,42,NF-UNSW-NB15,scrub_r@lr=0.001,NF-UNSW-NB15,forgotten,0.7740444190258317,0.582317010394851,0.13344239308249592,0.3559850374064838,0.19411864694883563,0.4944647135644221,0.08713651041244622,0.6723637086679112,15670.0,3708.0,1033.0,571.0,20982.0,0.07644647793346677
numerical_feature_transformer,42,NF-UNSW-NB15,scrub_r@lr=0.001,NF-ToN-IoT,retained,0.5340362136144855,0.5470969691432972,0.7806511198337567,0.520394028012929,0.6244920576283709,0.6060489111411672,0.7562138932816603,0.8135984424275948,1279.0,950.0,3116.0,3381.0,8726.0,0.7445564978225991
numerical_feature_transformer,42,NF-UNSW-NB15,scrub_r@lr=0.001,NF-BoT-IoT,retained,0.9767610164039884,0.8219385837762387,0.9995058067704472,0.977210500885811,0.9882324198868032,0.9817066623718258,0.9999730728426804,0.054284971779370604,24.0,12.0,566.0,24270.0,24872.0,0.9985525892569959
numerical_feature_transformer,42,NF-UNSW-NB15,scrub_r@lr=0.001,NF-CSE-CIC-IDS2018,retained,0.9235829311007646,0.8655950572808802,0.7067791995643888,0.7847642079806529,0.7437329895430455,0.9367217189996306,0.8018959745335718,0.20609606660262525,19026.0,1077.0,712.0,2596.0,23411.0,0.14130109777455044
numerical_feature_transformer,42,NF-UNSW-NB15,scrub_r@lr=0.001,RETAINED_MACRO,retained_macro,0.8114600537064128,0.7448768700668054,0.8289787087228643,0.7607895789597977,0.7854858223527398,0.8414924308375413,0.8526943135526376,0.3579931602698636,20329.0,2039.0,4394.0,30247.0,57009.0,0.6076408988054518
numerical_feature_transformer,42,NF-UNSW-NB15,retrained,NF-UNSW-NB15,forgotten,0.35687732342007433,0.397354418165547,0.05361165340141162,0.4451371571072319,0.09569762766385204,0.4286210272903766,0.14881259842440536,1.2954119938435606,6774.0,12604.0,890.0,714.0,20982.0,0.07644647793346677
numerical_feature_transformer,42,NF-UNSW-NB15,retrained,NF-ToN-IoT,retained,0.6010772404308962,0.6342619187252314,0.8471454880294659,0.566415268585501,0.6789041601328291,0.6495054175882536,0.8274155975954985,1.037679288453367,1565.0,664.0,2817.0,3680.0,8726.0,0.7445564978225991
numerical_feature_transformer,42,NF-UNSW-NB15,retrained,NF-BoT-IoT,retained,0.9872145384367964,0.910385461963816,0.9997554015491236,0.9874375905942986,0.9935583194911477,0.9899507435443173,0.9999850378586288,0.02285471529263292,30.0,6.0,312.0,24524.0,24872.0,0.9985525892569959
numerical_feature_transformer,42,NF-UNSW-NB15,retrained,NF-CSE-CIC-IDS2018,retained,0.9192260048695058,0.8004248194350485,0.7545813869924541,0.6348246674727932,0.6895419471351174,0.9336405720936213,0.8185420329499191,0.19267161200846833,19420.0,683.0,1208.0,2100.0,23411.0,0.14130109777455044
numerical_feature_transformer,42,NF-UNSW-NB15,retrained,RETAINED_MACRO,retained_macro,0.8358392612457327,0.7816907333746986,0.8671607588570146,0.7295591755508642,0.7873348089196982,0.8576989110753974,0.8819808894680156,0.4177352052514894,21015.0,1353.0,4337.0,30304.0,57009.0,0.6076408988054518
numerical_feature_transformer,42,NF-ToN-IoT,original,NF-UNSW-NB15,retained,0.9993327614145459,0.997923256159323,0.9950186799501868,0.9962593516209476,0.9956386292834891,0.9998432227306644,0.9962458747410696,0.004772512345033358,19370.0,8.0,6.0,1598.0,20982.0,0.07644647793346677
numerical_feature_transformer,42,NF-ToN-IoT,original,NF-ToN-IoT,forgotten,0.5731148292459317,0.6084108736937841,0.8303145853193518,0.5362474988456211,0.6516412606378005,0.7068561097978547,0.8127057049214689,0.7332857892420097,1517.0,712.0,3013.0,3484.0,8726.0,0.7445564978225991
numerical_feature_transformer,42,NF-ToN-IoT,original,NF-BoT-IoT,retained,0.9892248311354133,0.7172294697661101,0.9991872561768531,0.9900144950877758,0.9945797265593399,0.9913297900896547,0.9999873691699069,0.026313305593658538,16.0,20.0,248.0,24588.0,24872.0,0.9985525892569959
numerical_feature_transformer,42,NF-ToN-IoT,original,NF-CSE-CIC-IDS2018,retained,0.9525009610866687,0.9235995836676907,0.8009868421052632,0.8833131801692866,0.8401380103507763,0.9613270451010428,0.9306815197337821,0.1268870558143446,19377.0,726.0,386.0,2922.0,23411.0,0.14130109777455044
numerical_feature_transformer,42,NF-ToN-IoT,original,RETAINED_MACRO,retained_macro,0.9803528512122092,0.879584103197708,0.9317309260774344,0.9565290089593367,0.9434521220645351,0.9841666859737873,0.9756382545482528,0.052657624584345496,38763.0,754.0,640.0,29108.0,69265.0,0.4294809788493467
numerical_feature_transformer,42,NF-ToN-IoT,rollback_repair,NF-UNSW-NB15,retained,0.9235535220665332,0.5,0.0,0.0,0.0,0.9184276896776534,0.7816104991298807,0.41409801994934603,19378.0,0.0,1604.0,0.0,20982.0,0.07644647793346677
numerical_feature_transformer,42,NF-ToN-IoT,rollback_repair,NF-ToN-IoT,forgotten,0.25544350217740086,0.5,0.0,0.0,0.0,0.6050413715465046,0.8509586277495127,1.0021594629670403,2229.0,0.0,6497.0,0.0,8726.0,0.7445564978225991
numerical_feature_transformer,42,NF-ToN-IoT,rollback_repair,NF-BoT-IoT,retained,0.0014474107430041815,0.5,0.0,0.0,0.0,0.15607775898784917,0.9951334803767076,1.230197018634925,36.0,0.0,24836.0,0.0,24872.0,0.9985525892569959
numerical_feature_transformer,42,NF-ToN-IoT,rollback_repair,NF-CSE-CIC-IDS2018,retained,0.8586989022254495,0.5,0.0,0.0,0.0,0.6011888682595394,0.1674318343430985,0.4704780781080654,20103.0,0.0,3308.0,0.0,23411.0,0.14130109777455044
numerical_feature_transformer,42,NF-ToN-IoT,rollback_repair,RETAINED_MACRO,retained_macro,0.5945666116783289,0.5,0.0,0.0,0.0,0.5585647723083473,0.6480586046165623,0.7049243722307788,39517.0,0.0,29748.0,0.0,69265.0,0.4294809788493467
numerical_feature_transformer,42,NF-ToN-IoT,ssd_canonical,NF-UNSW-NB15,retained,0.9993327614145459,0.997923256159323,0.9950186799501868,0.9962593516209476,0.9956386292834891,0.9998432227306644,0.9962458747410696,0.004772512345033358,19370.0,8.0,6.0,1598.0,20982.0,0.07644647793346677
numerical_feature_transformer,42,NF-ToN-IoT,ssd_canonical,NF-ToN-IoT,forgotten,0.5731148292459317,0.6084108736937841,0.8303145853193518,0.5362474988456211,0.6516412606378005,0.7068561097978547,0.8127057049214689,0.7332857892420097,1517.0,712.0,3013.0,3484.0,8726.0,0.7445564978225991
numerical_feature_transformer,42,NF-ToN-IoT,ssd_canonical,NF-BoT-IoT,retained,0.9892248311354133,0.7172294697661101,0.9991872561768531,0.9900144950877758,0.9945797265593399,0.9913297900896547,0.9999873691699069,0.026313305593658538,16.0,20.0,248.0,24588.0,24872.0,0.9985525892569959
numerical_feature_transformer,42,NF-ToN-IoT,ssd_canonical,NF-CSE-CIC-IDS2018,retained,0.9525009610866687,0.9235995836676907,0.8009868421052632,0.8833131801692866,0.8401380103507763,0.9613270451010428,0.9306815197337821,0.1268870558143446,19377.0,726.0,386.0,2922.0,23411.0,0.14130109777455044
numerical_feature_transformer,42,NF-ToN-IoT,ssd_canonical,RETAINED_MACRO,retained_macro,0.9803528512122092,0.879584103197708,0.9317309260774344,0.9565290089593367,0.9434521220645351,0.9841666859737873,0.9756382545482528,0.052657624584345496,38763.0,754.0,640.0,29108.0,69265.0,0.4294809788493467
numerical_feature_transformer,42,NF-ToN-IoT,ssd_canonical@alpha=1,NF-UNSW-NB15,retained,0.9235535220665332,0.5,0.0,0.0,0.0,0.07408496510812965,0.04021284452250918,0.5857693364714168,19378.0,0.0,1604.0,0.0,20982.0,0.07644647793346677
numerical_feature_transformer,42,NF-ToN-IoT,ssd_canonical@alpha=1,NF-ToN-IoT,forgotten,0.25544350217740086,0.5,0.0,0.0,0.0,0.7604130090617799,0.8638236978277161,0.7844646870066876,2229.0,0.0,6497.0,0.0,8726.0,0.7445564978225991
numerical_feature_transformer,42,NF-ToN-IoT,ssd_canonical@alpha=1,NF-BoT-IoT,retained,0.0014474107430041815,0.5,0.0,0.0,0.0,0.10910070059590916,0.9958000657173192,0.8879507751061847,36.0,0.0,24836.0,0.0,24872.0,0.9985525892569959
numerical_feature_transformer,42,NF-ToN-IoT,ssd_canonical@alpha=1,NF-CSE-CIC-IDS2018,retained,0.8586989022254495,0.5,0.0,0.0,0.0,0.8844278296879895,0.6375343237730209,0.5829989733629793,20103.0,0.0,3308.0,0.0,23411.0,0.14130109777455044
numerical_feature_transformer,42,NF-ToN-IoT,ssd_canonical@alpha=1,RETAINED_MACRO,retained_macro,0.5945666116783289,0.5,0.0,0.0,0.0,0.3558711651306761,0.5578490780042831,0.685573028313527,39517.0,0.0,29748.0,0.0,69265.0,0.4294809788493467
numerical_feature_transformer,42,NF-ToN-IoT,ssd_canonical@alpha=2,NF-UNSW-NB15,retained,0.9235535220665332,0.5,0.0,0.0,0.0,0.13871461685346959,0.04206932123586647,0.5316336647950116,19378.0,0.0,1604.0,0.0,20982.0,0.07644647793346677
numerical_feature_transformer,42,NF-ToN-IoT,ssd_canonical@alpha=2,NF-ToN-IoT,forgotten,0.25544350217740086,0.5,0.0,0.0,0.0,0.6622944240475968,0.7894159387595913,0.8350240330324612,2229.0,0.0,6497.0,0.0,8726.0,0.7445564978225991
numerical_feature_transformer,42,NF-ToN-IoT,ssd_canonical@alpha=2,NF-BoT-IoT,retained,0.0014474107430041815,0.5,0.0,0.0,0.0,0.29400534170827297,0.9975222781707843,0.9626518121341449,36.0,0.0,24836.0,0.0,24872.0,0.9985525892569959
numerical_feature_transformer,42,NF-ToN-IoT,ssd_canonical@alpha=2,NF-CSE-CIC-IDS2018,retained,0.8586989022254495,0.5,0.0,0.0,0.0,0.8827069461679846,0.6737304456943292,0.5464668153908013,20103.0,0.0,3308.0,0.0,23411.0,0.14130109777455044
numerical_feature_transformer,42,NF-ToN-IoT,ssd_canonical@alpha=2,RETAINED_MACRO,retained_macro,0.5945666116783289,0.5,0.0,0.0,0.0,0.43847563490990904,0.5711073483669933,0.6802507641066526,39517.0,0.0,29748.0,0.0,69265.0,0.4294809788493467
numerical_feature_transformer,42,NF-ToN-IoT,ssd_canonical@alpha=3,NF-UNSW-NB15,retained,0.9235535220665332,0.5,0.0,0.0,0.0,0.3011622011901818,0.051230021628119876,0.44634112111057195,19378.0,0.0,1604.0,0.0,20982.0,0.07644647793346677
numerical_feature_transformer,42,NF-ToN-IoT,ssd_canonical@alpha=3,NF-ToN-IoT,forgotten,0.25544350217740086,0.5,0.0,0.0,0.0,0.6788545398286803,0.7756429623525114,0.964810290303496,2229.0,0.0,6497.0,0.0,8726.0,0.7445564978225991
numerical_feature_transformer,42,NF-ToN-IoT,ssd_canonical@alpha=3,NF-BoT-IoT,retained,0.0014474107430041815,0.5,0.0,0.0,0.0,0.16773702152788966,0.9960787083497266,1.2133156264060132,36.0,0.0,24836.0,0.0,24872.0,0.9985525892569959
numerical_feature_transformer,42,NF-ToN-IoT,ssd_canonical@alpha=3,NF-CSE-CIC-IDS2018,retained,0.8586989022254495,0.5,0.0,0.0,0.0,0.8987392077114829,0.7939836759654928,0.46557863794329424,20103.0,0.0,3308.0,0.0,23411.0,0.14130109777455044
numerical_feature_transformer,42,NF-ToN-IoT,ssd_canonical@alpha=3,RETAINED_MACRO,retained_macro,0.5945666116783289,0.5,0.0,0.0,0.0,0.45587947680985147,0.6137641353144464,0.708411795153293,39517.0,0.0,29748.0,0.0,69265.0,0.4294809788493467
numerical_feature_transformer,42,NF-ToN-IoT,ssd_canonical@alpha=5,NF-UNSW-NB15,retained,0.969640644361834,0.9232350862445496,0.765805387575591,0.8684538653366584,0.8139059304703476,0.9776916852259897,0.9131710016414332,0.41338649746273665,18952.0,426.0,211.0,1393.0,20982.0,0.07644647793346677
numerical_feature_transformer,42,NF-ToN-IoT,ssd_canonical@alpha=5,NF-ToN-IoT,forgotten,0.2774467109786844,0.38804882372117355,0.5502092050209205,0.16192088656302908,0.2502081103579498,0.36966628418693154,0.651168209260219,0.8715834934543267,1369.0,860.0,5445.0,1052.0,8726.0,0.7445564978225991
numerical_feature_transformer,42,NF-ToN-IoT,ssd_canonical@alpha=5,NF-BoT-IoT,retained,0.9872145384367964,0.6607478391582112,0.9990230399739477,0.9881623449830891,0.9935630136431723,0.9518698215851543,0.9998922217930718,0.18261399941710504,12.0,24.0,294.0,24542.0,24872.0,0.9985525892569959
numerical_feature_transformer,42,NF-ToN-IoT,ssd_canonical@alpha=5,NF-CSE-CIC-IDS2018,retained,0.7144077570372902,0.752762969918944,0.30612947658402206,0.8062273276904474,0.4437603993344426,0.8088107657294077,0.4287075166466482,0.5633664196548986,14058.0,6045.0,641.0,2667.0,23411.0,0.14130109777455044
numerical_feature_transformer,42,NF-ToN-IoT,ssd_canonical@alpha=5,RETAINED_MACRO,retained_macro,0.8904209799453069,0.7789152984405683,0.6903193013778536,0.8876145126700649,0.7504097811493208,0.9127907575135173,0.7805902466937177,0.38645563884491346,33022.0,6495.0,1146.0,28602.0,69265.0,0.4294809788493467
numerical_feature_transformer,42,NF-ToN-IoT,dc_ssd_no_contrast,NF-UNSW-NB15,retained,0.9307025069106853,0.5476158594637361,0.9807692307692307,0.09538653366583541,0.17386363636363636,0.40171186429117633,0.27690453215871086,0.29280841932357965,19375.0,3.0,1451.0,153.0,20982.0,0.07644647793346677
numerical_feature_transformer,42,NF-ToN-IoT,dc_ssd_no_contrast,NF-ToN-IoT,forgotten,0.23504469401787761,0.4525565618061772,0.18214285714285713,0.007849776820070802,0.015050907481186366,0.2131297027519966,0.5882012773658313,1.4474218837665596,2000.0,229.0,6446.0,51.0,8726.0,0.7445564978225991
numerical_feature_transformer,42,NF-ToN-IoT,dc_ssd_no_contrast,NF-BoT-IoT,retained,0.9621662914120296,0.8701056709794026,0.9996654259545815,0.9624335641810275,0.9806962479742343,0.9063747069665896,0.9998313229223423,0.245567383321867,28.0,8.0,933.0,23903.0,24872.0,0.9985525892569959
numerical_feature_transformer,42,NF-ToN-IoT,dc_ssd_no_contrast,NF-CSE-CIC-IDS2018,retained,0.8510956388022725,0.5180500741615987,0.3333333333333333,0.05380894800483676,0.092660072878709,0.5783260720590049,0.22269667136545473,0.43244200891840895,19747.0,356.0,3130.0,178.0,23411.0,0.14130109777455044
numerical_feature_transformer,42,NF-ToN-IoT,dc_ssd_no_contrast,RETAINED_MACRO,retained_macro,0.9146548123749958,0.6452572015349124,0.7712559966857152,0.37054301528389993,0.4157399857388599,0.6288042144389235,0.49981084214883603,0.32360593718795183,39150.0,367.0,5514.0,24234.0,69265.0,0.4294809788493467
numerical_feature_transformer,42,NF-ToN-IoT,dc_ssd_no_class_balance,NF-UNSW-NB15,retained,0.07644647793346677,0.5,0.07644647793346677,1.0,0.142034888869211,0.2575193891625565,0.047779578208128046,1.0317187409826707,0.0,19378.0,0.0,1604.0,20982.0,0.07644647793346677
numerical_feature_transformer,42,NF-ToN-IoT,dc_ssd_no_class_balance,NF-ToN-IoT,forgotten,0.7445564978225991,0.5,0.7445564978225991,1.0,0.8535768245418117,0.6872137832466142,0.802077769881546,0.5843414572511617,0.0,2229.0,0.0,6497.0,8726.0,0.7445564978225991
numerical_feature_transformer,42,NF-ToN-IoT,dc_ssd_no_class_balance,NF-BoT-IoT,retained,0.9985525892569959,0.5,0.9985525892569959,1.0,0.9992757704997184,0.13518123333512289,0.9948148573257907,0.4153472631328436,0.0,36.0,0.0,24836.0,24872.0,0.9985525892569959
numerical_feature_transformer,42,NF-ToN-IoT,dc_ssd_no_class_balance,NF-CSE-CIC-IDS2018,retained,0.14130109777455044,0.5,0.14130109777455044,1.0,0.2476140574123283,0.8724833431888651,0.7020294967285753,0.9865590600806294,0.0,20103.0,0.0,3308.0,23411.0,0.14130109777455044
numerical_feature_transformer,42,NF-ToN-IoT,dc_ssd_no_class_balance,RETAINED_MACRO,retained_macro,0.405433388321671,0.5,0.405433388321671,1.0,0.4629749055937526,0.42172798856218147,0.5815413107541647,0.8112083547320479,0.0,39517.0,0.0,29748.0,69265.0,0.4294809788493467
numerical_feature_transformer,42,NF-ToN-IoT,dc_ssd,NF-UNSW-NB15,retained,0.07644647793346677,0.5,0.07644647793346677,1.0,0.142034888869211,0.9862228395365185,0.8763897409945269,1.550340962478404,0.0,19378.0,0.0,1604.0,20982.0,0.07644647793346677
numerical_feature_transformer,42,NF-ToN-IoT,dc_ssd,NF-ToN-IoT,forgotten,0.7445564978225991,0.5,0.7445564978225991,1.0,0.8535768245418117,0.30091470591423874,0.6212763273467955,0.6563077044190694,0.0,2229.0,0.0,6497.0,8726.0,0.7445564978225991
numerical_feature_transformer,42,NF-ToN-IoT,dc_ssd,NF-BoT-IoT,retained,0.9985525892569959,0.5,0.9985525892569959,1.0,0.9992757704997184,0.4490490953991517,0.9956357099022951,0.11137417525055722,0.0,36.0,0.0,24836.0,24872.0,0.9985525892569959
numerical_feature_transformer,42,NF-ToN-IoT,dc_ssd,NF-CSE-CIC-IDS2018,retained,0.14130109777455044,0.5,0.14130109777455044,1.0,0.2476140574123283,0.4303326381830068,0.11469343430745635,1.9014219238965095,0.0,20103.0,0.0,3308.0,23411.0,0.14130109777455044
numerical_feature_transformer,42,NF-ToN-IoT,dc_ssd,RETAINED_MACRO,retained_macro,0.405433388321671,0.5,0.405433388321671,1.0,0.4629749055937526,0.621868191039559,0.6622396284014261,1.1877123538751568,0.0,39517.0,0.0,29748.0,69265.0,0.4294809788493467
numerical_feature_transformer,42,NF-ToN-IoT,scrub_r,NF-UNSW-NB15,retained,0.9979982842436375,0.9891950766082008,0.9949302915082383,0.9788029925187033,0.9868007542426147,0.9999094018488714,0.9985965302346598,0.005648379429311679,19370.0,8.0,34.0,1570.0,20982.0,0.07644647793346677
numerical_feature_transformer,42,NF-ToN-IoT,scrub_r,NF-ToN-IoT,forgotten,0.5424020169608068,0.49377205050224027,0.7405841660261338,0.593196860089272,0.6587471156311426,0.6271398822785517,0.8166019076234905,0.80078629943339,879.0,1350.0,2643.0,3854.0,8726.0,0.7445564978225991
numerical_feature_transformer,42,NF-ToN-IoT,scrub_r,NF-BoT-IoT,retained,0.9826712769379221,0.7139479429501978,0.9991818367764369,0.9834514414559511,0.9912542359124206,0.9788020525760097,0.9999688169652028,0.06171876366917548,16.0,20.0,411.0,24425.0,24872.0,0.9985525892569959
numerical_feature_transformer,42,NF-ToN-IoT,scrub_r,NF-CSE-CIC-IDS2018,retained,0.9820170005552945,0.9387656441153934,0.9935042735042735,0.8784764207980653,0.9324562810845499,0.9596722134934952,0.9294600673286251,0.09062887195384507,20084.0,19.0,402.0,2906.0,23411.0,0.14130109777455044
numerical_feature_transformer,42,NF-ToN-IoT,scrub_r,RETAINED_MACRO,retained_macro,0.9875621872456181,0.8806362212245974,0.9958721339296496,0.94691028492424,0.9701704237465284,0.9794612226394589,0.976008471509496,0.05266533835077741,39470.0,47.0,847.0,28901.0,69265.0,0.4294809788493467
numerical_feature_transformer,42,NF-ToN-IoT,scrub_r@lr=0.001,NF-UNSW-NB15,retained,0.9996187208083119,0.9995076621069887,0.9956521739130435,0.9993765586034913,0.9975108898568762,0.9998696042945583,0.9977563214284463,0.003517214262077152,19371.0,7.0,1.0,1603.0,20982.0,0.07644647793346677
numerical_feature_transformer,42,NF-ToN-IoT,scrub_r@lr=0.001,NF-ToN-IoT,forgotten,0.7649553059821224,0.5638000918807611,0.7703064202334631,0.975065414806834,0.8606752258678079,0.5615020715983559,0.7590035280927575,1.7309391654459996,340.0,1889.0,162.0,6335.0,8726.0,0.7445564978225991
numerical_feature_transformer,42,NF-ToN-IoT,scrub_r@lr=0.001,NF-BoT-IoT,retained,0.9959392087487938,0.5402976861545069,0.9986694084915931,0.9972620389756804,0.9979652275520278,0.9350981326390008,0.9998844190005576,0.016701361006786528,3.0,33.0,68.0,24768.0,24872.0,0.9985525892569959
numerical_feature_transformer,42,NF-ToN-IoT,scrub_r@lr=0.001,NF-CSE-CIC-IDS2018,retained,0.3642304899406262,0.6170525376535749,0.1782657031684269,0.9694679564691656,0.3011550380317401,0.880176169209827,0.6894738287372438,1.99730768677296,5320.0,14783.0,101.0,3207.0,23411.0,0.14130109777455044
numerical_feature_transformer,42,NF-ToN-IoT,scrub_r@lr=0.001,RETAINED_MACRO,retained_macro,0.7865961398325774,0.7189526286383568,0.7241957618576879,0.9887021846827792,0.7655437184802146,0.9383813020477954,0.8957048563887492,0.6725087540139412,24694.0,14823.0,170.0,29578.0,69265.0,0.4294809788493467
numerical_feature_transformer,42,NF-ToN-IoT,retrained,NF-UNSW-NB15,retained,0.9994757411114289,0.9982865817703651,0.9962616822429906,0.9968827930174564,0.9965721408538486,0.999908919259288,0.9976879895961595,0.0026840315399590184,19372.0,6.0,5.0,1599.0,20982.0,0.07644647793346677
numerical_feature_transformer,42,NF-ToN-IoT,retrained,NF-ToN-IoT,forgotten,0.8294751317900527,0.6917108375864265,0.8278570493520094,0.9733723256887794,0.8947368421052632,0.7553751729842113,0.8713544084159597,0.8393694665874127,914.0,1315.0,173.0,6324.0,8726.0,0.7445564978225991
numerical_feature_transformer,42,NF-ToN-IoT,retrained,NF-BoT-IoT,retained,0.9983113541331617,0.6246980190046707,0.998913393432067,0.9993960380093413,0.9991546574349891,0.9835453910989423,0.9999758322405644,0.009301603274621517,9.0,27.0,15.0,24821.0,24872.0,0.9985525892569959
numerical_feature_transformer,42,NF-ToN-IoT,retrained,NF-CSE-CIC-IDS2018,retained,0.981974285592243,0.9383619417436718,0.9941780821917808,0.8775695284159613,0.9322414900449583,0.9659799794059385,0.9385239175969109,0.0845928416986923,20086.0,17.0,405.0,2903.0,23411.0,0.14130109777455044
numerical_feature_transformer,42,NF-ToN-IoT,retrained,RETAINED_MACRO,retained_macro,0.9932537936122778,0.8537821808395692,0.9964510526222794,0.9579494531475863,0.9759894294445987,0.9831447632547229,0.9787292464778782,0.03219282550442428,39467.0,50.0,425.0,29323.0,69265.0,0.4294809788493467
numerical_feature_transformer,42,NF-BoT-IoT,original,NF-UNSW-NB15,retained,0.9993327614145459,0.997923256159323,0.9950186799501868,0.9962593516209476,0.9956386292834891,0.9998432227306644,0.9962458747410696,0.004772512345033358,19370.0,8.0,6.0,1598.0,20982.0,0.07644647793346677
numerical_feature_transformer,42,NF-BoT-IoT,original,NF-ToN-IoT,retained,0.5731148292459317,0.6084108736937841,0.8303145853193518,0.5362474988456211,0.6516412606378005,0.7068561097978547,0.8127057049214689,0.7332857892420097,1517.0,712.0,3013.0,3484.0,8726.0,0.7445564978225991
numerical_feature_transformer,42,NF-BoT-IoT,original,NF-BoT-IoT,forgotten,0.9892248311354133,0.7172294697661101,0.9991872561768531,0.9900144950877758,0.9945797265593399,0.9913297900896547,0.9999873691699069,0.026313305593658538,16.0,20.0,248.0,24588.0,24872.0,0.9985525892569959
numerical_feature_transformer,42,NF-BoT-IoT,original,NF-CSE-CIC-IDS2018,retained,0.9525009610866687,0.9235995836676907,0.8009868421052632,0.8833131801692866,0.8401380103507763,0.9613270451010428,0.9306815197337821,0.1268870558143446,19377.0,726.0,386.0,2922.0,23411.0,0.14130109777455044
numerical_feature_transformer,42,NF-BoT-IoT,original,RETAINED_MACRO,retained_macro,0.8416495172490488,0.843311237840266,0.8754400357916006,0.8052733435452851,0.8291393000906887,0.8893421258765207,0.9132110331321068,0.28831511913379587,40264.0,1446.0,3405.0,8004.0,53119.0,0.21478190477983397
numerical_feature_transformer,42,NF-BoT-IoT,rollback_repair,NF-UNSW-NB15,retained,0.9235535220665332,0.5,0.0,0.0,0.0,0.10304199700459864,0.04435669068465214,0.356481735930386,19378.0,0.0,1604.0,0.0,20982.0,0.07644647793346677
numerical_feature_transformer,42,NF-BoT-IoT,rollback_repair,NF-ToN-IoT,retained,0.25544350217740086,0.5,0.0,0.0,0.0,0.5099815541051386,0.6976153845321109,1.1496360271086303,2229.0,0.0,6497.0,0.0,8726.0,0.7445564978225991
numerical_feature_transformer,42,NF-BoT-IoT,rollback_repair,NF-BoT-IoT,forgotten,0.0014474107430041815,0.5,0.0,0.0,0.0,0.23072354646480916,0.9949616109657697,1.4730413809852587,36.0,0.0,24836.0,0.0,24872.0,0.9985525892569959
numerical_feature_transformer,42,NF-BoT-IoT,rollback_repair,NF-CSE-CIC-IDS2018,retained,0.8586989022254495,0.5,0.0,0.0,0.0,0.4136329929280168,0.13262628351560207,0.4334360656502878,20103.0,0.0,3308.0,0.0,23411.0,0.14130109777455044
numerical_feature_transformer,42,NF-BoT-IoT,rollback_repair,RETAINED_MACRO,retained_macro,0.6792319754897945,0.5,0.0,0.0,0.0,0.3422188480125847,0.2915327862441217,0.6465179428964347,41710.0,0.0,11409.0,0.0,53119.0,0.21478190477983397
numerical_feature_transformer,42,NF-BoT-IoT,ssd_canonical,NF-UNSW-NB15,retained,0.9993327614145459,0.997923256159323,0.9950186799501868,0.9962593516209476,0.9956386292834891,0.9998432227306644,0.9962458747410696,0.004772512345033358,19370.0,8.0,6.0,1598.0,20982.0,0.07644647793346677
numerical_feature_transformer,42,NF-BoT-IoT,ssd_canonical,NF-ToN-IoT,retained,0.5731148292459317,0.6084108736937841,0.8303145853193518,0.5362474988456211,0.6516412606378005,0.7068561097978547,0.8127057049214689,0.7332857892420097,1517.0,712.0,3013.0,3484.0,8726.0,0.7445564978225991
numerical_feature_transformer,42,NF-BoT-IoT,ssd_canonical,NF-BoT-IoT,forgotten,0.9892248311354133,0.7172294697661101,0.9991872561768531,0.9900144950877758,0.9945797265593399,0.9913297900896547,0.9999873691699069,0.026313305593658538,16.0,20.0,248.0,24588.0,24872.0,0.9985525892569959
numerical_feature_transformer,42,NF-BoT-IoT,ssd_canonical,NF-CSE-CIC-IDS2018,retained,0.9525009610866687,0.9235995836676907,0.8009868421052632,0.8833131801692866,0.8401380103507763,0.9613270451010428,0.9306815197337821,0.1268870558143446,19377.0,726.0,386.0,2922.0,23411.0,0.14130109777455044
numerical_feature_transformer,42,NF-BoT-IoT,ssd_canonical,RETAINED_MACRO,retained_macro,0.8416495172490488,0.843311237840266,0.8754400357916006,0.8052733435452851,0.8291393000906887,0.8893421258765207,0.9132110331321068,0.28831511913379587,40264.0,1446.0,3405.0,8004.0,53119.0,0.21478190477983397
numerical_feature_transformer,42,NF-BoT-IoT,ssd_canonical@alpha=1,NF-UNSW-NB15,retained,0.9993327614145459,0.997923256159323,0.9950186799501868,0.9962593516209476,0.9956386292834891,0.9998434157664977,0.9962494980232435,0.00476881903455508,19370.0,8.0,6.0,1598.0,20982.0,0.07644647793346677
numerical_feature_transformer,42,NF-BoT-IoT,ssd_canonical@alpha=1,NF-ToN-IoT,retained,0.5727710291084116,0.6083273551453814,0.8303507516105941,0.5356318300754195,0.6511976047904192,0.7068632912191312,0.8126884291951179,0.7333582667463194,1518.0,711.0,3017.0,3480.0,8726.0,0.7445564978225991
numerical_feature_transformer,42,NF-BoT-IoT,ssd_canonical@alpha=1,NF-BoT-IoT,forgotten,0.9891444194274687,0.7171892056333995,0.9991871901162318,0.9899339668223547,0.9945390558634359,0.9908801739410532,0.9999867157992977,0.02644915022306921,16.0,20.0,250.0,24586.0,24872.0,0.9985525892569959
numerical_feature_transformer,42,NF-BoT-IoT,ssd_canonical@alpha=1,NF-CSE-CIC-IDS2018,retained,0.9525436760497202,0.9236244555773558,0.8012064710721141,0.8833131801692866,0.8402588066139468,0.9613490974925325,0.930668967481746,0.12689968331186033,19378.0,725.0,386.0,2922.0,23411.0,0.14130109777455044
numerical_feature_transformer,42,NF-BoT-IoT,ssd_canonical@alpha=1,RETAINED_MACRO,retained_macro,0.8415491555242259,0.8432916889606868,0.8755253008776317,0.8050681206218847,0.829031680229285,0.8893519348260538,0.9132022982333692,0.28834225636424493,40266.0,1444.0,3409.0,8000.0,53119.0,0.21478190477983397
numerical_feature_transformer,42,NF-BoT-IoT,ssd_canonical@alpha=2,NF-UNSW-NB15,retained,0.9993327614145459,0.997923256159323,0.9950186799501868,0.9962593516209476,0.9956386292834891,0.9998432227306644,0.9962458747410696,0.004772512345033358,19370.0,8.0,6.0,1598.0,20982.0,0.07644647793346677
numerical_feature_transformer,42,NF-BoT-IoT,ssd_canonical@alpha=2,NF-ToN-IoT,retained,0.5731148292459317,0.6084108736937841,0.8303145853193518,0.5362474988456211,0.6516412606378005,0.7068561097978547,0.8127057049214689,0.7332857892420097,1517.0,712.0,3013.0,3484.0,8726.0,0.7445564978225991
numerical_feature_transformer,42,NF-BoT-IoT,ssd_canonical@alpha=2,NF-BoT-IoT,forgotten,0.9892248311354133,0.7172294697661101,0.9991872561768531,0.9900144950877758,0.9945797265593399,0.9913297900896547,0.9999873691699069,0.026313305593658538,16.0,20.0,248.0,24588.0,24872.0,0.9985525892569959
numerical_feature_transformer,42,NF-BoT-IoT,ssd_canonical@alpha=2,NF-CSE-CIC-IDS2018,retained,0.9525009610866687,0.9235995836676907,0.8009868421052632,0.8833131801692866,0.8401380103507763,0.9613270451010428,0.9306815197337821,0.1268870558143446,19377.0,726.0,386.0,2922.0,23411.0,0.14130109777455044
numerical_feature_transformer,42,NF-BoT-IoT,ssd_canonical@alpha=2,RETAINED_MACRO,retained_macro,0.8416495172490488,0.843311237840266,0.8754400357916006,0.8052733435452851,0.8291393000906887,0.8893421258765207,0.9132110331321068,0.28831511913379587,40264.0,1446.0,3405.0,8004.0,53119.0,0.21478190477983397
numerical_feature_transformer,42,NF-BoT-IoT,ssd_canonical@alpha=3,NF-UNSW-NB15,retained,0.9993327614145459,0.997923256159323,0.9950186799501868,0.9962593516209476,0.9956386292834891,0.9998432227306644,0.9962458747410696,0.004772512345033358,19370.0,8.0,6.0,1598.0,20982.0,0.07644647793346677
numerical_feature_transformer,42,NF-BoT-IoT,ssd_canonical@alpha=3,NF-ToN-IoT,retained,0.5731148292459317,0.6084108736937841,0.8303145853193518,0.5362474988456211,0.6516412606378005,0.7068561097978547,0.8127057049214689,0.7332857892420097,1517.0,712.0,3013.0,3484.0,8726.0,0.7445564978225991
numerical_feature_transformer,42,NF-BoT-IoT,ssd_canonical@alpha=3,NF-BoT-IoT,forgotten,0.9892248311354133,0.7172294697661101,0.9991872561768531,0.9900144950877758,0.9945797265593399,0.9913297900896547,0.9999873691699069,0.026313305593658538,16.0,20.0,248.0,24588.0,24872.0,0.9985525892569959
numerical_feature_transformer,42,NF-BoT-IoT,ssd_canonical@alpha=3,NF-CSE-CIC-IDS2018,retained,0.9525009610866687,0.9235995836676907,0.8009868421052632,0.8833131801692866,0.8401380103507763,0.9613270451010428,0.9306815197337821,0.1268870558143446,19377.0,726.0,386.0,2922.0,23411.0,0.14130109777455044
numerical_feature_transformer,42,NF-BoT-IoT,ssd_canonical@alpha=3,RETAINED_MACRO,retained_macro,0.8416495172490488,0.843311237840266,0.8754400357916006,0.8052733435452851,0.8291393000906887,0.8893421258765207,0.9132110331321068,0.28831511913379587,40264.0,1446.0,3405.0,8004.0,53119.0,0.21478190477983397
numerical_feature_transformer,42,NF-BoT-IoT,ssd_canonical@alpha=5,NF-UNSW-NB15,retained,0.9993327614145459,0.997923256159323,0.9950186799501868,0.9962593516209476,0.9956386292834891,0.9998432227306644,0.9962458747410696,0.004772512345033358,19370.0,8.0,6.0,1598.0,20982.0,0.07644647793346677
numerical_feature_transformer,42,NF-BoT-IoT,ssd_canonical@alpha=5,NF-ToN-IoT,retained,0.5731148292459317,0.6084108736937841,0.8303145853193518,0.5362474988456211,0.6516412606378005,0.7068561097978547,0.8127057049214689,0.7332857892420097,1517.0,712.0,3013.0,3484.0,8726.0,0.7445564978225991
numerical_feature_transformer,42,NF-BoT-IoT,ssd_canonical@alpha=5,NF-BoT-IoT,forgotten,0.9892248311354133,0.7172294697661101,0.9991872561768531,0.9900144950877758,0.9945797265593399,0.9913297900896547,0.9999873691699069,0.026313305593658538,16.0,20.0,248.0,24588.0,24872.0,0.9985525892569959
numerical_feature_transformer,42,NF-BoT-IoT,ssd_canonical@alpha=5,NF-CSE-CIC-IDS2018,retained,0.9525009610866687,0.9235995836676907,0.8009868421052632,0.8833131801692866,0.8401380103507763,0.9613270451010428,0.9306815197337821,0.1268870558143446,19377.0,726.0,386.0,2922.0,23411.0,0.14130109777455044
numerical_feature_transformer,42,NF-BoT-IoT,ssd_canonical@alpha=5,RETAINED_MACRO,retained_macro,0.8416495172490488,0.843311237840266,0.8754400357916006,0.8052733435452851,0.8291393000906887,0.8893421258765207,0.9132110331321068,0.28831511913379587,40264.0,1446.0,3405.0,8004.0,53119.0,0.21478190477983397
numerical_feature_transformer,42,NF-BoT-IoT,dc_ssd_no_contrast,NF-UNSW-NB15,retained,0.6201029453817558,0.794328620084632,0.16751958224543081,1.0,0.28696663386707216,0.9811513699495712,0.646851667417688,0.6287283318367646,11407.0,7971.0,0.0,1604.0,20982.0,0.07644647793346677
numerical_feature_transformer,42,NF-BoT-IoT,dc_ssd_no_contrast,NF-ToN-IoT,retained,0.7445564978225991,0.5001473572404228,0.744612563044475,0.9998460828074496,0.8535575849155772,0.3902910153583671,0.6482321522986032,1.1228744361640295,1.0,2228.0,1.0,6496.0,8726.0,0.7445564978225991
numerical_feature_transformer,42,NF-BoT-IoT,dc_ssd_no_contrast,NF-BoT-IoT,forgotten,0.9985525892569959,0.5,0.9985525892569959,1.0,0.9992757704997184,0.4637723465936544,0.9975563774720804,0.02068333101257646,0.0,36.0,0.0,24836.0,24872.0,0.9985525892569959
numerical_feature_transformer,42,NF-BoT-IoT,dc_ssd_no_contrast,NF-CSE-CIC-IDS2018,retained,0.14296698133356114,0.5009700044769437,0.1415368817388328,1.0,0.247976011994003,0.3605286086810122,0.10421173396505186,3.0854114514262356,39.0,20064.0,0.0,3308.0,23411.0,0.14130109777455044
numerical_feature_transformer,42,NF-BoT-IoT,dc_ssd_no_contrast,RETAINED_MACRO,retained_macro,0.5025421415126388,0.5984819939339996,0.35122300900957953,0.9999486942691499,0.4628334102588842,0.5773236646629835,0.4664318512271144,1.6123380731423431,11447.0,30263.0,1.0,11408.0,53119.0,0.21478190477983397
numerical_feature_transformer,42,NF-BoT-IoT,dc_ssd_no_class_balance,NF-UNSW-NB15,retained,0.9993327614145459,0.997923256159323,0.9950186799501868,0.9962593516209476,0.9956386292834891,0.9998429653495531,0.9962544412621945,0.00475161074364272,19370.0,8.0,6.0,1598.0,20982.0,0.07644647793346677
numerical_feature_transformer,42,NF-BoT-IoT,dc_ssd_no_class_balance,NF-ToN-IoT,retained,0.5673848269539308,0.6050050156012925,0.828743961352657,0.5280898876404494,0.6451067030177682,0.6992028553330994,0.8105126686691186,0.7389894360795143,1520.0,709.0,3066.0,3431.0,8726.0,0.7445564978225991
numerical_feature_transformer,42,NF-BoT-IoT,dc_ssd_no_class_balance,NF-BoT-IoT,forgotten,0.9873351559987135,0.5914644512446091,0.9988201310061434,0.9884844580447737,0.9936254173833856,0.953757762030028,0.9999199000190303,0.05818077234492383,7.0,29.0,286.0,24550.0,24872.0,0.9985525892569959
numerical_feature_transformer,42,NF-BoT-IoT,dc_ssd_no_class_balance,NF-CSE-CIC-IDS2018,retained,0.9524582461236171,0.9235747117580254,0.8007673335160318,0.8833131801692866,0.8400172488141441,0.9616699060298953,0.9306328781556147,0.12671895681087436,19376.0,727.0,386.0,2922.0,23411.0,0.14130109777455044
numerical_feature_transformer,42,NF-BoT-IoT,dc_ssd_no_class_balance,RETAINED_MACRO,retained_macro,0.8397252781640313,0.8421676611728803,0.8748433249396252,0.8025541398102277,0.8269208603718005,0.8869052422375159,0.9124666626956426,0.2901533345446771,40266.0,1444.0,3458.0,7951.0,53119.0,0.21478190477983397
numerical_feature_transformer,42,NF-BoT-IoT,dc_ssd,NF-UNSW-NB15,retained,0.9793156038509199,0.941339305776224,0.8429073856975381,0.8965087281795511,0.8688821752265861,0.9862949545066015,0.7352600162895934,0.17208136879592045,19110.0,268.0,166.0,1438.0,20982.0,0.07644647793346677
numerical_feature_transformer,42,NF-BoT-IoT,dc_ssd,NF-ToN-IoT,retained,0.7446710978684391,0.5008137447983896,0.7448663531031318,0.9993843312297984,0.8535559353227291,0.42458578908593836,0.6615719838636251,1.0983085039739078,5.0,2224.0,4.0,6493.0,8726.0,0.7445564978225991
numerical_feature_transformer,42,NF-BoT-IoT,dc_ssd,NF-BoT-IoT,forgotten,0.9976278546156321,0.49953696247382834,0.9985512495472655,0.9990739249476567,0.9988125188688739,0.5484668313022315,0.999077159050026,0.028560625473348495,0.0,36.0,23.0,24813.0,24872.0,0.9985525892569959
numerical_feature_transformer,42,NF-BoT-IoT,dc_ssd,NF-CSE-CIC-IDS2018,retained,0.12383067788646362,0.38287092182635485,0.11122661122661123,0.7439540507859734,0.19352048439097272,0.34642458178350055,0.10319009347415095,3.563636779492241,438.0,19665.0,847.0,2461.0,23411.0,0.14130109777455044
numerical_feature_transformer,42,NF-BoT-IoT,dc_ssd,RETAINED_MACRO,retained_macro,0.6159391265352743,0.6083413241336562,0.5663334500090936,0.8799490367317743,0.638652864980096,0.5857684417920135,0.5000073645424565,1.6113422174206897,19553.0,22157.0,1017.0,10392.0,53119.0,0.21478190477983397
numerical_feature_transformer,42,NF-BoT-IoT,scrub_r,NF-UNSW-NB15,retained,0.9988085025259746,0.9936365737529435,0.9968533668974198,0.9875311720698254,0.99217037269026,0.9998423218967752,0.9970023769721276,0.006886563594406522,19373.0,5.0,20.0,1584.0,20982.0,0.07644647793346677
numerical_feature_transformer,42,NF-BoT-IoT,scrub_r,NF-ToN-IoT,retained,0.7528077011230805,0.7196510892662404,0.868295994568907,0.7874403570878867,0.8258939381709581,0.7461232236599106,0.8300856121281783,0.5758063520182065,1453.0,776.0,1381.0,5116.0,8726.0,0.7445564978225991
numerical_feature_transformer,42,NF-BoT-IoT,scrub_r,NF-BoT-IoT,forgotten,0.011137021550337729,0.3106892324761547,0.9479553903345725,0.01026735384119826,0.02031467835092611,0.0886817522950556,0.9946773108211344,1.99433143719812,22.0,14.0,24581.0,255.0,24872.0,0.9985525892569959
numerical_feature_transformer,42,NF-BoT-IoT,scrub_r,NF-CSE-CIC-IDS2018,retained,0.914869078638247,0.8579956512954656,0.6713578316393015,0.7787182587666264,0.7210636808957313,0.9409529661662028,0.8580748400940155,0.21415781492215066,18842.0,1261.0,732.0,2576.0,23411.0,0.14130109777455044
numerical_feature_transformer,42,NF-BoT-IoT,scrub_r,RETAINED_MACRO,retained_macro,0.8888284274291007,0.8570944381048831,0.8455023977018761,0.8512299293081128,0.8463759972523165,0.8956395039076295,0.8950542763981071,0.26561691017825456,39668.0,2042.0,2133.0,9276.0,53119.0,0.21478190477983397
numerical_feature_transformer,42,NF-BoT-IoT,scrub_r@lr=0.001,NF-UNSW-NB15,retained,0.9886569440472787,0.9278119015084849,0.994927536231884,0.8559850374064838,0.9202412868632708,0.9977585000755412,0.9891670741368163,0.03436546580936284,19371.0,7.0,231.0,1373.0,20982.0,0.07644647793346677
numerical_feature_transformer,42,NF-BoT-IoT,scrub_r@lr=0.001,NF-ToN-IoT,retained,0.7727481090992436,0.7236110216310623,0.8643848886018728,0.8240726489148837,0.8437475376250887,0.7270550310240852,0.82123604608032,0.5903826222756045,1389.0,840.0,1143.0,5354.0,8726.0,0.7445564978225991
numerical_feature_transformer,42,NF-BoT-IoT,scrub_r@lr=0.001,NF-BoT-IoT,forgotten,0.009408169829527179,0.3375610672679444,0.9459459459459459,0.008455467869222097,0.01676111421502115,0.06419444891823699,0.9941215118842569,3.5498915203921753,24.0,12.0,24626.0,210.0,24872.0,0.9985525892569959
numerical_feature_transformer,42,NF-BoT-IoT,scrub_r@lr=0.001,NF-CSE-CIC-IDS2018,retained,0.8781769253769596,0.7098487529248554,0.5848214285714286,0.4752116082224909,0.524349566377585,0.8324149222796433,0.6120930142813829,0.30791240644825035,18987.0,1116.0,1736.0,1572.0,23411.0,0.14130109777455044
numerical_feature_transformer,42,NF-BoT-IoT,scrub_r@lr=0.001,RETAINED_MACRO,retained_macro,0.8798606595078272,0.7870905586881342,0.8147112844683951,0.7184230981812861,0.7627794636219815,0.8524094844597565,0.8074987114995064,0.31088683151107255,39747.0,1963.0,3110.0,8299.0,53119.0,0.21478190477983397
numerical_feature_transformer,42,NF-BoT-IoT,retrained,NF-UNSW-NB15,retained,0.9994757411114289,0.9974288270447835,0.99812382739212,0.9950124688279302,0.9965657196378396,0.9998839532915056,0.9972973233124718,0.003898866139157042,19375.0,3.0,8.0,1596.0,20982.0,0.07644647793346677
numerical_feature_transformer,42,NF-BoT-IoT,retrained,NF-ToN-IoT,retained,0.8607609443043778,0.8130708150975297,0.903206106870229,0.9105741111282131,0.9068751437111979,0.8100337298927973,0.8663948002514867,0.44085110203183103,1595.0,634.0,581.0,5916.0,8726.0,0.7445564978225991
numerical_feature_transformer,42,NF-BoT-IoT,retrained,NF-BoT-IoT,forgotten,0.02199260212286909,0.2745186199244824,0.9688073394495413,0.021259462071186987,0.04160592569244711,0.027235330434315776,0.994611404318047,3.532944530593142,19.0,17.0,24308.0,528.0,24872.0,0.9985525892569959
numerical_feature_transformer,42,NF-BoT-IoT,retrained,NF-CSE-CIC-IDS2018,retained,0.9415659305454701,0.8922295642976759,0.7765108323831242,0.8234582829504232,0.7992957746478874,0.954112574774374,0.9019680873715004,0.1557919120038794,19319.0,784.0,584.0,2724.0,23411.0,0.14130109777455044
numerical_feature_transformer,42,NF-BoT-IoT,retrained,RETAINED_MACRO,retained_macro,0.9339342053204257,0.9009097354799964,0.8926135888818244,0.9096816209688554,0.9009122126656416,0.9213434193195589,0.9218867369784863,0.20018062672495582,40289.0,1421.0,1173.0,10236.0,53119.0,0.21478190477983397
numerical_feature_transformer,42,NF-CSE-CIC-IDS2018,original,NF-UNSW-NB15,retained,0.9993327614145459,0.997923256159323,0.9950186799501868,0.9962593516209476,0.9956386292834891,0.9998432227306644,0.9962458747410696,0.004772512345033358,19370.0,8.0,6.0,1598.0,20982.0,0.07644647793346677
numerical_feature_transformer,42,NF-CSE-CIC-IDS2018,original,NF-ToN-IoT,retained,0.5731148292459317,0.6084108736937841,0.8303145853193518,0.5362474988456211,0.6516412606378005,0.7068561097978547,0.8127057049214689,0.7332857892420097,1517.0,712.0,3013.0,3484.0,8726.0,0.7445564978225991
numerical_feature_transformer,42,NF-CSE-CIC-IDS2018,original,NF-BoT-IoT,retained,0.9892248311354133,0.7172294697661101,0.9991872561768531,0.9900144950877758,0.9945797265593399,0.9913297900896547,0.9999873691699069,0.026313305593658538,16.0,20.0,248.0,24588.0,24872.0,0.9985525892569959
numerical_feature_transformer,42,NF-CSE-CIC-IDS2018,original,NF-CSE-CIC-IDS2018,forgotten,0.9525009610866687,0.9235995836676907,0.8009868421052632,0.8833131801692866,0.8401380103507763,0.9613270451010428,0.9306815197337821,0.1268870558143446,19377.0,726.0,386.0,2922.0,23411.0,0.14130109777455044
numerical_feature_transformer,42,NF-CSE-CIC-IDS2018,original,RETAINED_MACRO,retained_macro,0.853890807265297,0.7745211998730724,0.9415068404821305,0.8408404485181148,0.8806198721602098,0.8993430408727247,0.9363129829441484,0.2547905357269005,20903.0,740.0,3267.0,29670.0,54580.0,0.6034628068889704
numerical_feature_transformer,42,NF-CSE-CIC-IDS2018,rollback_repair,NF-UNSW-NB15,retained,0.07644647793346677,0.5,0.07644647793346677,1.0,0.142034888869211,0.6398922963002237,0.11684538227552402,1.5529658462898017,0.0,19378.0,0.0,1604.0,20982.0,0.07644647793346677
numerical_feature_transformer,42,NF-CSE-CIC-IDS2018,rollback_repair,NF-ToN-IoT,retained,0.7445564978225991,0.5,0.7445564978225991,1.0,0.8535768245418117,0.8274259928642912,0.9135772346754943,0.5691188133650942,0.0,2229.0,0.0,6497.0,8726.0,0.7445564978225991
numerical_feature_transformer,42,NF-CSE-CIC-IDS2018,rollback_repair,NF-BoT-IoT,retained,0.9985525892569959,0.5,0.9985525892569959,1.0,0.9992757704997184,0.2024743427998783,0.9965223850372815,0.23464841413459228,0.0,36.0,0.0,24836.0,24872.0,0.9985525892569959
numerical_feature_transformer,42,NF-CSE-CIC-IDS2018,rollback_repair,NF-CSE-CIC-IDS2018,forgotten,0.14130109777455044,0.5,0.14130109777455044,1.0,0.2476140574123283,0.8988805445185831,0.5800788912621835,1.3704848794057958,0.0,20103.0,0.0,3308.0,23411.0,0.14130109777455044
numerical_feature_transformer,42,NF-CSE-CIC-IDS2018,rollback_repair,RETAINED_MACRO,retained_macro,0.6065185216710206,0.5,0.6065185216710206,1.0,0.6649624946369137,0.5565975439881311,0.6756483339960999,0.7855776912631628,0.0,21643.0,0.0,32937.0,54580.0,0.6034628068889704
numerical_feature_transformer,42,NF-CSE-CIC-IDS2018,ssd_canonical,NF-UNSW-NB15,retained,0.9993327614145459,0.997923256159323,0.9950186799501868,0.9962593516209476,0.9956386292834891,0.9998432227306644,0.9962458747410696,0.004772512345033358,19370.0,8.0,6.0,1598.0,20982.0,0.07644647793346677
numerical_feature_transformer,42,NF-CSE-CIC-IDS2018,ssd_canonical,NF-ToN-IoT,retained,0.5731148292459317,0.6084108736937841,0.8303145853193518,0.5362474988456211,0.6516412606378005,0.7068561097978547,0.8127057049214689,0.7332857892420097,1517.0,712.0,3013.0,3484.0,8726.0,0.7445564978225991
numerical_feature_transformer,42,NF-CSE-CIC-IDS2018,ssd_canonical,NF-BoT-IoT,retained,0.9892248311354133,0.7172294697661101,0.9991872561768531,0.9900144950877758,0.9945797265593399,0.9913297900896547,0.9999873691699069,0.026313305593658538,16.0,20.0,248.0,24588.0,24872.0,0.9985525892569959
numerical_feature_transformer,42,NF-CSE-CIC-IDS2018,ssd_canonical,NF-CSE-CIC-IDS2018,forgotten,0.9525009610866687,0.9235995836676907,0.8009868421052632,0.8833131801692866,0.8401380103507763,0.9613270451010428,0.9306815197337821,0.1268870558143446,19377.0,726.0,386.0,2922.0,23411.0,0.14130109777455044
numerical_feature_transformer,42,NF-CSE-CIC-IDS2018,ssd_canonical,RETAINED_MACRO,retained_macro,0.853890807265297,0.7745211998730724,0.9415068404821305,0.8408404485181148,0.8806198721602098,0.8993430408727247,0.9363129829441484,0.2547905357269005,20903.0,740.0,3267.0,29670.0,54580.0,0.6034628068889704
numerical_feature_transformer,42,NF-CSE-CIC-IDS2018,ssd_canonical@alpha=1,NF-UNSW-NB15,retained,0.9565341721475551,0.7188558238524856,0.9845938375350141,0.4382793017456359,0.6065573770491803,0.9976847925598328,0.972527362496365,0.18034723487746898,19367.0,11.0,901.0,703.0,20982.0,0.07644647793346677
numerical_feature_transformer,42,NF-CSE-CIC-IDS2018,ssd_canonical@alpha=1,NF-ToN-IoT,retained,0.23412789365115746,0.4164277980940646,0.376657824933687,0.04371248268431584,0.07833402289339401,0.30175507030784066,0.623092153313657,1.5928693308999606,1759.0,470.0,6213.0,284.0,8726.0,0.7445564978225991
numerical_feature_transformer,42,NF-CSE-CIC-IDS2018,ssd_canonical@alpha=1,NF-BoT-IoT,retained,0.9816259247346414,0.6995557524024266,0.9991400843536301,0.9824448381381865,0.9907221308646487,0.9168143018199388,0.9995237066442021,0.05081858130914393,15.0,21.0,436.0,24400.0,24872.0,0.9985525892569959
numerical_feature_transformer,42,NF-CSE-CIC-IDS2018,ssd_canonical@alpha=1,NF-CSE-CIC-IDS2018,forgotten,0.8709153816581948,0.594118095616523,0.6309523809523809,0.20828295042321646,0.3131818181818182,0.8676856134679075,0.5588962143215568,0.323433682965009,19700.0,403.0,2619.0,689.0,23411.0,0.14130109777455044
numerical_feature_transformer,42,NF-CSE-CIC-IDS2018,ssd_canonical@alpha=1,RETAINED_MACRO,retained_macro,0.7240959968444513,0.6116131247829922,0.786797248940777,0.48814554085604606,0.5585378436024077,0.738751388229204,0.8650477408180747,0.6080117156955246,21141.0,502.0,7550.0,25387.0,54580.0,0.6034628068889704
numerical_feature_transformer,42,NF-CSE-CIC-IDS2018,ssd_canonical@alpha=2,NF-UNSW-NB15,retained,0.9887522638452007,0.9278635064212726,0.9963715529753265,0.8559850374064838,0.9208584842387659,0.9852573386432772,0.9782275990858359,0.10812467586542944,19373.0,5.0,231.0,1373.0,20982.0,0.07644647793346677
numerical_feature_transformer,42,NF-CSE-CIC-IDS2018,ssd_canonical@alpha=2,NF-ToN-IoT,retained,0.28214531285812516,0.4452842334036491,0.5955701394585726,0.11174388179159613,0.18818040435458788,0.4335248632198192,0.7015393902103297,1.6313638021299495,1736.0,493.0,5771.0,726.0,8726.0,0.7445564978225991
numerical_feature_transformer,42,NF-CSE-CIC-IDS2018,ssd_canonical@alpha=2,NF-BoT-IoT,retained,0.9846011579285944,0.97842066176339,0.9999591085667553,0.9846191013045579,0.9922298188310239,0.9897058034036614,0.9999850061850343,0.03309891047804622,35.0,1.0,382.0,24454.0,24872.0,0.9985525892569959
numerical_feature_transformer,42,NF-CSE-CIC-IDS2018,ssd_canonical@alpha=2,NF-CSE-CIC-IDS2018,forgotten,0.9366109948314895,0.7879441357661008,0.9519326065411299,0.5807134220072552,0.7213668794592565,0.916345579936844,0.78749306355502,0.21021876925511032,20006.0,97.0,1387.0,1921.0,23411.0,0.14130109777455044
numerical_feature_transformer,42,NF-CSE-CIC-IDS2018,ssd_canonical@alpha=2,RETAINED_MACRO,retained_macro,0.7518329115439734,0.7838561338627706,0.8639669336668848,0.6507826735008793,0.7004229024747927,0.8028293350889193,0.8932506651604001,0.5908624628244751,21144.0,499.0,6384.0,26553.0,54580.0,0.6034628068889704
numerical_feature_transformer,42,NF-CSE-CIC-IDS2018,ssd_canonical@alpha=3,NF-UNSW-NB15,retained,0.9993327614145459,0.997923256159323,0.9950186799501868,0.9962593516209476,0.9956386292834891,0.999840552401636,0.9962288694105472,0.004670692108244577,19370.0,8.0,6.0,1598.0,20982.0,0.07644647793346677
numerical_feature_transformer,42,NF-CSE-CIC-IDS2018,ssd_canonical@alpha=3,NF-ToN-IoT,retained,0.5649782259912904,0.6041256712816275,0.8286687758578729,0.5240880406341388,0.642089383367905,0.7068371895148764,0.8138563499325809,0.7407204014825005,1525.0,704.0,3092.0,3405.0,8726.0,0.7445564978225991
numerical_feature_transformer,42,NF-CSE-CIC-IDS2018,ssd_canonical@alpha=3,NF-BoT-IoT,retained,0.9892248311354133,0.7172294697661101,0.9991872561768531,0.9900144950877758,0.9945797265593399,0.9912973550938602,0.999987321421993,0.026113370085339784,16.0,20.0,248.0,24588.0,24872.0,0.9985525892569959
numerical_feature_transformer,42,NF-CSE-CIC-IDS2018,ssd_canonical@alpha=3,NF-CSE-CIC-IDS2018,forgotten,0.9527999658280295,0.9237736870353472,0.8025267783575941,0.8833131801692866,0.8409843142898259,0.9624858069214405,0.930729876853084,0.127930687802992,19384.0,719.0,386.0,2922.0,23411.0,0.14130109777455044
numerical_feature_transformer,42,NF-CSE-CIC-IDS2018,ssd_canonical@alpha=3,RETAINED_MACRO,retained_macro,0.8511786061804165,0.7730927990690203,0.9409582373283043,0.836787295780954,0.8774359130702448,0.8993250323367908,0.936690846921707,0.25716815455869496,20911.0,732.0,3346.0,29591.0,54580.0,0.6034628068889704
numerical_feature_transformer,42,NF-CSE-CIC-IDS2018,ssd_canonical@alpha=5,NF-UNSW-NB15,retained,0.9993327614145459,0.997923256159323,0.9950186799501868,0.9962593516209476,0.9956386292834891,0.9998432227306644,0.9962458747410696,0.004772512345033358,19370.0,8.0,6.0,1598.0,20982.0,0.07644647793346677
numerical_feature_transformer,42,NF-CSE-CIC-IDS2018,ssd_canonical@alpha=5,NF-ToN-IoT,retained,0.5731148292459317,0.6084108736937841,0.8303145853193518,0.5362474988456211,0.6516412606378005,0.7068561097978547,0.8127057049214689,0.7332857892420097,1517.0,712.0,3013.0,3484.0,8726.0,0.7445564978225991
numerical_feature_transformer,42,NF-CSE-CIC-IDS2018,ssd_canonical@alpha=5,NF-BoT-IoT,retained,0.9892248311354133,0.7172294697661101,0.9991872561768531,0.9900144950877758,0.9945797265593399,0.9913297900896547,0.9999873691699069,0.026313305593658538,16.0,20.0,248.0,24588.0,24872.0,0.9985525892569959
numerical_feature_transformer,42,NF-CSE-CIC-IDS2018,ssd_canonical@alpha=5,NF-CSE-CIC-IDS2018,forgotten,0.9525009610866687,0.9235995836676907,0.8009868421052632,0.8833131801692866,0.8401380103507763,0.9613270451010428,0.9306815197337821,0.1268870558143446,19377.0,726.0,386.0,2922.0,23411.0,0.14130109777455044
numerical_feature_transformer,42,NF-CSE-CIC-IDS2018,ssd_canonical@alpha=5,RETAINED_MACRO,retained_macro,0.853890807265297,0.7745211998730724,0.9415068404821305,0.8408404485181148,0.8806198721602098,0.8993430408727247,0.9363129829441484,0.2547905357269005,20903.0,740.0,3267.0,29670.0,54580.0,0.6034628068889704
numerical_feature_transformer,42,NF-CSE-CIC-IDS2018,dc_ssd_no_contrast,NF-UNSW-NB15,retained,0.9979029644457154,0.988571635211692,0.9949238578680203,0.9775561097256857,0.9861635220125786,0.9998455391606647,0.9957104209550759,0.03278330015964403,19370.0,8.0,36.0,1568.0,20982.0,0.07644647793346677
numerical_feature_transformer,42,NF-CSE-CIC-IDS2018,dc_ssd_no_contrast,NF-ToN-IoT,retained,0.3954847581939033,0.4863252618991835,0.727645305514158,0.3006002770509466,0.42544385143230584,0.5426343372891226,0.756819799316676,0.9628501268292287,1498.0,731.0,4544.0,1953.0,8726.0,0.7445564978225991
numerical_feature_transformer,42,NF-CSE-CIC-IDS2018,dc_ssd_no_contrast,NF-BoT-IoT,retained,0.9904712126085558,0.690116050178057,0.999107251552165,0.991343211467225,0.9952100891287212,0.9882943218625294,0.9999828567137236,0.03839420067291561,14.0,22.0,215.0,24621.0,24872.0,0.9985525892569959
numerical_feature_transformer,42,NF-CSE-CIC-IDS2018,dc_ssd_no_contrast,NF-CSE-CIC-IDS2018,forgotten,0.9226859168766819,0.7899380388700731,0.7991214057507987,0.6048972188633616,0.688575361321404,0.9178542477221752,0.7921559296628815,0.20692226756845244,19600.0,503.0,1307.0,2001.0,23411.0,0.14130109777455044
numerical_feature_transformer,42,NF-CSE-CIC-IDS2018,dc_ssd_no_contrast,RETAINED_MACRO,retained_macro,0.7946196450827246,0.7216709824296442,0.9072254716447811,0.7564998660812857,0.8022724875245352,0.8435913994374388,0.9175043589951585,0.3446758758872628,20882.0,761.0,4795.0,28142.0,54580.0,0.6034628068889704
numerical_feature_transformer,42,NF-CSE-CIC-IDS2018,dc_ssd_no_class_balance,NF-UNSW-NB15,retained,0.99671146697169,0.9804926995134725,0.9954809554551324,0.9613466334164589,0.978116079923882,0.9995648328863053,0.9982559324608712,0.031825585308021084,19371.0,7.0,62.0,1542.0,20982.0,0.07644647793346677
numerical_feature_transformer,42,NF-CSE-CIC-IDS2018,dc_ssd_no_class_balance,NF-ToN-IoT,retained,0.37359614943845976,0.4982978305271584,0.7419052088221493,0.24334308142219485,0.3664812239221141,0.5325868384020702,0.7635217106135618,1.172067501157744,1679.0,550.0,4916.0,1581.0,8726.0,0.7445564978225991
numerical_feature_transformer,42,NF-CSE-CIC-IDS2018,dc_ssd_no_class_balance,NF-BoT-IoT,retained,0.98882277259569,0.7725031763926916,0.9993493289955266,0.9894507972298276,0.9943754299356614,0.9895201410139404,0.9999847252585092,0.030706086118784098,20.0,16.0,262.0,24574.0,24872.0,0.9985525892569959
numerical_feature_transformer,42,NF-CSE-CIC-IDS2018,dc_ssd_no_class_balance,NF-CSE-CIC-IDS2018,forgotten,0.9415659305454701,0.7933548137009756,0.9994850669412977,0.5867593712212817,0.7394285714285714,0.9314260247753091,0.8390072678197443,0.1786086454969404,20102.0,1.0,1367.0,1941.0,23411.0,0.14130109777455044
numerical_feature_transformer,42,NF-CSE-CIC-IDS2018,dc_ssd_no_class_balance,RETAINED_MACRO,retained_macro,0.7863767963352798,0.7504312354777741,0.9122451644242694,0.7313801706894938,0.7796575779272192,0.8405572707674386,0.9205874561109807,0.41153305752818303,21070.0,573.0,5240.0,27697.0,54580.0,0.6034628068889704
numerical_feature_transformer,42,NF-CSE-CIC-IDS2018,dc_ssd,NF-UNSW-NB15,retained,0.9956629491945477,0.9739207623937369,0.9947678221059516,0.9482543640897756,0.970954356846473,0.9983627665792686,0.9932345243380685,0.07759820374011543,19370.0,8.0,83.0,1521.0,20982.0,0.07644647793346677
numerical_feature_transformer,42,NF-CSE-CIC-IDS2018,dc_ssd,NF-ToN-IoT,retained,0.5367866147146458,0.521388171494826,0.7595686191583845,0.5528705556410651,0.639942989488687,0.586444321577692,0.7705410228401177,0.7041109940459729,1092.0,1137.0,2905.0,3592.0,8726.0,0.7445564978225991
numerical_feature_transformer,42,NF-CSE-CIC-IDS2018,dc_ssd,NF-BoT-IoT,retained,0.9915969765197813,0.7045485048585387,0.9991487291742673,0.9924303430504107,0.9957782042217957,0.9789161342853565,0.9999639870842728,0.03683752031969094,15.0,21.0,188.0,24648.0,24872.0,0.9985525892569959
numerical_feature_transformer,42,NF-CSE-CIC-IDS2018,dc_ssd,NF-CSE-CIC-IDS2018,forgotten,0.9378070137969331,0.8020258922293839,0.9205267938237965,0.6127569528415961,0.7357531760435572,0.9395135607846916,0.8777493406132504,0.17266316017631092,19928.0,175.0,1281.0,2027.0,23411.0,0.14130109777455044
numerical_feature_transformer,42,NF-CSE-CIC-IDS2018,dc_ssd,RETAINED_MACRO,retained_macro,0.8413488468096583,0.7332858129157005,0.9178283901462011,0.8311850875937505,0.8688918501856518,0.8545744074807723,0.9212465114208196,0.27284890603525974,20477.0,1166.0,3176.0,29761.0,54580.0,0.6034628068889704
numerical_feature_transformer,42,NF-CSE-CIC-IDS2018,scrub_r,NF-UNSW-NB15,retained,0.9994280812124678,0.9988326157976923,0.9944099378881988,0.9981296758104738,0.9962663347853142,0.9999005865458143,0.9983295339358516,0.0057241087510568,19369.0,9.0,3.0,1601.0,20982.0,0.07644647793346677
numerical_feature_transformer,42,NF-CSE-CIC-IDS2018,scrub_r,NF-ToN-IoT,retained,0.8336007334402934,0.6935972036097966,0.8281514244828933,0.9798368477758965,0.8976311336717429,0.7612552033367646,0.8355963213075407,0.4435194716564272,908.0,1321.0,131.0,6366.0,8726.0,0.7445564978225991
numerical_feature_transformer,42,NF-CSE-CIC-IDS2018,scrub_r,NF-BoT-IoT,retained,0.9928835638468961,0.6081114332241728,0.9988670847663362,0.9940006442261233,0.9964279227462615,0.9892226338111344,0.9999842866126214,0.020877123207600483,8.0,28.0,149.0,24687.0,24872.0,0.9985525892569959
numerical_feature_transformer,42,NF-CSE-CIC-IDS2018,scrub_r,NF-CSE-CIC-IDS2018,forgotten,0.5847251292127632,0.6208061133289315,0.2045328911000553,0.6711003627569528,0.3135150402485525,0.7641437708257132,0.641040374128074,0.8207461579678272,11469.0,8634.0,1088.0,2220.0,23411.0,0.14130109777455044
numerical_feature_transformer,42,NF-CSE-CIC-IDS2018,scrub_r,RETAINED_MACRO,retained_macro,0.9419707928332192,0.7668470842105539,0.9404761490458095,0.9906557226041647,0.9634417970677728,0.9167928078979045,0.9446367139520045,0.15670690120502814,20285.0,1358.0,283.0,32654.0,54580.0,0.6034628068889704
numerical_feature_transformer,42,NF-CSE-CIC-IDS2018,scrub_r@lr=0.001,NF-UNSW-NB15,retained,0.9994757411114289,0.9991443364959467,0.994413407821229,0.9987531172069826,0.9965785381026439,0.9998831168028942,0.9960544758298814,0.004725837024505776,19369.0,9.0,2.0,1602.0,20982.0,0.07644647793346677
numerical_feature_transformer,42,NF-CSE-CIC-IDS2018,scrub_r@lr=0.001,NF-ToN-IoT,retained,0.8518221407288563,0.7305896368085958,0.8464713715046605,0.9784515930429429,0.9076890126365389,0.802384549503574,0.8643322431985055,0.40476664105515814,1076.0,1153.0,140.0,6357.0,8726.0,0.7445564978225991
numerical_feature_transformer,42,NF-CSE-CIC-IDS2018,scrub_r@lr=0.001,NF-BoT-IoT,retained,0.9967835316822129,0.540720459547968,0.9986705342035291,0.9981075857626027,0.998388980627492,0.9916910488359192,0.9999879009058961,0.010190751581009032,3.0,33.0,47.0,24789.0,24872.0,0.9985525892569959
numerical_feature_transformer,42,NF-CSE-CIC-IDS2018,scrub_r@lr=0.001,NF-CSE-CIC-IDS2018,forgotten,0.2539831703045577,0.43011706910138303,0.11998711547753262,0.6756348246674728,0.2037839069979485,0.6190071103586782,0.36283205346378583,1.6824380835885229,3711.0,16392.0,1073.0,2235.0,23411.0,0.14130109777455044
numerical_feature_transformer,42,NF-CSE-CIC-IDS2018,scrub_r@lr=0.001,RETAINED_MACRO,retained_macro,0.949360471174166,0.75681814428417,0.9465184378431396,0.9917707653375093,0.9675521771222249,0.9313195717141292,0.9534582066447609,0.13989440988689097,20448.0,1195.0,189.0,32748.0,54580.0,0.6034628068889704
numerical_feature_transformer,42,NF-CSE-CIC-IDS2018,retrained,NF-UNSW-NB15,retained,0.9995234010103898,0.9977405477430379,0.998125,0.9956359102244389,0.9968789013732834,0.9999237186731799,0.9987076124928107,0.002987733216323492,19375.0,3.0,7.0,1597.0,20982.0,0.07644647793346677
numerical_feature_transformer,42,NF-CSE-CIC-IDS2018,retrained,NF-ToN-IoT,retained,0.8906715562686225,0.8526081644611763,0.9233236596914617,0.9304294289672156,0.9268629254829807,0.8638688401790576,0.9133203443452912,0.4143152028939497,1727.0,502.0,452.0,6045.0,8726.0,0.7445564978225991
numerical_feature_transformer,42,NF-CSE-CIC-IDS2018,retrained,NF-BoT-IoT,retained,0.9934062399485365,0.7054544478445268,0.9991502791939791,0.9942422290223869,0.9966902119071644,0.9882406363522485,0.9999828019958017,0.019196014479603264,15.0,21.0,143.0,24693.0,24872.0,0.9985525892569959
numerical_feature_transformer,42,NF-CSE-CIC-IDS2018,retrained,NF-CSE-CIC-IDS2018,forgotten,0.5497842894365896,0.5925054515195955,0.18681794560886889,0.6520556227327691,0.2904268210583008,0.7521114657338167,0.3795426264403248,1.0064529312183947,10714.0,9389.0,1151.0,2157.0,23411.0,0.14130109777455044
numerical_feature_transformer,42,NF-CSE-CIC-IDS2018,retrained,RETAINED_MACRO,retained_macro,0.9612003990758495,0.8519343866829137,0.9735329796284803,0.9734358560713471,0.9734773462544761,0.9506777317348286,0.9706702529446346,0.1454996501966255,21117.0,526.0,602.0,32335.0,54580.0,0.6034628068889704
mlp,1337,NF-UNSW-NB15,original,NF-UNSW-NB15,forgotten,0.9989514822228577,0.9962872452988696,0.993142144638404,0.993142144638404,0.993142144638404,0.999875813613865,0.9974252804473919,0.003992744322154205,19367.0,11.0,11.0,1593.0,20982.0,0.07644647793346677
mlp,1337,NF-UNSW-NB15,original,NF-ToN-IoT,retained,0.6093284437313775,0.648791729322841,0.8595714951094551,0.5681083577035555,0.684088592345473,0.7020022631144319,0.8375429097516545,0.9214809030200056,1626.0,603.0,2806.0,3691.0,8726.0,0.7445564978225991
mlp,1337,NF-UNSW-NB15,original,NF-BoT-IoT,retained,0.9864908330652943,0.8545480574792863,0.9995921696574225,0.9868738927363505,0.9931923170435205,0.9892986882840321,0.9999843514395088,0.02566502756814451,26.0,10.0,326.0,24510.0,24872.0,0.9985525892569959
mlp,1337,NF-UNSW-NB15,original,NF-CSE-CIC-IDS2018,retained,0.8889838110290035,0.7478368280622028,0.6207013959822949,0.5510882708585247,0.5838270616493194,0.6604840196927781,0.6216475043323809,0.5209091700003491,18989.0,1114.0,1485.0,1823.0,23411.0,0.14130109777455044
mlp,1337,NF-UNSW-NB15,original,RETAINED_MACRO,retained_macro,0.8282676959418919,0.7503922049547768,0.8266216869163908,0.702023507099477,0.753702657012771,0.7839283236970808,0.8197249218411814,0.4893517001961664,20641.0,1727.0,4617.0,30024.0,57009.0,0.6076408988054518
mlp,1337,NF-UNSW-NB15,rollback_repair,NF-UNSW-NB15,forgotten,0.6641406920217329,0.3830025256808438,0.01462457642232923,0.05112219451371571,0.022743031479683817,0.07927061539051537,0.05784461397980539,0.6898430713537773,13853.0,5525.0,1522.0,82.0,20982.0,0.07644647793346677
mlp,1337,NF-UNSW-NB15,rollback_repair,NF-ToN-IoT,retained,0.5372450148980059,0.4194300810264571,0.7008658715896096,0.6603047560412498,0.6799809795530195,0.36021584452167693,0.6387762816255839,0.6871938680323171,398.0,1831.0,2207.0,4290.0,8726.0,0.7445564978225991
mlp,1337,NF-UNSW-NB15,rollback_repair,NF-BoT-IoT,retained,0.9964618848504342,0.5128218893720584,0.9985897332581191,0.9978660009663392,0.998227735932654,0.6398966106547843,0.998605299532319,0.5747052723119673,1.0,35.0,53.0,24783.0,24872.0,0.9985525892569959
mlp,1337,NF-UNSW-NB15,rollback_repair,NF-CSE-CIC-IDS2018,retained,0.1626585793003289,0.37959273947152816,0.10842504926226751,0.6819830713422007,0.1871034625751607,0.3391648412730063,0.09937039470979002,0.7697209667815547,1552.0,18551.0,1052.0,2256.0,23411.0,0.14130109777455044
mlp,1337,NF-UNSW-NB15,rollback_repair,RETAINED_MACRO,retained_macro,0.565455159682923,0.4372815699566812,0.6026268847033321,0.7800512761165965,0.621770726020278,0.4464257654831559,0.5789173252892309,0.6772067023752797,1951.0,20417.0,3312.0,31329.0,57009.0,0.6076408988054518
mlp,1337,NF-UNSW-NB15,ssd_canonical,NF-UNSW-NB15,forgotten,0.9989514822228577,0.9962872452988696,0.993142144638404,0.993142144638404,0.993142144638404,0.999875813613865,0.9974252804473919,0.003992744322154205,19367.0,11.0,11.0,1593.0,20982.0,0.07644647793346677
mlp,1337,NF-UNSW-NB15,ssd_canonical,NF-ToN-IoT,retained,0.6093284437313775,0.648791729322841,0.8595714951094551,0.5681083577035555,0.684088592345473,0.7020022631144319,0.8375429097516545,0.9214809030200056,1626.0,603.0,2806.0,3691.0,8726.0,0.7445564978225991
mlp,1337,NF-UNSW-NB15,ssd_canonical,NF-BoT-IoT,retained,0.9864908330652943,0.8545480574792863,0.9995921696574225,0.9868738927363505,0.9931923170435205,0.9892986882840321,0.9999843514395088,0.02566502756814451,26.0,10.0,326.0,24510.0,24872.0,0.9985525892569959
mlp,1337,NF-UNSW-NB15,ssd_canonical,NF-CSE-CIC-IDS2018,retained,0.8889838110290035,0.7478368280622028,0.6207013959822949,0.5510882708585247,0.5838270616493194,0.6604840196927781,0.6216475043323809,0.5209091700003491,18989.0,1114.0,1485.0,1823.0,23411.0,0.14130109777455044
mlp,1337,NF-UNSW-NB15,ssd_canonical,RETAINED_MACRO,retained_macro,0.8282676959418919,0.7503922049547768,0.8266216869163908,0.702023507099477,0.753702657012771,0.7839283236970808,0.8197249218411814,0.4893517001961664,20641.0,1727.0,4617.0,30024.0,57009.0,0.6076408988054518
mlp,1337,NF-UNSW-NB15,ssd_canonical@alpha=1,NF-UNSW-NB15,forgotten,0.9949003908111714,0.9697909859472487,0.9927583936800527,0.940149625935162,0.9657380723663145,0.9996329101902073,0.9947723692985738,0.015601044996286345,19367.0,11.0,96.0,1508.0,20982.0,0.07644647793346677
mlp,1337,NF-UNSW-NB15,ssd_canonical@alpha=1,NF-ToN-IoT,retained,0.6085262434104973,0.6492845198318746,0.860519541305874,0.5659535170078498,0.6828226555246054,0.6778233844063586,0.8304294761758988,0.9958960109578543,1633.0,596.0,2820.0,3677.0,8726.0,0.7445564978225991
mlp,1337,NF-UNSW-NB15,ssd_canonical@alpha=1,NF-BoT-IoT,retained,0.9868928916050177,0.8547493781428392,0.9995923359152059,0.9872765340634563,0.9933962646355792,0.989709158748054,0.9999849477443239,0.025263962203258595,26.0,10.0,316.0,24520.0,24872.0,0.9985525892569959
mlp,1337,NF-UNSW-NB15,ssd_canonical@alpha=1,NF-CSE-CIC-IDS2018,retained,0.889795395326983,0.7486882248078983,0.6244870041039672,0.5519951632406288,0.5860077021822849,0.6695198085362198,0.6256142147167918,0.5097745251019529,19005.0,1098.0,1482.0,1826.0,23411.0,0.14130109777455044
mlp,1337,NF-UNSW-NB15,ssd_canonical@alpha=1,RETAINED_MACRO,retained_macro,0.8284048434474993,0.7509073742608706,0.828199627108349,0.7017417381039782,0.7540755407808231,0.7790174505635442,0.8186762128790047,0.5103114994210219,20664.0,1704.0,4618.0,30023.0,57009.0,0.6076408988054518
mlp,1337,NF-UNSW-NB15,ssd_canonical@alpha=2,NF-UNSW-NB15,forgotten,0.9957106090935087,0.9750902378175729,0.9928385416666666,0.9507481296758105,0.9713375796178344,0.9996847081388283,0.9953734998935428,0.013544590685396029,19367.0,11.0,79.0,1525.0,20982.0,0.07644647793346677
mlp,1337,NF-UNSW-NB15,ssd_canonical@alpha=2,NF-ToN-IoT,retained,0.6087554435021774,0.6492910797840021,0.8604161795651157,0.566415268585501,0.6831260441804344,0.6841922347706049,0.8323216427856871,0.972188668053752,1632.0,597.0,2817.0,3680.0,8726.0,0.7445564978225991
mlp,1337,NF-UNSW-NB15,ssd_canonical@alpha=2,NF-BoT-IoT,retained,0.986812479897073,0.8547091140101286,0.9995923026744945,0.9871960057980351,0.9933554817275747,0.9889307188489826,0.999983815650221,0.025666347625850638,26.0,10.0,318.0,24518.0,24872.0,0.9985525892569959
mlp,1337,NF-UNSW-NB15,ssd_canonical@alpha=2,NF-CSE-CIC-IDS2018,retained,0.888941096065952,0.747685679331852,0.6205722070844687,0.5507859733978234,0.5836002562459962,0.6655620170390926,0.6225869696693312,0.5166036241433621,18989.0,1114.0,1486.0,1822.0,23411.0,0.14130109777455044
mlp,1337,NF-UNSW-NB15,ssd_canonical@alpha=2,RETAINED_MACRO,retained_macro,0.8281696731550675,0.750561957708661,0.826860229774693,0.7014657492604531,0.753360594051335,0.7795616568862268,0.8182974760350797,0.5048195466076549,20647.0,1721.0,4621.0,30020.0,57009.0,0.6076408988054518
mlp,1337,NF-UNSW-NB15,ssd_canonical@alpha=3,NF-UNSW-NB15,forgotten,0.9989514822228577,0.9962872452988696,0.993142144638404,0.993142144638404,0.993142144638404,0.9998728537310866,0.9972955244443661,0.003987043807859369,19367.0,11.0,11.0,1593.0,20982.0,0.07644647793346677
mlp,1337,NF-UNSW-NB15,ssd_canonical@alpha=3,NF-ToN-IoT,retained,0.6093284437313775,0.648791729322841,0.8595714951094551,0.5681083577035555,0.684088592345473,0.7014160450766765,0.8373607958228237,0.9217729858165921,1626.0,603.0,2806.0,3691.0,8726.0,0.7445564978225991
mlp,1337,NF-UNSW-NB15,ssd_canonical@alpha=3,NF-BoT-IoT,retained,0.9865310389192666,0.8545681895456416,0.999592186289303,0.986914156869061,0.9932127155216078,0.9891499346826292,0.9999841355516474,0.025587413654163366,26.0,10.0,325.0,24511.0,24872.0,0.9985525892569959
mlp,1337,NF-UNSW-NB15,ssd_canonical@alpha=3,NF-CSE-CIC-IDS2018,retained,0.8889838110290035,0.7478368280622028,0.6207013959822949,0.5510882708585247,0.5838270616493194,0.6607181825569296,0.6217020259401682,0.5212998956167884,18989.0,1114.0,1485.0,1823.0,23411.0,0.14130109777455044
mlp,1337,NF-UNSW-NB15,ssd_canonical@alpha=3,RETAINED_MACRO,retained_macro,0.8282810978932159,0.7503989156435619,0.826621692460351,0.7020369284770472,0.7537094565054668,0.7837613874387451,0.8196823191048798,0.4895534316958479,20641.0,1727.0,4616.0,30025.0,57009.0,0.6076408988054518
mlp,1337,NF-UNSW-NB15,ssd_canonical@alpha=5,NF-UNSW-NB15,forgotten,0.9989514822228577,0.9962872452988696,0.993142144638404,0.993142144638404,0.993142144638404,0.999875813613865,0.9974252804473919,0.003992744322154205,19367.0,11.0,11.0,1593.0,20982.0,0.07644647793346677
mlp,1337,NF-UNSW-NB15,ssd_canonical@alpha=5,NF-ToN-IoT,retained,0.6093284437313775,0.648791729322841,0.8595714951094551,0.5681083577035555,0.684088592345473,0.7020022631144319,0.8375429097516545,0.9214809030200056,1626.0,603.0,2806.0,3691.0,8726.0,0.7445564978225991
mlp,1337,NF-UNSW-NB15,ssd_canonical@alpha=5,NF-BoT-IoT,retained,0.9864908330652943,0.8545480574792863,0.9995921696574225,0.9868738927363505,0.9931923170435205,0.9892986882840321,0.9999843514395088,0.02566502756814451,26.0,10.0,326.0,24510.0,24872.0,0.9985525892569959
mlp,1337,NF-UNSW-NB15,ssd_canonical@alpha=5,NF-CSE-CIC-IDS2018,retained,0.8889838110290035,0.7478368280622028,0.6207013959822949,0.5510882708585247,0.5838270616493194,0.6604840196927781,0.6216475043323809,0.5209091700003491,18989.0,1114.0,1485.0,1823.0,23411.0,0.14130109777455044
mlp,1337,NF-UNSW-NB15,ssd_canonical@alpha=5,RETAINED_MACRO,retained_macro,0.8282676959418919,0.7503922049547768,0.8266216869163908,0.702023507099477,0.753702657012771,0.7839283236970808,0.8197249218411814,0.4893517001961664,20641.0,1727.0,4617.0,30024.0,57009.0,0.6076408988054518
mlp,1337,NF-UNSW-NB15,dc_ssd_no_contrast,NF-UNSW-NB15,forgotten,0.9969974263654561,0.9866517973309064,0.9861198738170347,0.9744389027431422,0.980244590780809,0.9994071869557193,0.9929432169291452,0.01214989373842354,19356.0,22.0,41.0,1563.0,20982.0,0.07644647793346677
mlp,1337,NF-UNSW-NB15,dc_ssd_no_contrast,NF-ToN-IoT,retained,0.6148292459316984,0.6436443075186788,0.8514119229045272,0.5847314144989996,0.6933114335249566,0.6746557561542881,0.8270759609037904,0.90100134299915,1566.0,663.0,2698.0,3799.0,8726.0,0.7445564978225991
mlp,1337,NF-UNSW-NB15,dc_ssd_no_contrast,NF-BoT-IoT,retained,0.9876970086844644,0.8274145058248779,0.9995112812576362,0.9881623449830891,0.9938044138489572,0.9885493280363631,0.999983252692678,0.022185132003401328,24.0,12.0,294.0,24542.0,24872.0,0.9985525892569959
mlp,1337,NF-UNSW-NB15,dc_ssd_no_contrast,NF-CSE-CIC-IDS2018,retained,0.8922728631839734,0.7548030379338426,0.6336734693877552,0.563180169286578,0.5963508322663252,0.7060722752431989,0.6438129660026862,0.44865245961072475,19026.0,1077.0,1445.0,1863.0,23411.0,0.14130109777455044
mlp,1337,NF-UNSW-NB15,dc_ssd_no_contrast,RETAINED_MACRO,retained_macro,0.8315997059333787,0.7419539504257998,0.8281988911833063,0.7120246429228888,0.7611555598800797,0.7897591198112833,0.8236240598663849,0.457279644871092,20616.0,1752.0,4437.0,30204.0,57009.0,0.6076408988054518
mlp,1337,NF-UNSW-NB15,dc_ssd_no_class_balance,NF-UNSW-NB15,forgotten,0.9924697359641598,0.9538932303362762,0.9925068119891008,0.9083541147132169,0.9485677083333334,0.9992040489137359,0.9913011389836723,0.026164673187892853,19367.0,11.0,147.0,1457.0,20982.0,0.07644647793346677
mlp,1337,NF-UNSW-NB15,dc_ssd_no_class_balance,NF-ToN-IoT,retained,0.6099014439605775,0.6490291650637942,0.8595675424319925,0.5690318608588579,0.6847564363771069,0.6724244747532646,0.8286652481974814,1.0027190934715027,1625.0,604.0,2800.0,3697.0,8726.0,0.7445564978225991
mlp,1337,NF-UNSW-NB15,dc_ssd_no_class_balance,NF-BoT-IoT,retained,0.9868928916050177,0.8547493781428392,0.9995923359152059,0.9872765340634563,0.9933962646355792,0.989352373794313,0.9999844293442339,0.02531910377087526,26.0,10.0,316.0,24520.0,24872.0,0.9985525892569959
mlp,1337,NF-UNSW-NB15,dc_ssd_no_class_balance,NF-CSE-CIC-IDS2018,retained,0.8888556661398488,0.7475096586918362,0.6202316076294278,0.5504836759371221,0.5832799487508008,0.6728343965097282,0.6233980509325104,0.508070869157832,18988.0,1115.0,1487.0,1821.0,23411.0,0.14130109777455044
mlp,1337,NF-UNSW-NB15,dc_ssd_no_class_balance,RETAINED_MACRO,retained_macro,0.8285500005684815,0.7504294006328233,0.8264638286588754,0.702264023619812,0.7538108832544955,0.7782037483524352,0.8173492428247419,0.5120363554667366,20639.0,1729.0,4603.0,30038.0,57009.0,0.6076408988054518
mlp,1337,NF-UNSW-NB15,dc_ssd,NF-UNSW-NB15,forgotten,0.9918501572776666,0.9498408612589694,0.9924398625429554,0.9002493765586035,0.9440993788819876,0.9989060015870119,0.989077204371283,0.026187352487340398,19367.0,11.0,160.0,1444.0,20982.0,0.07644647793346677
mlp,1337,NF-UNSW-NB15,dc_ssd,NF-ToN-IoT,retained,0.6100160440064176,0.6468957650537264,0.8571098799630655,0.5714945359396645,0.6857512235663497,0.6026401873853778,0.8094153487425786,1.1992823777264485,1610.0,619.0,2784.0,3713.0,8726.0,0.7445564978225991
mlp,1337,NF-UNSW-NB15,dc_ssd,NF-BoT-IoT,retained,0.9869733033129624,0.8270521286304826,0.9995109227257907,0.9874375905942986,0.993437575953982,0.9873682468101859,0.9999814651945985,0.026950515838621434,24.0,12.0,312.0,24524.0,24872.0,0.9985525892569959
mlp,1337,NF-UNSW-NB15,dc_ssd,NF-CSE-CIC-IDS2018,retained,0.892700012814489,0.7575772934442038,0.634006734006734,0.5692261185006046,0.5998725708824466,0.8083272521965323,0.6701661077563328,0.37972224045598174,19016.0,1087.0,1425.0,1883.0,23411.0,0.14130109777455044
mlp,1337,NF-UNSW-NB15,dc_ssd,RETAINED_MACRO,retained_macro,0.8298964533779564,0.7438417290428042,0.8302091788985301,0.7093860816781893,0.7596871234675927,0.7994452287973653,0.8265209738978366,0.5353183780070172,20650.0,1718.0,4521.0,30120.0,57009.0,0.6076408988054518
mlp,1337,NF-UNSW-NB15,scrub_r,NF-UNSW-NB15,forgotten,0.1668096463635497,0.3619309271459601,0.05343683203959951,0.5922693266832918,0.09802909916417295,0.2879130419899266,0.050896278416439844,22.08853736410722,2550.0,16828.0,654.0,950.0,20982.0,0.07644647793346677
mlp,1337,NF-UNSW-NB15,scrub_r,NF-ToN-IoT,retained,0.5610818244327298,0.5891310708127497,0.8142823473957106,0.5317839002616592,0.6433891992551211,0.5693514686317245,0.7907500112342337,1.1976545505626885,1441.0,788.0,3042.0,3455.0,8726.0,0.7445564978225991
mlp,1337,NF-UNSW-NB15,scrub_r,NF-BoT-IoT,retained,0.9852444515921518,0.8261864497772051,0.9995100640999469,0.9857062328877436,0.9925601573111151,0.8837719886902525,0.999752000638418,0.03507006315129612,24.0,12.0,355.0,24481.0,24872.0,0.9985525892569959
mlp,1337,NF-UNSW-NB15,scrub_r,NF-CSE-CIC-IDS2018,retained,0.9078211097347401,0.7480718104663041,0.7472055030094583,0.5253929866989118,0.6169684061057863,0.7214080556476348,0.6232119768450114,0.3950341615286029,19515.0,588.0,1570.0,1738.0,23411.0,0.14130109777455044
mlp,1337,NF-UNSW-NB15,scrub_r,RETAINED_MACRO,retained_macro,0.8180491285865407,0.7211297770187529,0.8536659715017052,0.6809610399494382,0.7509725875573409,0.7248438376565373,0.8045713295725544,0.5425862584141958,20980.0,1388.0,4967.0,29674.0,57009.0,0.6076408988054518
mlp,1337,NF-UNSW-NB15,scrub_r@lr=0.001,NF-UNSW-NB15,forgotten,0.08755123439138308,0.44711281451650053,0.0687417023159758,0.871571072319202,0.12743266031630282,0.2844612878218326,0.0501801655538915,20.93713406668286,439.0,18939.0,206.0,1398.0,20982.0,0.07644647793346677
mlp,1337,NF-UNSW-NB15,scrub_r@lr=0.001,NF-ToN-IoT,retained,0.5482466192986477,0.5578186930048055,0.787790042802433,0.5382484223487763,0.6395391367959035,0.503019580490371,0.7697191097917598,1.3481690571222011,1287.0,942.0,3000.0,3497.0,8726.0,0.7445564978225991
mlp,1337,NF-UNSW-NB15,scrub_r@lr=0.001,NF-BoT-IoT,retained,0.9854052750080412,0.8123982212200926,0.9994693660965753,0.9859075535512966,0.9926421404682274,0.9888546643760849,0.9999837408621977,0.026277199635393704,23.0,13.0,350.0,24486.0,24872.0,0.9985525892569959
mlp,1337,NF-UNSW-NB15,scrub_r@lr=0.001,NF-CSE-CIC-IDS2018,retained,0.9149545085643501,0.7634640564214008,0.7817715019255456,0.5522974607013301,0.6472984942426927,0.8299774375388755,0.6745806394179825,0.28634542454601847,19593.0,510.0,1481.0,1827.0,23411.0,0.14130109777455044
mlp,1337,NF-UNSW-NB15,scrub_r@lr=0.001,RETAINED_MACRO,retained_macro,0.8162021342903464,0.711226990215433,0.856343636941518,0.692151145533801,0.7598265905022745,0.7739505608017772,0.8147611633573133,0.5535972271012044,20903.0,1465.0,4831.0,29810.0,57009.0,0.6076408988054518
mlp,1337,NF-UNSW-NB15,retrained,NF-UNSW-NB15,forgotten,0.2889619674006291,0.28653309316243913,0.031985940246045695,0.28366583541147133,0.05748941815654811,0.26953430941687995,0.04819544735640101,1.584582293344896,5608.0,13770.0,1149.0,455.0,20982.0,0.07644647793346677
mlp,1337,NF-UNSW-NB15,retrained,NF-ToN-IoT,retained,0.6046298418519367,0.6544778613009297,0.8686184369707235,0.5525627212559643,0.6754468485418627,0.6153153614122762,0.8235390227811519,1.3785717549963659,1686.0,543.0,2907.0,3590.0,8726.0,0.7445564978225991
mlp,1337,NF-UNSW-NB15,retrained,NF-BoT-IoT,retained,0.9860485686715986,0.8404578479268445,0.9995512219003713,0.9864712514092446,0.9929681642247755,0.9911329432186252,0.9999870262546914,0.02574837945948413,25.0,11.0,336.0,24500.0,24872.0,0.9985525892569959
mlp,1337,NF-UNSW-NB15,retrained,NF-CSE-CIC-IDS2018,retained,0.8974413737132118,0.7488468847346685,0.6694060515502428,0.5417170495767836,0.5988304093567252,0.6910885962685158,0.6255567470711525,0.4233693487786666,19218.0,885.0,1516.0,1792.0,23411.0,0.14130109777455044
mlp,1337,NF-UNSW-NB15,retrained,RETAINED_MACRO,retained_macro,0.829373261412249,0.7479275313208142,0.8458585701404459,0.6935836740806641,0.7557484740411211,0.7658456336331391,0.8163609320356652,0.6092298277448389,20929.0,1439.0,4759.0,29882.0,57009.0,0.6076408988054518
mlp,1337,NF-ToN-IoT,original,NF-UNSW-NB15,retained,0.9989514822228577,0.9962872452988696,0.993142144638404,0.993142144638404,0.993142144638404,0.999875813613865,0.9974252804473919,0.003992744322154205,19367.0,11.0,11.0,1593.0,20982.0,0.07644647793346677
mlp,1337,NF-ToN-IoT,original,NF-ToN-IoT,forgotten,0.6093284437313775,0.648791729322841,0.8595714951094551,0.5681083577035555,0.684088592345473,0.7020022631144319,0.8375429097516545,0.9214809030200056,1626.0,603.0,2806.0,3691.0,8726.0,0.7445564978225991
mlp,1337,NF-ToN-IoT,original,NF-BoT-IoT,retained,0.9864908330652943,0.8545480574792863,0.9995921696574225,0.9868738927363505,0.9931923170435205,0.9892986882840321,0.9999843514395088,0.02566502756814451,26.0,10.0,326.0,24510.0,24872.0,0.9985525892569959
mlp,1337,NF-ToN-IoT,original,NF-CSE-CIC-IDS2018,retained,0.8889838110290035,0.7478368280622028,0.6207013959822949,0.5510882708585247,0.5838270616493194,0.6604840196927781,0.6216475043323809,0.5209091700003491,18989.0,1114.0,1485.0,1823.0,23411.0,0.14130109777455044
mlp,1337,NF-ToN-IoT,original,RETAINED_MACRO,retained_macro,0.9581420421057185,0.8662240436134528,0.8711452367593738,0.8437014360777596,0.8567205077770813,0.8832195071968917,0.8730190454064273,0.18352231396354926,38382.0,1135.0,1822.0,27926.0,69265.0,0.4294809788493467
mlp,1337,NF-ToN-IoT,rollback_repair,NF-UNSW-NB15,retained,0.9235535220665332,0.5,0.0,0.0,0.0,0.9028652694818841,0.6808070945254446,0.3381697394366335,19378.0,0.0,1604.0,0.0,20982.0,0.07644647793346677
mlp,1337,NF-ToN-IoT,rollback_repair,NF-ToN-IoT,forgotten,0.25544350217740086,0.5,0.0,0.0,0.0,0.5581433761090548,0.7291947360211247,3.2020755648093204,2229.0,0.0,6497.0,0.0,8726.0,0.7445564978225991
mlp,1337,NF-ToN-IoT,rollback_repair,NF-BoT-IoT,retained,0.0014474107430041815,0.5,0.0,0.0,0.0,0.9871277804620533,0.9999812083371058,4.142921110643553,36.0,0.0,24836.0,0.0,24872.0,0.9985525892569959
mlp,1337,NF-ToN-IoT,rollback_repair,NF-CSE-CIC-IDS2018,retained,0.8586989022254495,0.5,0.0,0.0,0.0,0.7889246438880876,0.30270415568900566,0.6140592214826306,20103.0,0.0,3308.0,0.0,23411.0,0.14130109777455044
mlp,1337,NF-ToN-IoT,rollback_repair,RETAINED_MACRO,retained_macro,0.5945666116783289,0.5,0.0,0.0,0.0,0.892972564610675,0.6611641528505187,1.6983833571876057,39517.0,0.0,29748.0,0.0,69265.0,0.4294809788493467
mlp,1337,NF-ToN-IoT,ssd_canonical,NF-UNSW-NB15,retained,0.9989514822228577,0.9962872452988696,0.993142144638404,0.993142144638404,0.993142144638404,0.999875813613865,0.9974252804473919,0.003992744322154205,19367.0,11.0,11.0,1593.0,20982.0,0.07644647793346677
mlp,1337,NF-ToN-IoT,ssd_canonical,NF-ToN-IoT,forgotten,0.6093284437313775,0.648791729322841,0.8595714951094551,0.5681083577035555,0.684088592345473,0.7020022631144319,0.8375429097516545,0.9214809030200056,1626.0,603.0,2806.0,3691.0,8726.0,0.7445564978225991
mlp,1337,NF-ToN-IoT,ssd_canonical,NF-BoT-IoT,retained,0.9864908330652943,0.8545480574792863,0.9995921696574225,0.9868738927363505,0.9931923170435205,0.9892986882840321,0.9999843514395088,0.02566502756814451,26.0,10.0,326.0,24510.0,24872.0,0.9985525892569959
mlp,1337,NF-ToN-IoT,ssd_canonical,NF-CSE-CIC-IDS2018,retained,0.8889838110290035,0.7478368280622028,0.6207013959822949,0.5510882708585247,0.5838270616493194,0.6604840196927781,0.6216475043323809,0.5209091700003491,18989.0,1114.0,1485.0,1823.0,23411.0,0.14130109777455044
mlp,1337,NF-ToN-IoT,ssd_canonical,RETAINED_MACRO,retained_macro,0.9581420421057185,0.8662240436134528,0.8711452367593738,0.8437014360777596,0.8567205077770813,0.8832195071968917,0.8730190454064273,0.18352231396354926,38382.0,1135.0,1822.0,27926.0,69265.0,0.4294809788493467
mlp,1337,NF-ToN-IoT,ssd_canonical@alpha=1,NF-UNSW-NB15,retained,0.9190734915641979,0.5438933242803817,0.3875598086124402,0.10099750623441396,0.16023738872403562,0.4306293881870821,0.17605616680677147,0.6257211752506378,19122.0,256.0,1442.0,162.0,20982.0,0.07644647793346677
mlp,1337,NF-ToN-IoT,ssd_canonical@alpha=1,NF-ToN-IoT,forgotten,0.2508595003438001,0.42633753798643853,0.4782135076252723,0.06756964752962906,0.1184086311530681,0.6256034033860264,0.7494157122996756,0.7413212169127872,1750.0,479.0,6058.0,439.0,8726.0,0.7445564978225991
mlp,1337,NF-ToN-IoT,ssd_canonical@alpha=1,NF-BoT-IoT,retained,0.5677468639433901,0.4923162613410641,0.9985134848163092,0.5679658560154615,0.7240715550650617,0.5114562642042912,0.9967419873993071,0.6477691093813643,15.0,21.0,10730.0,14106.0,24872.0,0.9985525892569959
mlp,1337,NF-ToN-IoT,ssd_canonical@alpha=1,NF-CSE-CIC-IDS2018,retained,0.8402887531502286,0.5163034465609728,0.24912689173457508,0.06469165659008465,0.10271178305735541,0.5417089068082928,0.186229022996042,0.5885558887636883,19458.0,645.0,3094.0,214.0,23411.0,0.14130109777455044
mlp,1337,NF-ToN-IoT,ssd_canonical@alpha=1,RETAINED_MACRO,retained_macro,0.7757030362192722,0.5175043440608063,0.5450667283877748,0.24455167294665336,0.32900690894881757,0.49459818639988873,0.4530090590673735,0.6206820577985636,38595.0,922.0,15266.0,14482.0,69265.0,0.4294809788493467
mlp,1337,NF-ToN-IoT,ssd_canonical@alpha=2,NF-UNSW-NB15,retained,0.9263177962062721,0.5183657187406137,0.9833333333333333,0.03678304239401496,0.07091346153846154,0.3331084894843086,0.14362361676984803,0.45688078343873006,19377.0,1.0,1545.0,59.0,20982.0,0.07644647793346677
mlp,1337,NF-ToN-IoT,ssd_canonical@alpha=2,NF-ToN-IoT,forgotten,0.24524409809763925,0.47576253056160855,0.19727891156462585,0.004463598583961829,0.008729680915111379,0.5034076534478107,0.6829264949166718,0.9761092540321754,2111.0,118.0,6468.0,29.0,8726.0,0.7445564978225991
mlp,1337,NF-ToN-IoT,ssd_canonical@alpha=2,NF-BoT-IoT,retained,0.0038597619813444837,0.47347041033625026,0.96875,0.002496376228056048,0.00497991967871486,0.10138061237272061,0.9951012859662779,2.2086934185681573,34.0,2.0,24774.0,62.0,24872.0,0.9985525892569959
mlp,1337,NF-ToN-IoT,ssd_canonical@alpha=2,NF-CSE-CIC-IDS2018,retained,0.8585280423732433,0.4999005123613391,0.0,0.0,0.0,0.3614680495809339,0.12126149721856369,0.5145037855521211,20099.0,4.0,3308.0,0.0,23411.0,0.14130109777455044
mlp,1337,NF-ToN-IoT,ssd_canonical@alpha=2,RETAINED_MACRO,retained_macro,0.5962352001869533,0.49724554714606767,0.6506944444444445,0.013093139540690336,0.0252977937390588,0.26531905047932103,0.41999546665156323,1.0600259958530027,39510.0,7.0,29627.0,121.0,69265.0,0.4294809788493467
mlp,1337,NF-ToN-IoT,ssd_canonical@alpha=3,NF-UNSW-NB15,retained,0.7230959870365075,0.48411237877027935,0.06674907292954264,0.20199501246882792,0.10034066274388355,0.39905939107747196,0.11823492449088172,0.6149902815598297,14848.0,4530.0,1280.0,324.0,20982.0,0.07644647793346677
mlp,1337,NF-ToN-IoT,ssd_canonical@alpha=3,NF-ToN-IoT,forgotten,0.7894797157918864,0.6227081167254404,0.7963622487916561,0.9636755425581037,0.8720662998816073,0.657092347484393,0.8383367908814272,0.5801245259886526,628.0,1601.0,236.0,6261.0,8726.0,0.7445564978225991
mlp,1337,NF-ToN-IoT,ssd_canonical@alpha=3,NF-BoT-IoT,retained,0.9327356063042779,0.4809125641989227,0.9984935221452245,0.9340473506200676,0.9651958642784331,0.4518250836599202,0.99687399378634,0.27484597871386585,1.0,35.0,1638.0,23198.0,24872.0,0.9985525892569959
mlp,1337,NF-ToN-IoT,ssd_canonical@alpha=3,NF-CSE-CIC-IDS2018,retained,0.37670325915168085,0.45485164191595867,0.1242173970960437,0.5637847642079806,0.20358039515336754,0.39590296791355234,0.14556028092576406,1.2498697844560573,6954.0,13149.0,1443.0,1865.0,23411.0,0.14130109777455044
mlp,1337,NF-ToN-IoT,ssd_canonical@alpha=3,RETAINED_MACRO,retained_macro,0.6775116174974888,0.4732921949617202,0.3964866640569369,0.566609042432292,0.4230389740585614,0.4155958142169815,0.4202230664009953,0.7132353482432509,21803.0,17714.0,4361.0,25387.0,69265.0,0.4294809788493467
mlp,1337,NF-ToN-IoT,ssd_canonical@alpha=5,NF-UNSW-NB15,retained,0.29673053093127444,0.6058207960849245,0.09572113611213574,0.9706982543640897,0.17425853385562395,0.9250677201876103,0.8014487330315665,1.0233724688260704,4669.0,14709.0,47.0,1557.0,20982.0,0.07644647793346677
mlp,1337,NF-ToN-IoT,ssd_canonical@alpha=5,NF-ToN-IoT,forgotten,0.27767591107036443,0.4894371650842336,0.6796296296296296,0.056487609665999694,0.10430581213585334,0.41763417329031943,0.704787433470932,2.1636098740037437,2056.0,173.0,6130.0,367.0,8726.0,0.7445564978225991
mlp,1337,NF-ToN-IoT,ssd_canonical@alpha=5,NF-BoT-IoT,retained,0.9558539723383724,0.8253386660940212,0.999537037037037,0.956232887743598,0.9774055477817104,0.9104749378142839,0.999849923140687,0.24609961474666944,25.0,11.0,1087.0,23749.0,24872.0,0.9985525892569959
mlp,1337,NF-ToN-IoT,ssd_canonical@alpha=5,NF-CSE-CIC-IDS2018,retained,0.8846695997607962,0.6127341034663021,0.82409381663113,0.23367593712212817,0.3641073951954781,0.8008991450980292,0.6227230054174208,0.314320177579916,19938.0,165.0,2535.0,773.0,23411.0,0.14130109777455044
mlp,1337,NF-ToN-IoT,ssd_canonical@alpha=5,RETAINED_MACRO,retained_macro,0.712418034343481,0.6812978552150826,0.6397839965934343,0.720202359743272,0.5052571589442708,0.878813934366641,0.8080072205298915,0.5279307537175519,24632.0,14885.0,3669.0,26079.0,69265.0,0.4294809788493467
mlp,1337,NF-ToN-IoT,dc_ssd_no_contrast,NF-UNSW-NB15,retained,0.9672099895148222,0.9436489473498626,0.7265084075173096,0.9158354114713217,0.8102592388306674,0.9924808199595962,0.9529443209592013,0.07831745814164959,18825.0,553.0,135.0,1469.0,20982.0,0.07644647793346677
mlp,1337,NF-ToN-IoT,dc_ssd_no_contrast,NF-ToN-IoT,forgotten,0.26277790511116206,0.5002099184680813,0.75,0.014776050484839157,0.028981132075471698,0.5078994943519848,0.7463103829633149,1.9303318613184277,2197.0,32.0,6401.0,96.0,8726.0,0.7445564978225991
mlp,1337,NF-ToN-IoT,dc_ssd_no_contrast,NF-BoT-IoT,retained,0.67537793502734,0.7819786689572484,0.9997614788312462,0.675068449025608,0.8059414507522954,0.8179076967126574,0.9990026541600648,0.7079064716991823,32.0,4.0,8070.0,16766.0,24872.0,0.9985525892569959
mlp,1337,NF-ToN-IoT,dc_ssd_no_contrast,NF-CSE-CIC-IDS2018,retained,0.7673743112212208,0.4575573868940134,0.03682842287694974,0.025695284159613058,0.03027065527065527,0.4041430661717307,0.11529266969129567,0.678544279128238,17880.0,2223.0,3223.0,85.0,23411.0,0.14130109777455044
mlp,1337,NF-ToN-IoT,dc_ssd_no_contrast,RETAINED_MACRO,retained_macro,0.8033207452544611,0.7277283344003748,0.5876994364085019,0.5388663815521809,0.5488237816178727,0.7381771942813281,0.6890798816035205,0.48825606965635665,36737.0,2780.0,11428.0,18320.0,69265.0,0.4294809788493467
mlp,1337,NF-ToN-IoT,dc_ssd_no_class_balance,NF-UNSW-NB15,retained,0.11128586407396816,0.44109183383784323,0.0675901963769219,0.830423940149626,0.1250058655154615,0.5261149492354366,0.09161247657513456,0.7042256762999204,1003.0,18375.0,272.0,1332.0,20982.0,0.07644647793346677
mlp,1337,NF-ToN-IoT,dc_ssd_no_class_balance,NF-ToN-IoT,forgotten,0.7154480861792345,0.6695118560086365,0.839823907890281,0.7634292750500231,0.7998064984277997,0.641837696702754,0.7584497233522862,0.6912901912472103,1283.0,946.0,1537.0,4960.0,8726.0,0.7445564978225991
mlp,1337,NF-ToN-IoT,dc_ssd_no_class_balance,NF-BoT-IoT,retained,0.2440093277581216,0.5382442153862672,0.9990074441687344,0.24315509743920116,0.3911142773873903,0.2369902113419588,0.9969730977902825,2.091662184506702,30.0,6.0,18797.0,6039.0,24872.0,0.9985525892569959
mlp,1337,NF-ToN-IoT,dc_ssd_no_class_balance,NF-CSE-CIC-IDS2018,retained,0.5847251292127632,0.6852072918785065,0.22991409802930773,0.8252720677146312,0.35963641153998155,0.660561161710059,0.19704122284256423,0.5935058061942736,10959.0,9144.0,578.0,2730.0,23411.0,0.14130109777455044
mlp,1337,NF-ToN-IoT,dc_ssd_no_class_balance,RETAINED_MACRO,retained_macro,0.313340107014951,0.554847780367539,0.432170579524988,0.6329503684344862,0.2919188514809445,0.4745554407624848,0.4285422657359938,1.1297978890002984,11992.0,27525.0,19647.0,10101.0,69265.0,0.4294809788493467
mlp,1337,NF-ToN-IoT,dc_ssd,NF-UNSW-NB15,retained,0.5743494423791822,0.6952195190628033,0.1341987019470794,0.8379052369077307,0.2313452104311903,0.7662234553208268,0.3491476991876722,0.7430351402896781,10707.0,8671.0,260.0,1344.0,20982.0,0.07644647793346677
mlp,1337,NF-ToN-IoT,dc_ssd,NF-ToN-IoT,forgotten,0.21613568645427458,0.4043452984788576,0.21273031825795644,0.019547483453901802,0.03580490555398929,0.42707187283802106,0.6746609008330995,1.0744085261782494,1759.0,470.0,6370.0,127.0,8726.0,0.7445564978225991
mlp,1337,NF-ToN-IoT,dc_ssd,NF-BoT-IoT,retained,0.37439691219041493,0.5203199656412734,0.9987096774193548,0.37397326461588015,0.5441762362315444,0.7085570229595033,0.9992736993510734,0.8047999997207277,24.0,12.0,15548.0,9288.0,24872.0,0.9985525892569959
mlp,1337,NF-ToN-IoT,dc_ssd,NF-CSE-CIC-IDS2018,retained,0.7792917859126052,0.46639080200089256,0.04856726566294318,0.030229746070133012,0.037264766163592325,0.6011408612634053,0.1579882239897114,0.46142127564394486,18144.0,1959.0,3208.0,100.0,23411.0,0.14130109777455044
mlp,1337,NF-ToN-IoT,dc_ssd,RETAINED_MACRO,retained_macro,0.5760127134940675,0.5606434289016563,0.3938252150097925,0.41403608253124796,0.27092873760877567,0.6919737798479119,0.502136540842819,0.6697521385514502,28875.0,10642.0,19016.0,10732.0,69265.0,0.4294809788493467
mlp,1337,NF-ToN-IoT,scrub_r,NF-UNSW-NB15,retained,0.9869888475836431,0.9191890230044664,0.9889786921381337,0.8391521197007481,0.9079258010118044,0.9969605221130269,0.9694472893149575,0.04287922814466723,19363.0,15.0,258.0,1346.0,20982.0,0.07644647793346677
mlp,1337,NF-ToN-IoT,scrub_r,NF-ToN-IoT,forgotten,0.45209718083887235,0.5333316001249291,0.7807591623036649,0.3672464214252732,0.49952894378729196,0.5891915604765785,0.7416668770285255,1.4816716346162706,1559.0,670.0,4111.0,2386.0,8726.0,0.7445564978225991
mlp,1337,NF-ToN-IoT,scrub_r,NF-BoT-IoT,retained,0.9828723062077839,0.7001798464594406,0.9991411745460494,0.9836930262522146,0.9913569225775036,0.9470683237594174,0.9999169187722919,0.05940524452999955,15.0,21.0,405.0,24431.0,24872.0,0.9985525892569959
mlp,1337,NF-ToN-IoT,scrub_r,NF-CSE-CIC-IDS2018,retained,0.9113237367049678,0.6951808900606856,0.9483260553129549,0.3938935912938331,0.5565997436992738,0.7430886466739821,0.6287765229918734,0.4339471080926327,20032.0,71.0,2005.0,1303.0,23411.0,0.14130109777455044
mlp,1337,NF-ToN-IoT,scrub_r,RETAINED_MACRO,retained_macro,0.9603949634987984,0.7715165865081975,0.9788153073323794,0.7389129124155986,0.818627489096194,0.8957058308488088,0.8660469103597075,0.1787438602557665,39410.0,107.0,2668.0,27080.0,69265.0,0.4294809788493467
mlp,1337,NF-ToN-IoT,scrub_r@lr=0.001,NF-UNSW-NB15,retained,0.9972357258602612,0.9856371366454336,0.9917302798982188,0.9719451371571073,0.9817380352644837,0.9996684931288251,0.9936500639506489,0.011174905041318392,19365.0,13.0,45.0,1559.0,20982.0,0.07644647793346677
mlp,1337,NF-ToN-IoT,scrub_r@lr=0.001,NF-ToN-IoT,forgotten,0.24994269997708,0.43235294503526595,0.47073170731707314,0.05941203632445744,0.1055077217438841,0.5599026862175337,0.7229295384497874,1.8333232074685692,1795.0,434.0,6111.0,386.0,8726.0,0.7445564978225991
mlp,1337,NF-ToN-IoT,scrub_r@lr=0.001,NF-BoT-IoT,retained,0.9834351881633966,0.7004616953884146,0.9991416659854492,0.9842567241101626,0.9916433410409314,0.8635247221774843,0.9996857722170828,0.042763840971354924,15.0,21.0,391.0,24445.0,24872.0,0.9985525892569959
mlp,1337,NF-ToN-IoT,scrub_r@lr=0.001,NF-CSE-CIC-IDS2018,retained,0.9207637435393619,0.7234074098200796,0.9801718440185063,0.44830713422007257,0.6152250570421074,0.6511974741808826,0.6221446024820775,0.4748148773800171,20073.0,30.0,1825.0,1483.0,23411.0,0.14130109777455044
mlp,1337,NF-ToN-IoT,scrub_r@lr=0.001,RETAINED_MACRO,retained_macro,0.9671448858543399,0.8031687472846426,0.9903479299673915,0.8015029984957809,0.8628688111158409,0.8381302298290642,0.8718268128832697,0.17625120779756345,39453.0,64.0,2261.0,27487.0,69265.0,0.4294809788493467
mlp,1337,NF-ToN-IoT,retrained,NF-UNSW-NB15,retained,0.9989038223238966,0.9948318516331732,0.9956112852664577,0.9900249376558603,0.9928102532041263,0.9998993961581751,0.9981121272546689,0.0035942488156595074,19371.0,7.0,16.0,1588.0,20982.0,0.07644647793346677
mlp,1337,NF-ToN-IoT,retrained,NF-ToN-IoT,forgotten,0.24982809993123997,0.4624842207256785,0.4400977995110024,0.027705094659073417,0.052128583840139006,0.4412793826297854,0.6944002216832639,2.7794562762482125,2000.0,229.0,6317.0,180.0,8726.0,0.7445564978225991
mlp,1337,NF-ToN-IoT,retrained,NF-BoT-IoT,retained,0.986691862335156,0.7991736905209283,0.9994293400725554,0.9872362699307456,0.9932953877939598,0.9880001700041159,0.9999824593906637,0.04673348387783123,22.0,14.0,317.0,24519.0,24872.0,0.9985525892569959
mlp,1337,NF-ToN-IoT,retrained,NF-CSE-CIC-IDS2018,retained,0.920464738798001,0.7191924481904889,0.9965659340659341,0.43863361547762997,0.609151973131822,0.6789671568086988,0.6394550319907714,0.4701960007810062,20098.0,5.0,1857.0,1451.0,23411.0,0.14130109777455044
mlp,1337,NF-ToN-IoT,retrained,RETAINED_MACRO,retained_macro,0.9686868078190178,0.8377326634481967,0.9972021864683157,0.8052982743547453,0.865085871376636,0.8889555743236631,0.8791832062120347,0.17350791115816566,39491.0,26.0,2190.0,27558.0,69265.0,0.4294809788493467
mlp,1337,NF-BoT-IoT,original,NF-UNSW-NB15,retained,0.9989514822228577,0.9962872452988696,0.993142144638404,0.993142144638404,0.993142144638404,0.999875813613865,0.9974252804473919,0.003992744322154205,19367.0,11.0,11.0,1593.0,20982.0,0.07644647793346677
mlp,1337,NF-BoT-IoT,original,NF-ToN-IoT,retained,0.6093284437313775,0.648791729322841,0.8595714951094551,0.5681083577035555,0.684088592345473,0.7020022631144319,0.8375429097516545,0.9214809030200056,1626.0,603.0,2806.0,3691.0,8726.0,0.7445564978225991
mlp,1337,NF-BoT-IoT,original,NF-BoT-IoT,forgotten,0.9864908330652943,0.8545480574792863,0.9995921696574225,0.9868738927363505,0.9931923170435205,0.9892986882840321,0.9999843514395088,0.02566502756814451,26.0,10.0,326.0,24510.0,24872.0,0.9985525892569959
mlp,1337,NF-BoT-IoT,original,NF-CSE-CIC-IDS2018,retained,0.8889838110290035,0.7478368280622028,0.6207013959822949,0.5510882708585247,0.5838270616493194,0.6604840196927781,0.6216475043323809,0.5209091700003491,18989.0,1114.0,1485.0,1823.0,23411.0,0.14130109777455044
mlp,1337,NF-BoT-IoT,original,RETAINED_MACRO,retained_macro,0.8324212456610796,0.7976386008946378,0.824471678576718,0.7041129244001615,0.7536859328777322,0.7874540321403583,0.8188718981771425,0.48212760578083635,39982.0,1728.0,4302.0,7107.0,53119.0,0.21478190477983397
mlp,1337,NF-BoT-IoT,rollback_repair,NF-UNSW-NB15,retained,0.9235535220665332,0.5,0.0,0.0,0.0,0.9286528138576049,0.5842328420627515,0.5302590584890817,19378.0,0.0,1604.0,0.0,20982.0,0.07644647793346677
mlp,1337,NF-BoT-IoT,rollback_repair,NF-ToN-IoT,retained,0.25544350217740086,0.5,0.0,0.0,0.0,0.6791947251355891,0.802490898925331,5.154299614129019,2229.0,0.0,6497.0,0.0,8726.0,0.7445564978225991
mlp,1337,NF-BoT-IoT,rollback_repair,NF-BoT-IoT,forgotten,0.0014474107430041815,0.5,0.0,0.0,0.0,0.15634786421144928,0.9942708212579937,6.91943629414725,36.0,0.0,24836.0,0.0,24872.0,0.9985525892569959
mlp,1337,NF-BoT-IoT,rollback_repair,NF-CSE-CIC-IDS2018,retained,0.8586989022254495,0.5,0.0,0.0,0.0,0.3794813647442395,0.10593566791740677,0.9795264725963648,20103.0,0.0,3308.0,0.0,23411.0,0.14130109777455044
mlp,1337,NF-BoT-IoT,rollback_repair,RETAINED_MACRO,retained_macro,0.6792319754897945,0.5,0.0,0.0,0.0,0.6624429679124778,0.49755313630182973,2.2213617150714886,41710.0,0.0,11409.0,0.0,53119.0,0.21478190477983397
mlp,1337,NF-BoT-IoT,ssd_canonical,NF-UNSW-NB15,retained,0.9989514822228577,0.9962872452988696,0.993142144638404,0.993142144638404,0.993142144638404,0.999875813613865,0.9974252804473919,0.003992744322154205,19367.0,11.0,11.0,1593.0,20982.0,0.07644647793346677
mlp,1337,NF-BoT-IoT,ssd_canonical,NF-ToN-IoT,retained,0.6093284437313775,0.648791729322841,0.8595714951094551,0.5681083577035555,0.684088592345473,0.7020022631144319,0.8375429097516545,0.9214809030200056,1626.0,603.0,2806.0,3691.0,8726.0,0.7445564978225991
mlp,1337,NF-BoT-IoT,ssd_canonical,NF-BoT-IoT,forgotten,0.9864908330652943,0.8545480574792863,0.9995921696574225,0.9868738927363505,0.9931923170435205,0.9892986882840321,0.9999843514395088,0.02566502756814451,26.0,10.0,326.0,24510.0,24872.0,0.9985525892569959
mlp,1337,NF-BoT-IoT,ssd_canonical,NF-CSE-CIC-IDS2018,retained,0.8889838110290035,0.7478368280622028,0.6207013959822949,0.5510882708585247,0.5838270616493194,0.6604840196927781,0.6216475043323809,0.5209091700003491,18989.0,1114.0,1485.0,1823.0,23411.0,0.14130109777455044
mlp,1337,NF-BoT-IoT,ssd_canonical,RETAINED_MACRO,retained_macro,0.8324212456610796,0.7976386008946378,0.824471678576718,0.7041129244001615,0.7536859328777322,0.7874540321403583,0.8188718981771425,0.48212760578083635,39982.0,1728.0,4302.0,7107.0,53119.0,0.21478190477983397
mlp,1337,NF-BoT-IoT,ssd_canonical@alpha=1,NF-UNSW-NB15,retained,0.9989514822228577,0.9962872452988696,0.993142144638404,0.993142144638404,0.993142144638404,0.9998731754574757,0.9973878070007247,0.0038792191321909224,19367.0,11.0,11.0,1593.0,20982.0,0.07644647793346677
mlp,1337,NF-BoT-IoT,ssd_canonical@alpha=1,NF-ToN-IoT,retained,0.6093284437313775,0.6492338010441097,0.8600746268656716,0.5676466061259042,0.6839128419100603,0.7067489063696653,0.8390060087780522,0.897988908343591,1629.0,600.0,2809.0,3688.0,8726.0,0.7445564978225991
mlp,1337,NF-BoT-IoT,ssd_canonical@alpha=1,NF-BoT-IoT,forgotten,0.9868928916050177,0.8547493781428392,0.9995923359152059,0.9872765340634563,0.9933962646355792,0.9902046312700201,0.9999856859566039,0.023389650283041012,26.0,10.0,316.0,24520.0,24872.0,0.9985525892569959
mlp,1337,NF-BoT-IoT,ssd_canonical@alpha=1,NF-CSE-CIC-IDS2018,retained,0.890094400068344,0.752903186437489,0.6232807782623281,0.5616686819830713,0.590872952774686,0.687836045213583,0.6391200252915933,0.4908548697999317,18980.0,1123.0,1450.0,1858.0,23411.0,0.14130109777455044
mlp,1337,NF-BoT-IoT,ssd_canonical@alpha=1,RETAINED_MACRO,retained_macro,0.8327914420075263,0.7994747442601561,0.8254991832554679,0.7074858109157932,0.7559759797743834,0.7981527090135746,0.82517128035679,0.4642409990919045,39976.0,1734.0,4270.0,7139.0,53119.0,0.21478190477983397
mlp,1337,NF-BoT-IoT,ssd_canonical@alpha=2,NF-UNSW-NB15,retained,0.9989514822228577,0.9962872452988696,0.993142144638404,0.993142144638404,0.993142144638404,0.9998758457865039,0.9974245578085355,0.003991974484655419,19367.0,11.0,11.0,1593.0,20982.0,0.07644647793346677
mlp,1337,NF-BoT-IoT,ssd_canonical@alpha=2,NF-ToN-IoT,retained,0.6094430437772175,0.649016045159539,0.8597717214069416,0.5681083577035555,0.6841519925857276,0.7028684875298418,0.8377577085007848,0.9215045295785216,1627.0,602.0,2806.0,3691.0,8726.0,0.7445564978225991
mlp,1337,NF-BoT-IoT,ssd_canonical@alpha=2,NF-BoT-IoT,forgotten,0.9864908330652943,0.8545480574792863,0.9995921696574225,0.9868738927363505,0.9931923170435205,0.9893087543172099,0.9999843659176002,0.02565143695511284,26.0,10.0,326.0,24510.0,24872.0,0.9985525892569959
mlp,1337,NF-BoT-IoT,ssd_canonical@alpha=2,NF-CSE-CIC-IDS2018,retained,0.8889838110290035,0.7478368280622028,0.6207013959822949,0.5510882708585247,0.5838270616493194,0.6605253575885881,0.6219305157529984,0.5208330213616286,18989.0,1114.0,1485.0,1823.0,23411.0,0.14130109777455044
mlp,1337,NF-BoT-IoT,ssd_canonical@alpha=2,RETAINED_MACRO,retained_macro,0.8324594456763595,0.7977133728402038,0.8245384206758802,0.7041129244001615,0.7537070662911503,0.787756563634978,0.8190375940207728,0.4821098418082685,39983.0,1727.0,4302.0,7107.0,53119.0,0.21478190477983397
mlp,1337,NF-BoT-IoT,ssd_canonical@alpha=3,NF-UNSW-NB15,retained,0.9989514822228577,0.9962872452988696,0.993142144638404,0.993142144638404,0.993142144638404,0.999875813613865,0.9974252804473919,0.003992744322154205,19367.0,11.0,11.0,1593.0,20982.0,0.07644647793346677
mlp,1337,NF-BoT-IoT,ssd_canonical@alpha=3,NF-ToN-IoT,retained,0.6093284437313775,0.648791729322841,0.8595714951094551,0.5681083577035555,0.684088592345473,0.7020022631144319,0.8375429097516545,0.9214809030200056,1626.0,603.0,2806.0,3691.0,8726.0,0.7445564978225991
mlp,1337,NF-BoT-IoT,ssd_canonical@alpha=3,NF-BoT-IoT,forgotten,0.9864908330652943,0.8545480574792863,0.9995921696574225,0.9868738927363505,0.9931923170435205,0.9892986882840321,0.9999843514395088,0.02566502756814451,26.0,10.0,326.0,24510.0,24872.0,0.9985525892569959
mlp,1337,NF-BoT-IoT,ssd_canonical@alpha=3,NF-CSE-CIC-IDS2018,retained,0.8889838110290035,0.7478368280622028,0.6207013959822949,0.5510882708585247,0.5838270616493194,0.6604840196927781,0.6216475043323809,0.5209091700003491,18989.0,1114.0,1485.0,1823.0,23411.0,0.14130109777455044
mlp,1337,NF-BoT-IoT,ssd_canonical@alpha=3,RETAINED_MACRO,retained_macro,0.8324212456610796,0.7976386008946378,0.824471678576718,0.7041129244001615,0.7536859328777322,0.7874540321403583,0.8188718981771425,0.48212760578083635,39982.0,1728.0,4302.0,7107.0,53119.0,0.21478190477983397
mlp,1337,NF-BoT-IoT,ssd_canonical@alpha=5,NF-UNSW-NB15,retained,0.9989514822228577,0.9962872452988696,0.993142144638404,0.993142144638404,0.993142144638404,0.999875813613865,0.9974252804473919,0.003992744322154205,19367.0,11.0,11.0,1593.0,20982.0,0.07644647793346677
mlp,1337,NF-BoT-IoT,ssd_canonical@alpha=5,NF-ToN-IoT,retained,0.6093284437313775,0.648791729322841,0.8595714951094551,0.5681083577035555,0.684088592345473,0.7020022631144319,0.8375429097516545,0.9214809030200056,1626.0,603.0,2806.0,3691.0,8726.0,0.7445564978225991
mlp,1337,NF-BoT-IoT,ssd_canonical@alpha=5,NF-BoT-IoT,forgotten,0.9864908330652943,0.8545480574792863,0.9995921696574225,0.9868738927363505,0.9931923170435205,0.9892986882840321,0.9999843514395088,0.02566502756814451,26.0,10.0,326.0,24510.0,24872.0,0.9985525892569959
mlp,1337,NF-BoT-IoT,ssd_canonical@alpha=5,NF-CSE-CIC-IDS2018,retained,0.8889838110290035,0.7478368280622028,0.6207013959822949,0.5510882708585247,0.5838270616493194,0.6604840196927781,0.6216475043323809,0.5209091700003491,18989.0,1114.0,1485.0,1823.0,23411.0,0.14130109777455044
mlp,1337,NF-BoT-IoT,ssd_canonical@alpha=5,RETAINED_MACRO,retained_macro,0.8324212456610796,0.7976386008946378,0.824471678576718,0.7041129244001615,0.7536859328777322,0.7874540321403583,0.8188718981771425,0.48212760578083635,39982.0,1728.0,4302.0,7107.0,53119.0,0.21478190477983397
mlp,1337,NF-BoT-IoT,dc_ssd_no_contrast,NF-UNSW-NB15,retained,0.9674006291106663,0.7893563065707596,0.990405117270789,0.5791770573566085,0.7309205350118018,0.9965488410257256,0.9665738895485095,0.07931577566757442,19369.0,9.0,675.0,929.0,20982.0,0.07644647793346677
mlp,1337,NF-BoT-IoT,dc_ssd_no_contrast,NF-ToN-IoT,retained,0.5945450378180152,0.6369484262778424,0.8530183727034121,0.5502539633677082,0.6689745508982036,0.6904061321603863,0.8294058154291556,1.0799178457139935,1613.0,616.0,2922.0,3575.0,8726.0,0.7445564978225991
mlp,1337,NF-BoT-IoT,dc_ssd_no_contrast,NF-BoT-IoT,forgotten,0.7190012865873271,0.6651343927274029,0.9992167832167832,0.7191576743436946,0.8363653391398,0.7766805801614144,0.9996241959810788,0.6224499437937494,22.0,14.0,6975.0,17861.0,24872.0,0.9985525892569959
mlp,1337,NF-BoT-IoT,dc_ssd_no_contrast,NF-CSE-CIC-IDS2018,retained,0.891247704070736,0.7030639997242737,0.6768802228412256,0.4407496977025393,0.5338703771512266,0.6234691971173126,0.5521085483032294,0.5015159473161319,19407.0,696.0,1850.0,1458.0,23411.0,0.14130109777455044
mlp,1337,NF-BoT-IoT,dc_ssd_no_contrast,RETAINED_MACRO,retained_macro,0.8177311236664724,0.7097895775242918,0.8401012376051421,0.523393572808952,0.6445884876870772,0.7701413901011415,0.7826960844269649,0.5535831895658999,40389.0,1321.0,5447.0,5962.0,53119.0,0.21478190477983397
mlp,1337,NF-BoT-IoT,dc_ssd_no_class_balance,NF-UNSW-NB15,retained,0.9989038223238966,0.9959755246006152,0.9931378665003119,0.9925187032418953,0.9928281883380106,0.999872725040531,0.9973160276665681,0.004086503561050822,19367.0,11.0,12.0,1592.0,20982.0,0.07644647793346677
mlp,1337,NF-BoT-IoT,dc_ssd_no_class_balance,NF-ToN-IoT,retained,0.6092138436855374,0.648567413486143,0.8593713620488941,0.5681083577035555,0.6840252038547072,0.7040870504266282,0.8382324595704963,0.9156489216267051,1625.0,604.0,2806.0,3691.0,8726.0,0.7445564978225991
mlp,1337,NF-BoT-IoT,dc_ssd_no_class_balance,NF-BoT-IoT,forgotten,0.9865310389192666,0.8545681895456416,0.999592186289303,0.986914156869061,0.9932127155216078,0.9891342764087973,0.9999841147940884,0.025426065305009463,26.0,10.0,325.0,24511.0,24872.0,0.9985525892569959
mlp,1337,NF-BoT-IoT,dc_ssd_no_class_balance,NF-CSE-CIC-IDS2018,retained,0.888941096065952,0.747685679331852,0.6205722070844687,0.5507859733978234,0.5836002562459962,0.6595030228543075,0.6216894747596671,0.523518180522282,18989.0,1114.0,1486.0,1822.0,23411.0,0.14130109777455044
mlp,1337,NF-BoT-IoT,dc_ssd_no_class_balance,RETAINED_MACRO,retained_macro,0.8323529206917953,0.7974095391395367,0.8243604785445582,0.7038043447810914,0.7534845494795713,0.7878209327738223,0.8190793206655771,0.4810845352366793,39981.0,1729.0,4304.0,7105.0,53119.0,0.21478190477983397
mlp,1337,NF-BoT-IoT,dc_ssd,NF-UNSW-NB15,retained,0.9410447049852254,0.6858810567244805,0.7116493656286044,0.3846633416458853,0.49939295831647107,0.979194308325584,0.7697780317163225,0.11175215302986836,19128.0,250.0,987.0,617.0,20982.0,0.07644647793346677
mlp,1337,NF-BoT-IoT,dc_ssd,NF-ToN-IoT,retained,0.5917946367178547,0.6309754172353973,0.8475017759886336,0.5508696321379098,0.6677238805970149,0.6391570931070578,0.8004787142642882,1.0785747788938203,1585.0,644.0,2918.0,3579.0,8726.0,0.7445564978225991
mlp,1337,NF-BoT-IoT,dc_ssd,NF-BoT-IoT,forgotten,0.9768816339659054,0.7942614663302374,0.9994236073942937,0.9774118215493638,0.988295165394402,0.8726915230579267,0.9997728375049364,0.09363008487776572,22.0,14.0,561.0,24275.0,24872.0,0.9985525892569959
mlp,1337,NF-BoT-IoT,dc_ssd,NF-CSE-CIC-IDS2018,retained,0.9387040280210157,0.7890365825190113,0.9761057447890188,0.5804111245465539,0.7279620853080568,0.7128475097504202,0.6774505115308621,0.3470960066037325,20056.0,47.0,1388.0,1920.0,23411.0,0.14130109777455044
mlp,1337,NF-BoT-IoT,dc_ssd,RETAINED_MACRO,retained_macro,0.823847789908032,0.7019643521596297,0.8450856288020856,0.5053146994434496,0.6316929747405143,0.7770663037276874,0.7492357525038242,0.5124743128424737,40769.0,941.0,5293.0,6116.0,53119.0,0.21478190477983397
mlp,1337,NF-BoT-IoT,scrub_r,NF-UNSW-NB15,retained,0.9946620913163664,0.9696619736652794,0.989501312335958,0.940149625935162,0.9641943734015346,0.9990120104321712,0.9911584863322027,0.02333957340537055,19362.0,16.0,96.0,1508.0,20982.0,0.07644647793346677
mlp,1337,NF-BoT-IoT,scrub_r,NF-ToN-IoT,retained,0.5665826266330507,0.5583434891750086,0.7852490018911537,0.5751885485608742,0.664001421464108,0.553855204455409,0.7701136364763943,1.1129279081756198,1207.0,1022.0,2760.0,3737.0,8726.0,0.7445564978225991
mlp,1337,NF-BoT-IoT,scrub_r,NF-BoT-IoT,forgotten,0.2204486973303313,0.30454671534152933,0.9959934438171554,0.22020454179416976,0.3606687110495598,0.2763741253735617,0.9959807595690533,1.1678910960742168,14.0,22.0,19367.0,5469.0,24872.0,0.9985525892569959
mlp,1337,NF-BoT-IoT,scrub_r,NF-CSE-CIC-IDS2018,retained,0.8642091324591005,0.738083362821734,0.5179615705931495,0.562273276904474,0.5392085809537615,0.6983601261243412,0.6325292422435755,0.5044782654077808,18372.0,1731.0,1448.0,1860.0,23411.0,0.14130109777455044
mlp,1337,NF-BoT-IoT,scrub_r,RETAINED_MACRO,retained_macro,0.8084846168028391,0.7553629418873408,0.7642372949400871,0.6925371504668366,0.7224681252731346,0.7504091136706404,0.7979337883507241,0.5469152489962571,38941.0,2769.0,4304.0,7105.0,53119.0,0.21478190477983397
mlp,1337,NF-BoT-IoT,scrub_r@lr=0.001,NF-UNSW-NB15,retained,0.9976646649509103,0.9875848682041413,0.9936507936507937,0.9756857855361596,0.9845863479081473,0.9997542332114805,0.9931512477743786,0.009552565646129794,19368.0,10.0,39.0,1565.0,20982.0,0.07644647793346677
mlp,1337,NF-BoT-IoT,scrub_r@lr=0.001,NF-ToN-IoT,retained,0.5900756360302544,0.596813016436547,0.813573883161512,0.583038325380945,0.6792791177261723,0.5593341455244588,0.7881760713489078,1.119028718595191,1361.0,868.0,2709.0,3788.0,8726.0,0.7445564978225991
mlp,1337,NF-BoT-IoT,scrub_r@lr=0.001,NF-BoT-IoT,forgotten,0.024163718237375363,0.3033432651527353,0.9747899159663865,0.02335319697213722,0.04561362117101176,0.030477711565648432,0.9947412574652699,4.124121659904769,21.0,15.0,24256.0,580.0,24872.0,0.9985525892569959
mlp,1337,NF-BoT-IoT,scrub_r@lr=0.001,NF-CSE-CIC-IDS2018,retained,0.8509247789500662,0.7362832094880651,0.4772272272272272,0.5764812575574365,0.5221796276013143,0.6517074686284619,0.6197286766391036,0.8040925983021289,18014.0,2089.0,1401.0,1907.0,23411.0,0.14130109777455044
mlp,1337,NF-BoT-IoT,scrub_r@lr=0.001,RETAINED_MACRO,retained_macro,0.812888359977077,0.7735603647095844,0.7614839680131776,0.7117351228248471,0.7286816977452113,0.736931949121467,0.8003519985874633,0.6442246275144833,38743.0,2967.0,4149.0,7260.0,53119.0,0.21478190477983397
mlp,1337,NF-BoT-IoT,retrained,NF-UNSW-NB15,retained,0.9986655228290916,0.994131002867483,0.993734335839599,0.9887780548628429,0.99125,0.9998590194963618,0.996904480766412,0.004173330481749913,19368.0,10.0,18.0,1586.0,20982.0,0.07644647793346677
mlp,1337,NF-BoT-IoT,retrained,NF-ToN-IoT,retained,0.606463442585377,0.6526146967924527,0.8654259126700071,0.5582576573803294,0.6787050898203593,0.6469789728675547,0.8262785131248563,1.1105601754819128,1665.0,564.0,2870.0,3627.0,8726.0,0.7445564978225991
mlp,1337,NF-BoT-IoT,retrained,NF-BoT-IoT,forgotten,0.00792055323255066,0.2674723967001306,0.9128205128205128,0.0071670156224834915,0.0142223642683073,0.050283191066731084,0.9943127428657148,3.937118717987219,19.0,17.0,24658.0,178.0,24872.0,0.9985525892569959
mlp,1337,NF-BoT-IoT,retrained,NF-CSE-CIC-IDS2018,retained,0.8700610823971637,0.6640831233656945,0.5596947935368043,0.3769649334945586,0.4505057803468208,0.602294773512541,0.49193765578707727,0.5656401659378317,19122.0,981.0,2061.0,1247.0,23411.0,0.14130109777455044
mlp,1337,NF-BoT-IoT,retrained,RETAINED_MACRO,retained_macro,0.8250633492705441,0.7702762743418767,0.8062850140154701,0.6413335485792436,0.7068202900557267,0.7497109219588193,0.7717068832261152,0.5601245573004981,40155.0,1555.0,4949.0,6460.0,53119.0,0.21478190477983397
mlp,1337,NF-CSE-CIC-IDS2018,original,NF-UNSW-NB15,retained,0.9989514822228577,0.9962872452988696,0.993142144638404,0.993142144638404,0.993142144638404,0.999875813613865,0.9974252804473919,0.003992744322154205,19367.0,11.0,11.0,1593.0,20982.0,0.07644647793346677
mlp,1337,NF-CSE-CIC-IDS2018,original,NF-ToN-IoT,retained,0.6093284437313775,0.648791729322841,0.8595714951094551,0.5681083577035555,0.684088592345473,0.7020022631144319,0.8375429097516545,0.9214809030200056,1626.0,603.0,2806.0,3691.0,8726.0,0.7445564978225991
mlp,1337,NF-CSE-CIC-IDS2018,original,NF-BoT-IoT,retained,0.9864908330652943,0.8545480574792863,0.9995921696574225,0.9868738927363505,0.9931923170435205,0.9892986882840321,0.9999843514395088,0.02566502756814451,26.0,10.0,326.0,24510.0,24872.0,0.9985525892569959
mlp,1337,NF-CSE-CIC-IDS2018,original,NF-CSE-CIC-IDS2018,forgotten,0.8889838110290035,0.7478368280622028,0.6207013959822949,0.5510882708585247,0.5838270616493194,0.6604840196927781,0.6216475043323809,0.5209091700003491,18989.0,1114.0,1485.0,1823.0,23411.0,0.14130109777455044
mlp,1337,NF-CSE-CIC-IDS2018,original,RETAINED_MACRO,retained_macro,0.8649235863398431,0.8332090107003323,0.9507686031350939,0.8493747983594367,0.8901410180091326,0.8970589216707764,0.9449841805461849,0.31704622497010143,21019.0,624.0,3143.0,29794.0,54580.0,0.6034628068889704
mlp,1337,NF-CSE-CIC-IDS2018,rollback_repair,NF-UNSW-NB15,retained,0.07644647793346677,0.5,0.07644647793346677,1.0,0.142034888869211,0.20851172525390005,0.10334789807849365,14.621354852267215,0.0,19378.0,0.0,1604.0,20982.0,0.07644647793346677
mlp,1337,NF-CSE-CIC-IDS2018,rollback_repair,NF-ToN-IoT,retained,0.7445564978225991,0.5,0.7445564978225991,1.0,0.8535768245418117,0.5105715700099153,0.6957224134160447,4.045859891061114,0.0,2229.0,0.0,6497.0,8726.0,0.7445564978225991
mlp,1337,NF-CSE-CIC-IDS2018,rollback_repair,NF-BoT-IoT,retained,0.9985525892569959,0.5,0.9985525892569959,1.0,0.9992757704997184,0.016107889980494266,0.9935663537977707,0.022924671067703586,0.0,36.0,0.0,24836.0,24872.0,0.9985525892569959
mlp,1337,NF-CSE-CIC-IDS2018,rollback_repair,NF-CSE-CIC-IDS2018,forgotten,0.14130109777455044,0.5,0.14130109777455044,1.0,0.2476140574123283,0.1759558362101441,0.08364755876491213,13.609211453248566,0.0,20103.0,0.0,3308.0,23411.0,0.14130109777455044
mlp,1337,NF-CSE-CIC-IDS2018,rollback_repair,RETAINED_MACRO,retained_macro,0.6065185216710206,0.5,0.6065185216710206,1.0,0.6649624946369137,0.24506372841476987,0.5975455550974363,6.230046471465344,0.0,21643.0,0.0,32937.0,54580.0,0.6034628068889704
mlp,1337,NF-CSE-CIC-IDS2018,ssd_canonical,NF-UNSW-NB15,retained,0.9989514822228577,0.9962872452988696,0.993142144638404,0.993142144638404,0.993142144638404,0.999875813613865,0.9974252804473919,0.003992744322154205,19367.0,11.0,11.0,1593.0,20982.0,0.07644647793346677
mlp,1337,NF-CSE-CIC-IDS2018,ssd_canonical,NF-ToN-IoT,retained,0.6093284437313775,0.648791729322841,0.8595714951094551,0.5681083577035555,0.684088592345473,0.7020022631144319,0.8375429097516545,0.9214809030200056,1626.0,603.0,2806.0,3691.0,8726.0,0.7445564978225991
mlp,1337,NF-CSE-CIC-IDS2018,ssd_canonical,NF-BoT-IoT,retained,0.9864908330652943,0.8545480574792863,0.9995921696574225,0.9868738927363505,0.9931923170435205,0.9892986882840321,0.9999843514395088,0.02566502756814451,26.0,10.0,326.0,24510.0,24872.0,0.9985525892569959
mlp,1337,NF-CSE-CIC-IDS2018,ssd_canonical,NF-CSE-CIC-IDS2018,forgotten,0.8889838110290035,0.7478368280622028,0.6207013959822949,0.5510882708585247,0.5838270616493194,0.6604840196927781,0.6216475043323809,0.5209091700003491,18989.0,1114.0,1485.0,1823.0,23411.0,0.14130109777455044
mlp,1337,NF-CSE-CIC-IDS2018,ssd_canonical,RETAINED_MACRO,retained_macro,0.8649235863398431,0.8332090107003323,0.9507686031350939,0.8493747983594367,0.8901410180091326,0.8970589216707764,0.9449841805461849,0.31704622497010143,21019.0,624.0,3143.0,29794.0,54580.0,0.6034628068889704
mlp,1337,NF-CSE-CIC-IDS2018,ssd_canonical@alpha=1,NF-UNSW-NB15,retained,0.9989514822228577,0.9965731635407302,0.9925280199252802,0.9937655860349127,0.9931464174454828,0.999853131903444,0.9974711344025757,0.009730914147540529,19366.0,12.0,10.0,1594.0,20982.0,0.07644647793346677
mlp,1337,NF-CSE-CIC-IDS2018,ssd_canonical@alpha=1,NF-ToN-IoT,retained,0.8230575292230117,0.7308715421197609,0.8541398541398542,0.9193473911035863,0.8855448480355819,0.7186560826327477,0.8324223995504053,0.5474255694439548,1209.0,1020.0,524.0,5973.0,8726.0,0.7445564978225991
mlp,1337,NF-CSE-CIC-IDS2018,ssd_canonical@alpha=1,NF-BoT-IoT,retained,0.9892248311354133,0.689491956121043,0.9991061270924753,0.990095023353197,0.9945801650218411,0.9531280757323599,0.9999211994494529,0.05550059751054887,14.0,22.0,246.0,24590.0,24872.0,0.9985525892569959
mlp,1337,NF-CSE-CIC-IDS2018,ssd_canonical@alpha=1,NF-CSE-CIC-IDS2018,forgotten,0.8251676562299773,0.7257051366839254,0.4159348896980081,0.5870616686819831,0.48689983703146544,0.6538051149638611,0.6131296585947837,0.5578119438918682,17376.0,2727.0,1366.0,1942.0,23411.0,0.14130109777455044
mlp,1337,NF-CSE-CIC-IDS2018,ssd_canonical@alpha=1,RETAINED_MACRO,retained_macro,0.9370779475270942,0.8056455539271781,0.9485913337192032,0.9677360001638986,0.9577571435009685,0.8905457634228506,0.9432715778008114,0.20421902703401476,20589.0,1054.0,780.0,32157.0,54580.0,0.6034628068889704
mlp,1337,NF-CSE-CIC-IDS2018,ssd_canonical@alpha=2,NF-UNSW-NB15,retained,0.9989991421218187,0.9965989659971239,0.9931464174454828,0.9937655860349127,0.9934559052664381,0.9998663548580299,0.9971868859512458,0.004537044738184422,19367.0,11.0,10.0,1594.0,20982.0,0.07644647793346677
mlp,1337,NF-CSE-CIC-IDS2018,ssd_canonical@alpha=2,NF-ToN-IoT,retained,0.5931698372679349,0.6444242858266434,0.8624846248462484,0.53963367708173,0.6638894148835448,0.5772797922470065,0.7995205731061926,1.34115377857478,1670.0,559.0,2991.0,3506.0,8726.0,0.7445564978225991
mlp,1337,NF-CSE-CIC-IDS2018,ssd_canonical@alpha=2,NF-BoT-IoT,retained,0.9865310389192666,0.7990931622555073,0.9994292470137388,0.9870752133999033,0.993213815456295,0.9868056674003687,0.9999806439765098,0.027117863430522977,22.0,14.0,321.0,24515.0,24872.0,0.9985525892569959
mlp,1337,NF-CSE-CIC-IDS2018,ssd_canonical@alpha=2,NF-CSE-CIC-IDS2018,forgotten,0.8891973858442612,0.7387429797004916,0.628140703517588,0.5290205562273277,0.5743354118805383,0.649777211448104,0.5864367290560474,0.48671462908445046,19067.0,1036.0,1558.0,1750.0,23411.0,0.14130109777455044
mlp,1337,NF-CSE-CIC-IDS2018,ssd_canonical@alpha=2,RETAINED_MACRO,retained_macro,0.8595666727696735,0.8133721380264248,0.9516867631018234,0.8401581588388488,0.8835197118687592,0.8546506048351351,0.9322293676779827,0.45760289558116246,21059.0,584.0,3322.0,29615.0,54580.0,0.6034628068889704
mlp,1337,NF-CSE-CIC-IDS2018,ssd_canonical@alpha=3,NF-UNSW-NB15,retained,0.9989514822228577,0.9962872452988696,0.993142144638404,0.993142144638404,0.993142144638404,0.9998755562327538,0.9974154452972894,0.003996460328783806,19367.0,11.0,11.0,1593.0,20982.0,0.07644647793346677
mlp,1337,NF-CSE-CIC-IDS2018,ssd_canonical@alpha=3,NF-ToN-IoT,retained,0.6093284437313775,0.6489390865632638,0.8597390493942219,0.5679544405110051,0.6840300305867086,0.7009186971272174,0.8372612330047979,0.9255758855547948,1627.0,602.0,2807.0,3690.0,8726.0,0.7445564978225991
mlp,1337,NF-CSE-CIC-IDS2018,ssd_canonical@alpha=3,NF-BoT-IoT,retained,0.9864908330652943,0.8545480574792863,0.9995921696574225,0.9868738927363505,0.9931923170435205,0.9893669136200139,0.9999844506053308,0.025677544031703307,26.0,10.0,326.0,24510.0,24872.0,0.9985525892569959
mlp,1337,NF-CSE-CIC-IDS2018,ssd_canonical@alpha=3,NF-CSE-CIC-IDS2018,forgotten,0.888941096065952,0.7478119561525375,0.6204901293396868,0.5510882708585247,0.5837335894972783,0.6618552303280187,0.621757135320143,0.5222700033317209,18988.0,1115.0,1485.0,1823.0,23411.0,0.14130109777455044
mlp,1337,NF-CSE-CIC-IDS2018,ssd_canonical@alpha=3,RETAINED_MACRO,retained_macro,0.8649235863398431,0.8332581297804733,0.9508244545633495,0.8493234926285865,0.8901214974228777,0.8967203889933284,0.9448870429691394,0.3184166299717606,21020.0,623.0,3144.0,29793.0,54580.0,0.6034628068889704
mlp,1337,NF-CSE-CIC-IDS2018,ssd_canonical@alpha=5,NF-UNSW-NB15,retained,0.9989514822228577,0.9962872452988696,0.993142144638404,0.993142144638404,0.993142144638404,0.999875813613865,0.9974252804473919,0.003992744322154205,19367.0,11.0,11.0,1593.0,20982.0,0.07644647793346677
mlp,1337,NF-CSE-CIC-IDS2018,ssd_canonical@alpha=5,NF-ToN-IoT,retained,0.6093284437313775,0.648791729322841,0.8595714951094551,0.5681083577035555,0.684088592345473,0.7020022631144319,0.8375429097516545,0.9214809030200056,1626.0,603.0,2806.0,3691.0,8726.0,0.7445564978225991
mlp,1337,NF-CSE-CIC-IDS2018,ssd_canonical@alpha=5,NF-BoT-IoT,retained,0.9864908330652943,0.8545480574792863,0.9995921696574225,0.9868738927363505,0.9931923170435205,0.9892986882840321,0.9999843514395088,0.02566502756814451,26.0,10.0,326.0,24510.0,24872.0,0.9985525892569959
mlp,1337,NF-CSE-CIC-IDS2018,ssd_canonical@alpha=5,NF-CSE-CIC-IDS2018,forgotten,0.8889838110290035,0.7478368280622028,0.6207013959822949,0.5510882708585247,0.5838270616493194,0.6604840196927781,0.6216475043323809,0.5209091700003491,18989.0,1114.0,1485.0,1823.0,23411.0,0.14130109777455044
mlp,1337,NF-CSE-CIC-IDS2018,ssd_canonical@alpha=5,RETAINED_MACRO,retained_macro,0.8649235863398431,0.8332090107003323,0.9507686031350939,0.8493747983594367,0.8901410180091326,0.8970589216707764,0.9449841805461849,0.31704622497010143,21019.0,624.0,3143.0,29794.0,54580.0,0.6034628068889704
mlp,1337,NF-CSE-CIC-IDS2018,dc_ssd_no_contrast,NF-UNSW-NB15,retained,0.9990944619197407,0.9972224073936327,0.9931549471064095,0.9950124688279302,0.9940828402366864,0.9998912886531734,0.9979385287119186,0.004199601140712902,19367.0,11.0,8.0,1596.0,20982.0,0.07644647793346677
mlp,1337,NF-CSE-CIC-IDS2018,dc_ssd_no_contrast,NF-ToN-IoT,retained,0.6157460462984186,0.6445546907697262,0.8519928347514555,0.585654917654302,0.6941530602937153,0.7449837599753567,0.8523062578402827,0.6567884810659169,1568.0,661.0,2692.0,3805.0,8726.0,0.7445564978225991
mlp,1337,NF-CSE-CIC-IDS2018,dc_ssd_no_contrast,NF-BoT-IoT,retained,0.9882598906400772,0.7444838138186504,0.9992676973148902,0.9889676276373007,0.9940909826776753,0.9880874089583221,0.9999825912331901,0.022551231262285903,18.0,18.0,274.0,24562.0,24872.0,0.9985525892569959
mlp,1337,NF-CSE-CIC-IDS2018,dc_ssd_no_contrast,NF-CSE-CIC-IDS2018,forgotten,0.8916321387382,0.7536722983647517,0.6309887869520897,0.56136638452237,0.5941449368101104,0.6539600681640699,0.6322391276837966,0.4817972919345664,19017.0,1086.0,1451.0,1857.0,23411.0,0.14130109777455044
mlp,1337,NF-CSE-CIC-IDS2018,dc_ssd_no_contrast,RETAINED_MACRO,retained_macro,0.8677001329527455,0.795420303994003,0.9481384930575851,0.856545004706511,0.8941089610693589,0.9109874858622841,0.9500757925951304,0.2278464378229719,20953.0,690.0,2974.0,29963.0,54580.0,0.6034628068889704
mlp,1337,NF-CSE-CIC-IDS2018,dc_ssd_no_class_balance,NF-UNSW-NB15,retained,0.9988561624249357,0.9959497221442215,0.9925187032418953,0.9925187032418953,0.9925187032418953,0.9998707303369196,0.9972540884957186,0.005355893835711199,19366.0,12.0,12.0,1592.0,20982.0,0.07644647793346677
mlp,1337,NF-CSE-CIC-IDS2018,dc_ssd_no_class_balance,NF-ToN-IoT,retained,0.5982122392848958,0.6433897468500663,0.8587191172943152,0.5510235493304602,0.6712919557472342,0.579568110705476,0.8012087452913935,1.0489495559761675,1640.0,589.0,2917.0,3580.0,8726.0,0.7445564978225991
mlp,1337,NF-CSE-CIC-IDS2018,dc_ssd_no_class_balance,NF-BoT-IoT,retained,0.9819475715664201,0.8245356203360712,0.999508418335996,0.9824045740054759,0.9908826933620322,0.9802504429054598,0.9999708720330178,0.038234106553272626,24.0,12.0,437.0,24399.0,24872.0,0.9985525892569959
mlp,1337,NF-CSE-CIC-IDS2018,dc_ssd_no_class_balance,NF-CSE-CIC-IDS2018,forgotten,0.8760838921874332,0.6909512744552977,0.5828245828245828,0.4328899637243047,0.49679098005203814,0.617146829860078,0.5306048260356202,0.5207172017864627,19078.0,1025.0,1876.0,1432.0,23411.0,0.14130109777455044
mlp,1337,NF-CSE-CIC-IDS2018,dc_ssd_no_class_balance,RETAINED_MACRO,retained_macro,0.8596719910920839,0.821291696443453,0.9502487462907355,0.8419822755259437,0.8848977841170539,0.8532297613159519,0.9328112352733765,0.36417985212171705,21030.0,613.0,3366.0,29571.0,54580.0,0.6034628068889704
mlp,1337,NF-CSE-CIC-IDS2018,dc_ssd,NF-UNSW-NB15,retained,0.9989991421218187,0.9968848842389846,0.9925326695706285,0.9943890274314214,0.9934599813142323,0.9998817333794217,0.9977571791824742,0.004943982055789594,19366.0,12.0,9.0,1595.0,20982.0,0.07644647793346677
mlp,1337,NF-CSE-CIC-IDS2018,dc_ssd,NF-ToN-IoT,retained,0.6661700664680266,0.6681014663012153,0.855132778438367,0.66415268585501,0.7476392618903231,0.7567243134543996,0.8529005038678454,0.5399042942568248,1498.0,731.0,2182.0,4315.0,8726.0,0.7445564978225991
mlp,1337,NF-CSE-CIC-IDS2018,dc_ssd,NF-BoT-IoT,retained,0.9884609199099389,0.7445844741504268,0.999267846247712,0.9891689483008536,0.9941927520689585,0.9853595139671802,0.9999785049934748,0.02542113821632933,18.0,18.0,269.0,24567.0,24872.0,0.9985525892569959
mlp,1337,NF-CSE-CIC-IDS2018,dc_ssd,NF-CSE-CIC-IDS2018,forgotten,0.8944940412626543,0.7555912699536926,0.6454861111111111,0.5619709794437727,0.6008403361344538,0.6672927049636332,0.6350434182134775,0.42761732933934854,19082.0,1021.0,1449.0,1859.0,23411.0,0.14130109777455044
mlp,1337,NF-CSE-CIC-IDS2018,dc_ssd,RETAINED_MACRO,retained_macro,0.8845433761665947,0.8031902748968754,0.9489777647522358,0.882570220529095,0.9117639984245046,0.9139885202670005,0.9502120626812648,0.19008980484298124,20882.0,761.0,2460.0,30477.0,54580.0,0.6034628068889704
mlp,1337,NF-CSE-CIC-IDS2018,scrub_r,NF-UNSW-NB15,retained,0.9702125631493661,0.808319664251488,0.989010989010989,0.6172069825436409,0.7600767754318618,0.9870433705188982,0.9164224089290314,0.08041369841503782,19367.0,11.0,614.0,990.0,20982.0,0.07644647793346677
mlp,1337,NF-CSE-CIC-IDS2018,scrub_r,NF-ToN-IoT,retained,0.5638322255328903,0.5435290457071915,0.7739767868051314,0.5850392488841003,0.666374474053296,0.604649811456618,0.7547548080376351,0.7108994634540229,1119.0,1110.0,2696.0,3801.0,8726.0,0.7445564978225991
mlp,1337,NF-CSE-CIC-IDS2018,scrub_r,NF-BoT-IoT,retained,0.9911145062721132,0.60722562230454,0.9988650642454704,0.9922290223868578,0.9955359848102289,0.9813174424222901,0.9999724429424693,0.03122275421720394,8.0,28.0,193.0,24643.0,24872.0,0.9985525892569959
mlp,1337,NF-CSE-CIC-IDS2018,scrub_r,NF-CSE-CIC-IDS2018,forgotten,0.6938191448464397,0.6696808594144028,0.26078334159643035,0.6360338573155986,0.369901547116737,0.6451448408291014,0.277417109089134,0.6753531930084301,14139.0,5964.0,1204.0,2104.0,23411.0,0.14130109777455044
mlp,1337,NF-CSE-CIC-IDS2018,scrub_r,RETAINED_MACRO,retained_macro,0.84171976498479,0.6530247774210732,0.9206176133538637,0.731491751271533,0.8073290780984622,0.8576702081326021,0.890383219969712,0.27417863869542153,20494.0,1149.0,3503.0,29434.0,54580.0,0.6034628068889704
mlp,1337,NF-CSE-CIC-IDS2018,scrub_r@lr=0.001,NF-UNSW-NB15,retained,0.9912305785911734,0.9446448192142206,0.995118549511855,0.8896508728179551,0.9394338380513496,0.998486824274848,0.9826849889864152,0.028826117178938147,19371.0,7.0,177.0,1427.0,20982.0,0.07644647793346677
mlp,1337,NF-CSE-CIC-IDS2018,scrub_r@lr=0.001,NF-ToN-IoT,retained,0.5545496218198487,0.5670615619743191,0.7948486217803886,0.5414806833923349,0.6441453813055021,0.5891448812382815,0.7558741309078703,0.9170128608691828,1321.0,908.0,2979.0,3518.0,8726.0,0.7445564978225991
mlp,1337,NF-CSE-CIC-IDS2018,scrub_r@lr=0.001,NF-BoT-IoT,retained,0.9867320681891283,0.7575875521196829,0.9993072534637327,0.9873973264615881,0.9933165910563837,0.9832411732073513,0.999975340721559,0.0339439246330401,19.0,17.0,313.0,24523.0,24872.0,0.9985525892569959
mlp,1337,NF-CSE-CIC-IDS2018,scrub_r@lr=0.001,NF-CSE-CIC-IDS2018,forgotten,0.766776301738499,0.7115306970191784,0.3305511811023622,0.6345223700120919,0.43466556222820457,0.7385208994115613,0.3047563477266032,0.5582928545279,15852.0,4251.0,1209.0,2099.0,23411.0,0.14130109777455044
mlp,1337,NF-CSE-CIC-IDS2018,scrub_r@lr=0.001,RETAINED_MACRO,retained_macro,0.8441707562000502,0.7564313111027409,0.9297581415853254,0.8061762942239593,0.8589652701377452,0.8569576262401603,0.9128448202052816,0.3265943008937203,20711.0,932.0,3469.0,29468.0,54580.0,0.6034628068889704
mlp,1337,NF-CSE-CIC-IDS2018,retrained,NF-UNSW-NB15,retained,0.9994280812124678,0.9985466975558317,0.9950248756218906,0.9975062344139651,0.9962640099626401,0.9998806716823382,0.9972336604018247,0.0030664723500241817,19370.0,8.0,4.0,1600.0,20982.0,0.07644647793346677
mlp,1337,NF-CSE-CIC-IDS2018,retrained,NF-ToN-IoT,retained,0.8360073344029337,0.7852486080299477,0.8905334566759173,0.8890257041711559,0.8897789416929831,0.8177143635261689,0.8949765622311507,0.46656322000657885,1519.0,710.0,721.0,5776.0,8726.0,0.7445564978225991
mlp,1337,NF-CSE-CIC-IDS2018,retrained,NF-BoT-IoT,retained,0.9917577999356706,0.8017103308816951,0.9994322559714506,0.992309550652279,0.9958581674916658,0.9887607147330937,0.9999835225564453,0.01748489592908657,22.0,14.0,191.0,24645.0,24872.0,0.9985525892569959
mlp,1337,NF-CSE-CIC-IDS2018,retrained,NF-CSE-CIC-IDS2018,forgotten,0.5041219939344752,0.5137650531443838,0.1479345152260582,0.5272067714631197,0.23103927932701862,0.5170749268835029,0.17503426849685283,1.2934188647044034,10058.0,10045.0,1564.0,1744.0,23411.0,0.14130109777455044
mlp,1337,NF-CSE-CIC-IDS2018,retrained,RETAINED_MACRO,retained_macro,0.9423977385170241,0.8618352121558249,0.9616635294230861,0.9596138297458,0.9606337063824296,0.9354519166472003,0.964064581729807,0.1623715294285632,20911.0,732.0,916.0,32021.0,54580.0,0.6034628068889704
numerical_feature_transformer,1337,NF-UNSW-NB15,original,NF-UNSW-NB15,forgotten,0.9989514822228577,0.9939998993639856,0.9981108312342569,0.9881546134663342,0.9931077694235589,0.999872145933031,0.995517109950965,0.0058878632991396975,19375.0,3.0,19.0,1585.0,20982.0,0.07644647793346677
numerical_feature_transformer,1337,NF-UNSW-NB15,original,NF-ToN-IoT,retained,0.6376346550538621,0.6576328530136386,0.8563795682838213,0.6167461905494844,0.7170722977809592,0.7268784647336628,0.8375352654405349,0.648613628222986,1557.0,672.0,2490.0,4007.0,8726.0,0.7445564978225991
numerical_feature_transformer,1337,NF-UNSW-NB15,original,NF-BoT-IoT,retained,0.9897877130910261,0.7036425618725506,0.9991471734892787,0.9906184570784345,0.9948645369995957,0.9896263935863711,0.9999848739489641,0.021302208136073045,15.0,21.0,233.0,24603.0,24872.0,0.9985525892569959
numerical_feature_transformer,1337,NF-UNSW-NB15,original,NF-CSE-CIC-IDS2018,retained,0.9205928836871556,0.906661865816679,0.6638769509160823,0.8872430471584039,0.759477293310907,0.9551742173513781,0.8989062553761729,0.19716049636068578,18617.0,1486.0,373.0,2935.0,23411.0,0.14130109777455044
numerical_feature_transformer,1337,NF-UNSW-NB15,original,RETAINED_MACRO,retained_macro,0.8493384172773478,0.7559790935676226,0.8398012308963941,0.8315358982621076,0.8238047093638206,0.8905596918904707,0.9121421315885573,0.28902544423991494,20189.0,2179.0,3096.0,31545.0,57009.0,0.6076408988054518
numerical_feature_transformer,1337,NF-UNSW-NB15,rollback_repair,NF-UNSW-NB15,forgotten,0.07644647793346677,0.5,0.07644647793346677,1.0,0.142034888869211,0.8562578292116751,0.6517155729384795,0.774134763438795,0.0,19378.0,0.0,1604.0,20982.0,0.07644647793346677
numerical_feature_transformer,1337,NF-UNSW-NB15,rollback_repair,NF-ToN-IoT,retained,0.7445564978225991,0.5,0.7445564978225991,1.0,0.8535768245418117,0.3653229053572229,0.6379240014567977,0.6533506551094556,0.0,2229.0,0.0,6497.0,8726.0,0.7445564978225991
numerical_feature_transformer,1337,NF-UNSW-NB15,rollback_repair,NF-BoT-IoT,retained,0.9985525892569959,0.5,0.9985525892569959,1.0,0.9992757704997184,0.8666245011721336,0.9997367073574243,0.6034029554610416,0.0,36.0,0.0,24836.0,24872.0,0.9985525892569959
numerical_feature_transformer,1337,NF-UNSW-NB15,rollback_repair,NF-CSE-CIC-IDS2018,retained,0.14130109777455044,0.5,0.14130109777455044,1.0,0.2476140574123283,0.794019498193734,0.36218148794491456,0.7607740508116007,0.0,20103.0,0.0,3308.0,23411.0,0.14130109777455044
numerical_feature_transformer,1337,NF-UNSW-NB15,rollback_repair,RETAINED_MACRO,retained_macro,0.6281367282847151,0.5,0.6281367282847151,1.0,0.7001555508179528,0.6753223015743636,0.6666140655863788,0.6725092204606993,0.0,22368.0,0.0,34641.0,57009.0,0.6076408988054518
numerical_feature_transformer,1337,NF-UNSW-NB15,ssd_canonical,NF-UNSW-NB15,forgotten,0.9989514822228577,0.9939998993639856,0.9981108312342569,0.9881546134663342,0.9931077694235589,0.999872145933031,0.995517109950965,0.0058878632991396975,19375.0,3.0,19.0,1585.0,20982.0,0.07644647793346677
numerical_feature_transformer,1337,NF-UNSW-NB15,ssd_canonical,NF-ToN-IoT,retained,0.6376346550538621,0.6576328530136386,0.8563795682838213,0.6167461905494844,0.7170722977809592,0.7268784647336628,0.8375352654405349,0.648613628222986,1557.0,672.0,2490.0,4007.0,8726.0,0.7445564978225991
numerical_feature_transformer,1337,NF-UNSW-NB15,ssd_canonical,NF-BoT-IoT,retained,0.9897877130910261,0.7036425618725506,0.9991471734892787,0.9906184570784345,0.9948645369995957,0.9896263935863711,0.9999848739489641,0.021302208136073045,15.0,21.0,233.0,24603.0,24872.0,0.9985525892569959
numerical_feature_transformer,1337,NF-UNSW-NB15,ssd_canonical,NF-CSE-CIC-IDS2018,retained,0.9205928836871556,0.906661865816679,0.6638769509160823,0.8872430471584039,0.759477293310907,0.9551742173513781,0.8989062553761729,0.19716049636068578,18617.0,1486.0,373.0,2935.0,23411.0,0.14130109777455044
numerical_feature_transformer,1337,NF-UNSW-NB15,ssd_canonical,RETAINED_MACRO,retained_macro,0.8493384172773478,0.7559790935676226,0.8398012308963941,0.8315358982621076,0.8238047093638206,0.8905596918904707,0.9121421315885573,0.28902544423991494,20189.0,2179.0,3096.0,31545.0,57009.0,0.6076408988054518
numerical_feature_transformer,1337,NF-UNSW-NB15,ssd_canonical@alpha=1,NF-UNSW-NB15,forgotten,0.9987608426270136,0.9927530165709681,0.9981060606060606,0.9856608478802993,0.9918444165621079,0.9998890365684509,0.9964809066171093,0.0073706797351866336,19375.0,3.0,23.0,1581.0,20982.0,0.07644647793346677
numerical_feature_transformer,1337,NF-UNSW-NB15,ssd_canonical@alpha=1,NF-ToN-IoT,retained,0.7965849186339674,0.763637639845232,0.8885780118499013,0.8309989225796521,0.8588244651236777,0.7732199690743142,0.8533630635441981,0.5532156861788282,1552.0,677.0,1098.0,5399.0,8726.0,0.7445564978225991
numerical_feature_transformer,1337,NF-UNSW-NB15,ssd_canonical@alpha=1,NF-BoT-IoT,retained,0.9898681247989707,0.7175515828277947,0.9991877842755036,0.9906587212111451,0.9949049737161343,0.9899988368139438,0.99998542601929,0.021659592562303216,16.0,20.0,232.0,24604.0,24872.0,0.9985525892569959
numerical_feature_transformer,1337,NF-UNSW-NB15,ssd_canonical@alpha=1,NF-CSE-CIC-IDS2018,retained,0.9195250096108667,0.9065451753577901,0.6598563089357881,0.8884522370012092,0.7572790517907756,0.9606519020755322,0.9284265040211899,0.18869194367209421,18588.0,1515.0,369.0,2939.0,23411.0,0.14130109777455044
numerical_feature_transformer,1337,NF-UNSW-NB15,ssd_canonical@alpha=1,RETAINED_MACRO,retained_macro,0.901992684347935,0.7959114660102723,0.849207368353731,0.9033699602640022,0.8703361635435293,0.9079569026545968,0.9272583311948926,0.2545224074710752,20156.0,2212.0,1699.0,32942.0,57009.0,0.6076408988054518
numerical_feature_transformer,1337,NF-UNSW-NB15,ssd_canonical@alpha=2,NF-UNSW-NB15,forgotten,0.9989038223238966,0.9936881786657312,0.998109640831758,0.9875311720698254,0.9927922281416484,0.9998664192033077,0.9950914125511541,0.005925071995762172,19375.0,3.0,20.0,1584.0,20982.0,0.07644647793346677
numerical_feature_transformer,1337,NF-UNSW-NB15,ssd_canonical@alpha=2,NF-ToN-IoT,retained,0.6141416456566583,0.6431825559410276,0.8512118491921006,0.5838079113436971,0.6925956358988405,0.7190168799997625,0.8346096109009149,0.6726887104462675,1566.0,663.0,2704.0,3793.0,8726.0,0.7445564978225991
numerical_feature_transformer,1337,NF-UNSW-NB15,ssd_canonical@alpha=2,NF-BoT-IoT,retained,0.989546477967192,0.7035217694744189,0.9991469656349012,0.9903768722821711,0.9947425890726735,0.9899138347559994,0.9999852989687755,0.02096849724104398,15.0,21.0,239.0,24597.0,24872.0,0.9985525892569959
numerical_feature_transformer,1337,NF-UNSW-NB15,ssd_canonical@alpha=2,NF-CSE-CIC-IDS2018,retained,0.9205074537610525,0.9064858451766631,0.663650757747116,0.8869407496977025,0.7592185276232372,0.9564132640119828,0.9075429046519105,0.19656675690799702,18616.0,1487.0,374.0,2934.0,23411.0,0.14130109777455044
numerical_feature_transformer,1337,NF-UNSW-NB15,ssd_canonical@alpha=2,RETAINED_MACRO,retained_macro,0.8413985257949675,0.7510633901973698,0.8380031908580392,0.8203751777745235,0.8155189175315837,0.8884479929225816,0.9140459381738669,0.2967413215317695,20197.0,2171.0,3317.0,31324.0,57009.0,0.6076408988054518
numerical_feature_transformer,1337,NF-UNSW-NB15,ssd_canonical@alpha=3,NF-UNSW-NB15,forgotten,0.9990468020207797,0.9946233407604943,0.9981132075471698,0.9894014962593516,0.9937382592360676,0.9998708268548363,0.9954584735456694,0.005799652468466273,19375.0,3.0,17.0,1587.0,20982.0,0.07644647793346677
numerical_feature_transformer,1337,NF-UNSW-NB15,ssd_canonical@alpha=3,NF-ToN-IoT,retained,0.6102452440980977,0.6392397485038648,0.8486486486486486,0.5799599815299369,0.6890372131297431,0.7172616439668155,0.8335772373007442,0.6650995948098163,1557.0,672.0,2729.0,3768.0,8726.0,0.7445564978225991
numerical_feature_transformer,1337,NF-UNSW-NB15,ssd_canonical@alpha=3,NF-BoT-IoT,retained,0.9897877130910261,0.7036425618725506,0.9991471734892787,0.9906184570784345,0.9948645369995957,0.9896308673788944,0.9999848805304197,0.02130731948462842,15.0,21.0,233.0,24603.0,24872.0,0.9985525892569959
numerical_feature_transformer,1337,NF-UNSW-NB15,ssd_canonical@alpha=3,NF-CSE-CIC-IDS2018,retained,0.9205928836871556,0.906661865816679,0.6638769509160823,0.8872430471584039,0.759477293310907,0.9553214037188528,0.899830855167709,0.19708525534941135,18617.0,1486.0,373.0,2935.0,23411.0,0.14130109777455044
numerical_feature_transformer,1337,NF-UNSW-NB15,ssd_canonical@alpha=3,RETAINED_MACRO,retained_macro,0.8402086136254264,0.7498480587310313,0.8372242576846699,0.8192738285889251,0.8144596811467486,0.8874046383548543,0.9111309909996242,0.2944973898812853,20189.0,2179.0,3335.0,31306.0,57009.0,0.6076408988054518
numerical_feature_transformer,1337,NF-UNSW-NB15,ssd_canonical@alpha=5,NF-UNSW-NB15,forgotten,0.9989514822228577,0.9939998993639856,0.9981108312342569,0.9881546134663342,0.9931077694235589,0.999872145933031,0.995517109950965,0.0058878632991396975,19375.0,3.0,19.0,1585.0,20982.0,0.07644647793346677
numerical_feature_transformer,1337,NF-UNSW-NB15,ssd_canonical@alpha=5,NF-ToN-IoT,retained,0.6376346550538621,0.6576328530136386,0.8563795682838213,0.6167461905494844,0.7170722977809592,0.7268784647336628,0.8375352654405349,0.648613628222986,1557.0,672.0,2490.0,4007.0,8726.0,0.7445564978225991
numerical_feature_transformer,1337,NF-UNSW-NB15,ssd_canonical@alpha=5,NF-BoT-IoT,retained,0.9897877130910261,0.7036425618725506,0.9991471734892787,0.9906184570784345,0.9948645369995957,0.9896263935863711,0.9999848739489641,0.021302208136073045,15.0,21.0,233.0,24603.0,24872.0,0.9985525892569959
numerical_feature_transformer,1337,NF-UNSW-NB15,ssd_canonical@alpha=5,NF-CSE-CIC-IDS2018,retained,0.9205928836871556,0.906661865816679,0.6638769509160823,0.8872430471584039,0.759477293310907,0.9551742173513781,0.8989062553761729,0.19716049636068578,18617.0,1486.0,373.0,2935.0,23411.0,0.14130109777455044
numerical_feature_transformer,1337,NF-UNSW-NB15,ssd_canonical@alpha=5,RETAINED_MACRO,retained_macro,0.8493384172773478,0.7559790935676226,0.8398012308963941,0.8315358982621076,0.8238047093638206,0.8905596918904707,0.9121421315885573,0.28902544423991494,20189.0,2179.0,3096.0,31545.0,57009.0,0.6076408988054518
numerical_feature_transformer,1337,NF-UNSW-NB15,dc_ssd_no_contrast,NF-UNSW-NB15,forgotten,0.9566294919454771,0.7163341645885286,1.0,0.43266832917705733,0.6040034812880766,0.9997471874035625,0.9974390978908827,0.12983957474020122,19378.0,0.0,910.0,694.0,20982.0,0.07644647793346677
numerical_feature_transformer,1337,NF-UNSW-NB15,dc_ssd_no_contrast,NF-ToN-IoT,retained,0.8246619298647719,0.7848502117794229,0.894895849896645,0.8662459596736956,0.8803378695448146,0.7684889315999317,0.8464235380584374,0.5508884981820019,1568.0,661.0,869.0,5628.0,8726.0,0.7445564978225991
numerical_feature_transformer,1337,NF-UNSW-NB15,dc_ssd_no_contrast,NF-BoT-IoT,retained,0.9889835960115793,0.7171086773679785,0.9991870579627673,0.9897729102915124,0.9944577045997006,0.9888088080027201,0.9999836679652394,0.02783631098862779,16.0,20.0,254.0,24582.0,24872.0,0.9985525892569959
numerical_feature_transformer,1337,NF-UNSW-NB15,dc_ssd_no_contrast,NF-CSE-CIC-IDS2018,retained,0.922002477467857,0.9079877461183732,0.6685623293903549,0.8884522370012092,0.7629802699896158,0.960176538829863,0.9261820930953164,0.1951043310094172,18646.0,1457.0,369.0,2939.0,23411.0,0.14130109777455044
numerical_feature_transformer,1337,NF-UNSW-NB15,dc_ssd_no_contrast,RETAINED_MACRO,retained_macro,0.9118826677814026,0.8033155450885916,0.8542150790832558,0.9148237023221392,0.879258614711377,0.905824759477505,0.9241964330396645,0.25794304672668233,20230.0,2138.0,1492.0,33149.0,57009.0,0.6076408988054518
numerical_feature_transformer,1337,NF-UNSW-NB15,dc_ssd_no_class_balance,NF-UNSW-NB15,forgotten,0.9844628729387094,0.8986649706109379,0.99921875,0.7973815461346634,0.8869625520110958,0.9980472012506663,0.9950620964335185,0.061955870784451195,19377.0,1.0,325.0,1279.0,20982.0,0.07644647793346677
numerical_feature_transformer,1337,NF-UNSW-NB15,dc_ssd_no_class_balance,NF-ToN-IoT,retained,0.5778134311253724,0.6179025374792506,0.8388340158997832,0.5359396644605202,0.6540195341848234,0.7225274901699117,0.8300486469234003,0.6678972104503595,1560.0,669.0,3015.0,3482.0,8726.0,0.7445564978225991
numerical_feature_transformer,1337,NF-UNSW-NB15,dc_ssd_no_class_balance,NF-BoT-IoT,retained,0.9884207140559665,0.7168268284390042,0.9991865950870343,0.9892092124335642,0.9941728714794432,0.9898959395859058,0.9999852715125104,0.024175354782097813,16.0,20.0,268.0,24568.0,24872.0,0.9985525892569959
numerical_feature_transformer,1337,NF-UNSW-NB15,dc_ssd_no_class_balance,NF-CSE-CIC-IDS2018,retained,0.9238819358421255,0.9083244492195304,0.6758064516129032,0.8866384522370012,0.7669979079497908,0.9589825443103446,0.9243237249189462,0.19086056531260587,18696.0,1407.0,375.0,2933.0,23411.0,0.14130109777455044
numerical_feature_transformer,1337,NF-UNSW-NB15,dc_ssd_no_class_balance,RETAINED_MACRO,retained_macro,0.8300386936744882,0.7476846050459285,0.837942354199907,0.8039291097103618,0.8050634378713525,0.890468658022054,0.918119214451619,0.2943110435150211,20272.0,2096.0,3658.0,30983.0,57009.0,0.6076408988054518
numerical_feature_transformer,1337,NF-UNSW-NB15,dc_ssd,NF-UNSW-NB15,forgotten,0.9653035935563816,0.7733532499126834,0.9988610478359908,0.5467581047381546,0.7066881547139404,0.9967213828881197,0.9688876038226061,0.13903436981837647,19377.0,1.0,727.0,877.0,20982.0,0.07644647793346677
numerical_feature_transformer,1337,NF-UNSW-NB15,dc_ssd,NF-ToN-IoT,retained,0.831652532661013,0.7858607551416387,0.8928125,0.8794828382330306,0.8860975420640459,0.7552968678714468,0.824620507846706,0.5521808064709736,1543.0,686.0,783.0,5714.0,8726.0,0.7445564978225991
numerical_feature_transformer,1337,NF-UNSW-NB15,dc_ssd,NF-BoT-IoT,retained,0.9891444194274687,0.7171892056333995,0.9991871901162318,0.9899339668223547,0.9945390558634359,0.9903757538340402,0.9999859749711437,0.02654031034237295,16.0,20.0,250.0,24586.0,24872.0,0.9985525892569959
numerical_feature_transformer,1337,NF-UNSW-NB15,dc_ssd,NF-CSE-CIC-IDS2018,retained,0.9334500875656743,0.9136432033431696,0.7127918287937743,0.8860338573155986,0.7900269541778976,0.9595943647169917,0.9263517946336833,0.1773576495712845,18922.0,1181.0,377.0,2931.0,23411.0,0.14130109777455044
numerical_feature_transformer,1337,NF-UNSW-NB15,dc_ssd,RETAINED_MACRO,retained_macro,0.9180823465513853,0.8055643880394024,0.8682638396366688,0.9184835541236612,0.8902211840351265,0.9017556621408263,0.9169860924838443,0.25202625546154367,20481.0,1887.0,1410.0,33231.0,57009.0,0.6076408988054518
numerical_feature_transformer,1337,NF-UNSW-NB15,scrub_r,NF-UNSW-NB15,forgotten,0.7298160327900105,0.7161992003683638,0.17794327364918397,0.7001246882793017,0.2837650031585597,0.6083435170459649,0.10072427208973739,1.0336911195514058,14190.0,5188.0,481.0,1123.0,20982.0,0.07644647793346677
numerical_feature_transformer,1337,NF-UNSW-NB15,scrub_r,NF-ToN-IoT,retained,0.5380472152188861,0.5861877583973775,0.8184400826446281,0.48776358319224256,0.6112450573825827,0.48684094318853577,0.7329456362209189,1.6183227609145807,1526.0,703.0,3328.0,3169.0,8726.0,0.7445564978225991
numerical_feature_transformer,1337,NF-UNSW-NB15,scrub_r,NF-BoT-IoT,retained,0.9651817304599549,0.8716155759560495,0.99966647210873,0.9654533741343212,0.9822620949571914,0.9403039494640396,0.9999033920190008,0.12953707539827153,28.0,8.0,858.0,23978.0,24872.0,0.9985525892569959
numerical_feature_transformer,1337,NF-UNSW-NB15,scrub_r,NF-CSE-CIC-IDS2018,retained,0.9427619495109136,0.8075628469849441,0.9624060150375939,0.619105199516324,0.753495217071376,0.8908938044042949,0.7904060926303202,0.22586551895120688,20023.0,80.0,1260.0,2048.0,23411.0,0.14130109777455044
numerical_feature_transformer,1337,NF-UNSW-NB15,scrub_r,RETAINED_MACRO,retained_macro,0.8153302983965848,0.7551220604461237,0.9268375232636507,0.6907740522809626,0.7823341231370501,0.7726795656856235,0.8410850402900799,0.6579084517546864,21577.0,791.0,5446.0,29195.0,57009.0,0.6076408988054518
numerical_feature_transformer,1337,NF-UNSW-NB15,scrub_r@lr=0.001,NF-UNSW-NB15,forgotten,0.8511581355447526,0.7921853110540812,0.3020589001824342,0.722568578553616,0.42602462782576733,0.8753855569045186,0.390823003762005,0.4261762876409499,16700.0,2678.0,445.0,1159.0,20982.0,0.07644647793346677
numerical_feature_transformer,1337,NF-UNSW-NB15,scrub_r@lr=0.001,NF-ToN-IoT,retained,0.3980059592023837,0.4925864254703468,0.735249621785174,0.2992150223179929,0.42533639645553,0.5158271274459904,0.7513565915588858,1.612590790406227,1529.0,700.0,4553.0,1944.0,8726.0,0.7445564978225991
numerical_feature_transformer,1337,NF-UNSW-NB15,scrub_r@lr=0.001,NF-BoT-IoT,retained,0.9647796719202316,0.857545498469963,0.9996246559346067,0.965090996939926,0.9820543286761995,0.9799786600096634,0.9999705497127189,0.0977398944700056,27.0,9.0,867.0,23969.0,24872.0,0.9985525892569959
numerical_feature_transformer,1337,NF-UNSW-NB15,scrub_r@lr=0.001,NF-CSE-CIC-IDS2018,retained,0.8923155781470249,0.6865121498526843,0.711900915455035,0.3996372430471584,0.5119070667957406,0.770957365817551,0.5507135888621134,0.31369211732218355,19568.0,535.0,1986.0,1322.0,23411.0,0.14130109777455044
numerical_feature_transformer,1337,NF-UNSW-NB15,scrub_r@lr=0.001,RETAINED_MACRO,retained_macro,0.7517004030898801,0.6788813579309979,0.8155917310582718,0.5546477541016924,0.63976593064249,0.7555877177577349,0.7673469100445728,0.674674267399472,21124.0,1244.0,7406.0,27235.0,57009.0,0.6076408988054518
numerical_feature_transformer,1337,NF-UNSW-NB15,retrained,NF-UNSW-NB15,forgotten,0.5571918787532171,0.43718176434236944,0.05489287782281413,0.2955112219451372,0.09258716671549956,0.3708139696944037,0.07988500446844429,1.053080560230916,11217.0,8161.0,1130.0,474.0,20982.0,0.07644647793346677
numerical_feature_transformer,1337,NF-UNSW-NB15,retrained,NF-ToN-IoT,retained,0.5505386202154481,0.6057753956635126,0.8362496735440063,0.49284285054640603,0.6201820646910711,0.6300053038939255,0.8388473781691321,1.012577581331247,1602.0,627.0,3295.0,3202.0,8726.0,0.7445564978225991
numerical_feature_transformer,1337,NF-UNSW-NB15,retrained,NF-BoT-IoT,retained,0.9858475394017369,0.6600633489021313,0.9990216859611936,0.9867933644709292,0.9928698752228164,0.9870282385784077,0.9999810388028705,0.034326195131000256,12.0,24.0,328.0,24508.0,24872.0,0.9985525892569959
numerical_feature_transformer,1337,NF-UNSW-NB15,retrained,NF-CSE-CIC-IDS2018,retained,0.8798855238990219,0.7472113536688714,0.5769230769230769,0.562273276904474,0.5695039804041642,0.9141408370230675,0.7294882186248011,0.26994316031010807,18739.0,1364.0,1448.0,1860.0,23411.0,0.14130109777455044
numerical_feature_transformer,1337,NF-UNSW-NB15,retrained,RETAINED_MACRO,retained_macro,0.8054238945054023,0.6710166994115051,0.804064812142759,0.6806364973072698,0.7275186401060173,0.8437247931651335,0.8561055451989347,0.4389489789241185,20353.0,2015.0,5071.0,29570.0,57009.0,0.6076408988054518
numerical_feature_transformer,1337,NF-ToN-IoT,original,NF-UNSW-NB15,retained,0.9989514822228577,0.9939998993639856,0.9981108312342569,0.9881546134663342,0.9931077694235589,0.999872145933031,0.995517109950965,0.0058878632991396975,19375.0,3.0,19.0,1585.0,20982.0,0.07644647793346677
numerical_feature_transformer,1337,NF-ToN-IoT,original,NF-ToN-IoT,forgotten,0.6376346550538621,0.6576328530136386,0.8563795682838213,0.6167461905494844,0.7170722977809592,0.7268784647336628,0.8375352654405349,0.648613628222986,1557.0,672.0,2490.0,4007.0,8726.0,0.7445564978225991
numerical_feature_transformer,1337,NF-ToN-IoT,original,NF-BoT-IoT,retained,0.9897877130910261,0.7036425618725506,0.9991471734892787,0.9906184570784345,0.9948645369995957,0.9896263935863711,0.9999848739489641,0.021302208136073045,15.0,21.0,233.0,24603.0,24872.0,0.9985525892569959
numerical_feature_transformer,1337,NF-ToN-IoT,original,NF-CSE-CIC-IDS2018,retained,0.9205928836871556,0.906661865816679,0.6638769509160823,0.8872430471584039,0.759477293310907,0.9551742173513781,0.8989062553761729,0.19716049636068578,18617.0,1486.0,373.0,2935.0,23411.0,0.14130109777455044
numerical_feature_transformer,1337,NF-ToN-IoT,original,RETAINED_MACRO,retained_macro,0.9697773596670132,0.8681014423510717,0.8870449852132061,0.9553387059010575,0.9158165332446871,0.9815575856235933,0.9648027464253673,0.07478352259863284,38007.0,1510.0,625.0,29123.0,69265.0,0.4294809788493467
numerical_feature_transformer,1337,NF-ToN-IoT,rollback_repair,NF-UNSW-NB15,retained,0.9235535220665332,0.5,0.0,0.0,0.0,0.8721234604427108,0.41323232957446665,0.3799348521516569,19378.0,0.0,1604.0,0.0,20982.0,0.07644647793346677
numerical_feature_transformer,1337,NF-ToN-IoT,rollback_repair,NF-ToN-IoT,forgotten,0.25544350217740086,0.5,0.0,0.0,0.0,0.20614777307233562,0.5817577840370257,1.0508252715198712,2229.0,0.0,6497.0,0.0,8726.0,0.7445564978225991
numerical_feature_transformer,1337,NF-ToN-IoT,rollback_repair,NF-BoT-IoT,retained,0.0014474107430041815,0.5,0.0,0.0,0.0,0.5067968092911723,0.9978045984295831,1.2445374326840426,36.0,0.0,24836.0,0.0,24872.0,0.9985525892569959
numerical_feature_transformer,1337,NF-ToN-IoT,rollback_repair,NF-CSE-CIC-IDS2018,retained,0.8586989022254495,0.5,0.0,0.0,0.0,0.2877342057208279,0.09315044152323791,0.5375226364497105,20103.0,0.0,3308.0,0.0,23411.0,0.14130109777455044
numerical_feature_transformer,1337,NF-ToN-IoT,rollback_repair,RETAINED_MACRO,retained_macro,0.5945666116783289,0.5,0.0,0.0,0.0,0.555551491818237,0.5013957898424292,0.7206649737618033,39517.0,0.0,29748.0,0.0,69265.0,0.4294809788493467
numerical_feature_transformer,1337,NF-ToN-IoT,ssd_canonical,NF-UNSW-NB15,retained,0.9989514822228577,0.9939998993639856,0.9981108312342569,0.9881546134663342,0.9931077694235589,0.999872145933031,0.995517109950965,0.0058878632991396975,19375.0,3.0,19.0,1585.0,20982.0,0.07644647793346677
numerical_feature_transformer,1337,NF-ToN-IoT,ssd_canonical,NF-ToN-IoT,forgotten,0.6376346550538621,0.6576328530136386,0.8563795682838213,0.6167461905494844,0.7170722977809592,0.7268784647336628,0.8375352654405349,0.648613628222986,1557.0,672.0,2490.0,4007.0,8726.0,0.7445564978225991
numerical_feature_transformer,1337,NF-ToN-IoT,ssd_canonical,NF-BoT-IoT,retained,0.9897877130910261,0.7036425618725506,0.9991471734892787,0.9906184570784345,0.9948645369995957,0.9896263935863711,0.9999848739489641,0.021302208136073045,15.0,21.0,233.0,24603.0,24872.0,0.9985525892569959
numerical_feature_transformer,1337,NF-ToN-IoT,ssd_canonical,NF-CSE-CIC-IDS2018,retained,0.9205928836871556,0.906661865816679,0.6638769509160823,0.8872430471584039,0.759477293310907,0.9551742173513781,0.8989062553761729,0.19716049636068578,18617.0,1486.0,373.0,2935.0,23411.0,0.14130109777455044
numerical_feature_transformer,1337,NF-ToN-IoT,ssd_canonical,RETAINED_MACRO,retained_macro,0.9697773596670132,0.8681014423510717,0.8870449852132061,0.9553387059010575,0.9158165332446871,0.9815575856235933,0.9648027464253673,0.07478352259863284,38007.0,1510.0,625.0,29123.0,69265.0,0.4294809788493467
numerical_feature_transformer,1337,NF-ToN-IoT,ssd_canonical@alpha=1,NF-UNSW-NB15,retained,0.9235535220665332,0.5,0.0,0.0,0.0,0.701346042083356,0.24236233640505087,0.631296513728584,19378.0,0.0,1604.0,0.0,20982.0,0.07644647793346677
numerical_feature_transformer,1337,NF-ToN-IoT,ssd_canonical@alpha=1,NF-ToN-IoT,forgotten,0.25544350217740086,0.5,0.0,0.0,0.0,0.27155895466955693,0.6019492528088324,0.7378380629092317,2229.0,0.0,6497.0,0.0,8726.0,0.7445564978225991
numerical_feature_transformer,1337,NF-ToN-IoT,ssd_canonical@alpha=1,NF-BoT-IoT,retained,0.0014474107430041815,0.5,0.0,0.0,0.0,0.5850786716415239,0.9971241702685406,0.7605697819516851,36.0,0.0,24836.0,0.0,24872.0,0.9985525892569959
numerical_feature_transformer,1337,NF-ToN-IoT,ssd_canonical@alpha=1,NF-CSE-CIC-IDS2018,retained,0.8586989022254495,0.5,0.0,0.0,0.0,0.18049386199163786,0.0834486236259252,0.64593800892688,20103.0,0.0,3308.0,0.0,23411.0,0.14130109777455044
numerical_feature_transformer,1337,NF-ToN-IoT,ssd_canonical@alpha=1,RETAINED_MACRO,retained_macro,0.5945666116783289,0.5,0.0,0.0,0.0,0.4889728585721726,0.4409783767665056,0.6792681015357163,39517.0,0.0,29748.0,0.0,69265.0,0.4294809788493467
numerical_feature_transformer,1337,NF-ToN-IoT,ssd_canonical@alpha=2,NF-UNSW-NB15,retained,0.9235535220665332,0.5,0.0,0.0,0.0,0.8521159075940039,0.4144683902981358,0.6442549990267514,19378.0,0.0,1604.0,0.0,20982.0,0.07644647793346677
numerical_feature_transformer,1337,NF-ToN-IoT,ssd_canonical@alpha=2,NF-ToN-IoT,forgotten,0.25544350217740086,0.5,0.0,0.0,0.0,0.23196584571282616,0.5875692861929656,0.7288238419354095,2229.0,0.0,6497.0,0.0,8726.0,0.7445564978225991
numerical_feature_transformer,1337,NF-ToN-IoT,ssd_canonical@alpha=2,NF-BoT-IoT,retained,0.0014474107430041815,0.5,0.0,0.0,0.0,0.5476179291709169,0.99684082642268,0.7292682236741604,36.0,0.0,24836.0,0.0,24872.0,0.9985525892569959
numerical_feature_transformer,1337,NF-ToN-IoT,ssd_canonical@alpha=2,NF-CSE-CIC-IDS2018,retained,0.8586989022254495,0.5,0.0,0.0,0.0,0.1724231528667267,0.0835506189446373,0.6664872138885107,20103.0,0.0,3308.0,0.0,23411.0,0.14130109777455044
numerical_feature_transformer,1337,NF-ToN-IoT,ssd_canonical@alpha=2,RETAINED_MACRO,retained_macro,0.5945666116783289,0.5,0.0,0.0,0.0,0.5240523298772158,0.4982866118884844,0.6800034788631409,39517.0,0.0,29748.0,0.0,69265.0,0.4294809788493467
numerical_feature_transformer,1337,NF-ToN-IoT,ssd_canonical@alpha=3,NF-UNSW-NB15,retained,0.3985320751120008,0.6246232262258998,0.10305563562986451,0.8915211970074813,0.1847545219638243,0.8359909327208349,0.4699651778459332,0.6955982378552197,6932.0,12446.0,174.0,1430.0,20982.0,0.07644647793346677
numerical_feature_transformer,1337,NF-ToN-IoT,ssd_canonical@alpha=3,NF-ToN-IoT,forgotten,0.7420352968141187,0.4983069108819455,0.7439108455882353,0.996613821763891,0.851917636997566,0.17234917340805325,0.573017853327112,0.669024124860107,0.0,2229.0,22.0,6475.0,8726.0,0.7445564978225991
numerical_feature_transformer,1337,NF-ToN-IoT,ssd_canonical@alpha=3,NF-BoT-IoT,retained,0.9985525892569959,0.5,0.9985525892569959,1.0,0.9992757704997184,0.5672746550705964,0.9970411912967034,0.5480111357675385,0.0,36.0,0.0,24836.0,24872.0,0.9985525892569959
numerical_feature_transformer,1337,NF-ToN-IoT,ssd_canonical@alpha=3,NF-CSE-CIC-IDS2018,retained,0.14228354192473625,0.4072534834357593,0.11725239616613418,0.776602176541717,0.2037433579189468,0.16738125287177325,0.08285430883016193,0.8093192612176023,762.0,19341.0,739.0,2569.0,23411.0,0.14130109777455044
numerical_feature_transformer,1337,NF-ToN-IoT,ssd_canonical@alpha=3,RETAINED_MACRO,retained_macro,0.5131227354312443,0.5106255698872197,0.40628687368433153,0.8893744578497328,0.4625912167941631,0.5235489468877349,0.5166202259909328,0.6843095449467868,7694.0,31823.0,913.0,28835.0,69265.0,0.4294809788493467
numerical_feature_transformer,1337,NF-ToN-IoT,ssd_canonical@alpha=5,NF-UNSW-NB15,retained,0.922695643885235,0.5021088199616554,0.25,0.005610972568578554,0.01097560975609756,0.8008660198765137,0.18584023041917241,0.23390142907415348,19351.0,27.0,1595.0,9.0,20982.0,0.07644647793346677
numerical_feature_transformer,1337,NF-ToN-IoT,ssd_canonical@alpha=5,NF-ToN-IoT,forgotten,0.3355489342195737,0.5537940587963676,1.0,0.10758811759273511,0.1942745969983324,0.7495479329832528,0.8989268167208273,1.3618684351376227,2229.0,0.0,5798.0,699.0,8726.0,0.7445564978225991
numerical_feature_transformer,1337,NF-ToN-IoT,ssd_canonical@alpha=5,NF-BoT-IoT,retained,0.16170794467674493,0.5802464164921888,1.0,0.16049283298437753,0.27659426826729583,0.744159463860704,0.9995679065267328,1.4929774679744652,36.0,0.0,20850.0,3986.0,24872.0,0.9985525892569959
numerical_feature_transformer,1337,NF-ToN-IoT,ssd_canonical@alpha=5,NF-CSE-CIC-IDS2018,retained,0.8585280423732433,0.4999005123613391,0.0,0.0,0.0,0.8901656168435098,0.5844322362669659,0.3734217578544502,20099.0,4.0,3308.0,0.0,23411.0,0.14130109777455044
numerical_feature_transformer,1337,NF-ToN-IoT,ssd_canonical@alpha=5,RETAINED_MACRO,retained_macro,0.6476438769784078,0.5274185829383945,0.4166666666666667,0.0553679351843187,0.0958566260077978,0.8117303668602425,0.589946791070957,0.700100218301023,39486.0,31.0,25753.0,3995.0,69265.0,0.4294809788493467
numerical_feature_transformer,1337,NF-ToN-IoT,dc_ssd_no_contrast,NF-UNSW-NB15,retained,0.9640167762844343,0.8976028552830948,0.7386172006745363,0.8192019950124688,0.7768253029855158,0.9750881144234057,0.8791559811290938,0.107142388189109,18913.0,465.0,290.0,1314.0,20982.0,0.07644647793346677
numerical_feature_transformer,1337,NF-ToN-IoT,dc_ssd_no_contrast,NF-ToN-IoT,forgotten,0.22793949117579648,0.3993045967379913,0.363013698630137,0.04894566723102971,0.08626068086260681,0.20669394087604914,0.5878534511497515,3.0594920948884954,1671.0,558.0,6179.0,318.0,8726.0,0.7445564978225991
numerical_feature_transformer,1337,NF-ToN-IoT,dc_ssd_no_contrast,NF-BoT-IoT,retained,0.7254744290768735,0.5574256008303359,0.9987812984710835,0.7259623127717829,0.8407946278679351,0.5307494944614448,0.9959949978685317,0.5287850528094855,14.0,22.0,6806.0,18030.0,24872.0,0.9985525892569959
numerical_feature_transformer,1337,NF-ToN-IoT,dc_ssd_no_contrast,NF-CSE-CIC-IDS2018,retained,0.8549827004399642,0.6034035659521542,0.4752700397953383,0.25272067714631197,0.32997829090191433,0.5208418257220778,0.28934527071442645,0.5304033582005419,19180.0,923.0,2472.0,836.0,23411.0,0.14130109777455044
numerical_feature_transformer,1337,NF-ToN-IoT,dc_ssd_no_contrast,RETAINED_MACRO,retained_macro,0.848157968600424,0.6861440073551949,0.7375561796469859,0.5992949949768546,0.6491994072517885,0.6755598115356428,0.7214987499040174,0.38877693306637884,38107.0,1410.0,9568.0,20180.0,69265.0,0.4294809788493467
numerical_feature_transformer,1337,NF-ToN-IoT,dc_ssd_no_class_balance,NF-UNSW-NB15,retained,0.07358688399580593,0.48129675810473815,0.07379791606920945,0.9625935162094763,0.13708603391636331,0.13768512458146615,0.04215939549304336,0.694138672317855,0.0,19378.0,60.0,1544.0,20982.0,0.07644647793346677
numerical_feature_transformer,1337,NF-ToN-IoT,dc_ssd_no_class_balance,NF-ToN-IoT,forgotten,0.7449002979601191,0.5006729475100942,0.7448125644846957,1.0,0.8537450722733245,0.5296281273622301,0.7207023031272612,0.6927798621066565,3.0,2226.0,0.0,6497.0,8726.0,0.7445564978225991
numerical_feature_transformer,1337,NF-ToN-IoT,dc_ssd_no_class_balance,NF-BoT-IoT,retained,0.44471695078803475,0.3197620837136057,0.9973833799512767,0.44507972298276693,0.615495977059495,0.2852065102628801,0.9971478398432286,0.6929948341601262,7.0,29.0,13782.0,11054.0,24872.0,0.9985525892569959
numerical_feature_transformer,1337,NF-ToN-IoT,dc_ssd_no_class_balance,NF-CSE-CIC-IDS2018,retained,0.14138652770065355,0.5000497438193304,0.14131317014823358,1.0,0.24763259347980687,0.2972720868422425,0.09605766865417939,0.6940325687380696,2.0,20101.0,0.0,3308.0,23411.0,0.14130109777455044
numerical_feature_transformer,1337,NF-ToN-IoT,dc_ssd_no_class_balance,RETAINED_MACRO,retained_macro,0.2198967874948314,0.43370286187922474,0.4041648220562399,0.8025577463974144,0.3334048681518884,0.24005457389552956,0.37845496799681716,0.693722025072017,9.0,39508.0,13842.0,15906.0,69265.0,0.4294809788493467
numerical_feature_transformer,1337,NF-ToN-IoT,dc_ssd,NF-UNSW-NB15,retained,0.9235535220665332,0.5,0.0,0.0,0.0,0.8500662692015961,0.6906183865627324,0.28261005358370583,19378.0,0.0,1604.0,0.0,20982.0,0.07644647793346677
numerical_feature_transformer,1337,NF-ToN-IoT,dc_ssd,NF-ToN-IoT,forgotten,0.25544350217740086,0.5,0.0,0.0,0.0,0.5632681488153451,0.7167567954581888,2.765963341529311,2229.0,0.0,6497.0,0.0,8726.0,0.7445564978225991
numerical_feature_transformer,1337,NF-ToN-IoT,dc_ssd,NF-BoT-IoT,retained,0.0014474107430041815,0.5,0.0,0.0,0.0,0.881434432096777,0.9993907267289505,3.5074465224716764,36.0,0.0,24836.0,0.0,24872.0,0.9985525892569959
numerical_feature_transformer,1337,NF-ToN-IoT,dc_ssd,NF-CSE-CIC-IDS2018,retained,0.8586989022254495,0.5,0.0,0.0,0.0,0.8315794877661782,0.4102553195950393,0.5431952525280471,20103.0,0.0,3308.0,0.0,23411.0,0.14130109777455044
numerical_feature_transformer,1337,NF-ToN-IoT,dc_ssd,RETAINED_MACRO,retained_macro,0.5945666116783289,0.5,0.0,0.0,0.0,0.8543600630215171,0.7000881442955741,1.4444172761944765,39517.0,0.0,29748.0,0.0,69265.0,0.4294809788493467
numerical_feature_transformer,1337,NF-ToN-IoT,scrub_r,NF-UNSW-NB15,retained,0.9986178629301306,0.9926756092017865,0.996219281663516,0.9856608478802993,0.9909119398307741,0.9998561561315003,0.9958707186203136,0.005556990670089679,19372.0,6.0,23.0,1581.0,20982.0,0.07644647793346677
numerical_feature_transformer,1337,NF-ToN-IoT,scrub_r,NF-ToN-IoT,forgotten,0.8282145312858125,0.6776021413893412,0.8200563524590164,0.9855317839002616,0.8952114645228941,0.8327597173088757,0.9059840093127784,0.8704343430985891,824.0,1405.0,94.0,6403.0,8726.0,0.7445564978225991
numerical_feature_transformer,1337,NF-ToN-IoT,scrub_r,NF-BoT-IoT,retained,0.992039240913477,0.6909012007659133,0.9991086621829673,0.9929135126429377,0.9960014540167212,0.7112502460585888,0.9990248214004024,0.026019953786834447,14.0,22.0,176.0,24660.0,24872.0,0.9985525892569959
numerical_feature_transformer,1337,NF-ToN-IoT,scrub_r,NF-CSE-CIC-IDS2018,retained,0.9810345564051087,0.9373096524482951,0.9880708929788684,0.876360338573156,0.9288689522588914,0.955290464206074,0.9229202865777212,0.09917492137137951,20068.0,35.0,409.0,2899.0,23411.0,0.14130109777455044
numerical_feature_transformer,1337,NF-ToN-IoT,scrub_r,RETAINED_MACRO,retained_macro,0.9905638867495722,0.8736288208053317,0.9944662789417839,0.9516448996987977,0.9719274487021289,0.8887989554653877,0.9726052755328124,0.04358395527610121,39454.0,63.0,608.0,29140.0,69265.0,0.4294809788493467
numerical_feature_transformer,1337,NF-ToN-IoT,scrub_r@lr=0.001,NF-UNSW-NB15,retained,0.9983319035363645,0.9916630397378419,0.994328922495274,0.983790523690773,0.9890316515198997,0.9991766699980362,0.9957269413544135,0.008656690358048388,19369.0,9.0,26.0,1578.0,20982.0,0.07644647793346677
numerical_feature_transformer,1337,NF-ToN-IoT,scrub_r@lr=0.001,NF-ToN-IoT,forgotten,0.2887921155168462,0.42985460453052393,0.5940530058177117,0.14144989995382484,0.22849328692192938,0.4007485112533907,0.6855522682403757,2.648910658395101,1601.0,628.0,5578.0,919.0,8726.0,0.7445564978225991
numerical_feature_transformer,1337,NF-ToN-IoT,scrub_r@lr=0.001,NF-BoT-IoT,retained,0.9808218076551946,0.7130218678978544,0.9991802942743555,0.9815992913512643,0.9903117700822586,0.9364732646158802,0.9998960867196275,0.05381413707337559,16.0,20.0,457.0,24379.0,24872.0,0.9985525892569959
numerical_feature_transformer,1337,NF-ToN-IoT,scrub_r@lr=0.001,NF-CSE-CIC-IDS2018,retained,0.9566870274657212,0.855700841693092,0.9708538587848933,0.7149334945586457,0.8234679665738162,0.9440644285316352,0.8794893908674205,0.15168141663255913,20032.0,71.0,943.0,2365.0,23411.0,0.14130109777455044
numerical_feature_transformer,1337,NF-ToN-IoT,scrub_r@lr=0.001,RETAINED_MACRO,retained_macro,0.9786135795524268,0.8534619164429295,0.9881210251848409,0.8934411032002277,0.9342704627253248,0.959904787715184,0.9583708063138205,0.07138408135466102,39417.0,100.0,1426.0,28322.0,69265.0,0.4294809788493467
numerical_feature_transformer,1337,NF-ToN-IoT,retrained,NF-UNSW-NB15,retained,0.9981889238394814,0.9890123681919157,0.9980916030534351,0.9781795511221946,0.9880352644836272,0.9999279654615141,0.9986960888443155,0.004650488299794374,19375.0,3.0,35.0,1569.0,20982.0,0.07644647793346677
numerical_feature_transformer,1337,NF-ToN-IoT,retrained,NF-ToN-IoT,forgotten,0.8639697455878982,0.7599666906346602,0.8623089519650655,0.9726027397260274,0.9141410488245931,0.7196526774651765,0.8159857816983457,0.880710042711303,1220.0,1009.0,178.0,6319.0,8726.0,0.7445564978225991
numerical_feature_transformer,1337,NF-ToN-IoT,retrained,NF-BoT-IoT,retained,0.99191862335156,0.6908408045668474,0.9991085538311925,0.9927927202448059,0.9959406240533172,0.8301630921064405,0.9996460266460134,0.022412853620759253,14.0,22.0,179.0,24657.0,24872.0,0.9985525892569959
numerical_feature_transformer,1337,NF-ToN-IoT,retrained,NF-CSE-CIC-IDS2018,retained,0.9820170005552945,0.9385130904740225,0.9941800753166724,0.8778718258766627,0.932412907368759,0.9536167982171142,0.9252631253170663,0.09662861007593106,20086.0,17.0,404.0,2904.0,23411.0,0.14130109777455044
numerical_feature_transformer,1337,NF-ToN-IoT,retrained,RETAINED_MACRO,retained_macro,0.9907081825821119,0.8727887544109286,0.9971267440671,0.9496146990812212,0.9721295986352345,0.9279026185950229,0.9745350802691317,0.041230650665494896,39475.0,42.0,618.0,29130.0,69265.0,0.4294809788493467
numerical_feature_transformer,1337,NF-BoT-IoT,original,NF-UNSW-NB15,retained,0.9989514822228577,0.9939998993639856,0.9981108312342569,0.9881546134663342,0.9931077694235589,0.999872145933031,0.995517109950965,0.0058878632991396975,19375.0,3.0,19.0,1585.0,20982.0,0.07644647793346677
numerical_feature_transformer,1337,NF-BoT-IoT,original,NF-ToN-IoT,retained,0.6376346550538621,0.6576328530136386,0.8563795682838213,0.6167461905494844,0.7170722977809592,0.7268784647336628,0.8375352654405349,0.648613628222986,1557.0,672.0,2490.0,4007.0,8726.0,0.7445564978225991
numerical_feature_transformer,1337,NF-BoT-IoT,original,NF-BoT-IoT,forgotten,0.9897877130910261,0.7036425618725506,0.9991471734892787,0.9906184570784345,0.9948645369995957,0.9896263935863711,0.9999848739489641,0.021302208136073045,15.0,21.0,233.0,24603.0,24872.0,0.9985525892569959
numerical_feature_transformer,1337,NF-BoT-IoT,original,NF-CSE-CIC-IDS2018,retained,0.9205928836871556,0.906661865816679,0.6638769509160823,0.8872430471584039,0.759477293310907,0.9551742173513781,0.8989062553761729,0.19716049636068578,18617.0,1486.0,373.0,2935.0,23411.0,0.14130109777455044
numerical_feature_transformer,1337,NF-BoT-IoT,original,RETAINED_MACRO,retained_macro,0.8523930069879584,0.8527648727314343,0.8394557834780536,0.830714617058074,0.8232191201718084,0.8939749426726906,0.9106528769225576,0.28388732929427046,39549.0,2161.0,2882.0,8527.0,53119.0,0.21478190477983397
numerical_feature_transformer,1337,NF-BoT-IoT,rollback_repair,NF-UNSW-NB15,retained,0.9235535220665332,0.5,0.0,0.0,0.0,0.10525766230002453,0.04107611598368619,0.31615517098607815,19378.0,0.0,1604.0,0.0,20982.0,0.07644647793346677
numerical_feature_transformer,1337,NF-BoT-IoT,rollback_repair,NF-ToN-IoT,retained,0.25544350217740086,0.5,0.0,0.0,0.0,0.658648299076918,0.7777242297633045,1.362894520336581,2229.0,0.0,6497.0,0.0,8726.0,0.7445564978225991
numerical_feature_transformer,1337,NF-BoT-IoT,rollback_repair,NF-BoT-IoT,forgotten,0.0014474107430041815,0.5,0.0,0.0,0.0,0.567247812315456,0.9986672419908706,1.77316884898469,36.0,0.0,24836.0,0.0,24872.0,0.9985525892569959
numerical_feature_transformer,1337,NF-BoT-IoT,rollback_repair,NF-CSE-CIC-IDS2018,retained,0.8586989022254495,0.5,0.0,0.0,0.0,0.8439471350717926,0.5184116438867977,0.4062370529123491,20103.0,0.0,3308.0,0.0,23411.0,0.14130109777455044
numerical_feature_transformer,1337,NF-BoT-IoT,rollback_repair,RETAINED_MACRO,retained_macro,0.6792319754897945,0.5,0.0,0.0,0.0,0.5359510321495784,0.44573732987792947,0.6950955814116694,41710.0,0.0,11409.0,0.0,53119.0,0.21478190477983397
numerical_feature_transformer,1337,NF-BoT-IoT,ssd_canonical,NF-UNSW-NB15,retained,0.9989514822228577,0.9939998993639856,0.9981108312342569,0.9881546134663342,0.9931077694235589,0.999872145933031,0.995517109950965,0.0058878632991396975,19375.0,3.0,19.0,1585.0,20982.0,0.07644647793346677
numerical_feature_transformer,1337,NF-BoT-IoT,ssd_canonical,NF-ToN-IoT,retained,0.6376346550538621,0.6576328530136386,0.8563795682838213,0.6167461905494844,0.7170722977809592,0.7268784647336628,0.8375352654405349,0.648613628222986,1557.0,672.0,2490.0,4007.0,8726.0,0.7445564978225991
numerical_feature_transformer,1337,NF-BoT-IoT,ssd_canonical,NF-BoT-IoT,forgotten,0.9897877130910261,0.7036425618725506,0.9991471734892787,0.9906184570784345,0.9948645369995957,0.9896263935863711,0.9999848739489641,0.021302208136073045,15.0,21.0,233.0,24603.0,24872.0,0.9985525892569959
numerical_feature_transformer,1337,NF-BoT-IoT,ssd_canonical,NF-CSE-CIC-IDS2018,retained,0.9205928836871556,0.906661865816679,0.6638769509160823,0.8872430471584039,0.759477293310907,0.9551742173513781,0.8989062553761729,0.19716049636068578,18617.0,1486.0,373.0,2935.0,23411.0,0.14130109777455044
numerical_feature_transformer,1337,NF-BoT-IoT,ssd_canonical,RETAINED_MACRO,retained_macro,0.8523930069879584,0.8527648727314343,0.8394557834780536,0.830714617058074,0.8232191201718084,0.8939749426726906,0.9106528769225576,0.28388732929427046,39549.0,2161.0,2882.0,8527.0,53119.0,0.21478190477983397
numerical_feature_transformer,1337,NF-BoT-IoT,ssd_canonical@alpha=1,NF-UNSW-NB15,retained,0.9991421218187018,0.995246782157003,0.9981155778894473,0.9906483790523691,0.9943679599499374,0.9998722424509476,0.9954852955523927,0.005686847959181677,19375.0,3.0,15.0,1589.0,20982.0,0.07644647793346677
numerical_feature_transformer,1337,NF-BoT-IoT,ssd_canonical@alpha=1,NF-ToN-IoT,retained,0.6729314691725876,0.6823676013493614,0.8662779006635833,0.6630752655071571,0.7511769834350479,0.7463241653513962,0.8431963263107171,0.6295633163334975,1564.0,665.0,2189.0,4308.0,8726.0,0.7445564978225991
numerical_feature_transformer,1337,NF-BoT-IoT,ssd_canonical@alpha=1,NF-BoT-IoT,forgotten,0.9871341267288517,0.6884450886705679,0.9991042345276873,0.9880012884522468,0.9935217426512268,0.9827926755068807,0.9999747337422432,0.050361370979291636,14.0,22.0,298.0,24538.0,24872.0,0.9985525892569959
numerical_feature_transformer,1337,NF-BoT-IoT,ssd_canonical@alpha=1,NF-CSE-CIC-IDS2018,retained,0.9183717056084747,0.9089042774932796,0.6542283064694193,0.8957073760580411,0.7561566926119688,0.9570393850148158,0.9097975172804965,0.196864241350996,18537.0,1566.0,345.0,2963.0,23411.0,0.14130109777455044
numerical_feature_transformer,1337,NF-BoT-IoT,ssd_canonical@alpha=1,RETAINED_MACRO,retained_macro,0.8634817655332547,0.8621728869998814,0.8395405950074833,0.8498103402058558,0.8339005453323182,0.90107859760572,0.9161597130478687,0.27737146854789174,39476.0,2234.0,2549.0,8860.0,53119.0,0.21478190477983397
numerical_feature_transformer,1337,NF-BoT-IoT,ssd_canonical@alpha=2,NF-UNSW-NB15,retained,0.9991421218187018,0.995246782157003,0.9981155778894473,0.9906483790523691,0.9943679599499374,0.9998716633434476,0.9954857515388588,0.00575311791778796,19375.0,3.0,15.0,1589.0,20982.0,0.07644647793346677
numerical_feature_transformer,1337,NF-BoT-IoT,ssd_canonical@alpha=2,NF-ToN-IoT,retained,0.6165482466192986,0.6431777568181554,0.8501889308735274,0.5887332615053101,0.695707530010913,0.7283701287953381,0.835366531706187,0.6666476731167967,1555.0,674.0,2672.0,3825.0,8726.0,0.7445564978225991
numerical_feature_transformer,1337,NF-BoT-IoT,ssd_canonical@alpha=2,NF-BoT-IoT,forgotten,0.9892248311354133,0.7172294697661101,0.9991872561768531,0.9900144950877758,0.9945797265593399,0.9893859272382384,0.9999845271999506,0.023279458551904702,16.0,20.0,248.0,24588.0,24872.0,0.9985525892569959
numerical_feature_transformer,1337,NF-BoT-IoT,ssd_canonical@alpha=2,NF-CSE-CIC-IDS2018,retained,0.9245226602878989,0.9103391265334193,0.6770857274189841,0.8905683192261185,0.7692910301605954,0.9569594309980746,0.9060231200552342,0.1935658866741547,18698.0,1405.0,362.0,2946.0,23411.0,0.14130109777455044
numerical_feature_transformer,1337,NF-BoT-IoT,ssd_canonical@alpha=2,RETAINED_MACRO,retained_macro,0.8467376762419665,0.8495878885028593,0.8417967453939862,0.823316653261266,0.8197888400404819,0.8950670743789534,0.9122918011000932,0.2886555592362465,39628.0,2082.0,3049.0,8360.0,53119.0,0.21478190477983397
numerical_feature_transformer,1337,NF-BoT-IoT,ssd_canonical@alpha=3,NF-UNSW-NB15,retained,0.9989514822228577,0.9939998993639856,0.9981108312342569,0.9881546134663342,0.9931077694235589,0.999872145933031,0.995517109950965,0.0058878632991396975,19375.0,3.0,19.0,1585.0,20982.0,0.07644647793346677
numerical_feature_transformer,1337,NF-BoT-IoT,ssd_canonical@alpha=3,NF-ToN-IoT,retained,0.6376346550538621,0.6576328530136386,0.8563795682838213,0.6167461905494844,0.7170722977809592,0.7268784647336628,0.8375352654405349,0.648613628222986,1557.0,672.0,2490.0,4007.0,8726.0,0.7445564978225991
numerical_feature_transformer,1337,NF-BoT-IoT,ssd_canonical@alpha=3,NF-BoT-IoT,forgotten,0.9897877130910261,0.7036425618725506,0.9991471734892787,0.9906184570784345,0.9948645369995957,0.9896263935863711,0.9999848739489641,0.021302208136073045,15.0,21.0,233.0,24603.0,24872.0,0.9985525892569959
numerical_feature_transformer,1337,NF-BoT-IoT,ssd_canonical@alpha=3,NF-CSE-CIC-IDS2018,retained,0.9205928836871556,0.906661865816679,0.6638769509160823,0.8872430471584039,0.759477293310907,0.9551742173513781,0.8989062553761729,0.19716049636068578,18617.0,1486.0,373.0,2935.0,23411.0,0.14130109777455044
numerical_feature_transformer,1337,NF-BoT-IoT,ssd_canonical@alpha=3,RETAINED_MACRO,retained_macro,0.8523930069879584,0.8527648727314343,0.8394557834780536,0.830714617058074,0.8232191201718084,0.8939749426726906,0.9106528769225576,0.28388732929427046,39549.0,2161.0,2882.0,8527.0,53119.0,0.21478190477983397
numerical_feature_transformer,1337,NF-BoT-IoT,ssd_canonical@alpha=5,NF-UNSW-NB15,retained,0.9989514822228577,0.9939998993639856,0.9981108312342569,0.9881546134663342,0.9931077694235589,0.999872145933031,0.995517109950965,0.0058878632991396975,19375.0,3.0,19.0,1585.0,20982.0,0.07644647793346677
numerical_feature_transformer,1337,NF-BoT-IoT,ssd_canonical@alpha=5,NF-ToN-IoT,retained,0.6376346550538621,0.6576328530136386,0.8563795682838213,0.6167461905494844,0.7170722977809592,0.7268784647336628,0.8375352654405349,0.648613628222986,1557.0,672.0,2490.0,4007.0,8726.0,0.7445564978225991
numerical_feature_transformer,1337,NF-BoT-IoT,ssd_canonical@alpha=5,NF-BoT-IoT,forgotten,0.9897877130910261,0.7036425618725506,0.9991471734892787,0.9906184570784345,0.9948645369995957,0.9896263935863711,0.9999848739489641,0.021302208136073045,15.0,21.0,233.0,24603.0,24872.0,0.9985525892569959
numerical_feature_transformer,1337,NF-BoT-IoT,ssd_canonical@alpha=5,NF-CSE-CIC-IDS2018,retained,0.9205928836871556,0.906661865816679,0.6638769509160823,0.8872430471584039,0.759477293310907,0.9551742173513781,0.8989062553761729,0.19716049636068578,18617.0,1486.0,373.0,2935.0,23411.0,0.14130109777455044
numerical_feature_transformer,1337,NF-BoT-IoT,ssd_canonical@alpha=5,RETAINED_MACRO,retained_macro,0.8523930069879584,0.8527648727314343,0.8394557834780536,0.830714617058074,0.8232191201718084,0.8939749426726906,0.9106528769225576,0.28388732929427046,39549.0,2161.0,2882.0,8527.0,53119.0,0.21478190477983397
numerical_feature_transformer,1337,NF-BoT-IoT,dc_ssd_no_contrast,NF-UNSW-NB15,retained,0.08140310742541226,0.47695081369751385,0.07314716397719587,0.9438902743142145,0.13577257645054255,0.6679864741078463,0.201872453649954,1.3434259205243335,194.0,19184.0,90.0,1514.0,20982.0,0.07644647793346677
numerical_feature_transformer,1337,NF-BoT-IoT,dc_ssd_no_contrast,NF-ToN-IoT,retained,0.8545725418290168,0.7540981574613621,0.861049723756906,0.9595197783592427,0.9076217514741209,0.6720225568442294,0.7790424158916793,0.5012030937917121,1223.0,1006.0,263.0,6234.0,8726.0,0.7445564978225991
numerical_feature_transformer,1337,NF-BoT-IoT,dc_ssd_no_contrast,NF-BoT-IoT,forgotten,0.029068832422000642,0.31966813407061434,0.9804195804195804,0.028225157030117572,0.05487065085515244,0.3647046849555305,0.9966898826021183,1.0706425371540174,22.0,14.0,24135.0,701.0,24872.0,0.9985525892569959
numerical_feature_transformer,1337,NF-BoT-IoT,dc_ssd_no_contrast,NF-CSE-CIC-IDS2018,retained,0.8704455170646277,0.748912440411927,0.5386344478786176,0.5795042321644498,0.5583224115334207,0.7804233229099882,0.6168486096063728,0.4800962850304364,18461.0,1642.0,1391.0,1917.0,23411.0,0.14130109777455044
numerical_feature_transformer,1337,NF-BoT-IoT,dc_ssd_no_contrast,RETAINED_MACRO,retained_macro,0.6021403887730189,0.6599871371902676,0.4909437785375732,0.8276380949459691,0.5339055798193614,0.706810784620688,0.5325878263826688,0.774908433115494,19878.0,21832.0,1744.0,9665.0,53119.0,0.21478190477983397
numerical_feature_transformer,1337,NF-BoT-IoT,dc_ssd_no_class_balance,NF-UNSW-NB15,retained,0.9991421218187018,0.995246782157003,0.9981155778894473,0.9906483790523691,0.9943679599499374,0.9998717920340031,0.9954550188844764,0.00557990195806401,19375.0,3.0,15.0,1589.0,20982.0,0.07644647793346677
numerical_feature_transformer,1337,NF-BoT-IoT,dc_ssd_no_class_balance,NF-ToN-IoT,retained,0.6543662617465047,0.6690161653102411,0.8608749740825212,0.6390641834692935,0.7335689045936395,0.7361583111175376,0.8385884525155813,0.6471599526679686,1558.0,671.0,2345.0,4152.0,8726.0,0.7445564978225991
numerical_feature_transformer,1337,NF-BoT-IoT,dc_ssd_no_class_balance,NF-BoT-IoT,forgotten,0.989305242843358,0.6895322202537535,0.9991061997237345,0.9901755516186181,0.9946208291203236,0.9878749038134609,0.9999823226280887,0.022201380642590952,14.0,22.0,244.0,24592.0,24872.0,0.9985525892569959
numerical_feature_transformer,1337,NF-BoT-IoT,dc_ssd_no_class_balance,NF-CSE-CIC-IDS2018,retained,0.9258895391055487,0.9094934289737958,0.6832052177964127,0.8866384522370012,0.771740560452572,0.9569724985249785,0.9080217923639672,0.19177605315489457,18743.0,1360.0,375.0,2933.0,23411.0,0.14130109777455044
numerical_feature_transformer,1337,NF-BoT-IoT,dc_ssd_no_class_balance,RETAINED_MACRO,retained_macro,0.8597993075569184,0.8579187921470134,0.8473985899227937,0.8387836715862212,0.8332258083320495,0.897667533892173,0.9140217545880084,0.28150530259364237,39676.0,2034.0,2735.0,8674.0,53119.0,0.21478190477983397
numerical_feature_transformer,1337,NF-BoT-IoT,dc_ssd,NF-UNSW-NB15,retained,0.07644647793346677,0.5,0.07644647793346677,1.0,0.142034888869211,0.3939025353068974,0.057313915341883424,1.2189068528942077,0.0,19378.0,0.0,1604.0,20982.0,0.07644647793346677
numerical_feature_transformer,1337,NF-BoT-IoT,dc_ssd,NF-ToN-IoT,retained,0.7445564978225991,0.5,0.7445564978225991,1.0,0.8535768245418117,0.5255749055729417,0.7451014499283891,0.5678855040208827,0.0,2229.0,0.0,6497.0,8726.0,0.7445564978225991
numerical_feature_transformer,1337,NF-BoT-IoT,dc_ssd,NF-BoT-IoT,forgotten,0.9985525892569959,0.5,0.9985525892569959,1.0,0.9992757704997184,0.40245119092356973,0.9972546671760059,0.3300187410061324,0.0,36.0,0.0,24836.0,24872.0,0.9985525892569959
numerical_feature_transformer,1337,NF-BoT-IoT,dc_ssd,NF-CSE-CIC-IDS2018,retained,0.14130109777455044,0.5,0.14130109777455044,1.0,0.2476140574123283,0.5358087454807259,0.3722762031328129,1.1067222524386353,0.0,20103.0,0.0,3308.0,23411.0,0.14130109777455044
numerical_feature_transformer,1337,NF-BoT-IoT,dc_ssd,RETAINED_MACRO,retained_macro,0.3207680245102055,0.5,0.3207680245102055,1.0,0.4144085902744503,0.4850953954535217,0.3915638561343618,0.9645048697845753,0.0,41710.0,0.0,11409.0,53119.0,0.21478190477983397
numerical_feature_transformer,1337,NF-BoT-IoT,scrub_r,NF-UNSW-NB15,retained,0.9963778476789629,0.9777388181419708,0.9967490247074122,0.9557356608478803,0.9758115849777212,0.9996807830768831,0.9952867199263777,0.01381068974344842,19373.0,5.0,71.0,1533.0,20982.0,0.07644647793346677
numerical_feature_transformer,1337,NF-BoT-IoT,scrub_r,NF-ToN-IoT,retained,0.4271143708457483,0.5485311473086968,0.8115640599001663,0.30029244266584576,0.43837771036962137,0.761057230886768,0.8198205876447346,0.9660164238968156,1776.0,453.0,4546.0,1951.0,8726.0,0.7445564978225991
numerical_feature_transformer,1337,NF-BoT-IoT,scrub_r,NF-BoT-IoT,forgotten,0.008161788356384689,0.48949329825879995,0.9940828402366864,0.006764374295377677,0.013437312537492502,0.1270814319715109,0.9952601315808647,3.324711300680239,35.0,1.0,24668.0,168.0,24872.0,0.9985525892569959
numerical_feature_transformer,1337,NF-BoT-IoT,scrub_r,NF-CSE-CIC-IDS2018,retained,0.9391738926145828,0.790194111270127,0.9781725888324873,0.5825272067714631,0.7302008336491095,0.9575230789968542,0.9108352648994085,0.1607090981588349,20060.0,43.0,1381.0,1927.0,23411.0,0.14130109777455044
numerical_feature_transformer,1337,NF-BoT-IoT,scrub_r,RETAINED_MACRO,retained_macro,0.7875553703797648,0.7721546922402648,0.9288285578133553,0.6128517700950631,0.714796709665484,0.9060870309868351,0.9086475241568402,0.3801787372663663,41209.0,501.0,5998.0,5411.0,53119.0,0.21478190477983397
numerical_feature_transformer,1337,NF-BoT-IoT,scrub_r@lr=0.001,NF-UNSW-NB15,retained,0.9975693451529882,0.984959999114609,0.9980756895445798,0.970074812967581,0.9838760670249763,0.9997590591073147,0.9959822996780043,0.01385338841929196,19375.0,3.0,48.0,1556.0,20982.0,0.07644647793346677
numerical_feature_transformer,1337,NF-BoT-IoT,scrub_r@lr=0.001,NF-ToN-IoT,retained,0.4256245702498281,0.5578456923867199,0.8298533984895602,0.28751731568416194,0.427069044352995,0.5688037816812025,0.7837606968892739,1.5098201927506467,1846.0,383.0,4629.0,1868.0,8726.0,0.7445564978225991
numerical_feature_transformer,1337,NF-BoT-IoT,scrub_r@lr=0.001,NF-BoT-IoT,forgotten,0.005628819556127372,0.48822497807841664,0.9905660377358491,0.004227733934611048,0.008419533317296127,0.28768610976897335,0.9950677139786708,3.1866974684591707,35.0,1.0,24731.0,105.0,24872.0,0.9985525892569959
numerical_feature_transformer,1337,NF-BoT-IoT,scrub_r@lr=0.001,NF-CSE-CIC-IDS2018,retained,0.9064115159540387,0.6699696231878618,0.9920704845814978,0.3403869407496977,0.5068647310375872,0.8224423992737281,0.5477603319952642,0.36158097187837396,20094.0,9.0,2182.0,1126.0,23411.0,0.14130109777455044
numerical_feature_transformer,1337,NF-BoT-IoT,scrub_r@lr=0.001,RETAINED_MACRO,retained_macro,0.7765351437856184,0.7375917715630637,0.9399998575385459,0.5326596898004802,0.6392699474718527,0.797001746687415,0.7758344428541809,0.6284181843494375,41315.0,395.0,6859.0,4550.0,53119.0,0.21478190477983397
numerical_feature_transformer,1337,NF-BoT-IoT,retrained,NF-UNSW-NB15,retained,0.9997140406062339,0.999273348777916,0.9975093399750934,0.9987531172069826,0.9981308411214953,0.999912619112761,0.9984511670416716,0.002604858787456137,19374.0,4.0,2.0,1602.0,20982.0,0.07644647793346677
numerical_feature_transformer,1337,NF-BoT-IoT,retrained,NF-ToN-IoT,retained,0.5763236305294522,0.5684215436285498,0.7919099249374478,0.5845774973064491,0.6726290622509519,0.6371660095320938,0.7900062513785232,0.7063356929522266,1231.0,998.0,2699.0,3798.0,8726.0,0.7445564978225991
numerical_feature_transformer,1337,NF-BoT-IoT,retrained,NF-BoT-IoT,forgotten,0.012101962045673851,0.33890991571374884,0.9584775086505191,0.011153164760831051,0.022049751243781095,0.13957114224870706,0.9949872742502992,2.5138411930553093,24.0,12.0,24559.0,277.0,24872.0,0.9985525892569959
numerical_feature_transformer,1337,NF-BoT-IoT,retrained,NF-CSE-CIC-IDS2018,retained,0.8797146640468156,0.7237506542034038,0.586074177746676,0.5063482466747279,0.5433019785922802,0.881891082870015,0.6844938429126789,0.2799256692367416,18920.0,1183.0,1633.0,1675.0,23411.0,0.14130109777455044
numerical_feature_transformer,1337,NF-BoT-IoT,retrained,RETAINED_MACRO,retained_macro,0.8185841117275006,0.7638151822032899,0.7918311475530725,0.6965596203960532,0.7380206273215758,0.8396565705049565,0.8243170871109579,0.3296220736588081,39525.0,2185.0,4334.0,7075.0,53119.0,0.21478190477983397
numerical_feature_transformer,1337,NF-CSE-CIC-IDS2018,original,NF-UNSW-NB15,retained,0.9989514822228577,0.9939998993639856,0.9981108312342569,0.9881546134663342,0.9931077694235589,0.999872145933031,0.995517109950965,0.0058878632991396975,19375.0,3.0,19.0,1585.0,20982.0,0.07644647793346677
numerical_feature_transformer,1337,NF-CSE-CIC-IDS2018,original,NF-ToN-IoT,retained,0.6376346550538621,0.6576328530136386,0.8563795682838213,0.6167461905494844,0.7170722977809592,0.7268784647336628,0.8375352654405349,0.648613628222986,1557.0,672.0,2490.0,4007.0,8726.0,0.7445564978225991
numerical_feature_transformer,1337,NF-CSE-CIC-IDS2018,original,NF-BoT-IoT,retained,0.9897877130910261,0.7036425618725506,0.9991471734892787,0.9906184570784345,0.9948645369995957,0.9896263935863711,0.9999848739489641,0.021302208136073045,15.0,21.0,233.0,24603.0,24872.0,0.9985525892569959
numerical_feature_transformer,1337,NF-CSE-CIC-IDS2018,original,NF-CSE-CIC-IDS2018,forgotten,0.9205928836871556,0.906661865816679,0.6638769509160823,0.8872430471584039,0.759477293310907,0.9551742173513781,0.8989062553761729,0.19716049636068578,18617.0,1486.0,373.0,2935.0,23411.0,0.14130109777455044
numerical_feature_transformer,1337,NF-CSE-CIC-IDS2018,original,RETAINED_MACRO,retained_macro,0.8754579501225819,0.785091771416725,0.9512125243357857,0.8651730870314177,0.9016815347347046,0.9054590014176882,0.9443457497801546,0.22526789988606624,20947.0,696.0,2742.0,30195.0,54580.0,0.6034628068889704
numerical_feature_transformer,1337,NF-CSE-CIC-IDS2018,rollback_repair,NF-UNSW-NB15,retained,0.07644647793346677,0.5,0.07644647793346677,1.0,0.142034888869211,0.947557343868114,0.6505484062494299,0.7855359870629393,0.0,19378.0,0.0,1604.0,20982.0,0.07644647793346677
numerical_feature_transformer,1337,NF-CSE-CIC-IDS2018,rollback_repair,NF-ToN-IoT,retained,0.7445564978225991,0.5,0.7445564978225991,1.0,0.8535768245418117,0.3696000286704434,0.6725932514882125,0.6349693672954282,0.0,2229.0,0.0,6497.0,8726.0,0.7445564978225991
numerical_feature_transformer,1337,NF-CSE-CIC-IDS2018,rollback_repair,NF-BoT-IoT,retained,0.9985525892569959,0.5,0.9985525892569959,1.0,0.9992757704997184,0.5878887725702832,0.9971951847093435,0.48400684237655045,0.0,36.0,0.0,24836.0,24872.0,0.9985525892569959
numerical_feature_transformer,1337,NF-CSE-CIC-IDS2018,rollback_repair,NF-CSE-CIC-IDS2018,forgotten,0.14130109777455044,0.5,0.14130109777455044,1.0,0.2476140574123283,0.5771456337828743,0.3882229845170003,0.8543157038096986,0.0,20103.0,0.0,3308.0,23411.0,0.14130109777455044
numerical_feature_transformer,1337,NF-CSE-CIC-IDS2018,rollback_repair,RETAINED_MACRO,retained_macro,0.6065185216710206,0.5,0.6065185216710206,1.0,0.6649624946369137,0.6350153817029468,0.7734456141489953,0.6348373989116393,0.0,21643.0,0.0,32937.0,54580.0,0.6034628068889704
numerical_feature_transformer,1337,NF-CSE-CIC-IDS2018,ssd_canonical,NF-UNSW-NB15,retained,0.9989514822228577,0.9939998993639856,0.9981108312342569,0.9881546134663342,0.9931077694235589,0.999872145933031,0.995517109950965,0.0058878632991396975,19375.0,3.0,19.0,1585.0,20982.0,0.07644647793346677
numerical_feature_transformer,1337,NF-CSE-CIC-IDS2018,ssd_canonical,NF-ToN-IoT,retained,0.6376346550538621,0.6576328530136386,0.8563795682838213,0.6167461905494844,0.7170722977809592,0.7268784647336628,0.8375352654405349,0.648613628222986,1557.0,672.0,2490.0,4007.0,8726.0,0.7445564978225991
numerical_feature_transformer,1337,NF-CSE-CIC-IDS2018,ssd_canonical,NF-BoT-IoT,retained,0.9897877130910261,0.7036425618725506,0.9991471734892787,0.9906184570784345,0.9948645369995957,0.9896263935863711,0.9999848739489641,0.021302208136073045,15.0,21.0,233.0,24603.0,24872.0,0.9985525892569959
numerical_feature_transformer,1337,NF-CSE-CIC-IDS2018,ssd_canonical,NF-CSE-CIC-IDS2018,forgotten,0.9205928836871556,0.906661865816679,0.6638769509160823,0.8872430471584039,0.759477293310907,0.9551742173513781,0.8989062553761729,0.19716049636068578,18617.0,1486.0,373.0,2935.0,23411.0,0.14130109777455044
numerical_feature_transformer,1337,NF-CSE-CIC-IDS2018,ssd_canonical,RETAINED_MACRO,retained_macro,0.8754579501225819,0.785091771416725,0.9512125243357857,0.8651730870314177,0.9016815347347046,0.9054590014176882,0.9443457497801546,0.22526789988606624,20947.0,696.0,2742.0,30195.0,54580.0,0.6034628068889704
numerical_feature_transformer,1337,NF-CSE-CIC-IDS2018,ssd_canonical@alpha=1,NF-UNSW-NB15,retained,0.9548660756839196,0.7050864169949778,0.9984825493171472,0.4102244389027431,0.5815289438798056,0.999695518145497,0.9953954887499212,0.12029068021790783,19377.0,1.0,946.0,658.0,20982.0,0.07644647793346677
numerical_feature_transformer,1337,NF-CSE-CIC-IDS2018,ssd_canonical@alpha=1,NF-ToN-IoT,retained,0.5469860187944076,0.6131152570468905,0.8469721767594108,0.47791288286901645,0.6110400472301486,0.7325665646973898,0.824693205466251,0.9388991841203437,1668.0,561.0,3392.0,3105.0,8726.0,0.7445564978225991
numerical_feature_transformer,1337,NF-CSE-CIC-IDS2018,ssd_canonical@alpha=1,NF-BoT-IoT,retained,0.893776133805082,0.946811080689322,1.0,0.8936221613786439,0.9438230916436318,0.9683210751418193,0.9999530478686274,0.22215169859588382,36.0,0.0,2642.0,22194.0,24872.0,0.9985525892569959
numerical_feature_transformer,1337,NF-CSE-CIC-IDS2018,ssd_canonical@alpha=1,NF-CSE-CIC-IDS2018,forgotten,0.9069240955106573,0.6708994702072717,0.9982347749338041,0.34189842805320436,0.5093447421751858,0.8451552347009033,0.6414795619586182,0.2857676776733239,20101.0,2.0,2177.0,1131.0,23411.0,0.14130109777455044
numerical_feature_transformer,1337,NF-CSE-CIC-IDS2018,ssd_canonical@alpha=1,RETAINED_MACRO,retained_macro,0.7985427427611365,0.7550042515770633,0.948484908692186,0.5939198277168012,0.7121306942511954,0.9001943859949021,0.9400139140282665,0.42711385431137844,21081.0,562.0,6980.0,25957.0,54580.0,0.6034628068889704
numerical_feature_transformer,1337,NF-CSE-CIC-IDS2018,ssd_canonical@alpha=2,NF-UNSW-NB15,retained,0.996759126870651,0.9796607472442849,0.9980544747081712,0.9594763092269327,0.9783852511125238,0.9998945380897019,0.9946986724662081,0.01947727471639279,19375.0,3.0,65.0,1539.0,20982.0,0.07644647793346677
numerical_feature_transformer,1337,NF-CSE-CIC-IDS2018,ssd_canonical@alpha=2,NF-ToN-IoT,retained,0.8338299335319734,0.7470944418354248,0.8623115577889447,0.9244266584577497,0.8922894072203239,0.7130353775456154,0.8243855094722286,0.5563740685305468,1270.0,959.0,491.0,6006.0,8726.0,0.7445564978225991
numerical_feature_transformer,1337,NF-CSE-CIC-IDS2018,ssd_canonical@alpha=2,NF-BoT-IoT,retained,0.9899887423608877,0.565055653978991,0.9987423424885391,0.9912224190690933,0.9949681721733858,0.9883994559868291,0.9999830826905838,0.017568426170846686,5.0,31.0,218.0,24618.0,24872.0,0.9985525892569959
numerical_feature_transformer,1337,NF-CSE-CIC-IDS2018,ssd_canonical@alpha=2,NF-CSE-CIC-IDS2018,forgotten,0.8480201614625603,0.8814518620879978,0.48043818466353677,0.9280532043530835,0.6331202309754589,0.9384752262246047,0.7721334280482947,0.38438558499597925,16783.0,3320.0,238.0,3070.0,23411.0,0.14130109777455044
numerical_feature_transformer,1337,NF-CSE-CIC-IDS2018,ssd_canonical@alpha=2,RETAINED_MACRO,retained_macro,0.9401926009211707,0.7639369476862337,0.9530361249952183,0.9583751289179253,0.9552142768354113,0.9004431238740488,0.9396890882096735,0.19780658980592877,20650.0,993.0,774.0,32163.0,54580.0,0.6034628068889704
numerical_feature_transformer,1337,NF-CSE-CIC-IDS2018,ssd_canonical@alpha=3,NF-UNSW-NB15,retained,0.9989514822228577,0.9939998993639856,0.9981108312342569,0.9881546134663342,0.9931077694235589,0.999872145933031,0.995517109950965,0.0058878632991396975,19375.0,3.0,19.0,1585.0,20982.0,0.07644647793346677
numerical_feature_transformer,1337,NF-CSE-CIC-IDS2018,ssd_canonical@alpha=3,NF-ToN-IoT,retained,0.6376346550538621,0.6576328530136386,0.8563795682838213,0.6167461905494844,0.7170722977809592,0.7268784647336628,0.8375352654405349,0.648613628222986,1557.0,672.0,2490.0,4007.0,8726.0,0.7445564978225991
numerical_feature_transformer,1337,NF-CSE-CIC-IDS2018,ssd_canonical@alpha=3,NF-BoT-IoT,retained,0.9897877130910261,0.7036425618725506,0.9991471734892787,0.9906184570784345,0.9948645369995957,0.9896263935863711,0.9999848739489641,0.021302208136073045,15.0,21.0,233.0,24603.0,24872.0,0.9985525892569959
numerical_feature_transformer,1337,NF-CSE-CIC-IDS2018,ssd_canonical@alpha=3,NF-CSE-CIC-IDS2018,forgotten,0.9205928836871556,0.906661865816679,0.6638769509160823,0.8872430471584039,0.759477293310907,0.9551742173513781,0.8989062553761729,0.19716049636068578,18617.0,1486.0,373.0,2935.0,23411.0,0.14130109777455044
numerical_feature_transformer,1337,NF-CSE-CIC-IDS2018,ssd_canonical@alpha=3,RETAINED_MACRO,retained_macro,0.8754579501225819,0.785091771416725,0.9512125243357857,0.8651730870314177,0.9016815347347046,0.9054590014176882,0.9443457497801546,0.22526789988606624,20947.0,696.0,2742.0,30195.0,54580.0,0.6034628068889704
numerical_feature_transformer,1337,NF-CSE-CIC-IDS2018,ssd_canonical@alpha=5,NF-UNSW-NB15,retained,0.9989514822228577,0.9939998993639856,0.9981108312342569,0.9881546134663342,0.9931077694235589,0.999872145933031,0.995517109950965,0.0058878632991396975,19375.0,3.0,19.0,1585.0,20982.0,0.07644647793346677
numerical_feature_transformer,1337,NF-CSE-CIC-IDS2018,ssd_canonical@alpha=5,NF-ToN-IoT,retained,0.6376346550538621,0.6576328530136386,0.8563795682838213,0.6167461905494844,0.7170722977809592,0.7268784647336628,0.8375352654405349,0.648613628222986,1557.0,672.0,2490.0,4007.0,8726.0,0.7445564978225991
numerical_feature_transformer,1337,NF-CSE-CIC-IDS2018,ssd_canonical@alpha=5,NF-BoT-IoT,retained,0.9897877130910261,0.7036425618725506,0.9991471734892787,0.9906184570784345,0.9948645369995957,0.9896263935863711,0.9999848739489641,0.021302208136073045,15.0,21.0,233.0,24603.0,24872.0,0.9985525892569959
numerical_feature_transformer,1337,NF-CSE-CIC-IDS2018,ssd_canonical@alpha=5,NF-CSE-CIC-IDS2018,forgotten,0.9205928836871556,0.906661865816679,0.6638769509160823,0.8872430471584039,0.759477293310907,0.9551742173513781,0.8989062553761729,0.19716049636068578,18617.0,1486.0,373.0,2935.0,23411.0,0.14130109777455044
numerical_feature_transformer,1337,NF-CSE-CIC-IDS2018,ssd_canonical@alpha=5,RETAINED_MACRO,retained_macro,0.8754579501225819,0.785091771416725,0.9512125243357857,0.8651730870314177,0.9016815347347046,0.9054590014176882,0.9443457497801546,0.22526789988606624,20947.0,696.0,2742.0,30195.0,54580.0,0.6034628068889704
numerical_feature_transformer,1337,NF-CSE-CIC-IDS2018,dc_ssd_no_contrast,NF-UNSW-NB15,retained,0.9988561624249357,0.9933764579674769,0.998108448928121,0.9869077306733167,0.9924764890282132,0.9998529066949717,0.9933523547987646,0.008113144491685004,19375.0,3.0,21.0,1583.0,20982.0,0.07644647793346677
numerical_feature_transformer,1337,NF-CSE-CIC-IDS2018,dc_ssd_no_contrast,NF-ToN-IoT,retained,0.524868209947284,0.5842633101256037,0.8209118209118209,0.4628289979990765,0.5919291338582677,0.5629450539100319,0.778852743362873,1.1309656426321963,1573.0,656.0,3490.0,3007.0,8726.0,0.7445564978225991
numerical_feature_transformer,1337,NF-CSE-CIC-IDS2018,dc_ssd_no_contrast,NF-BoT-IoT,retained,0.9881794789321325,0.7028372792183389,0.9991457858769932,0.9890078917700112,0.9940509915014164,0.9896442887564645,0.9999849052249016,0.02468774614251116,15.0,21.0,273.0,24563.0,24872.0,0.9985525892569959
numerical_feature_transformer,1337,NF-CSE-CIC-IDS2018,dc_ssd_no_contrast,NF-CSE-CIC-IDS2018,forgotten,0.9322967835632823,0.9132242154235795,0.7079411054791214,0.8866384522370012,0.7872768755871695,0.958761674534551,0.926558599314523,0.18401847319046616,18893.0,1210.0,375.0,2933.0,23411.0,0.14130109777455044
numerical_feature_transformer,1337,NF-CSE-CIC-IDS2018,dc_ssd_no_contrast,RETAINED_MACRO,retained_macro,0.8373012837681175,0.7601590157704732,0.9393886852389784,0.8129148734808015,0.8594855381292991,0.8508140831204895,0.9240633344621797,0.3879221777554642,20963.0,680.0,3784.0,29153.0,54580.0,0.6034628068889704
numerical_feature_transformer,1337,NF-CSE-CIC-IDS2018,dc_ssd_no_class_balance,NF-UNSW-NB15,retained,0.9685921265846916,0.7948619780922346,0.9989440337909187,0.5897755610972568,0.7416699333594668,0.9999036429465092,0.9985719008266647,0.07386052955892795,19377.0,1.0,658.0,946.0,20982.0,0.07644647793346677
numerical_feature_transformer,1337,NF-CSE-CIC-IDS2018,dc_ssd_no_class_balance,NF-ToN-IoT,retained,0.5845748338299336,0.6249481677466764,0.8438697318007663,0.5424041865476373,0.6603579124894594,0.7083001278914456,0.8203580158236823,0.7165906624757847,1577.0,652.0,2973.0,3524.0,8726.0,0.7445564978225991
numerical_feature_transformer,1337,NF-CSE-CIC-IDS2018,dc_ssd_no_class_balance,NF-BoT-IoT,retained,0.9872547442907688,0.6885054848696337,0.9991043439319302,0.9881220808503784,0.9935828660499201,0.9882551761779496,0.999982862035372,0.02885332017211845,14.0,22.0,295.0,24541.0,24872.0,0.9985525892569959
numerical_feature_transformer,1337,NF-CSE-CIC-IDS2018,dc_ssd_no_class_balance,NF-CSE-CIC-IDS2018,forgotten,0.923155781470249,0.9086592876793342,0.6726939803158618,0.8884522370012092,0.7656636707047023,0.9577194377613092,0.9122413759516171,0.2167638905351492,18673.0,1430.0,369.0,2939.0,23411.0,0.14130109777455044
numerical_feature_transformer,1337,NF-CSE-CIC-IDS2018,dc_ssd_no_class_balance,RETAINED_MACRO,retained_macro,0.846807234901798,0.7027718769028483,0.9473060365078717,0.7067672761650909,0.7985369039662822,0.8988196490053015,0.9396375928952397,0.27310150406894373,20968.0,675.0,3926.0,29011.0,54580.0,0.6034628068889704
numerical_feature_transformer,1337,NF-CSE-CIC-IDS2018,dc_ssd,NF-UNSW-NB15,retained,0.9976646649509103,0.9855834405111177,0.9980781550288277,0.9713216957605985,0.9845181674565561,0.9998554161608055,0.9928555836061007,0.02468536214912844,19375.0,3.0,46.0,1558.0,20982.0,0.07644647793346677
numerical_feature_transformer,1337,NF-CSE-CIC-IDS2018,dc_ssd,NF-ToN-IoT,retained,0.5975246390098556,0.6357074904916946,0.8502698896972541,0.5576419886101277,0.6735452686372931,0.6724189160569881,0.8119570730623369,0.7730407732069103,1591.0,638.0,2874.0,3623.0,8726.0,0.7445564978225991
numerical_feature_transformer,1337,NF-CSE-CIC-IDS2018,dc_ssd,NF-BoT-IoT,retained,0.9872145384367964,0.8687791914962152,0.999633192044343,0.9875583829924304,0.9935591023252046,0.9905983250120791,0.9999862991463251,0.0252333671123041,27.0,9.0,309.0,24527.0,24872.0,0.9985525892569959
numerical_feature_transformer,1337,NF-CSE-CIC-IDS2018,dc_ssd,NF-CSE-CIC-IDS2018,forgotten,0.940028191875614,0.9173472006109287,0.7406471183013145,0.8857315598548973,0.8067180616740088,0.9587055924383621,0.925912296373215,0.209534497927474,19077.0,1026.0,378.0,2930.0,23411.0,0.14130109777455044
numerical_feature_transformer,1337,NF-CSE-CIC-IDS2018,dc_ssd,RETAINED_MACRO,retained_macro,0.8608012807991874,0.8300233741663425,0.949327078923475,0.8388406891210521,0.8838741794730179,0.8876242190766241,0.9349329852715874,0.2743198341561143,20993.0,650.0,3229.0,29708.0,54580.0,0.6034628068889704
numerical_feature_transformer,1337,NF-CSE-CIC-IDS2018,scrub_r,NF-UNSW-NB15,retained,0.9993804213135068,0.9982349768575773,0.9950217797137524,0.9968827930174564,0.9959514170040485,0.9997527854427303,0.9945627359152793,0.007681895379584656,19370.0,8.0,5.0,1599.0,20982.0,0.07644647793346677
numerical_feature_transformer,1337,NF-CSE-CIC-IDS2018,scrub_r,NF-ToN-IoT,retained,0.7890213156085263,0.6371360063826262,0.8039958213632802,0.9476681545328614,0.8699399505475097,0.6534884133637135,0.7638392996206046,0.6181605454007569,728.0,1501.0,340.0,6157.0,8726.0,0.7445564978225991
numerical_feature_transformer,1337,NF-CSE-CIC-IDS2018,scrub_r,NF-BoT-IoT,retained,0.9895866838211643,0.5787230901379717,0.9987823192758859,0.9907795136092769,0.9947648212156126,0.9657911454698378,0.999949342592027,0.03767193677222503,6.0,30.0,229.0,24607.0,24872.0,0.9985525892569959
numerical_feature_transformer,1337,NF-CSE-CIC-IDS2018,scrub_r,NF-CSE-CIC-IDS2018,forgotten,0.18136773311691085,0.5168897334110227,0.14559027312145187,0.9845828295042321,0.25367031426457415,0.6908474485180041,0.37244977916294514,1.8120720600441078,989.0,19114.0,51.0,3257.0,23411.0,0.14130109777455044
numerical_feature_transformer,1337,NF-CSE-CIC-IDS2018,scrub_r,RETAINED_MACRO,retained_macro,0.9259961402477325,0.7380313577927251,0.9325999734509729,0.9784434870531982,0.9535520629223903,0.8730107814254272,0.9194504593759701,0.22117145918418887,20104.0,1539.0,574.0,32363.0,54580.0,0.6034628068889704
numerical_feature_transformer,1337,NF-CSE-CIC-IDS2018,scrub_r@lr=0.001,NF-UNSW-NB15,retained,0.9990944619197407,0.9955068979424697,0.9968652037617555,0.9912718204488778,0.9940606439512347,0.9998216992352434,0.9954948140603983,0.010863891347838855,19373.0,5.0,14.0,1590.0,20982.0,0.07644647793346677
numerical_feature_transformer,1337,NF-CSE-CIC-IDS2018,scrub_r@lr=0.001,NF-ToN-IoT,retained,0.6035984414393766,0.5366362277982736,0.7658382919145957,0.6735416346005849,0.716730816476947,0.5611829126643191,0.7583641090251412,0.6858220813743028,891.0,1338.0,2121.0,4376.0,8726.0,0.7445564978225991
numerical_feature_transformer,1337,NF-CSE-CIC-IDS2018,scrub_r@lr=0.001,NF-BoT-IoT,retained,0.9907928594403345,0.6070645657736977,0.9988646961034748,0.9919069093251731,0.9953736439119982,0.983221041140996,0.9999754279980487,0.03746668929391187,8.0,28.0,201.0,24635.0,24872.0,0.9985525892569959
numerical_feature_transformer,1337,NF-CSE-CIC-IDS2018,scrub_r@lr=0.001,NF-CSE-CIC-IDS2018,forgotten,0.17756610140532228,0.5194746526368645,0.14621050763223287,0.9960701330108828,0.2549914873858536,0.7953606941181572,0.5240538662046414,1.608303070915222,862.0,19241.0,13.0,3295.0,23411.0,0.14130109777455044
numerical_feature_transformer,1337,NF-CSE-CIC-IDS2018,scrub_r@lr=0.001,RETAINED_MACRO,retained_macro,0.864495254266484,0.7130692305048137,0.9205227305932754,0.8855734547915453,0.90205503478006,0.8480752176801861,0.9179447836945295,0.24471755400535114,20272.0,1371.0,2336.0,30601.0,54580.0,0.6034628068889704
numerical_feature_transformer,1337,NF-CSE-CIC-IDS2018,retrained,NF-UNSW-NB15,retained,0.9996663807072729,0.998675709837801,0.9981285090455396,0.9975062344139651,0.9978172747115684,0.9999059272038708,0.9981132586204079,0.003515405958903222,19375.0,3.0,4.0,1600.0,20982.0,0.07644647793346677
numerical_feature_transformer,1337,NF-CSE-CIC-IDS2018,retrained,NF-ToN-IoT,retained,0.8691267476506991,0.7694714743243819,0.8672335756412015,0.973218408496229,0.9171743545111691,0.8732939377134618,0.9129897053670873,0.3481396922872599,1261.0,968.0,174.0,6323.0,8726.0,0.7445564978225991
numerical_feature_transformer,1337,NF-CSE-CIC-IDS2018,retrained,NF-BoT-IoT,retained,0.992039240913477,0.6770324439433797,0.9990682223302544,0.9929537767756482,0.9960016155088853,0.9904227286555358,0.9999860326720991,0.015889704234796995,13.0,23.0,175.0,24661.0,24872.0,0.9985525892569959
numerical_feature_transformer,1337,NF-CSE-CIC-IDS2018,retrained,NF-CSE-CIC-IDS2018,forgotten,0.5039084191192175,0.5757688893732946,0.17498826107372045,0.6759371221281741,0.278005719258983,0.7567658812255939,0.3742817968582353,1.2111528298548897,9561.0,10542.0,1072.0,2236.0,23411.0,0.14130109777455044
numerical_feature_transformer,1337,NF-CSE-CIC-IDS2018,retrained,RETAINED_MACRO,retained_macro,0.9536107897571496,0.8150598760351876,0.9548101023389984,0.9878928065619474,0.9703310815772076,0.9545408645242895,0.9703629988865314,0.12251493416032004,20649.0,994.0,353.0,32584.0,54580.0,0.6034628068889704
mlp,2026,NF-UNSW-NB15,original,NF-UNSW-NB15,forgotten,0.9988561624249357,0.9965215586279424,0.9912935323383084,0.9937655860349127,0.9925280199252802,0.9999203083734569,0.9987643067390719,0.0037544784839063285,19364.0,14.0,10.0,1594.0,20982.0,0.07644647793346677
mlp,2026,NF-UNSW-NB15,original,NF-ToN-IoT,retained,0.6179234471693789,0.6645839163922362,0.8736120954405858,0.5691857780514084,0.68928238583411,0.612623433267644,0.8221147165180834,1.547089840157814,1694.0,535.0,2799.0,3698.0,8726.0,0.7445564978225991
mlp,2026,NF-UNSW-NB15,original,NF-BoT-IoT,retained,0.9894660662592474,0.8560378303895779,0.9995933967634383,0.9898534385569335,0.9946995751567874,0.9888356507578604,0.9999835761058589,0.02098719144057624,26.0,10.0,252.0,24584.0,24872.0,0.9985525892569959
mlp,2026,NF-UNSW-NB15,original,NF-CSE-CIC-IDS2018,retained,0.8897099654008799,0.7501538028367931,0.6230508474576271,0.5556227327690447,0.5874081176094599,0.8400471173817596,0.6790455198467145,0.3562264482850743,18991.0,1112.0,1470.0,1838.0,23411.0,0.14130109777455044
mlp,2026,NF-UNSW-NB15,original,RETAINED_MACRO,retained_macro,0.8323664929431688,0.7569251832062024,0.8320854465538838,0.7048873164591288,0.757130026200119,0.8138354004690881,0.8337146041568856,0.6414344932944881,20711.0,1657.0,4521.0,30120.0,57009.0,0.6076408988054518
mlp,2026,NF-UNSW-NB15,rollback_repair,NF-UNSW-NB15,forgotten,0.06967877228100276,0.45144688721997256,0.06953387794329649,0.9021197007481296,0.12911573123940395,0.24456756949096964,0.12395302510202706,0.7477201597620778,15.0,19363.0,157.0,1447.0,20982.0,0.07644647793346677
mlp,2026,NF-UNSW-NB15,rollback_repair,NF-ToN-IoT,retained,0.7447856979142792,0.5004486316733961,0.7447271893626777,1.0,0.8536889823270482,0.38113408176172414,0.6449478266321491,0.6377542035070172,2.0,2227.0,0.0,6497.0,8726.0,0.7445564978225991
mlp,2026,NF-UNSW-NB15,rollback_repair,NF-BoT-IoT,retained,0.9985525892569959,0.5,0.9985525892569959,1.0,0.9992757704997184,0.5055206599738731,0.9974916618110925,0.4792456368749292,0.0,36.0,0.0,24836.0,24872.0,0.9985525892569959
mlp,2026,NF-UNSW-NB15,rollback_repair,NF-CSE-CIC-IDS2018,retained,0.15766092862329675,0.5052325294984759,0.142595818815331,0.9897218863361548,0.2492766864626161,0.1984371478421799,0.085065051435292,0.9766688944415074,417.0,19686.0,34.0,3274.0,23411.0,0.14130109777455044
mlp,2026,NF-UNSW-NB15,rollback_repair,RETAINED_MACRO,retained_macro,0.6336664052648573,0.5018937203906241,0.6286251991450015,0.9965739621120516,0.7007471464297942,0.3616972965259257,0.5758348466261779,0.6978895782744846,419.0,21949.0,34.0,34607.0,57009.0,0.6076408988054518
mlp,2026,NF-UNSW-NB15,ssd_canonical,NF-UNSW-NB15,forgotten,0.9988561624249357,0.9965215586279424,0.9912935323383084,0.9937655860349127,0.9925280199252802,0.9999203083734569,0.9987643067390719,0.0037544784839063285,19364.0,14.0,10.0,1594.0,20982.0,0.07644647793346677
mlp,2026,NF-UNSW-NB15,ssd_canonical,NF-ToN-IoT,retained,0.6179234471693789,0.6645839163922362,0.8736120954405858,0.5691857780514084,0.68928238583411,0.612623433267644,0.8221147165180834,1.547089840157814,1694.0,535.0,2799.0,3698.0,8726.0,0.7445564978225991
mlp,2026,NF-UNSW-NB15,ssd_canonical,NF-BoT-IoT,retained,0.9894660662592474,0.8560378303895779,0.9995933967634383,0.9898534385569335,0.9946995751567874,0.9888356507578604,0.9999835761058589,0.02098719144057624,26.0,10.0,252.0,24584.0,24872.0,0.9985525892569959
mlp,2026,NF-UNSW-NB15,ssd_canonical,NF-CSE-CIC-IDS2018,retained,0.8897099654008799,0.7501538028367931,0.6230508474576271,0.5556227327690447,0.5874081176094599,0.8400471173817596,0.6790455198467145,0.3562264482850743,18991.0,1112.0,1470.0,1838.0,23411.0,0.14130109777455044
mlp,2026,NF-UNSW-NB15,ssd_canonical,RETAINED_MACRO,retained_macro,0.8323664929431688,0.7569251832062024,0.8320854465538838,0.7048873164591288,0.757130026200119,0.8138354004690881,0.8337146041568856,0.6414344932944881,20711.0,1657.0,4521.0,30120.0,57009.0,0.6076408988054518
mlp,2026,NF-UNSW-NB15,ssd_canonical@alpha=1,NF-UNSW-NB15,forgotten,0.9977599847488323,0.9890660643262317,0.9917877447883765,0.9788029925187033,0.9852525886413555,0.9998345039455238,0.9975552530880962,0.007624791760201076,19365.0,13.0,34.0,1570.0,20982.0,0.07644647793346677
mlp,2026,NF-UNSW-NB15,ssd_canonical@alpha=1,NF-ToN-IoT,retained,0.6170066468026587,0.6641156048624575,0.8735496092825006,0.5678005233184547,0.6882462686567165,0.6054971155890495,0.8200571609306551,1.5927460818513197,1695.0,534.0,2808.0,3689.0,8726.0,0.7445564978225991
mlp,2026,NF-UNSW-NB15,ssd_canonical@alpha=1,NF-BoT-IoT,retained,0.9889433901576069,0.855776113526959,0.9995931817257231,0.989330004831696,0.9944351134225065,0.9884922871816897,0.9999830708363673,0.021443749694071354,26.0,10.0,265.0,24571.0,24872.0,0.9985525892569959
mlp,2026,NF-UNSW-NB15,ssd_canonical@alpha=1,NF-CSE-CIC-IDS2018,retained,0.8892401008073127,0.7501327654718466,0.6205733558178752,0.5562273276904474,0.5866411605292523,0.8443698898676653,0.6823355380099922,0.3368976650626368,18978.0,1125.0,1468.0,1840.0,23411.0,0.14130109777455044
mlp,2026,NF-UNSW-NB15,ssd_canonical@alpha=1,RETAINED_MACRO,retained_macro,0.8317300459225261,0.7566748279537544,0.8312387156086997,0.7044526186135327,0.7564408475361585,0.8127864308794681,0.8341252565923382,0.6503624988693426,20699.0,1669.0,4541.0,30100.0,57009.0,0.6076408988054518
mlp,2026,NF-UNSW-NB15,ssd_canonical@alpha=2,NF-UNSW-NB15,forgotten,0.9988085025259746,0.9962098379296881,0.9912881144990666,0.993142144638404,0.9922142634693242,0.9998887791873398,0.9984161460186403,0.004464325292801426,19364.0,14.0,11.0,1593.0,20982.0,0.07644647793346677
mlp,2026,NF-UNSW-NB15,ssd_canonical@alpha=2,NF-ToN-IoT,retained,0.6173504469401788,0.6636096944491687,0.8727573182247403,0.5690318608588579,0.6889033820926116,0.6115629652171313,0.8217535311124473,1.5511161572045657,1690.0,539.0,2800.0,3697.0,8726.0,0.7445564978225991
mlp,2026,NF-UNSW-NB15,ssd_canonical@alpha=2,NF-BoT-IoT,retained,0.9891042135734963,0.8558566417923803,0.9995932479153956,0.9894910613625383,0.9945165010825358,0.9885605125176714,0.9999831737180787,0.02097830139573188,26.0,10.0,261.0,24575.0,24872.0,0.9985525892569959
mlp,2026,NF-UNSW-NB15,ssd_canonical@alpha=2,NF-CSE-CIC-IDS2018,retained,0.889795395326983,0.750329823476809,0.6233898305084746,0.555925030229746,0.5877277085330777,0.8417519108513766,0.6801220189533366,0.3483146399166727,18992.0,1111.0,1469.0,1839.0,23411.0,0.14130109777455044
mlp,2026,NF-UNSW-NB15,ssd_canonical@alpha=2,RETAINED_MACRO,retained_macro,0.8320833519468861,0.7565987199061194,0.8319134655495368,0.7048159841503807,0.757049197236075,0.8139584628620598,0.8339529079279542,0.6401363661723235,20708.0,1660.0,4530.0,30111.0,57009.0,0.6076408988054518
mlp,2026,NF-UNSW-NB15,ssd_canonical@alpha=3,NF-UNSW-NB15,forgotten,0.9989038223238966,0.9965473610843363,0.9919103920348475,0.9937655860349127,0.9928371223917782,0.9999175415265119,0.9987055336151004,0.003652352661712766,19365.0,13.0,10.0,1594.0,20982.0,0.07644647793346677
mlp,2026,NF-UNSW-NB15,ssd_canonical@alpha=3,NF-ToN-IoT,retained,0.6178088471235389,0.664506957795961,0.8735822306238186,0.5690318608588579,0.689160219964582,0.612912243791575,0.8221786322406872,1.5454005652261291,1694.0,535.0,2800.0,3697.0,8726.0,0.7445564978225991
mlp,2026,NF-UNSW-NB15,ssd_canonical@alpha=3,NF-BoT-IoT,retained,0.9896268896751367,0.856118358654999,0.9995934628831612,0.9900144950877758,0.9947809200145649,0.9888378876541221,0.9999835794240428,0.021010812878229434,26.0,10.0,248.0,24588.0,24872.0,0.9985525892569959
mlp,2026,NF-UNSW-NB15,ssd_canonical@alpha=3,NF-CSE-CIC-IDS2018,retained,0.8897526803639315,0.7503049515671438,0.6231785835310064,0.555925030229746,0.5876338073174628,0.8398449541692208,0.6790897928272721,0.3572281881673328,18991.0,1112.0,1469.0,1839.0,23411.0,0.14130109777455044
mlp,2026,NF-UNSW-NB15,ssd_canonical@alpha=3,RETAINED_MACRO,retained_macro,0.8323961390542024,0.7569767560060345,0.8321180923459953,0.7049904620587933,0.7571916490988699,0.8138650285383059,0.8337506681640008,0.6412131887572304,20711.0,1657.0,4517.0,30124.0,57009.0,0.6076408988054518
mlp,2026,NF-UNSW-NB15,ssd_canonical@alpha=5,NF-UNSW-NB15,forgotten,0.9988561624249357,0.9965215586279424,0.9912935323383084,0.9937655860349127,0.9925280199252802,0.9999203083734569,0.9987643067390719,0.0037544784839063285,19364.0,14.0,10.0,1594.0,20982.0,0.07644647793346677
mlp,2026,NF-UNSW-NB15,ssd_canonical@alpha=5,NF-ToN-IoT,retained,0.6179234471693789,0.6645839163922362,0.8736120954405858,0.5691857780514084,0.68928238583411,0.612623433267644,0.8221147165180834,1.547089840157814,1694.0,535.0,2799.0,3698.0,8726.0,0.7445564978225991
mlp,2026,NF-UNSW-NB15,ssd_canonical@alpha=5,NF-BoT-IoT,retained,0.9894660662592474,0.8560378303895779,0.9995933967634383,0.9898534385569335,0.9946995751567874,0.9888356507578604,0.9999835761058589,0.02098719144057624,26.0,10.0,252.0,24584.0,24872.0,0.9985525892569959
mlp,2026,NF-UNSW-NB15,ssd_canonical@alpha=5,NF-CSE-CIC-IDS2018,retained,0.8897099654008799,0.7501538028367931,0.6230508474576271,0.5556227327690447,0.5874081176094599,0.8400471173817596,0.6790455198467145,0.3562264482850743,18991.0,1112.0,1470.0,1838.0,23411.0,0.14130109777455044
mlp,2026,NF-UNSW-NB15,ssd_canonical@alpha=5,RETAINED_MACRO,retained_macro,0.8323664929431688,0.7569251832062024,0.8320854465538838,0.7048873164591288,0.757130026200119,0.8138354004690881,0.8337146041568856,0.6414344932944881,20711.0,1657.0,4521.0,30120.0,57009.0,0.6076408988054518
mlp,2026,NF-UNSW-NB15,dc_ssd_no_contrast,NF-UNSW-NB15,forgotten,0.9969021065675341,0.9837410099995135,0.9910657306955967,0.9682044887780549,0.9795017344686219,0.9990190562400891,0.9928806916344912,0.01495857614437045,19364.0,14.0,51.0,1553.0,20982.0,0.07644647793346677
mlp,2026,NF-UNSW-NB15,dc_ssd_no_contrast,NF-ToN-IoT,retained,0.619069447627779,0.6657955740762569,0.874439461883408,0.5702631983992612,0.6903297931805478,0.5813517616889543,0.8143775489686749,1.724915762766707,1697.0,532.0,2792.0,3705.0,8726.0,0.7445564978225991
mlp,2026,NF-UNSW-NB15,dc_ssd_no_contrast,NF-BoT-IoT,retained,0.9887423608877453,0.8556754531951827,0.9995930989583334,0.989128684168143,0.9943333603173318,0.9882026091157997,0.9999826295137036,0.021901881585126598,26.0,10.0,270.0,24566.0,24872.0,0.9985525892569959
mlp,2026,NF-UNSW-NB15,dc_ssd_no_contrast,NF-CSE-CIC-IDS2018,retained,0.8892401008073127,0.7531634091682972,0.6186525058081647,0.5634824667472793,0.5897800980857459,0.8585583744922836,0.694859080013713,0.29913238046399504,18954.0,1149.0,1444.0,1864.0,23411.0,0.14130109777455044
mlp,2026,NF-UNSW-NB15,dc_ssd_no_contrast,RETAINED_MACRO,retained_macro,0.8323506364409456,0.7582114788132456,0.8308950222166352,0.7076247831048944,0.7581477505278752,0.8093709150990126,0.8364064194986972,0.6819833416052763,20677.0,1691.0,4506.0,30135.0,57009.0,0.6076408988054518
mlp,2026,NF-UNSW-NB15,dc_ssd_no_class_balance,NF-UNSW-NB15,forgotten,0.996854446668573,0.9834292893012592,0.9910600255427842,0.9675810473815462,0.979179810725552,0.9997600886317595,0.9967823030266834,0.010451525656583385,19364.0,14.0,52.0,1552.0,20982.0,0.07644647793346677
mlp,2026,NF-UNSW-NB15,dc_ssd_no_class_balance,NF-ToN-IoT,retained,0.6197570479028192,0.6653731822113709,0.8735605170387779,0.5721102047098661,0.69140625,0.6185902276185999,0.8235670404768003,1.5373085081411328,1691.0,538.0,2780.0,3717.0,8726.0,0.7445564978225991
mlp,2026,NF-UNSW-NB15,dc_ssd_no_class_balance,NF-BoT-IoT,retained,0.9890238018655516,0.8558163776596697,0.9995932148232518,0.9894105330971171,0.9944758088994111,0.9883558365097259,0.9999828579024798,0.021424642206162747,26.0,10.0,263.0,24573.0,24872.0,0.9985525892569959
mlp,2026,NF-UNSW-NB15,dc_ssd_no_class_balance,NF-CSE-CIC-IDS2018,retained,0.8901371150313955,0.7515390133196144,0.6244083840432725,0.5583434099153567,0.5895308011490584,0.8443386420875658,0.6831467767642951,0.3349795452952243,18992.0,1111.0,1461.0,1847.0,23411.0,0.14130109777455044
mlp,2026,NF-UNSW-NB15,dc_ssd_no_class_balance,RETAINED_MACRO,retained_macro,0.8329726549332553,0.7575761910635516,0.8325207053017674,0.7066213825741133,0.7584709533494899,0.8170949020719639,0.8355655583811918,0.6312375652141733,20709.0,1659.0,4504.0,30137.0,57009.0,0.6076408988054518
mlp,2026,NF-UNSW-NB15,dc_ssd,NF-UNSW-NB15,forgotten,0.9947574111142884,0.9717150062710908,0.986328125,0.9445137157107232,0.964968152866242,0.9968017501400797,0.9829589247273002,0.03015842849159045,19357.0,21.0,89.0,1515.0,20982.0,0.07644647793346677
mlp,2026,NF-UNSW-NB15,dc_ssd,NF-ToN-IoT,retained,0.6179234471693789,0.6623735577858932,0.8709828759089843,0.5714945359396645,0.6901486988847584,0.569376845288639,0.8110792056662407,1.8312038419983268,1679.0,550.0,2784.0,3713.0,8726.0,0.7445564978225991
mlp,2026,NF-UNSW-NB15,dc_ssd,NF-BoT-IoT,retained,0.9887825667417176,0.8556955852615379,0.9995931155145055,0.9891689483008536,0.9943537125857568,0.9878178629587873,0.9999820569353971,0.022611840931092853,26.0,10.0,269.0,24567.0,24872.0,0.9985525892569959
mlp,2026,NF-UNSW-NB15,dc_ssd,NF-CSE-CIC-IDS2018,retained,0.8894536756225706,0.7531614918959378,0.6197604790419161,0.563180169286578,0.5901171998732975,0.8692421829873611,0.7017133068777855,0.2816402824076158,18960.0,1143.0,1445.0,1863.0,23411.0,0.14130109777455044
mlp,2026,NF-UNSW-NB15,dc_ssd,RETAINED_MACRO,retained_macro,0.8320532298445557,0.7570768783144564,0.830112156821802,0.707947884509032,0.7582065371146042,0.8088122970782624,0.8375915231598078,0.7118186551123452,20665.0,1703.0,4498.0,30143.0,57009.0,0.6076408988054518
mlp,2026,NF-UNSW-NB15,scrub_r,NF-UNSW-NB15,forgotten,0.396053760366028,0.3562338605956983,0.041127694859038146,0.3092269326683292,0.07259953161592506,0.38609495973143826,0.05753057921322706,13.062616157457494,7814.0,11564.0,1108.0,496.0,20982.0,0.07644647793346677
mlp,2026,NF-UNSW-NB15,scrub_r,NF-ToN-IoT,retained,0.5821682328672931,0.6175851048484053,0.8367587999055044,0.5451746960135447,0.6602050326188257,0.5360625081956245,0.787968744844924,1.5102510810256253,1538.0,691.0,2955.0,3542.0,8726.0,0.7445564978225991
mlp,2026,NF-UNSW-NB15,scrub_r,NF-BoT-IoT,retained,0.9856465101318752,0.7986502567956908,0.9994287346472437,0.9861894024802705,0.9927649311959144,0.9756334890213132,0.9999631338245126,0.031264647180113264,22.0,14.0,343.0,24493.0,24872.0,0.9985525892569959
mlp,2026,NF-UNSW-NB15,scrub_r,NF-CSE-CIC-IDS2018,retained,0.9098714279612148,0.7670706938468821,0.733984375,0.5680169286577993,0.6404226312201773,0.8332177180507088,0.6850395827374509,0.33942486482502693,19422.0,681.0,1429.0,1879.0,23411.0,0.14130109777455044
mlp,2026,NF-UNSW-NB15,scrub_r,RETAINED_MACRO,retained_macro,0.8258953903201277,0.7277686851636593,0.856723969850916,0.6997936757172049,0.7644641983449724,0.7816379050892155,0.8243238204689626,0.6269801976769218,20982.0,1386.0,4727.0,29914.0,57009.0,0.6076408988054518
mlp,2026,NF-UNSW-NB15,scrub_r@lr=0.001,NF-UNSW-NB15,forgotten,0.25579067772376324,0.2491321430658054,0.026175177544808928,0.2412718204488778,0.047226798462383306,0.1482472088948853,0.0422968497900922,16.072961250717952,4980.0,14398.0,1217.0,387.0,20982.0,0.07644647793346677
mlp,2026,NF-UNSW-NB15,scrub_r@lr=0.001,NF-ToN-IoT,retained,0.599816639926656,0.6474143120063766,0.8626599082790248,0.5501000461751577,0.6718045112781955,0.5450055873529095,0.7951195468085347,1.4928869122668178,1660.0,569.0,2923.0,3574.0,8726.0,0.7445564978225991
mlp,2026,NF-UNSW-NB15,scrub_r@lr=0.001,NF-BoT-IoT,retained,0.9875361852685751,0.7995964639143895,0.9994298281339089,0.9880818167176679,0.9937234257946953,0.9791532452890964,0.9999687790196229,0.031160217447253644,22.0,14.0,296.0,24540.0,24872.0,0.9985525892569959
mlp,2026,NF-UNSW-NB15,scrub_r@lr=0.001,NF-CSE-CIC-IDS2018,retained,0.9096151381829055,0.7685630610578014,0.7299382716049383,0.5719467956469165,0.6413559322033898,0.85543286716698,0.6988952240052455,0.29558096034456594,19403.0,700.0,1416.0,1892.0,23411.0,0.14130109777455044
mlp,2026,NF-UNSW-NB15,scrub_r@lr=0.001,RETAINED_MACRO,retained_macro,0.8323226544593788,0.7385246123261892,0.8640093360059574,0.7033762195132475,0.7689612897587602,0.793197233269662,0.8313278499444676,0.6065426966862124,21085.0,1283.0,4635.0,30006.0,57009.0,0.6076408988054518
mlp,2026,NF-UNSW-NB15,retrained,NF-UNSW-NB15,forgotten,0.2694690687255743,0.2268019508973464,0.01980405878236529,0.17643391521197008,0.03561092236063924,0.14082210165061082,0.041804406843185885,1.6128504940166875,5371.0,14007.0,1321.0,283.0,20982.0,0.07644647793346677
mlp,2026,NF-UNSW-NB15,retrained,NF-ToN-IoT,retained,0.6144854457941783,0.6638960881486317,0.8746711313082994,0.5628751731568417,0.6849597302865705,0.6515449067047062,0.8268109701412267,1.2679084972254133,1705.0,524.0,2840.0,3657.0,8726.0,0.7445564978225991
mlp,2026,NF-UNSW-NB15,retrained,NF-BoT-IoT,retained,0.9886619491798005,0.8001601617723377,0.999430477585225,0.9892092124335642,0.9942935772390626,0.9836538805676348,0.9999757436632375,0.024256255278001394,22.0,14.0,268.0,24568.0,24872.0,0.9985525892569959
mlp,2026,NF-UNSW-NB15,retrained,NF-CSE-CIC-IDS2018,retained,0.8990645423091709,0.7482766954537217,0.6806883365200764,0.5380894800483675,0.6010467668411278,0.8350608859536627,0.6693128544944631,0.359937561515923,19268.0,835.0,1528.0,1780.0,23411.0,0.14130109777455044
mlp,2026,NF-UNSW-NB15,retrained,RETAINED_MACRO,retained_macro,0.83407064576105,0.7374443151248972,0.8515966484712004,0.696724621879591,0.7601000247889202,0.8234198910753346,0.8320331894329757,0.5507007713397792,20995.0,1373.0,4636.0,30005.0,57009.0,0.6076408988054518
mlp,2026,NF-ToN-IoT,original,NF-UNSW-NB15,retained,0.9988561624249357,0.9965215586279424,0.9912935323383084,0.9937655860349127,0.9925280199252802,0.9999203083734569,0.9987643067390719,0.0037544784839063285,19364.0,14.0,10.0,1594.0,20982.0,0.07644647793346677
mlp,2026,NF-ToN-IoT,original,NF-ToN-IoT,forgotten,0.6179234471693789,0.6645839163922362,0.8736120954405858,0.5691857780514084,0.68928238583411,0.612623433267644,0.8221147165180834,1.547089840157814,1694.0,535.0,2799.0,3698.0,8726.0,0.7445564978225991
mlp,2026,NF-ToN-IoT,original,NF-BoT-IoT,retained,0.9894660662592474,0.8560378303895779,0.9995933967634383,0.9898534385569335,0.9946995751567874,0.9888356507578604,0.9999835761058589,0.02098719144057624,26.0,10.0,252.0,24584.0,24872.0,0.9985525892569959
mlp,2026,NF-ToN-IoT,original,NF-CSE-CIC-IDS2018,retained,0.8897099654008799,0.7501538028367931,0.6230508474576271,0.5556227327690447,0.5874081176094599,0.8400471173817596,0.6790455198467145,0.3562264482850743,18991.0,1112.0,1470.0,1838.0,23411.0,0.14130109777455044
mlp,2026,NF-ToN-IoT,original,RETAINED_MACRO,retained_macro,0.959344064695021,0.8675710639514378,0.8713125921864581,0.846413919120297,0.8582119042305091,0.9429343588376923,0.8925978008972151,0.12698937273651897,38381.0,1136.0,1732.0,28016.0,69265.0,0.4294809788493467
mlp,2026,NF-ToN-IoT,rollback_repair,NF-UNSW-NB15,retained,0.9235535220665332,0.5,0.0,0.0,0.0,0.964693215228005,0.8547748026072243,0.2805245592886322,19378.0,0.0,1604.0,0.0,20982.0,0.07644647793346677
mlp,2026,NF-ToN-IoT,rollback_repair,NF-ToN-IoT,forgotten,0.25544350217740086,0.5,0.0,0.0,0.0,0.4761363787807507,0.6746737541170993,1.5573553006903318,2229.0,0.0,6497.0,0.0,8726.0,0.7445564978225991
mlp,2026,NF-ToN-IoT,rollback_repair,NF-BoT-IoT,retained,0.0014474107430041815,0.5,0.0,0.0,0.0,0.9514274753494032,0.9999237931747214,1.9568569471119588,36.0,0.0,24836.0,0.0,24872.0,0.9985525892569959
mlp,2026,NF-ToN-IoT,rollback_repair,NF-CSE-CIC-IDS2018,retained,0.8586989022254495,0.5,0.0,0.0,0.0,0.780894024552274,0.29419132675487486,0.3993392781161617,20103.0,0.0,3308.0,0.0,23411.0,0.14130109777455044
mlp,2026,NF-ToN-IoT,rollback_repair,RETAINED_MACRO,retained_macro,0.5945666116783289,0.5,0.0,0.0,0.0,0.8990049050432273,0.7162966408456067,0.8789069281722508,39517.0,0.0,29748.0,0.0,69265.0,0.4294809788493467
mlp,2026,NF-ToN-IoT,ssd_canonical,NF-UNSW-NB15,retained,0.9988561624249357,0.9965215586279424,0.9912935323383084,0.9937655860349127,0.9925280199252802,0.9999203083734569,0.9987643067390719,0.0037544784839063285,19364.0,14.0,10.0,1594.0,20982.0,0.07644647793346677
mlp,2026,NF-ToN-IoT,ssd_canonical,NF-ToN-IoT,forgotten,0.6179234471693789,0.6645839163922362,0.8736120954405858,0.5691857780514084,0.68928238583411,0.612623433267644,0.8221147165180834,1.547089840157814,1694.0,535.0,2799.0,3698.0,8726.0,0.7445564978225991
mlp,2026,NF-ToN-IoT,ssd_canonical,NF-BoT-IoT,retained,0.9894660662592474,0.8560378303895779,0.9995933967634383,0.9898534385569335,0.9946995751567874,0.9888356507578604,0.9999835761058589,0.02098719144057624,26.0,10.0,252.0,24584.0,24872.0,0.9985525892569959
mlp,2026,NF-ToN-IoT,ssd_canonical,NF-CSE-CIC-IDS2018,retained,0.8897099654008799,0.7501538028367931,0.6230508474576271,0.5556227327690447,0.5874081176094599,0.8400471173817596,0.6790455198467145,0.3562264482850743,18991.0,1112.0,1470.0,1838.0,23411.0,0.14130109777455044
mlp,2026,NF-ToN-IoT,ssd_canonical,RETAINED_MACRO,retained_macro,0.959344064695021,0.8675710639514378,0.8713125921864581,0.846413919120297,0.8582119042305091,0.9429343588376923,0.8925978008972151,0.12698937273651897,38381.0,1136.0,1732.0,28016.0,69265.0,0.4294809788493467
mlp,2026,NF-ToN-IoT,ssd_canonical@alpha=1,NF-UNSW-NB15,retained,0.8763702220951292,0.6148414249236028,0.24898580121703853,0.30610972568578554,0.2746085011185682,0.6178680659276569,0.19953073474910626,0.5788428204238537,17897.0,1481.0,1113.0,491.0,20982.0,0.07644647793346677
mlp,2026,NF-ToN-IoT,ssd_canonical@alpha=1,NF-ToN-IoT,forgotten,0.2537245014898006,0.478805036358362,0.4708171206225681,0.018623980298599352,0.035830618892508145,0.5106215982764036,0.7302467766478631,0.8270872196214976,2093.0,136.0,6376.0,121.0,8726.0,0.7445564978225991
mlp,2026,NF-ToN-IoT,ssd_canonical@alpha=1,NF-BoT-IoT,retained,0.21228690897394661,0.5639662854995436,0.9994285714285714,0.21126590433242068,0.34880010636176295,0.7831938628514163,0.9994081549656871,0.734344130654611,33.0,3.0,19589.0,5247.0,24872.0,0.9985525892569959
mlp,2026,NF-ToN-IoT,ssd_canonical@alpha=1,NF-CSE-CIC-IDS2018,retained,0.7823245482892657,0.4585596692150299,0.013071895424836602,0.007255139056831923,0.00933125972006221,0.2921157520029406,0.09305478832084192,0.6003593269063937,18291.0,1812.0,3284.0,24.0,23411.0,0.14130109777455044
mlp,2026,NF-ToN-IoT,ssd_canonical@alpha=1,RETAINED_MACRO,retained_macro,0.6236605597861139,0.5457891265460587,0.4204954226901489,0.1748769230250127,0.21091328906679777,0.5643925602606713,0.4306645593452118,0.6378487593282861,36221.0,3296.0,23986.0,5762.0,69265.0,0.4294809788493467
mlp,2026,NF-ToN-IoT,ssd_canonical@alpha=2,NF-UNSW-NB15,retained,0.8771804403774665,0.6261449598729979,0.2604628261939931,0.32980049875311723,0.29105914718019255,0.6902299931871219,0.26130747474735494,0.5834995476880319,17876.0,1502.0,1075.0,529.0,20982.0,0.07644647793346677
mlp,2026,NF-ToN-IoT,ssd_canonical@alpha=2,NF-ToN-IoT,forgotten,0.23538849415539767,0.41417984060421165,0.3915737298636927,0.04863783284592889,0.08652792990142388,0.42763513104333006,0.6697823112511474,0.804864515668619,1738.0,491.0,6181.0,316.0,8726.0,0.7445564978225991
mlp,2026,NF-ToN-IoT,ssd_canonical@alpha=2,NF-BoT-IoT,retained,0.9876568028304921,0.7303130760007874,0.9992266047950503,0.9884039297793525,0.9937858024816306,0.6659676365848857,0.9982621565936061,0.5598355178018011,17.0,19.0,288.0,24548.0,24872.0,0.9985525892569959
mlp,2026,NF-ToN-IoT,ssd_canonical@alpha=2,NF-CSE-CIC-IDS2018,retained,0.5508521635128786,0.47114384047909014,0.12420481802064866,0.3600362756952842,0.1846941149104443,0.3601339287674522,0.10490146712948406,0.6934411665788427,11705.0,8398.0,2117.0,1191.0,23411.0,0.14130109777455044
mlp,2026,NF-ToN-IoT,ssd_canonical@alpha=2,RETAINED_MACRO,retained_macro,0.805229802240279,0.6092006254509584,0.4612980830032307,0.5594135680759179,0.4898463548574224,0.5721105195131533,0.4548236994901484,0.6122587440228919,29598.0,9919.0,3480.0,26268.0,69265.0,0.4294809788493467
mlp,2026,NF-ToN-IoT,ssd_canonical@alpha=3,NF-UNSW-NB15,retained,0.9257935373177009,0.5146508728179551,1.0,0.029301745635910224,0.05693519079345851,0.5124612030147564,0.20351197615874297,0.3875344390374185,19378.0,0.0,1557.0,47.0,20982.0,0.07644647793346677
mlp,2026,NF-ToN-IoT,ssd_canonical@alpha=3,NF-ToN-IoT,forgotten,0.25544350217740086,0.5,0.0,0.0,0.0,0.20834407957070014,0.5839344631848836,1.0964607510002,2229.0,0.0,6497.0,0.0,8726.0,0.7445564978225991
mlp,2026,NF-ToN-IoT,ssd_canonical@alpha=3,NF-BoT-IoT,retained,0.0014474107430041815,0.5,0.0,0.0,0.0,0.7303701168554607,0.9991524583668676,1.1749755407391378,36.0,0.0,24836.0,0.0,24872.0,0.9985525892569959
mlp,2026,NF-ToN-IoT,ssd_canonical@alpha=3,NF-CSE-CIC-IDS2018,retained,0.8586989022254495,0.5,0.0,0.0,0.0,0.35004811376188927,0.10044661627285223,0.469697597971444,20103.0,0.0,3308.0,0.0,23411.0,0.14130109777455044
mlp,2026,NF-ToN-IoT,ssd_canonical@alpha=3,RETAINED_MACRO,retained_macro,0.5953132834287181,0.5048836242726517,0.3333333333333333,0.009767248545303408,0.018978396931152837,0.5309598112107022,0.4343703502661542,0.677402525916,39517.0,0.0,29701.0,47.0,69265.0,0.4294809788493467
mlp,2026,NF-ToN-IoT,ssd_canonical@alpha=5,NF-UNSW-NB15,retained,0.77537889619674,0.8658126203739285,0.2504414833841708,0.972568578553616,0.3983148219073152,0.9632943328025277,0.7537974491486635,0.5841451820558174,14709.0,4669.0,44.0,1560.0,20982.0,0.07644647793346677
mlp,2026,NF-ToN-IoT,ssd_canonical@alpha=5,NF-ToN-IoT,forgotten,0.7202612881045153,0.6413570248421244,0.818167555695011,0.8026781591503771,0.8103488462434931,0.6561243402328147,0.7963997842482037,0.737391947385194,1070.0,1159.0,1282.0,5215.0,8726.0,0.7445564978225991
mlp,2026,NF-ToN-IoT,ssd_canonical@alpha=5,NF-BoT-IoT,retained,0.4594724991958829,0.4242318498237326,0.9980762504372158,0.45957481075857626,0.6293559770621967,0.5203915463216477,0.9987778202968542,0.7402469925731369,14.0,22.0,13422.0,11414.0,24872.0,0.9985525892569959
mlp,2026,NF-ToN-IoT,ssd_canonical@alpha=5,NF-CSE-CIC-IDS2018,retained,0.5318440049549357,0.5095763543867582,0.14633019042336845,0.4785368802902056,0.22412572561234603,0.38647892013927543,0.10829154898002216,1.9036480910319535,10868.0,9235.0,1725.0,1583.0,23411.0,0.14130109777455044
mlp,2026,NF-ToN-IoT,ssd_canonical@alpha=5,RETAINED_MACRO,retained_macro,0.5888984667825196,0.5998736081948064,0.464949308081585,0.6368934232007993,0.4172655081939527,0.6233882664211503,0.6202889394751799,1.0760134218869692,25591.0,13926.0,15191.0,14557.0,69265.0,0.4294809788493467
mlp,2026,NF-ToN-IoT,dc_ssd_no_contrast,NF-UNSW-NB15,retained,0.9416642836717186,0.6290328402854974,0.9185022026431718,0.25997506234413964,0.40524781341107874,0.9811595096272118,0.8159501428646869,0.14205688046718692,19341.0,37.0,1187.0,417.0,20982.0,0.07644647793346677
mlp,2026,NF-ToN-IoT,dc_ssd_no_contrast,NF-ToN-IoT,forgotten,0.25601650240660095,0.49905857781757024,0.6086956521739131,0.0021548406957057104,0.004294478527607362,0.4397055810622607,0.6890162749229829,1.9268169028334636,2220.0,9.0,6483.0,14.0,8726.0,0.7445564978225991
mlp,2026,NF-ToN-IoT,dc_ssd_no_contrast,NF-BoT-IoT,retained,0.9606384689610807,0.8693406524579016,0.999664893394211,0.9609035271380254,0.9799010449814203,0.9790906121937688,0.9999690238418713,0.09123864467257235,28.0,8.0,971.0,23865.0,24872.0,0.9985525892569959
mlp,2026,NF-ToN-IoT,dc_ssd_no_contrast,NF-CSE-CIC-IDS2018,retained,0.868779633505617,0.5373126990316677,0.950381679389313,0.0752720677146312,0.13949579831932774,0.5882792418921634,0.25852211059753905,0.3971107909337917,20090.0,13.0,3059.0,249.0,23411.0,0.14130109777455044
mlp,2026,NF-ToN-IoT,dc_ssd_no_contrast,RETAINED_MACRO,retained_macro,0.9236941287128054,0.6785620639250222,0.9561829251422319,0.43205021906559876,0.5082148855706089,0.8495097879043815,0.6914804257680324,0.21013543869118365,39459.0,58.0,5217.0,24531.0,69265.0,0.4294809788493467
mlp,2026,NF-ToN-IoT,dc_ssd_no_class_balance,NF-UNSW-NB15,retained,0.92622247640835,0.5180281955859654,0.9666666666666667,0.03615960099750624,0.06971153846153846,0.754972152650678,0.41949235245058697,0.5943166437199779,19376.0,2.0,1546.0,58.0,20982.0,0.07644647793346677
mlp,2026,NF-ToN-IoT,dc_ssd_no_class_balance,NF-ToN-IoT,forgotten,0.2506303002521201,0.4870421610885322,0.26666666666666666,0.0036940126212097893,0.0072870806133292845,0.275908513664691,0.6158271347236527,0.7603637243090783,2163.0,66.0,6473.0,24.0,8726.0,0.7445564978225991
mlp,2026,NF-ToN-IoT,dc_ssd_no_class_balance,NF-BoT-IoT,retained,0.004020585397233837,0.4735509386016714,0.9705882352941176,0.0026574327588983733,0.00530035335689046,0.3048520516812512,0.9960778480139277,0.8182241940178275,34.0,2.0,24770.0,66.0,24872.0,0.9985525892569959
mlp,2026,NF-ToN-IoT,dc_ssd_no_class_balance,NF-CSE-CIC-IDS2018,retained,0.7725001067874077,0.4640777670330326,0.05035650623885918,0.034159613059250304,0.04070605187319885,0.4482666985700787,0.1187617106494267,0.6400202226177409,17972.0,2131.0,3195.0,113.0,23411.0,0.14130109777455044
mlp,2026,NF-ToN-IoT,dc_ssd_no_class_balance,RETAINED_MACRO,retained_macro,0.5675810561976639,0.4852189670735565,0.6625371360665478,0.024325548938551638,0.03857264789720926,0.5026969676340026,0.5114439703713138,0.6841870201185154,37382.0,2135.0,29511.0,237.0,69265.0,0.4294809788493467
mlp,2026,NF-ToN-IoT,dc_ssd,NF-UNSW-NB15,retained,0.935945095796397,0.5870516646252055,0.9304635761589404,0.17518703241895262,0.29485834207764955,0.8535074063988547,0.5212458815909295,0.48139325098503283,19357.0,21.0,1323.0,281.0,20982.0,0.07644647793346677
mlp,2026,NF-ToN-IoT,dc_ssd,NF-ToN-IoT,forgotten,0.2612881045152418,0.5011251008420009,0.7865168539325843,0.010774203478528551,0.021257212268448223,0.3708211464959532,0.6809519446158299,0.8961321878579656,2210.0,19.0,6427.0,70.0,8726.0,0.7445564978225991
mlp,2026,NF-ToN-IoT,dc_ssd,NF-BoT-IoT,retained,0.9554117079446768,0.9221985111218483,0.999831472508953,0.9555081333548076,0.9771674455951082,0.9722222222222222,0.999959150132978,0.2560594588547511,32.0,4.0,1105.0,23731.0,24872.0,0.9985525892569959
mlp,2026,NF-ToN-IoT,dc_ssd,NF-CSE-CIC-IDS2018,retained,0.8704455170646277,0.5423235617705455,0.9790940766550522,0.08494558645707376,0.15632823365785814,0.3654426228502414,0.19798536272940304,0.5763660673757217,20097.0,6.0,3027.0,281.0,23411.0,0.14130109777455044
mlp,2026,NF-ToN-IoT,dc_ssd,RETAINED_MACRO,retained_macro,0.9206007736019005,0.6838579125058665,0.9697963751076486,0.4052135840769447,0.4761180071102053,0.7303907504904394,0.5730634648177703,0.43793959240516855,39486.0,31.0,5455.0,24293.0,69265.0,0.4294809788493467
mlp,2026,NF-ToN-IoT,scrub_r,NF-UNSW-NB15,retained,0.9791726241540368,0.865493564314006,0.9949109414758269,0.7312967581047382,0.8429752066115702,0.9929520686878117,0.9499367692315926,0.06449939680492899,19372.0,6.0,431.0,1173.0,20982.0,0.07644647793346677
mlp,2026,NF-ToN-IoT,scrub_r,NF-ToN-IoT,forgotten,0.5034380013752006,0.5569046154649283,0.7962760131434831,0.44759119593658614,0.5730613853581633,0.5963687350471933,0.7447753714964966,1.3922959949667661,1485.0,744.0,3589.0,2908.0,8726.0,0.7445564978225991
mlp,2026,NF-ToN-IoT,scrub_r,NF-BoT-IoT,retained,0.9811434544869733,0.7131829244286967,0.9991805629532511,0.981921404412949,0.9904758036675263,0.9251981890087866,0.9998779722072147,0.06965572142340275,16.0,20.0,449.0,24387.0,24872.0,0.9985525892569959
mlp,2026,NF-ToN-IoT,scrub_r,NF-CSE-CIC-IDS2018,retained,0.9105975823330913,0.692232531182668,0.9496669133974833,0.38784764207980654,0.5507619660871431,0.7667852007145065,0.6080140032716885,0.3480347460776799,20035.0,68.0,2025.0,1283.0,23411.0,0.14130109777455044
mlp,2026,NF-ToN-IoT,scrub_r,RETAINED_MACRO,retained_macro,0.9569712203247005,0.7569696733084569,0.9812528059421872,0.7003552681991646,0.7947376587887466,0.894978486137035,0.8526095815701652,0.16072995476867055,39423.0,94.0,2905.0,26843.0,69265.0,0.4294809788493467
mlp,2026,NF-ToN-IoT,scrub_r@lr=0.001,NF-UNSW-NB15,retained,0.9929939948527309,0.9570362397752137,0.99322951929587,0.9145885286783042,0.952288218111003,0.9989741110635528,0.9883586326847558,0.0232781468810045,19368.0,10.0,137.0,1467.0,20982.0,0.07644647793346677
mlp,2026,NF-ToN-IoT,scrub_r@lr=0.001,NF-ToN-IoT,forgotten,0.36408434563373826,0.47437475542599533,0.7073490813648294,0.24888410035400954,0.36821131731754525,0.5597303666329624,0.7267363870576385,1.589272556037772,1560.0,669.0,4880.0,1617.0,8726.0,0.7445564978225991
mlp,2026,NF-ToN-IoT,scrub_r@lr=0.001,NF-BoT-IoT,retained,0.9859681569636539,0.701730015568798,0.9991438705206083,0.9867933644709292,0.99293021371417,0.9579139152842647,0.9999365304461757,0.04320968208357963,15.0,21.0,328.0,24508.0,24872.0,0.9985525892569959
mlp,2026,NF-ToN-IoT,scrub_r@lr=0.001,NF-CSE-CIC-IDS2018,retained,0.9164495322711546,0.7118034158545401,0.9598639455782313,0.4265417170495768,0.590623691921306,0.7554593616153713,0.6483103475140024,0.35168846990977465,20044.0,59.0,1897.0,1411.0,23411.0,0.14130109777455044
mlp,2026,NF-ToN-IoT,scrub_r@lr=0.001,RETAINED_MACRO,retained_macro,0.9651372280291799,0.7901898903995171,0.9840791117982365,0.7759745367329368,0.845280707915493,0.9041157959877296,0.8788685035483113,0.13939209962478627,39427.0,90.0,2362.0,27386.0,69265.0,0.4294809788493467
mlp,2026,NF-ToN-IoT,retrained,NF-UNSW-NB15,retained,0.9991421218187018,0.9963904551244451,0.995625,0.993142144638404,0.9943820224719101,0.9999167372105396,0.9986014992510308,0.0036920478118252146,19371.0,7.0,11.0,1593.0,20982.0,0.07644647793346677
mlp,2026,NF-ToN-IoT,retrained,NF-ToN-IoT,forgotten,0.2737795095118038,0.48313664180030497,0.6438848920863309,0.05510235493304602,0.10151708492839927,0.4711939036914784,0.737127369683129,2.6664828070731317,2031.0,198.0,6139.0,358.0,8726.0,0.7445564978225991
mlp,2026,NF-ToN-IoT,retrained,NF-BoT-IoT,retained,0.9856465101318752,0.6599626885703549,0.9990214865250541,0.9865920438073764,0.9927678625691307,0.9826819491419267,0.9999745971277374,0.038114493315834504,12.0,24.0,333.0,24503.0,24872.0,0.9985525892569959
mlp,2026,NF-ToN-IoT,retrained,NF-CSE-CIC-IDS2018,retained,0.9272991328862501,0.7433762450465953,0.9969059405940595,0.4870012091898428,0.6543460601137286,0.7894423976496858,0.6656626355286137,0.3482823058781749,20098.0,5.0,1697.0,1611.0,23411.0,0.14130109777455044
mlp,2026,NF-ToN-IoT,retrained,RETAINED_MACRO,retained_macro,0.9706959216122758,0.7999097962471318,0.9971841423730378,0.8222451325452077,0.8804986483849232,0.924013694667384,0.8880795773024607,0.13002961566861151,39481.0,36.0,2041.0,27707.0,69265.0,0.4294809788493467
mlp,2026,NF-BoT-IoT,original,NF-UNSW-NB15,retained,0.9988561624249357,0.9965215586279424,0.9912935323383084,0.9937655860349127,0.9925280199252802,0.9999203083734569,0.9987643067390719,0.0037544784839063285,19364.0,14.0,10.0,1594.0,20982.0,0.07644647793346677
mlp,2026,NF-BoT-IoT,original,NF-ToN-IoT,retained,0.6179234471693789,0.6645839163922362,0.8736120954405858,0.5691857780514084,0.68928238583411,0.612623433267644,0.8221147165180834,1.547089840157814,1694.0,535.0,2799.0,3698.0,8726.0,0.7445564978225991
mlp,2026,NF-BoT-IoT,original,NF-BoT-IoT,forgotten,0.9894660662592474,0.8560378303895779,0.9995933967634383,0.9898534385569335,0.9946995751567874,0.9888356507578604,0.9999835761058589,0.02098719144057624,26.0,10.0,252.0,24584.0,24872.0,0.9985525892569959
mlp,2026,NF-BoT-IoT,original,NF-CSE-CIC-IDS2018,retained,0.8897099654008799,0.7501538028367931,0.6230508474576271,0.5556227327690447,0.5874081176094599,0.8400471173817596,0.6790455198467145,0.3562264482850743,18991.0,1112.0,1470.0,1838.0,23411.0,0.14130109777455044
mlp,2026,NF-BoT-IoT,original,RETAINED_MACRO,retained_macro,0.8354965249983981,0.8037530926189906,0.8293188250788405,0.7061913656184552,0.7564061744562833,0.8175302863409536,0.8333081810346233,0.6356902556422649,40049.0,1661.0,4279.0,7130.0,53119.0,0.21478190477983397
mlp,2026,NF-BoT-IoT,rollback_repair,NF-UNSW-NB15,retained,0.9235535220665332,0.5,0.0,0.0,0.0,0.8468516917274365,0.7346586571895173,0.6685955272030402,19378.0,0.0,1604.0,0.0,20982.0,0.07644647793346677
mlp,2026,NF-BoT-IoT,rollback_repair,NF-ToN-IoT,retained,0.25544350217740086,0.5,0.0,0.0,0.0,0.7940844147069154,0.9102442530967132,6.510366272876158,2229.0,0.0,6497.0,0.0,8726.0,0.7445564978225991
mlp,2026,NF-BoT-IoT,rollback_repair,NF-BoT-IoT,forgotten,0.0014474107430041815,0.5,0.0,0.0,0.0,0.3918729085019953,0.9971119180639401,8.749683220634532,36.0,0.0,24836.0,0.0,24872.0,0.9985525892569959
mlp,2026,NF-BoT-IoT,rollback_repair,NF-CSE-CIC-IDS2018,retained,0.8586989022254495,0.5,0.0,0.0,0.0,0.8538888839766617,0.5068682619174822,1.235876988175998,20103.0,0.0,3308.0,0.0,23411.0,0.14130109777455044
mlp,2026,NF-BoT-IoT,rollback_repair,RETAINED_MACRO,retained_macro,0.6792319754897945,0.5,0.0,0.0,0.0,0.8316083301370045,0.7172570574012376,2.804946262751732,41710.0,0.0,11409.0,0.0,53119.0,0.21478190477983397
mlp,2026,NF-BoT-IoT,ssd_canonical,NF-UNSW-NB15,retained,0.9988561624249357,0.9965215586279424,0.9912935323383084,0.9937655860349127,0.9925280199252802,0.9999203083734569,0.9987643067390719,0.0037544784839063285,19364.0,14.0,10.0,1594.0,20982.0,0.07644647793346677
mlp,2026,NF-BoT-IoT,ssd_canonical,NF-ToN-IoT,retained,0.6179234471693789,0.6645839163922362,0.8736120954405858,0.5691857780514084,0.68928238583411,0.612623433267644,0.8221147165180834,1.547089840157814,1694.0,535.0,2799.0,3698.0,8726.0,0.7445564978225991
mlp,2026,NF-BoT-IoT,ssd_canonical,NF-BoT-IoT,forgotten,0.9894660662592474,0.8560378303895779,0.9995933967634383,0.9898534385569335,0.9946995751567874,0.9888356507578604,0.9999835761058589,0.02098719144057624,26.0,10.0,252.0,24584.0,24872.0,0.9985525892569959
mlp,2026,NF-BoT-IoT,ssd_canonical,NF-CSE-CIC-IDS2018,retained,0.8897099654008799,0.7501538028367931,0.6230508474576271,0.5556227327690447,0.5874081176094599,0.8400471173817596,0.6790455198467145,0.3562264482850743,18991.0,1112.0,1470.0,1838.0,23411.0,0.14130109777455044
mlp,2026,NF-BoT-IoT,ssd_canonical,RETAINED_MACRO,retained_macro,0.8354965249983981,0.8037530926189906,0.8293188250788405,0.7061913656184552,0.7564061744562833,0.8175302863409536,0.8333081810346233,0.6356902556422649,40049.0,1661.0,4279.0,7130.0,53119.0,0.21478190477983397
mlp,2026,NF-BoT-IoT,ssd_canonical@alpha=1,NF-UNSW-NB15,retained,0.9989038223238966,0.9965473610843363,0.9919103920348475,0.9937655860349127,0.9928371223917782,0.9999197614385957,0.9987618959565441,0.003751840407127159,19365.0,13.0,10.0,1594.0,20982.0,0.07644647793346677
mlp,2026,NF-BoT-IoT,ssd_canonical@alpha=1,NF-ToN-IoT,retained,0.6175796470318589,0.6643530406034106,0.8735224586288416,0.5687240264737571,0.6889158198937261,0.6135870902351798,0.8231526918445626,1.5740288578007882,1694.0,535.0,2802.0,3695.0,8726.0,0.7445564978225991
mlp,2026,NF-BoT-IoT,ssd_canonical@alpha=1,NF-BoT-IoT,forgotten,0.9886619491798005,0.855635189062472,0.9995930658419467,0.9890481559027219,0.9942926533090467,0.9878771407097223,0.9999821578715733,0.022978792021479916,26.0,10.0,272.0,24564.0,24872.0,0.9985525892569959
mlp,2026,NF-BoT-IoT,ssd_canonical@alpha=1,NF-CSE-CIC-IDS2018,retained,0.8888556661398488,0.7483935964366343,0.6196610169491525,0.5525997581620314,0.5842122083732822,0.8393812073384345,0.6782008880043343,0.36062506661473137,18981.0,1122.0,1480.0,1828.0,23411.0,0.14130109777455044
mlp,2026,NF-BoT-IoT,ssd_canonical@alpha=1,RETAINED_MACRO,retained_macro,0.8351130451652015,0.8030979993747938,0.8283646225376139,0.7050297902235672,0.7553217168862622,0.81762935300407,0.8333718252684803,0.6461352549408822,40040.0,1670.0,4292.0,7117.0,53119.0,0.21478190477983397
mlp,2026,NF-BoT-IoT,ssd_canonical@alpha=2,NF-UNSW-NB15,retained,0.9988561624249357,0.9965215586279424,0.9912935323383084,0.9937655860349127,0.9925280199252802,0.9999202118555403,0.9987635546322118,0.003751505861734562,19364.0,14.0,10.0,1594.0,20982.0,0.07644647793346677
mlp,2026,NF-BoT-IoT,ssd_canonical@alpha=2,NF-ToN-IoT,retained,0.6181526472610589,0.6647378335847867,0.8736717827626919,0.5694936124365092,0.6895266492732016,0.6115496726825571,0.8218841045753085,1.5530291409487291,1694.0,535.0,2797.0,3700.0,8726.0,0.7445564978225991
mlp,2026,NF-BoT-IoT,ssd_canonical@alpha=2,NF-BoT-IoT,forgotten,0.989184625281441,0.8558969059250908,0.9995932810021556,0.9895715896279594,0.9945571899722802,0.9886824233639342,0.9999833545978404,0.021521646649550617,26.0,10.0,259.0,24577.0,24872.0,0.9985525892569959
mlp,2026,NF-BoT-IoT,ssd_canonical@alpha=2,NF-CSE-CIC-IDS2018,retained,0.8894536756225706,0.7497520177374309,0.6219512195121951,0.5550181378476421,0.5865814696485623,0.8398221574249327,0.6786520832381168,0.3569679956925264,18987.0,1116.0,1472.0,1836.0,23411.0,0.14130109777455044
mlp,2026,NF-BoT-IoT,ssd_canonical@alpha=2,RETAINED_MACRO,retained_macro,0.8354874951028549,0.8036704699833868,0.8289721782043985,0.7060924454396881,0.756212046282348,0.81709734732101,0.8330999141485457,0.6379162141676634,40045.0,1665.0,4279.0,7130.0,53119.0,0.21478190477983397
mlp,2026,NF-BoT-IoT,ssd_canonical@alpha=3,NF-UNSW-NB15,retained,0.9988561624249357,0.9965215586279424,0.9912935323383084,0.9937655860349127,0.9925280199252802,0.9999203083734569,0.9987643067390719,0.0037558716623530843,19364.0,14.0,10.0,1594.0,20982.0,0.07644647793346677
mlp,2026,NF-BoT-IoT,ssd_canonical@alpha=3,NF-ToN-IoT,retained,0.6179234471693789,0.6645839163922362,0.8736120954405858,0.5691857780514084,0.68928238583411,0.612623433267644,0.8221147165180834,1.5470898203491517,1694.0,535.0,2799.0,3698.0,8726.0,0.7445564978225991
mlp,2026,NF-BoT-IoT,ssd_canonical@alpha=3,NF-BoT-IoT,forgotten,0.9894660662592474,0.8560378303895779,0.9995933967634383,0.9898534385569335,0.9946995751567874,0.9888378876541221,0.9999835793765066,0.02098498846302336,26.0,10.0,252.0,24584.0,24872.0,0.9985525892569959
mlp,2026,NF-BoT-IoT,ssd_canonical@alpha=3,NF-CSE-CIC-IDS2018,retained,0.8897099654008799,0.7501538028367931,0.6230508474576271,0.5556227327690447,0.5874081176094599,0.8400443279384446,0.6790440459771666,0.3562417683873299,18991.0,1112.0,1470.0,1838.0,23411.0,0.14130109777455044
mlp,2026,NF-BoT-IoT,ssd_canonical@alpha=3,RETAINED_MACRO,retained_macro,0.8354965249983981,0.8037530926189906,0.8293188250788405,0.7061913656184552,0.7564061744562833,0.8175293565265153,0.8333076897447741,0.6356958201329449,40049.0,1661.0,4279.0,7130.0,53119.0,0.21478190477983397
mlp,2026,NF-BoT-IoT,ssd_canonical@alpha=5,NF-UNSW-NB15,retained,0.9988561624249357,0.9965215586279424,0.9912935323383084,0.9937655860349127,0.9925280199252802,0.9999203083734569,0.9987643067390719,0.0037544784839063285,19364.0,14.0,10.0,1594.0,20982.0,0.07644647793346677
mlp,2026,NF-BoT-IoT,ssd_canonical@alpha=5,NF-ToN-IoT,retained,0.6179234471693789,0.6645839163922362,0.8736120954405858,0.5691857780514084,0.68928238583411,0.612623433267644,0.8221147165180834,1.547089840157814,1694.0,535.0,2799.0,3698.0,8726.0,0.7445564978225991
mlp,2026,NF-BoT-IoT,ssd_canonical@alpha=5,NF-BoT-IoT,forgotten,0.9894660662592474,0.8560378303895779,0.9995933967634383,0.9898534385569335,0.9946995751567874,0.9888356507578604,0.9999835761058589,0.02098719144057624,26.0,10.0,252.0,24584.0,24872.0,0.9985525892569959
mlp,2026,NF-BoT-IoT,ssd_canonical@alpha=5,NF-CSE-CIC-IDS2018,retained,0.8897099654008799,0.7501538028367931,0.6230508474576271,0.5556227327690447,0.5874081176094599,0.8400471173817596,0.6790455198467145,0.3562264482850743,18991.0,1112.0,1470.0,1838.0,23411.0,0.14130109777455044
mlp,2026,NF-BoT-IoT,ssd_canonical@alpha=5,RETAINED_MACRO,retained_macro,0.8354965249983981,0.8037530926189906,0.8293188250788405,0.7061913656184552,0.7564061744562833,0.8175302863409536,0.8333081810346233,0.6356902556422649,40049.0,1661.0,4279.0,7130.0,53119.0,0.21478190477983397
mlp,2026,NF-BoT-IoT,dc_ssd_no_contrast,NF-UNSW-NB15,retained,0.9762653703174149,0.8481941111716529,0.9893805309734514,0.6970074812967582,0.8178493050475494,0.998816465132967,0.98516678516743,0.055252245116729375,19366.0,12.0,486.0,1118.0,20982.0,0.07644647793346677
mlp,2026,NF-BoT-IoT,dc_ssd_no_contrast,NF-ToN-IoT,retained,0.5993582397432959,0.6531481244786133,0.8698545723440966,0.5431737725103895,0.6687511843850673,0.5240842427671177,0.7843891974423491,1.8303230606045453,1701.0,528.0,2968.0,3529.0,8726.0,0.7445564978225991
mlp,2026,NF-BoT-IoT,dc_ssd_no_contrast,NF-BoT-IoT,forgotten,0.6786346091990993,0.7003968253968254,0.9994069857083556,0.6785714285714286,0.808316746204945,0.6371407544603711,0.9991610954469631,1.3356385573258303,26.0,10.0,7983.0,16853.0,24872.0,0.9985525892569959
mlp,2026,NF-BoT-IoT,dc_ssd_no_contrast,NF-CSE-CIC-IDS2018,retained,0.8254239460082867,0.6990836821566033,0.40811512149091766,0.5229746070133011,0.4584603153570955,0.670789990196197,0.571454683540477,0.5064148134525358,17594.0,2509.0,1578.0,1730.0,23411.0,0.14130109777455044
mlp,2026,NF-BoT-IoT,dc_ssd_no_contrast,RETAINED_MACRO,retained_macro,0.8003491853563326,0.7334753059356233,0.7557834082694885,0.5877186202734829,0.6483536015965708,0.7312302326987606,0.780336888716752,0.7973300397246036,38661.0,3049.0,5032.0,6377.0,53119.0,0.21478190477983397
mlp,2026,NF-BoT-IoT,dc_ssd_no_class_balance,NF-UNSW-NB15,retained,0.9988561624249357,0.9965215586279424,0.9912935323383084,0.9937655860349127,0.9925280199252802,0.9999175736991508,0.9987113446843692,0.003723889841702402,19364.0,14.0,10.0,1594.0,20982.0,0.07644647793346677
mlp,2026,NF-BoT-IoT,dc_ssd_no_class_balance,NF-ToN-IoT,retained,0.6183818473527389,0.6648917507773371,0.873731413736134,0.5698014468216099,0.6897708216880939,0.6139558631229391,0.8225286100433451,1.5315195663010208,1694.0,535.0,2795.0,3702.0,8726.0,0.7445564978225991
mlp,2026,NF-BoT-IoT,dc_ssd_no_class_balance,NF-BoT-IoT,forgotten,0.9896268896751367,0.856118358654999,0.9995934628831612,0.9900144950877758,0.9947809200145649,0.9885672232064566,0.9999831871131946,0.021325147118469046,26.0,10.0,248.0,24588.0,24872.0,0.9985525892569959
mlp,2026,NF-BoT-IoT,dc_ssd_no_class_balance,NF-CSE-CIC-IDS2018,retained,0.8896245354747768,0.7503566126588336,0.6224627875507442,0.5562273276904474,0.5874840357598978,0.8425069853374829,0.6806858262196401,0.34762293187208604,18987.0,1116.0,1468.0,1840.0,23411.0,0.14130109777455044
mlp,2026,NF-BoT-IoT,dc_ssd_no_class_balance,RETAINED_MACRO,retained_macro,0.8356208484174839,0.8039233073547044,0.8291625778750622,0.7065981201823234,0.7565942924577573,0.8187934740531909,0.8339752603157847,0.6276221293382698,40045.0,1665.0,4273.0,7136.0,53119.0,0.21478190477983397
mlp,2026,NF-BoT-IoT,dc_ssd,NF-UNSW-NB15,retained,0.9399961872080831,0.6101169050745002,0.9752066115702479,0.22069825436408977,0.3599389933909507,0.995038882564463,0.9412319981402003,0.16137023180450072,19369.0,9.0,1250.0,354.0,20982.0,0.07644647793346677
mlp,2026,NF-BoT-IoT,dc_ssd,NF-ToN-IoT,retained,0.49977079990831996,0.5778717416113577,0.8228346456692913,0.4181930121594582,0.5545463822839065,0.5010731045898742,0.7658565755458253,1.9329236186655088,1644.0,585.0,3780.0,2717.0,8726.0,0.7445564978225991
mlp,2026,NF-BoT-IoT,dc_ssd,NF-BoT-IoT,forgotten,0.6878015439047925,0.6911181797032981,0.9993564617094717,0.6877919149621518,0.8148059815402228,0.6008046115853332,0.9990829980295343,1.6550287813047329,25.0,11.0,7754.0,17082.0,24872.0,0.9985525892569959
mlp,2026,NF-BoT-IoT,dc_ssd,NF-CSE-CIC-IDS2018,retained,0.8419546367092392,0.7167908277209132,0.4507537688442211,0.5423216444981862,0.49231613611416025,0.6933121585262741,0.596318121435649,0.47908485284613,17917.0,2186.0,1514.0,1794.0,23411.0,0.14130109777455044
mlp,2026,NF-BoT-IoT,dc_ssd,RETAINED_MACRO,retained_macro,0.7605738746085473,0.6349264914689238,0.7495983420279201,0.39373763700724473,0.46893383726300586,0.7298080485602038,0.767802231707225,0.8577929011053799,38930.0,2780.0,6544.0,4865.0,53119.0,0.21478190477983397
mlp,2026,NF-BoT-IoT,scrub_r,NF-UNSW-NB15,retained,0.9938995329329902,0.9635307695257675,0.992,0.9276807980049875,0.9587628865979382,0.9995616477950545,0.9893530315626865,0.023252327564232355,19366.0,12.0,116.0,1488.0,20982.0,0.07644647793346677
mlp,2026,NF-BoT-IoT,scrub_r,NF-ToN-IoT,retained,0.5546642218656888,0.5731801674279319,0.8004602991944764,0.5353239956903186,0.6415790444567423,0.502225308391981,0.7738395973336002,1.7089488072342074,1362.0,867.0,3019.0,3478.0,8726.0,0.7445564978225991
mlp,2026,NF-BoT-IoT,scrub_r,NF-BoT-IoT,forgotten,0.27311836603409456,0.3447884790894937,0.9969113104868363,0.2729102915123208,0.42851272324956535,0.3386929367763641,0.9974811352539742,2.1231682140689556,15.0,21.0,18058.0,6778.0,24872.0,0.9985525892569959
mlp,2026,NF-BoT-IoT,scrub_r,NF-CSE-CIC-IDS2018,retained,0.885267609243518,0.7485773387970933,0.6013029315960912,0.5580411124546554,0.5788648479147068,0.704695184972723,0.6295139924630305,0.39238653660563083,18879.0,1224.0,1462.0,1846.0,23411.0,0.14130109777455044
mlp,2026,NF-BoT-IoT,scrub_r,RETAINED_MACRO,retained_macro,0.8112771213473989,0.7617627585835974,0.7979210769301893,0.6736819687166538,0.7264022596564624,0.7354940470532528,0.7975688737864391,0.7081958904680236,39607.0,2103.0,4597.0,6812.0,53119.0,0.21478190477983397
mlp,2026,NF-BoT-IoT,scrub_r@lr=0.001,NF-UNSW-NB15,retained,0.9923744161662378,0.9535557071816279,0.9918256130790191,0.9077306733167082,0.9479166666666666,0.9996038904699238,0.9911875529301499,0.022119840249312038,19366.0,12.0,148.0,1456.0,20982.0,0.07644647793346677
mlp,2026,NF-BoT-IoT,scrub_r@lr=0.001,NF-ToN-IoT,retained,0.5553518221407289,0.6006082940029678,0.8283563362609787,0.5080806526088965,0.6298416332760923,0.4850553242194192,0.7625852333479669,1.520952466876174,1545.0,684.0,3196.0,3301.0,8726.0,0.7445564978225991
mlp,2026,NF-BoT-IoT,scrub_r@lr=0.001,NF-BoT-IoT,forgotten,0.4266243165004825,0.43552146525652724,0.9981158737635422,0.42659848606861006,0.5977264393105978,0.3634173511569227,0.9974738032843564,1.5899053449347251,16.0,20.0,14241.0,10595.0,24872.0,0.9985525892569959
mlp,2026,NF-BoT-IoT,scrub_r@lr=0.001,NF-CSE-CIC-IDS2018,retained,0.8934688821494169,0.7488067799081406,0.6450463292943692,0.5471584038694075,0.5920837422309454,0.7205306065539978,0.6308474971686777,0.3852891088084397,19107.0,996.0,1498.0,1810.0,23411.0,0.14130109777455044
mlp,2026,NF-BoT-IoT,scrub_r@lr=0.001,RETAINED_MACRO,retained_macro,0.8137317068187945,0.7676569270309122,0.8217427595447889,0.654323243265004,0.7232806807245681,0.7350632737477802,0.7948734278155983,0.6427871386446419,40018.0,1692.0,4842.0,6567.0,53119.0,0.21478190477983397
mlp,2026,NF-BoT-IoT,retrained,NF-UNSW-NB15,retained,0.9991421218187018,0.9972482098500266,0.9937733499377335,0.9950124688279302,0.994392523364486,0.9999356868948487,0.9989533246952583,0.003147214813406686,19368.0,10.0,8.0,1596.0,20982.0,0.07644647793346677
mlp,2026,NF-BoT-IoT,retrained,NF-ToN-IoT,retained,0.6129956451982581,0.6565592650588707,0.8667136812411848,0.5674926889333538,0.6858896846804948,0.6441264640000531,0.8268748447036874,1.2334136611858768,1662.0,567.0,2810.0,3687.0,8726.0,0.7445564978225991
mlp,2026,NF-BoT-IoT,retrained,NF-BoT-IoT,forgotten,0.014755548407848183,0.25702609115799646,0.9509536784741145,0.014052182315992914,0.02769511566083403,0.20087552119682897,0.9953476477804755,2.8841290623990896,18.0,18.0,24487.0,349.0,24872.0,0.9985525892569959
mlp,2026,NF-BoT-IoT,retrained,NF-CSE-CIC-IDS2018,retained,0.8938960317799325,0.7546116791149522,0.6428571428571429,0.560459492140266,0.5988372093023255,0.8497258541125057,0.66916648433168,0.31981845616291477,19073.0,1030.0,1454.0,1854.0,23411.0,0.14130109777455044
mlp,2026,NF-BoT-IoT,retrained,RETAINED_MACRO,retained_macro,0.835344599598964,0.8028063846746165,0.8344480580120203,0.7076548833005166,0.7597064724491022,0.8312626683358024,0.8316648845768753,0.5187931107207328,40103.0,1607.0,4272.0,7137.0,53119.0,0.21478190477983397
mlp,2026,NF-CSE-CIC-IDS2018,original,NF-UNSW-NB15,retained,0.9988561624249357,0.9965215586279424,0.9912935323383084,0.9937655860349127,0.9925280199252802,0.9999203083734569,0.9987643067390719,0.0037544784839063285,19364.0,14.0,10.0,1594.0,20982.0,0.07644647793346677
mlp,2026,NF-CSE-CIC-IDS2018,original,NF-ToN-IoT,retained,0.6179234471693789,0.6645839163922362,0.8736120954405858,0.5691857780514084,0.68928238583411,0.612623433267644,0.8221147165180834,1.547089840157814,1694.0,535.0,2799.0,3698.0,8726.0,0.7445564978225991
mlp,2026,NF-CSE-CIC-IDS2018,original,NF-BoT-IoT,retained,0.9894660662592474,0.8560378303895779,0.9995933967634383,0.9898534385569335,0.9946995751567874,0.9888356507578604,0.9999835761058589,0.02098719144057624,26.0,10.0,252.0,24584.0,24872.0,0.9985525892569959
mlp,2026,NF-CSE-CIC-IDS2018,original,NF-CSE-CIC-IDS2018,forgotten,0.8897099654008799,0.7501538028367931,0.6230508474576271,0.5556227327690447,0.5874081176094599,0.8400471173817596,0.6790455198467145,0.3562264482850743,18991.0,1112.0,1470.0,1838.0,23411.0,0.14130109777455044
mlp,2026,NF-CSE-CIC-IDS2018,original,RETAINED_MACRO,retained_macro,0.8687485586178539,0.839047768469919,0.9548330081807775,0.8509349342144182,0.8921699936387258,0.8671264641329871,0.9402875331210048,0.5239438366940988,21084.0,559.0,3061.0,29876.0,54580.0,0.6034628068889704
mlp,2026,NF-CSE-CIC-IDS2018,rollback_repair,NF-UNSW-NB15,retained,0.07644647793346677,0.5,0.07644647793346677,1.0,0.142034888869211,0.8430869782144905,0.49966422209674843,23.23867511853746,0.0,19378.0,0.0,1604.0,20982.0,0.07644647793346677
mlp,2026,NF-CSE-CIC-IDS2018,rollback_repair,NF-ToN-IoT,retained,0.7445564978225991,0.5,0.7445564978225991,1.0,0.8535768245418117,0.49340900894107664,0.6850584746140659,6.425713084816808,0.0,2229.0,0.0,6497.0,8726.0,0.7445564978225991
mlp,2026,NF-CSE-CIC-IDS2018,rollback_repair,NF-BoT-IoT,retained,0.9985525892569959,0.5,0.9985525892569959,1.0,0.9992757704997184,0.9877457230543476,0.9999821148348256,0.03641159167654073,0.0,36.0,0.0,24836.0,24872.0,0.9985525892569959
mlp,2026,NF-CSE-CIC-IDS2018,rollback_repair,NF-CSE-CIC-IDS2018,forgotten,0.14130109777455044,0.5,0.14130109777455044,1.0,0.2476140574123283,0.803570476916913,0.3381495814311123,21.578606338219767,0.0,20103.0,0.0,3308.0,23411.0,0.14130109777455044
mlp,2026,NF-CSE-CIC-IDS2018,rollback_repair,RETAINED_MACRO,retained_macro,0.6065185216710206,0.5,0.6065185216710206,1.0,0.6649624946369137,0.7747472367366383,0.7282349371818798,9.900266598343604,0.0,21643.0,0.0,32937.0,54580.0,0.6034628068889704
mlp,2026,NF-CSE-CIC-IDS2018,ssd_canonical,NF-UNSW-NB15,retained,0.9988561624249357,0.9965215586279424,0.9912935323383084,0.9937655860349127,0.9925280199252802,0.9999203083734569,0.9987643067390719,0.0037544784839063285,19364.0,14.0,10.0,1594.0,20982.0,0.07644647793346677
mlp,2026,NF-CSE-CIC-IDS2018,ssd_canonical,NF-ToN-IoT,retained,0.6179234471693789,0.6645839163922362,0.8736120954405858,0.5691857780514084,0.68928238583411,0.612623433267644,0.8221147165180834,1.547089840157814,1694.0,535.0,2799.0,3698.0,8726.0,0.7445564978225991
mlp,2026,NF-CSE-CIC-IDS2018,ssd_canonical,NF-BoT-IoT,retained,0.9894660662592474,0.8560378303895779,0.9995933967634383,0.9898534385569335,0.9946995751567874,0.9888356507578604,0.9999835761058589,0.02098719144057624,26.0,10.0,252.0,24584.0,24872.0,0.9985525892569959
mlp,2026,NF-CSE-CIC-IDS2018,ssd_canonical,NF-CSE-CIC-IDS2018,forgotten,0.8897099654008799,0.7501538028367931,0.6230508474576271,0.5556227327690447,0.5874081176094599,0.8400471173817596,0.6790455198467145,0.3562264482850743,18991.0,1112.0,1470.0,1838.0,23411.0,0.14130109777455044
mlp,2026,NF-CSE-CIC-IDS2018,ssd_canonical,RETAINED_MACRO,retained_macro,0.8687485586178539,0.839047768469919,0.9548330081807775,0.8509349342144182,0.8921699936387258,0.8671264641329871,0.9402875331210048,0.5239438366940988,21084.0,559.0,3061.0,29876.0,54580.0,0.6034628068889704
mlp,2026,NF-CSE-CIC-IDS2018,ssd_canonical@alpha=1,NF-UNSW-NB15,retained,0.9871318272805262,0.9229833675178346,0.9819364161849711,0.8472568578553616,0.9096385542168675,0.9915914556163005,0.9519226142435331,0.07095643982251044,19353.0,25.0,245.0,1359.0,20982.0,0.07644647793346677
mlp,2026,NF-CSE-CIC-IDS2018,ssd_canonical@alpha=1,NF-ToN-IoT,retained,0.850332340132936,0.7285576743740579,0.8455598455598455,0.9775280898876404,0.9067675613934895,0.8035759749141906,0.8802796046964086,0.43136528364114857,1069.0,1160.0,146.0,6351.0,8726.0,0.7445564978225991
mlp,2026,NF-CSE-CIC-IDS2018,ssd_canonical@alpha=1,NF-BoT-IoT,retained,0.9915165648118366,0.7322457543708953,0.9992296152130722,0.9922692865195684,0.9957372876219721,0.7757813478642115,0.9994847380949671,0.10412823106617458,17.0,19.0,192.0,24644.0,24872.0,0.9985525892569959
mlp,2026,NF-CSE-CIC-IDS2018,ssd_canonical@alpha=1,NF-CSE-CIC-IDS2018,forgotten,0.6697706206484131,0.7090930694228231,0.26664556294185926,0.7639056831922612,0.3953070003910833,0.8583675720583133,0.7124191278438919,0.5320570790637315,13153.0,6950.0,781.0,2527.0,23411.0,0.14130109777455044
mlp,2026,NF-CSE-CIC-IDS2018,ssd_canonical@alpha=1,RETAINED_MACRO,retained_macro,0.9429935774084329,0.7945955987542627,0.9422419589859629,0.9390180780875235,0.9373811344107764,0.8569829261315675,0.9438956523449696,0.20214998484327787,20439.0,1204.0,583.0,32354.0,54580.0,0.6034628068889704
mlp,2026,NF-CSE-CIC-IDS2018,ssd_canonical@alpha=2,NF-UNSW-NB15,retained,0.9988085025259746,0.9967816744134091,0.9900682805710739,0.9943890274314214,0.9922239502332815,0.9998614324442788,0.9973215995695597,0.004679138764589179,19362.0,16.0,9.0,1595.0,20982.0,0.07644647793346677
mlp,2026,NF-CSE-CIC-IDS2018,ssd_canonical@alpha=2,NF-ToN-IoT,retained,0.6178088471235389,0.6566970240535491,0.8644536652835408,0.5771894720640296,0.6922011998154131,0.6658520241906175,0.8372185310065108,1.152748061488502,1641.0,588.0,2747.0,3750.0,8726.0,0.7445564978225991
mlp,2026,NF-CSE-CIC-IDS2018,ssd_canonical@alpha=2,NF-BoT-IoT,retained,0.989425860405275,0.8560176983232226,0.9995933802301468,0.9898131744242229,0.9946792368852293,0.9850407562498881,0.9999778540156155,0.021365845326172875,26.0,10.0,253.0,24583.0,24872.0,0.9985525892569959
mlp,2026,NF-CSE-CIC-IDS2018,ssd_canonical@alpha=2,NF-CSE-CIC-IDS2018,forgotten,0.8949211908931699,0.7574815877192556,0.6464088397790055,0.56590084643289,0.6034816247582205,0.8261075473403869,0.6783232461835886,0.37005554290041554,19079.0,1024.0,1436.0,1872.0,23411.0,0.14130109777455044
mlp,2026,NF-CSE-CIC-IDS2018,ssd_canonical@alpha=2,RETAINED_MACRO,retained_macro,0.8686810700182628,0.8364987989300602,0.9513717753615872,0.8537972246398913,0.8930347956446413,0.8835847376282615,0.9448393281972286,0.39293101519308804,21029.0,614.0,3009.0,29928.0,54580.0,0.6034628068889704
mlp,2026,NF-CSE-CIC-IDS2018,ssd_canonical@alpha=3,NF-UNSW-NB15,retained,0.9988561624249357,0.9965215586279424,0.9912935323383084,0.9937655860349127,0.9925280199252802,0.9999203405460958,0.9987654264331527,0.003755984447812622,19364.0,14.0,10.0,1594.0,20982.0,0.07644647793346677
mlp,2026,NF-CSE-CIC-IDS2018,ssd_canonical@alpha=3,NF-ToN-IoT,retained,0.6179234471693789,0.6645839163922362,0.8736120954405858,0.5691857780514084,0.68928238583411,0.6109250961878875,0.8217048369271265,1.5571898209084225,1694.0,535.0,2799.0,3698.0,8726.0,0.7445564978225991
mlp,2026,NF-CSE-CIC-IDS2018,ssd_canonical@alpha=3,NF-BoT-IoT,retained,0.9894660662592474,0.8560378303895779,0.9995933967634383,0.9898534385569335,0.9946995751567874,0.988787557488234,0.9999835035530905,0.02097343873286926,26.0,10.0,252.0,24584.0,24872.0,0.9985525892569959
mlp,2026,NF-CSE-CIC-IDS2018,ssd_canonical@alpha=3,NF-CSE-CIC-IDS2018,forgotten,0.8897526803639315,0.7503049515671438,0.6231785835310064,0.555925030229746,0.5876338073174628,0.8402132584300888,0.6791010901461001,0.356550097777193,18991.0,1112.0,1469.0,1839.0,23411.0,0.14130109777455044
mlp,2026,NF-CSE-CIC-IDS2018,ssd_canonical@alpha=3,RETAINED_MACRO,retained_macro,0.8687485586178539,0.839047768469919,0.9548330081807775,0.8509349342144182,0.8921699936387258,0.8665443314074057,0.9401512556377899,0.5273064146963681,21084.0,559.0,3061.0,29876.0,54580.0,0.6034628068889704
mlp,2026,NF-CSE-CIC-IDS2018,ssd_canonical@alpha=5,NF-UNSW-NB15,retained,0.9988561624249357,0.9965215586279424,0.9912935323383084,0.9937655860349127,0.9925280199252802,0.9999203083734569,0.9987643067390719,0.0037544784839063285,19364.0,14.0,10.0,1594.0,20982.0,0.07644647793346677
mlp,2026,NF-CSE-CIC-IDS2018,ssd_canonical@alpha=5,NF-ToN-IoT,retained,0.6179234471693789,0.6645839163922362,0.8736120954405858,0.5691857780514084,0.68928238583411,0.612623433267644,0.8221147165180834,1.547089840157814,1694.0,535.0,2799.0,3698.0,8726.0,0.7445564978225991
mlp,2026,NF-CSE-CIC-IDS2018,ssd_canonical@alpha=5,NF-BoT-IoT,retained,0.9894660662592474,0.8560378303895779,0.9995933967634383,0.9898534385569335,0.9946995751567874,0.9888356507578604,0.9999835761058589,0.02098719144057624,26.0,10.0,252.0,24584.0,24872.0,0.9985525892569959
mlp,2026,NF-CSE-CIC-IDS2018,ssd_canonical@alpha=5,NF-CSE-CIC-IDS2018,forgotten,0.8897099654008799,0.7501538028367931,0.6230508474576271,0.5556227327690447,0.5874081176094599,0.8400471173817596,0.6790455198467145,0.3562264482850743,18991.0,1112.0,1470.0,1838.0,23411.0,0.14130109777455044
mlp,2026,NF-CSE-CIC-IDS2018,ssd_canonical@alpha=5,RETAINED_MACRO,retained_macro,0.8687485586178539,0.839047768469919,0.9548330081807775,0.8509349342144182,0.8921699936387258,0.8671264641329871,0.9402875331210048,0.5239438366940988,21084.0,559.0,3061.0,29876.0,54580.0,0.6034628068889704
mlp,2026,NF-CSE-CIC-IDS2018,dc_ssd_no_contrast,NF-UNSW-NB15,retained,0.9990468020207797,0.9977684414209599,0.9913151364764268,0.9962593516209476,0.9937810945273632,0.9999244586438744,0.9988742078331112,0.0037720362965159198,19364.0,14.0,6.0,1598.0,20982.0,0.07644647793346677
mlp,2026,NF-CSE-CIC-IDS2018,dc_ssd_no_contrast,NF-ToN-IoT,retained,0.618725647490259,0.6546602624961391,0.8617069831127339,0.5811913190703402,0.6941814505009651,0.6895245781726363,0.8464090047340106,1.0106819759853014,1623.0,606.0,2721.0,3776.0,8726.0,0.7445564978225991
mlp,2026,NF-CSE-CIC-IDS2018,dc_ssd_no_contrast,NF-BoT-IoT,retained,0.9903908009006112,0.8565008679157495,0.9995937766584068,0.9907795136092769,0.9951671283845267,0.9858516311447538,0.999979141127139,0.01730670249044708,26.0,10.0,229.0,24607.0,24872.0,0.9985525892569959
mlp,2026,NF-CSE-CIC-IDS2018,dc_ssd_no_contrast,NF-CSE-CIC-IDS2018,forgotten,0.9015847251292127,0.7681805539440443,0.6762640449438202,0.5822249093107618,0.6257309941520468,0.8275894710559842,0.694165109427857,0.3331620485098604,19181.0,922.0,1382.0,1926.0,23411.0,0.14130109777455044
mlp,2026,NF-CSE-CIC-IDS2018,dc_ssd_no_contrast,RETAINED_MACRO,retained_macro,0.8693877501372166,0.8363098572776161,0.9508719654158558,0.8560767281001881,0.8943765578042852,0.8917668893204215,0.9484207845647536,0.3439202382574214,21013.0,630.0,2956.0,29981.0,54580.0,0.6034628068889704
mlp,2026,NF-CSE-CIC-IDS2018,dc_ssd_no_class_balance,NF-UNSW-NB15,retained,0.9990944619197407,0.9986519986029354,0.9901051329622759,0.9981296758104738,0.9941012108040981,0.9999134234287334,0.9988640591417955,0.004741221448408577,19362.0,16.0,3.0,1601.0,20982.0,0.07644647793346677
mlp,2026,NF-CSE-CIC-IDS2018,dc_ssd_no_class_balance,NF-ToN-IoT,retained,0.649438459775384,0.6571602257258811,0.8511029411764706,0.6413729413575496,0.7315017993504783,0.7878972750166019,0.8778709750122149,0.5126934905934866,1500.0,729.0,2330.0,4167.0,8726.0,0.7445564978225991
mlp,2026,NF-CSE-CIC-IDS2018,dc_ssd_no_class_balance,NF-BoT-IoT,retained,0.989667095529109,0.7313196793185519,0.9992281756509729,0.9904171364148816,0.9948031464218551,0.9262741361106638,0.9998743681850305,0.024591581264705925,17.0,19.0,238.0,24598.0,24872.0,0.9985525892569959
mlp,2026,NF-CSE-CIC-IDS2018,dc_ssd_no_class_balance,NF-CSE-CIC-IDS2018,forgotten,0.8906069796249626,0.7669658228081848,0.6171948540947599,0.5946191051995163,0.6056966897613549,0.8398427060733955,0.6974904641931254,0.31353311646709353,18883.0,1220.0,1341.0,1967.0,23411.0,0.14130109777455044
mlp,2026,NF-CSE-CIC-IDS2018,dc_ssd_no_class_balance,RETAINED_MACRO,retained_macro,0.8794000057414112,0.7957106345491228,0.9468120832632397,0.8766399178609684,0.9068020521921438,0.9046949448519997,0.9588698007796803,0.18067543110220038,20879.0,764.0,2571.0,30366.0,54580.0,0.6034628068889704
mlp,2026,NF-CSE-CIC-IDS2018,dc_ssd,NF-UNSW-NB15,retained,0.9988561624249357,0.9970933951116635,0.9900744416873449,0.9950124688279302,0.9925373134328358,0.9997798104594021,0.9974718844961538,0.007360565392065838,19362.0,16.0,8.0,1596.0,20982.0,0.07644647793346677
mlp,2026,NF-CSE-CIC-IDS2018,dc_ssd,NF-ToN-IoT,retained,0.6005042402016961,0.6377084139948499,0.8511779799393515,0.5616438356164384,0.6767433234421365,0.7162425726668339,0.8523498682453939,0.8934343974660862,1591.0,638.0,2848.0,3649.0,8726.0,0.7445564978225991
mlp,2026,NF-CSE-CIC-IDS2018,dc_ssd,NF-BoT-IoT,retained,0.9903103891926665,0.8564606037830389,0.9995937436522445,0.9906989853438557,0.9951264888475461,0.9780135466437608,0.9999669244453502,0.01954910161852811,26.0,10.0,231.0,24605.0,24872.0,0.9985525892569959
mlp,2026,NF-CSE-CIC-IDS2018,dc_ssd,NF-CSE-CIC-IDS2018,forgotten,0.9057707915082653,0.7707442779119217,0.700218023255814,0.5825272067714631,0.635973597359736,0.8464669798181446,0.7012162684321013,0.29070991015243164,19278.0,825.0,1381.0,1927.0,23411.0,0.14130109777455044
mlp,2026,NF-CSE-CIC-IDS2018,dc_ssd,RETAINED_MACRO,retained_macro,0.8632235972730995,0.8304208042965174,0.9469487217596471,0.849118429929408,0.8881357085741728,0.898011976589999,0.9499295590622993,0.30678135482556007,20979.0,664.0,3087.0,29850.0,54580.0,0.6034628068889704
mlp,2026,NF-CSE-CIC-IDS2018,scrub_r,NF-UNSW-NB15,retained,0.9856067105137737,0.9092913680295083,0.9909502262443439,0.8192019950124688,0.8969283276450511,0.9963342816969342,0.9674355999393922,0.04123417797317175,19366.0,12.0,290.0,1314.0,20982.0,0.07644647793346677
mlp,2026,NF-CSE-CIC-IDS2018,scrub_r,NF-ToN-IoT,retained,0.5721980288792116,0.5504732383990871,0.7782923882400322,0.5948899492073264,0.6743435400854925,0.591849860235041,0.7325198447293058,0.6752389644761242,1128.0,1101.0,2632.0,3865.0,8726.0,0.7445564978225991
mlp,2026,NF-CSE-CIC-IDS2018,scrub_r,NF-BoT-IoT,retained,0.9911145062721132,0.5933568654820064,0.9988246261095124,0.9922692865195684,0.9955361651416914,0.9506182781267336,0.9999193364263312,0.03657480423813304,7.0,29.0,192.0,24644.0,24872.0,0.9985525892569959
mlp,2026,NF-CSE-CIC-IDS2018,scrub_r,NF-CSE-CIC-IDS2018,forgotten,0.7150057665200119,0.7009588497111701,0.2863313008130081,0.6813784764207981,0.40322003577817533,0.7750630579600908,0.3362683384894689,0.6292392448633585,14485.0,5618.0,1054.0,2254.0,23411.0,0.14130109777455044
mlp,2026,NF-CSE-CIC-IDS2018,scrub_r,RETAINED_MACRO,retained_macro,0.8496397485550329,0.6843738239702005,0.9226890801979627,0.8021204102464545,0.8556026776240784,0.8462674733529029,0.8999582603650097,0.251015982229143,20501.0,1142.0,3114.0,29823.0,54580.0,0.6034628068889704
mlp,2026,NF-CSE-CIC-IDS2018,scrub_r@lr=0.001,NF-UNSW-NB15,retained,0.9907539796015632,0.942671285199119,0.99231843575419,0.8859102244389028,0.9361001317523057,0.9991135794531629,0.9884309370346593,0.024494945536952,19367.0,11.0,183.0,1421.0,20982.0,0.07644647793346677
mlp,2026,NF-CSE-CIC-IDS2018,scrub_r@lr=0.001,NF-ToN-IoT,retained,0.669149667659867,0.6263372893987791,0.818566890222379,0.7138679390487918,0.7626407958562854,0.6273308459375907,0.7615107842627269,0.5914061610279386,1201.0,1028.0,1859.0,4638.0,8726.0,0.7445564978225991
mlp,2026,NF-CSE-CIC-IDS2018,scrub_r@lr=0.001,NF-BoT-IoT,retained,0.9938485043422323,0.5947258459941662,0.9988278565943172,0.9950072475438879,0.9969138915222785,0.9280804298419857,0.9998759461529363,0.03677995204391072,7.0,29.0,124.0,24712.0,24872.0,0.9985525892569959
mlp,2026,NF-CSE-CIC-IDS2018,scrub_r@lr=0.001,NF-CSE-CIC-IDS2018,forgotten,0.7402503096834822,0.8056935214720369,0.34076030779832317,0.8969165659008465,0.49388264669163545,0.8710210583571991,0.42141667935744365,0.5467262026382748,14363.0,5740.0,341.0,2967.0,23411.0,0.14130109777455044
mlp,2026,NF-CSE-CIC-IDS2018,scrub_r@lr=0.001,RETAINED_MACRO,retained_macro,0.8845840505345541,0.7212448068640214,0.9365710608569621,0.8649284703438608,0.8985516063769565,0.8515082850775797,0.9166058891501075,0.21756035286960043,20575.0,1068.0,2166.0,30771.0,54580.0,0.6034628068889704
mlp,2026,NF-CSE-CIC-IDS2018,retrained,NF-UNSW-NB15,retained,0.9992374416166238,0.9987294059721169,0.9919454770755886,0.9981296758104738,0.9950279676817899,0.9999494567842959,0.9993126341583343,0.003102504651983546,19365.0,13.0,3.0,1601.0,20982.0,0.07644647793346677
mlp,2026,NF-CSE-CIC-IDS2018,retrained,NF-ToN-IoT,retained,0.8224845289938116,0.7531797641635063,0.8703592814371257,0.8948745574880714,0.8824466874098809,0.7818113312193715,0.8763845471923267,0.4694288794004536,1363.0,866.0,683.0,5814.0,8726.0,0.7445564978225991
mlp,2026,NF-CSE-CIC-IDS2018,retrained,NF-BoT-IoT,retained,0.9916371823737536,0.565881068699558,0.9987444309437019,0.9928732485102271,0.9958001857610144,0.9838563196793185,0.9999762535774808,0.013597452633789996,5.0,31.0,177.0,24659.0,24872.0,0.9985525892569959
mlp,2026,NF-CSE-CIC-IDS2018,retrained,NF-CSE-CIC-IDS2018,forgotten,0.4939131177651531,0.5930575206970679,0.18081925549409478,0.7312575574365175,0.2899436653481961,0.6712237899846023,0.22958047445609386,1.1233935482442259,9144.0,10959.0,889.0,2419.0,23411.0,0.14130109777455044
mlp,2026,NF-CSE-CIC-IDS2018,retrained,RETAINED_MACRO,retained_macro,0.937786384328063,0.7725967462783938,0.9536830631521388,0.9619591606029241,0.9577582802842284,0.9218723692276619,0.9585578116427138,0.16204294556207569,20733.0,910.0,863.0,32074.0,54580.0,0.6034628068889704
numerical_feature_transformer,2026,NF-UNSW-NB15,original,NF-UNSW-NB15,forgotten,0.9980936040415594,0.9883889267954069,0.9980891719745223,0.976932668329177,0.9873976055450535,0.999868446079558,0.9953984451954956,0.005620020804474411,19375.0,3.0,37.0,1567.0,20982.0,0.07644647793346677
numerical_feature_transformer,2026,NF-UNSW-NB15,original,NF-ToN-IoT,retained,0.8299335319734128,0.7822013031103219,0.8904813833930518,0.8797906726181315,0.8851037472901827,0.7639680197500133,0.8367612991205162,0.5101396218332253,1526.0,703.0,781.0,5716.0,8726.0,0.7445564978225991
numerical_feature_transformer,2026,NF-UNSW-NB15,original,NF-BoT-IoT,retained,0.9932454165326472,0.6498988922889712,0.9989885913099765,0.9942422290223869,0.9966097590507326,0.9362831284336358,0.9998845309291368,0.02041975510368469,11.0,25.0,143.0,24693.0,24872.0,0.9985525892569959
numerical_feature_transformer,2026,NF-UNSW-NB15,original,NF-CSE-CIC-IDS2018,retained,0.9555337234633292,0.9281435793090012,0.8130350731842032,0.8899637243047158,0.8497618703997691,0.9589796195301574,0.9256639548015417,0.1632995156457003,19426.0,677.0,364.0,2944.0,23411.0,0.14130109777455044
numerical_feature_transformer,2026,NF-UNSW-NB15,original,RETAINED_MACRO,retained_macro,0.9262375573231297,0.7867479249027648,0.9008350159624104,0.9213322086484114,0.9104917922468948,0.8864102559046021,0.9207699282837316,0.23128629752753674,20963.0,1405.0,1288.0,33353.0,57009.0,0.6076408988054518
numerical_feature_transformer,2026,NF-UNSW-NB15,rollback_repair,NF-UNSW-NB15,forgotten,0.07644647793346677,0.5,0.07644647793346677,1.0,0.142034888869211,0.9347493037197491,0.741048682113205,0.8513571388292316,0.0,19378.0,0.0,1604.0,20982.0,0.07644647793346677
numerical_feature_transformer,2026,NF-UNSW-NB15,rollback_repair,NF-ToN-IoT,retained,0.7445564978225991,0.5,0.7445564978225991,1.0,0.8535768245418117,0.45491244777156015,0.673956569493249,0.6243862180011323,0.0,2229.0,0.0,6497.0,8726.0,0.7445564978225991
numerical_feature_transformer,2026,NF-UNSW-NB15,rollback_repair,NF-BoT-IoT,retained,0.9985525892569959,0.5,0.9985525892569959,1.0,0.9992757704997184,0.6151252214527299,0.9983073550876842,0.5355093922724912,0.0,36.0,0.0,24836.0,24872.0,0.9985525892569959
numerical_feature_transformer,2026,NF-UNSW-NB15,rollback_repair,NF-CSE-CIC-IDS2018,retained,0.14130109777455044,0.5,0.14130109777455044,1.0,0.2476140574123283,0.5832600559356316,0.19469176395190974,0.8302665708071776,0.0,20103.0,0.0,3308.0,23411.0,0.14130109777455044
numerical_feature_transformer,2026,NF-UNSW-NB15,rollback_repair,RETAINED_MACRO,retained_macro,0.6281367282847151,0.5,0.6281367282847151,1.0,0.7001555508179528,0.5510992417199738,0.622318562844281,0.6633873936936002,0.0,22368.0,0.0,34641.0,57009.0,0.6076408988054518
numerical_feature_transformer,2026,NF-UNSW-NB15,ssd_canonical,NF-UNSW-NB15,forgotten,0.9980936040415594,0.9883889267954069,0.9980891719745223,0.976932668329177,0.9873976055450535,0.999868446079558,0.9953984451954956,0.005620020804474411,19375.0,3.0,37.0,1567.0,20982.0,0.07644647793346677
numerical_feature_transformer,2026,NF-UNSW-NB15,ssd_canonical,NF-ToN-IoT,retained,0.8299335319734128,0.7822013031103219,0.8904813833930518,0.8797906726181315,0.8851037472901827,0.7639680197500133,0.8367612991205162,0.5101396218332253,1526.0,703.0,781.0,5716.0,8726.0,0.7445564978225991
numerical_feature_transformer,2026,NF-UNSW-NB15,ssd_canonical,NF-BoT-IoT,retained,0.9932454165326472,0.6498988922889712,0.9989885913099765,0.9942422290223869,0.9966097590507326,0.9362831284336358,0.9998845309291368,0.02041975510368469,11.0,25.0,143.0,24693.0,24872.0,0.9985525892569959
numerical_feature_transformer,2026,NF-UNSW-NB15,ssd_canonical,NF-CSE-CIC-IDS2018,retained,0.9555337234633292,0.9281435793090012,0.8130350731842032,0.8899637243047158,0.8497618703997691,0.9589796195301574,0.9256639548015417,0.1632995156457003,19426.0,677.0,364.0,2944.0,23411.0,0.14130109777455044
numerical_feature_transformer,2026,NF-UNSW-NB15,ssd_canonical,RETAINED_MACRO,retained_macro,0.9262375573231297,0.7867479249027648,0.9008350159624104,0.9213322086484114,0.9104917922468948,0.8864102559046021,0.9207699282837316,0.23128629752753674,20963.0,1405.0,1288.0,33353.0,57009.0,0.6076408988054518
numerical_feature_transformer,2026,NF-UNSW-NB15,ssd_canonical@alpha=1,NF-UNSW-NB15,forgotten,0.9993804213135068,0.9968053856482748,0.9981214777708203,0.9937655860349127,0.9959387691346454,0.9998843071905335,0.9973434058008565,0.005628973154885308,19375.0,3.0,10.0,1594.0,20982.0,0.07644647793346677
numerical_feature_transformer,2026,NF-UNSW-NB15,ssd_canonical@alpha=1,NF-ToN-IoT,retained,0.7092596837038735,0.6929118957688516,0.8614457831325302,0.7263352316453748,0.7881419624217119,0.7387483873738738,0.8315172267970155,0.5734814068513908,1470.0,759.0,1778.0,4719.0,8726.0,0.7445564978225991
numerical_feature_transformer,2026,NF-UNSW-NB15,ssd_canonical@alpha=1,NF-BoT-IoT,retained,0.9933660340945641,0.5528779907303019,0.9987062866383667,0.9946448703494927,0.9966714409634665,0.9349163848177379,0.9998838040870857,0.024820790461425504,4.0,32.0,133.0,24703.0,24872.0,0.9985525892569959
numerical_feature_transformer,2026,NF-UNSW-NB15,ssd_canonical@alpha=1,NF-CSE-CIC-IDS2018,retained,0.908888983811029,0.8545135839423342,0.6477244153884838,0.7787182587666264,0.7072065888812629,0.940491753142417,0.8498395786278693,0.24975047033966458,18702.0,1401.0,732.0,2576.0,23411.0,0.14130109777455044
numerical_feature_transformer,2026,NF-UNSW-NB15,ssd_canonical@alpha=1,RETAINED_MACRO,retained_macro,0.8705049005364889,0.7001011568138292,0.8359588283864602,0.833232786920498,0.8306733307554804,0.8713855084446762,0.8937468698373235,0.282684222550827,20176.0,2192.0,2643.0,31998.0,57009.0,0.6076408988054518
numerical_feature_transformer,2026,NF-UNSW-NB15,ssd_canonical@alpha=2,NF-UNSW-NB15,forgotten,0.9995234010103898,0.9977405477430379,0.998125,0.9956359102244389,0.9968789013732834,0.9998719850698364,0.9961222292799532,0.0038492281045633707,19375.0,3.0,7.0,1597.0,20982.0,0.07644647793346677
numerical_feature_transformer,2026,NF-UNSW-NB15,ssd_canonical@alpha=2,NF-ToN-IoT,retained,0.8057529223011689,0.771267899951477,0.891297262059974,0.8417731260581807,0.8658275943956305,0.7588833663298926,0.8343508331928184,0.5416584307957687,1562.0,667.0,1028.0,5469.0,8726.0,0.7445564978225991
numerical_feature_transformer,2026,NF-UNSW-NB15,ssd_canonical@alpha=2,NF-BoT-IoT,retained,0.9931247989707301,0.6498384960899053,0.9989884685413717,0.9941214366242551,0.9965490101107949,0.9503699826416848,0.9999093226806794,0.022192592144671723,11.0,25.0,146.0,24690.0,24872.0,0.9985525892569959
numerical_feature_transformer,2026,NF-UNSW-NB15,ssd_canonical@alpha=2,NF-CSE-CIC-IDS2018,retained,0.9425910896587074,0.92250154299072,0.7483560950935761,0.8944981862152358,0.8149270173505921,0.9599104515012499,0.9229030208076426,0.17968116970185466,19108.0,995.0,349.0,2959.0,23411.0,0.14130109777455044
numerical_feature_transformer,2026,NF-UNSW-NB15,ssd_canonical@alpha=2,RETAINED_MACRO,retained_macro,0.9138229369768688,0.7812026463440341,0.8795472752316407,0.9101309162992238,0.8924345406190058,0.8897212668242758,0.9190543922270469,0.24784406421409835,20681.0,1687.0,1523.0,33118.0,57009.0,0.6076408988054518
numerical_feature_transformer,2026,NF-UNSW-NB15,ssd_canonical@alpha=3,NF-UNSW-NB15,forgotten,0.9987131827280527,0.9924412958727138,0.998104864181933,0.9850374064837906,0.9915280828365234,0.9998685425974747,0.9954014358553449,0.005106093369503707,19375.0,3.0,24.0,1580.0,20982.0,0.07644647793346677
numerical_feature_transformer,2026,NF-UNSW-NB15,ssd_canonical@alpha=3,NF-ToN-IoT,retained,0.8305065322026128,0.7833228822938123,0.8911755534767696,0.8797906726181315,0.8854465184726202,0.7642487166489444,0.8368551843929843,0.5099085315693754,1531.0,698.0,781.0,5716.0,8726.0,0.7445564978225991
numerical_feature_transformer,2026,NF-UNSW-NB15,ssd_canonical@alpha=3,NF-BoT-IoT,retained,0.9930041814088131,0.6497780998908395,0.9989883457429589,0.9940006442261233,0.9964882538144829,0.935776471430361,0.9998836595664159,0.020488802728468484,11.0,25.0,149.0,24687.0,24872.0,0.9985525892569959
numerical_feature_transformer,2026,NF-UNSW-NB15,ssd_canonical@alpha=3,NF-CSE-CIC-IDS2018,retained,0.9555337234633292,0.9281435793090012,0.8130350731842032,0.8899637243047158,0.8497618703997691,0.9589836721176148,0.9256423167970628,0.16339690490443226,19426.0,677.0,364.0,2944.0,23411.0,0.14130109777455044
numerical_feature_transformer,2026,NF-UNSW-NB15,ssd_canonical@alpha=3,RETAINED_MACRO,retained_macro,0.926348145691585,0.7870815204978844,0.9010663241346438,0.9212516803829902,0.9105655475622907,0.8863362867323068,0.9207937202521542,0.23126474640075875,20968.0,1400.0,1294.0,33347.0,57009.0,0.6076408988054518
numerical_feature_transformer,2026,NF-UNSW-NB15,ssd_canonical@alpha=5,NF-UNSW-NB15,forgotten,0.9980936040415594,0.9883889267954069,0.9980891719745223,0.976932668329177,0.9873976055450535,0.999868446079558,0.9953984451954956,0.005620020804474411,19375.0,3.0,37.0,1567.0,20982.0,0.07644647793346677
numerical_feature_transformer,2026,NF-UNSW-NB15,ssd_canonical@alpha=5,NF-ToN-IoT,retained,0.8299335319734128,0.7822013031103219,0.8904813833930518,0.8797906726181315,0.8851037472901827,0.7639680197500133,0.8367612991205162,0.5101396218332253,1526.0,703.0,781.0,5716.0,8726.0,0.7445564978225991
numerical_feature_transformer,2026,NF-UNSW-NB15,ssd_canonical@alpha=5,NF-BoT-IoT,retained,0.9932454165326472,0.6498988922889712,0.9989885913099765,0.9942422290223869,0.9966097590507326,0.9362831284336358,0.9998845309291368,0.02041975510368469,11.0,25.0,143.0,24693.0,24872.0,0.9985525892569959
numerical_feature_transformer,2026,NF-UNSW-NB15,ssd_canonical@alpha=5,NF-CSE-CIC-IDS2018,retained,0.9555337234633292,0.9281435793090012,0.8130350731842032,0.8899637243047158,0.8497618703997691,0.9589796195301574,0.9256639548015417,0.1632995156457003,19426.0,677.0,364.0,2944.0,23411.0,0.14130109777455044
numerical_feature_transformer,2026,NF-UNSW-NB15,ssd_canonical@alpha=5,RETAINED_MACRO,retained_macro,0.9262375573231297,0.7867479249027648,0.9008350159624104,0.9213322086484114,0.9104917922468948,0.8864102559046021,0.9207699282837316,0.23128629752753674,20963.0,1405.0,1288.0,33353.0,57009.0,0.6076408988054518
numerical_feature_transformer,2026,NF-UNSW-NB15,dc_ssd_no_contrast,NF-UNSW-NB15,forgotten,0.9970450862644171,0.981531071433811,0.998062015503876,0.963216957605985,0.9803299492385786,0.9998799638842825,0.9973537195447856,0.010545183973878292,19375.0,3.0,59.0,1545.0,20982.0,0.07644647793346677
numerical_feature_transformer,2026,NF-UNSW-NB15,dc_ssd_no_contrast,NF-ToN-IoT,retained,0.6908090763236305,0.674774629392052,0.8520852641334569,0.7075573341542251,0.7731247897746384,0.7302587044867932,0.8283746839716049,0.5726190808272732,1431.0,798.0,1900.0,4597.0,8726.0,0.7445564978225991
numerical_feature_transformer,2026,NF-UNSW-NB15,dc_ssd_no_contrast,NF-BoT-IoT,retained,0.992159858475394,0.6632240833199119,0.9990279071651342,0.9931148333064905,0.9960625946491671,0.9068701794885561,0.9998216686305008,0.022333292537478292,12.0,24.0,171.0,24665.0,24872.0,0.9985525892569959
numerical_feature_transformer,2026,NF-UNSW-NB15,dc_ssd_no_contrast,NF-CSE-CIC-IDS2018,retained,0.9513049421212251,0.916210498700736,0.8036414565826331,0.8672914147521161,0.8342541436464088,0.9559780807799928,0.8974422154108831,0.17517933529263746,19402.0,701.0,439.0,2869.0,23411.0,0.14130109777455044
numerical_feature_transformer,2026,NF-UNSW-NB15,dc_ssd_no_contrast,RETAINED_MACRO,retained_macro,0.8780912923067499,0.7514030704709,0.8849182092937413,0.8559878607376105,0.8678138426900714,0.8643689882517807,0.9085461893376628,0.25671056955246296,20845.0,1523.0,2510.0,32131.0,57009.0,0.6076408988054518
numerical_feature_transformer,2026,NF-UNSW-NB15,dc_ssd_no_class_balance,NF-UNSW-NB15,forgotten,0.9979506243446764,0.9874537647006438,0.998085513720485,0.9750623441396509,0.9864396089561652,0.9998756205780317,0.9964629325748893,0.0066310157962621635,19375.0,3.0,40.0,1564.0,20982.0,0.07644647793346677
numerical_feature_transformer,2026,NF-UNSW-NB15,dc_ssd_no_class_balance,NF-ToN-IoT,retained,0.6721292688517075,0.6822709628967036,0.8665322580645162,0.6615360935816531,0.7502836693724361,0.73923903726695,0.8295378533357899,0.6004868848222873,1567.0,662.0,2199.0,4298.0,8726.0,0.7445564978225991
numerical_feature_transformer,2026,NF-UNSW-NB15,dc_ssd_no_class_balance,NF-BoT-IoT,retained,0.9928031521389514,0.649677439559063,0.9989881410126685,0.9937993235625705,0.9963869769695013,0.9548202877543351,0.9999196956239267,0.02317570515820427,11.0,25.0,154.0,24682.0,24872.0,0.9985525892569959
numerical_feature_transformer,2026,NF-UNSW-NB15,dc_ssd_no_class_balance,NF-CSE-CIC-IDS2018,retained,0.9401990517278203,0.9156788127599934,0.7431192660550459,0.8814993954050786,0.8064159292035398,0.9534651908451403,0.8915967116393356,0.1980526080800658,19095.0,1008.0,392.0,2916.0,23411.0,0.14130109777455044
numerical_feature_transformer,2026,NF-UNSW-NB15,dc_ssd_no_class_balance,RETAINED_MACRO,retained_macro,0.8683771575728265,0.7492090717385866,0.8695465550440767,0.8456116041831008,0.851028858515159,0.8825081719554752,0.9070180868663508,0.2739050660201858,20673.0,1695.0,2745.0,31896.0,57009.0,0.6076408988054518
numerical_feature_transformer,2026,NF-UNSW-NB15,dc_ssd,NF-UNSW-NB15,forgotten,0.9991421218187018,0.995246782157003,0.9981155778894473,0.9906483790523691,0.9943679599499374,0.9999005543731753,0.9978105105688203,0.006539249099399106,19375.0,3.0,15.0,1589.0,20982.0,0.07644647793346677
numerical_feature_transformer,2026,NF-UNSW-NB15,dc_ssd,NF-ToN-IoT,retained,0.6990602796241119,0.684441651055707,0.8576972833117723,0.714329690626443,0.7794759825327511,0.7350831694898974,0.8278290489472578,0.5834977200026744,1459.0,770.0,1856.0,4641.0,8726.0,0.7445564978225991
numerical_feature_transformer,2026,NF-UNSW-NB15,dc_ssd,NF-BoT-IoT,retained,0.9914763589578642,0.6767505950144056,0.999067693554925,0.9923900789177001,0.9957176907849553,0.9493320627762568,0.9999068925142838,0.02359671364883744,13.0,23.0,189.0,24647.0,24872.0,0.9985525892569959
numerical_feature_transformer,2026,NF-UNSW-NB15,dc_ssd,NF-CSE-CIC-IDS2018,retained,0.9048310623211311,0.8731127047579211,0.6226158038147139,0.8288996372430472,0.7110995850622407,0.9385151205271087,0.8534536788667622,0.28593992341434876,18441.0,1662.0,566.0,2742.0,23411.0,0.14130109777455044
numerical_feature_transformer,2026,NF-UNSW-NB15,dc_ssd,RETAINED_MACRO,retained_macro,0.8651225669677024,0.744768316942678,0.8264602602271371,0.8452064689290634,0.8287644194599824,0.8743101175977545,0.893729873442768,0.2976781190219535,19913.0,2455.0,2611.0,32030.0,57009.0,0.6076408988054518
numerical_feature_transformer,2026,NF-UNSW-NB15,scrub_r,NF-UNSW-NB15,forgotten,0.9177866742922505,0.5772209287391492,0.41142020497803805,0.17518703241895262,0.24573677306515085,0.6688770127524619,0.2743037617698124,0.3076252949218197,18976.0,402.0,1323.0,281.0,20982.0,0.07644647793346677
numerical_feature_transformer,2026,NF-UNSW-NB15,scrub_r,NF-ToN-IoT,retained,0.5946596378638551,0.6236158759956367,0.8383630544124371,0.5644143450823457,0.674638947658909,0.6277187117386476,0.808248996009297,1.3030859596758102,1522.0,707.0,2830.0,3667.0,8726.0,0.7445564978225991
numerical_feature_transformer,2026,NF-UNSW-NB15,scrub_r,NF-BoT-IoT,retained,0.9859681569636539,0.8126800701490667,0.9994696691551421,0.9864712514092446,0.9929279215384303,0.9616293999749467,0.9999404819979604,0.045471570785090044,23.0,13.0,336.0,24500.0,24872.0,0.9985525892569959
numerical_feature_transformer,2026,NF-UNSW-NB15,scrub_r,NF-CSE-CIC-IDS2018,retained,0.9240100807312802,0.7436078139540255,0.9426751592356688,0.4921402660217654,0.6466732869910625,0.894815062464583,0.7201694183843228,0.22897938385537372,20004.0,99.0,1680.0,1628.0,23411.0,0.14130109777455044
numerical_feature_transformer,2026,NF-UNSW-NB15,scrub_r,RETAINED_MACRO,retained_macro,0.8348792918529298,0.7266345866995763,0.9268359609344161,0.6810086208377854,0.7714133853961339,0.8280543913927257,0.8427862987971935,0.5258456381054247,21549.0,819.0,4846.0,29795.0,57009.0,0.6076408988054518
numerical_feature_transformer,2026,NF-UNSW-NB15,scrub_r@lr=0.001,NF-UNSW-NB15,forgotten,0.8978648365265466,0.567293256692102,0.2565492321589883,0.1770573566084788,0.20951678347473257,0.38739917416696673,0.24326761730157462,0.3167013390009623,18555.0,823.0,1320.0,284.0,20982.0,0.07644647793346677
numerical_feature_transformer,2026,NF-UNSW-NB15,scrub_r@lr=0.001,NF-ToN-IoT,retained,0.5891588356635342,0.6412886632357426,0.8607532210109019,0.5347083269201169,0.6596411278837938,0.7143225782572942,0.8346635493457937,0.8845705633479022,1667.0,562.0,3023.0,3474.0,8726.0,0.7445564978225991
numerical_feature_transformer,2026,NF-UNSW-NB15,scrub_r@lr=0.001,NF-BoT-IoT,retained,0.9868526857510453,0.785385461963816,0.9993887281470313,0.9874375905942986,0.9933772151898734,0.7922488189187737,0.9991830298298157,0.03568432578291422,21.0,15.0,312.0,24524.0,24872.0,0.9985525892569959
numerical_feature_transformer,2026,NF-UNSW-NB15,scrub_r@lr=0.001,NF-CSE-CIC-IDS2018,retained,0.9246080902140019,0.778682146377835,0.8409191338930623,0.5752720677146312,0.6831807574941662,0.8492789792784812,0.7138105062206507,0.24704772675782563,19743.0,360.0,1405.0,1903.0,23411.0,0.14130109777455044
numerical_feature_transformer,2026,NF-UNSW-NB15,scrub_r@lr=0.001,RETAINED_MACRO,retained_macro,0.8335398705428605,0.7351187571924646,0.9003536943503319,0.6991393284096823,0.7787330335226111,0.7852834588181831,0.84921902846542,0.38910087196288073,21431.0,937.0,4740.0,29901.0,57009.0,0.6076408988054518
numerical_feature_transformer,2026,NF-UNSW-NB15,retrained,NF-UNSW-NB15,forgotten,0.7536459822705176,0.7462555230769191,0.19946046197943013,0.7375311720698254,0.3140013271400133,0.8257468910292131,0.3932949226967024,0.5077955337704632,14630.0,4748.0,421.0,1183.0,20982.0,0.07644647793346677
numerical_feature_transformer,2026,NF-UNSW-NB15,retrained,NF-ToN-IoT,retained,0.5670410268164108,0.5738291193236648,0.7983322361202545,0.5599507464983838,0.6582232675954406,0.48100496809342863,0.7521889916541623,1.5177068554700082,1310.0,919.0,2859.0,3638.0,8726.0,0.7445564978225991
numerical_feature_transformer,2026,NF-UNSW-NB15,retrained,NF-BoT-IoT,retained,0.9876970086844644,0.7303332080671427,0.999226636274829,0.9884441939120632,0.9938061695409278,0.9802224817021885,0.9999701439365762,0.027373180991074372,17.0,19.0,287.0,24549.0,24872.0,0.9985525892569959
numerical_feature_transformer,2026,NF-UNSW-NB15,retrained,NF-CSE-CIC-IDS2018,retained,0.9268719832557345,0.7782324821004956,0.8657195233730522,0.5710399032648126,0.6881602914389799,0.8526802580374914,0.7034593178538142,0.2610346861169822,19810.0,293.0,1419.0,1889.0,23411.0,0.14130109777455044
numerical_feature_transformer,2026,NF-UNSW-NB15,retrained,RETAINED_MACRO,retained_macro,0.8272033395855365,0.6941316031637678,0.8877594652560452,0.7064782812250865,0.7800632428584494,0.7713025692777028,0.8185394844815175,0.602038240859355,21137.0,1231.0,4565.0,30076.0,57009.0,0.6076408988054518
numerical_feature_transformer,2026,NF-ToN-IoT,original,NF-UNSW-NB15,retained,0.9980936040415594,0.9883889267954069,0.9980891719745223,0.976932668329177,0.9873976055450535,0.999868446079558,0.9953984451954956,0.005620020804474411,19375.0,3.0,37.0,1567.0,20982.0,0.07644647793346677
numerical_feature_transformer,2026,NF-ToN-IoT,original,NF-ToN-IoT,forgotten,0.8299335319734128,0.7822013031103219,0.8904813833930518,0.8797906726181315,0.8851037472901827,0.7639680197500133,0.8367612991205162,0.5101396218332253,1526.0,703.0,781.0,5716.0,8726.0,0.7445564978225991
numerical_feature_transformer,2026,NF-ToN-IoT,original,NF-BoT-IoT,retained,0.9932454165326472,0.6498988922889712,0.9989885913099765,0.9942422290223869,0.9966097590507326,0.9362831284336358,0.9998845309291368,0.02041975510368469,11.0,25.0,143.0,24693.0,24872.0,0.9985525892569959
numerical_feature_transformer,2026,NF-ToN-IoT,original,NF-CSE-CIC-IDS2018,retained,0.9555337234633292,0.9281435793090012,0.8130350731842032,0.8899637243047158,0.8497618703997691,0.9589796195301574,0.9256639548015417,0.1632995156457003,19426.0,677.0,364.0,2944.0,23411.0,0.14130109777455044
numerical_feature_transformer,2026,NF-ToN-IoT,original,RETAINED_MACRO,retained_macro,0.9822909146791786,0.8554771327977931,0.9367042788229006,0.9537128738854266,0.9445897449985184,0.9650437313477838,0.9736489769753914,0.0631130971846198,38812.0,705.0,544.0,29204.0,69265.0,0.4294809788493467
numerical_feature_transformer,2026,NF-ToN-IoT,rollback_repair,NF-UNSW-NB15,retained,0.9235535220665332,0.5,0.0,0.0,0.0,0.19595080314488833,0.04639551683183957,0.3150965863657976,19378.0,0.0,1604.0,0.0,20982.0,0.07644647793346677
numerical_feature_transformer,2026,NF-ToN-IoT,rollback_repair,NF-ToN-IoT,forgotten,0.25544350217740086,0.5,0.0,0.0,0.0,0.6650799523512698,0.8320671885346607,1.3335419066992014,2229.0,0.0,6497.0,0.0,8726.0,0.7445564978225991
numerical_feature_transformer,2026,NF-ToN-IoT,rollback_repair,NF-BoT-IoT,retained,0.0014474107430041815,0.5,0.0,0.0,0.0,0.35109932266781196,0.9984487202916547,1.7112750818000029,36.0,0.0,24836.0,0.0,24872.0,0.9985525892569959
numerical_feature_transformer,2026,NF-ToN-IoT,rollback_repair,NF-CSE-CIC-IDS2018,retained,0.8586989022254495,0.5,0.0,0.0,0.0,0.3207171624176603,0.10639169873092506,0.4149700012801309,20103.0,0.0,3308.0,0.0,23411.0,0.14130109777455044
numerical_feature_transformer,2026,NF-ToN-IoT,rollback_repair,RETAINED_MACRO,retained_macro,0.5945666116783289,0.5,0.0,0.0,0.0,0.28925576274345355,0.3837453119514731,0.8137805564819772,39517.0,0.0,29748.0,0.0,69265.0,0.4294809788493467
numerical_feature_transformer,2026,NF-ToN-IoT,ssd_canonical,NF-UNSW-NB15,retained,0.9980936040415594,0.9883889267954069,0.9980891719745223,0.976932668329177,0.9873976055450535,0.999868446079558,0.9953984451954956,0.005620020804474411,19375.0,3.0,37.0,1567.0,20982.0,0.07644647793346677
numerical_feature_transformer,2026,NF-ToN-IoT,ssd_canonical,NF-ToN-IoT,forgotten,0.8299335319734128,0.7822013031103219,0.8904813833930518,0.8797906726181315,0.8851037472901827,0.7639680197500133,0.8367612991205162,0.5101396218332253,1526.0,703.0,781.0,5716.0,8726.0,0.7445564978225991
numerical_feature_transformer,2026,NF-ToN-IoT,ssd_canonical,NF-BoT-IoT,retained,0.9932454165326472,0.6498988922889712,0.9989885913099765,0.9942422290223869,0.9966097590507326,0.9362831284336358,0.9998845309291368,0.02041975510368469,11.0,25.0,143.0,24693.0,24872.0,0.9985525892569959
numerical_feature_transformer,2026,NF-ToN-IoT,ssd_canonical,NF-CSE-CIC-IDS2018,retained,0.9555337234633292,0.9281435793090012,0.8130350731842032,0.8899637243047158,0.8497618703997691,0.9589796195301574,0.9256639548015417,0.1632995156457003,19426.0,677.0,364.0,2944.0,23411.0,0.14130109777455044
numerical_feature_transformer,2026,NF-ToN-IoT,ssd_canonical,RETAINED_MACRO,retained_macro,0.9822909146791786,0.8554771327977931,0.9367042788229006,0.9537128738854266,0.9445897449985184,0.9650437313477838,0.9736489769753914,0.0631130971846198,38812.0,705.0,544.0,29204.0,69265.0,0.4294809788493467
numerical_feature_transformer,2026,NF-ToN-IoT,ssd_canonical@alpha=1,NF-UNSW-NB15,retained,0.07644647793346677,0.5,0.07644647793346677,1.0,0.142034888869211,0.983964561580876,0.8567131859940201,0.7137174781715927,0.0,19378.0,0.0,1604.0,20982.0,0.07644647793346677
numerical_feature_transformer,2026,NF-ToN-IoT,ssd_canonical@alpha=1,NF-ToN-IoT,forgotten,0.7445564978225991,0.5,0.7445564978225991,1.0,0.8535768245418117,0.14757920848722464,0.5690649653528169,0.6764433753823332,0.0,2229.0,0.0,6497.0,8726.0,0.7445564978225991
numerical_feature_transformer,2026,NF-ToN-IoT,ssd_canonical@alpha=1,NF-BoT-IoT,retained,0.9985525892569959,0.5,0.9985525892569959,1.0,0.9992757704997184,0.8133270923927631,0.9996601079992087,0.6232778290729093,0.0,36.0,0.0,24836.0,24872.0,0.9985525892569959
numerical_feature_transformer,2026,NF-ToN-IoT,ssd_canonical@alpha=1,NF-CSE-CIC-IDS2018,retained,0.14130109777455044,0.5,0.14130109777455044,1.0,0.2476140574123283,0.15168325084701334,0.08084468187668566,0.7385338319217394,0.0,20103.0,0.0,3308.0,23411.0,0.14130109777455044
numerical_feature_transformer,2026,NF-ToN-IoT,ssd_canonical@alpha=1,RETAINED_MACRO,retained_macro,0.405433388321671,0.5,0.405433388321671,1.0,0.4629749055937526,0.6496583016068842,0.6457393252899716,0.6918430463887472,0.0,39517.0,0.0,29748.0,69265.0,0.4294809788493467
numerical_feature_transformer,2026,NF-ToN-IoT,ssd_canonical@alpha=2,NF-UNSW-NB15,retained,0.9755028119340386,0.9101114485949436,0.8445006321112516,0.8329177057356608,0.8386691776522285,0.9894449936671377,0.9084336796886848,0.6449683707884466,19132.0,246.0,268.0,1336.0,20982.0,0.07644647793346677
numerical_feature_transformer,2026,NF-ToN-IoT,ssd_canonical@alpha=2,NF-ToN-IoT,forgotten,0.3010543204217282,0.21351673992752151,0.5423224159931944,0.3924888410035401,0.4553978033753014,0.12999812247264897,0.5644449169671757,0.7012148814070611,77.0,2152.0,3947.0,2550.0,8726.0,0.7445564978225991
numerical_feature_transformer,2026,NF-ToN-IoT,ssd_canonical@alpha=2,NF-BoT-IoT,retained,0.9944515921518173,0.5118152860542939,0.9985868863049095,0.9958527943308101,0.9972179662930409,0.8058072063849966,0.9996333625232778,0.6076932270425308,1.0,35.0,103.0,24733.0,24872.0,0.9985525892569959
numerical_feature_transformer,2026,NF-ToN-IoT,ssd_canonical@alpha=2,NF-CSE-CIC-IDS2018,retained,0.11131519371235744,0.36371343115001276,0.10647294318744097,0.7155380894800484,0.18536356161165277,0.18964681497302197,0.08270407930421249,0.7341195051376866,239.0,19864.0,941.0,2367.0,23411.0,0.14130109777455044
numerical_feature_transformer,2026,NF-ToN-IoT,ssd_canonical@alpha=2,RETAINED_MACRO,retained_macro,0.6937565325994045,0.59521338859975,0.6498534872012007,0.8481028631821731,0.6737502351856408,0.6616330050083854,0.6635903738387251,0.6622603676562213,19372.0,20145.0,1312.0,28436.0,69265.0,0.4294809788493467
numerical_feature_transformer,2026,NF-ToN-IoT,ssd_canonical@alpha=3,NF-UNSW-NB15,retained,0.077209036316843,0.5004128393023016,0.07650481732328532,1.0,0.14213557820115197,0.9822949946580549,0.8589629134776103,0.7061401860388862,16.0,19362.0,0.0,1604.0,20982.0,0.07644647793346677
numerical_feature_transformer,2026,NF-ToN-IoT,ssd_canonical@alpha=3,NF-ToN-IoT,forgotten,0.7445564978225991,0.5,0.7445564978225991,1.0,0.8535768245418117,0.2512446473380094,0.6000412408254973,0.6781313047267863,0.0,2229.0,0.0,6497.0,8726.0,0.7445564978225991
numerical_feature_transformer,2026,NF-ToN-IoT,ssd_canonical@alpha=3,NF-BoT-IoT,retained,0.9985525892569959,0.5,0.9985525892569959,1.0,0.9992757704997184,0.6840540613088528,0.9994424821246684,0.5900082923150664,0.0,36.0,0.0,24836.0,24872.0,0.9985525892569959
numerical_feature_transformer,2026,NF-ToN-IoT,ssd_canonical@alpha=3,NF-CSE-CIC-IDS2018,retained,0.14130109777455044,0.5,0.14130109777455044,1.0,0.2476140574123283,0.3701413461303068,0.1056364284248001,0.7464109057016208,0.0,20103.0,0.0,3308.0,23411.0,0.14130109777455044
numerical_feature_transformer,2026,NF-ToN-IoT,ssd_canonical@alpha=3,RETAINED_MACRO,retained_macro,0.4056875744494631,0.5001376131007672,0.4054528347849438,1.0,0.46300846870439955,0.6788301340324049,0.6546806080090263,0.6808531280185245,16.0,39501.0,0.0,29748.0,69265.0,0.4294809788493467
numerical_feature_transformer,2026,NF-ToN-IoT,ssd_canonical@alpha=5,NF-UNSW-NB15,retained,0.8127919168811362,0.8909281587547284,0.2878787878787879,0.9831670822942643,0.4453544196554646,0.96429503056272,0.7569921379325483,0.5291650229639826,15477.0,3901.0,27.0,1577.0,20982.0,0.07644647793346677
numerical_feature_transformer,2026,NF-ToN-IoT,ssd_canonical@alpha=5,NF-ToN-IoT,forgotten,0.5601650240660097,0.5064374191270112,0.7485511310525332,0.6162844389718332,0.6760087793347965,0.5482731340337015,0.7317316908792321,0.7029117144253899,884.0,1345.0,2493.0,4004.0,8726.0,0.7445564978225991
numerical_feature_transformer,2026,NF-ToN-IoT,ssd_canonical@alpha=5,NF-BoT-IoT,retained,0.7334753940173689,0.519825611567438,0.9986306622117544,0.7340956675793203,0.8461699115865686,0.5415570587498434,0.9983539223905717,0.5307829926762092,11.0,25.0,6604.0,18232.0,24872.0,0.9985525892569959
numerical_feature_transformer,2026,NF-ToN-IoT,ssd_canonical@alpha=5,NF-CSE-CIC-IDS2018,retained,0.5102729486138995,0.6845371187236999,0.2146505282306024,0.9274486094316807,0.34861655587750695,0.8347756334201716,0.6328362093938527,0.8484718545833485,8878.0,11225.0,240.0,3068.0,23411.0,0.14130109777455044
numerical_feature_transformer,2026,NF-ToN-IoT,ssd_canonical@alpha=5,RETAINED_MACRO,retained_macro,0.6855134198374682,0.6984302963486222,0.5003866594403815,0.8815704531017552,0.5467136290398468,0.7802092409109117,0.7960607565723242,0.6361399567411801,24366.0,15151.0,6871.0,22877.0,69265.0,0.4294809788493467
numerical_feature_transformer,2026,NF-ToN-IoT,dc_ssd_no_contrast,NF-UNSW-NB15,retained,0.989848441521304,0.9353190007229835,0.9957234497505346,0.8709476309226932,0.9291652810109744,0.9994680575885089,0.9926736427880645,0.028628601299396265,19372.0,6.0,207.0,1397.0,20982.0,0.07644647793346677
numerical_feature_transformer,2026,NF-ToN-IoT,dc_ssd_no_contrast,NF-ToN-IoT,forgotten,0.4691725876690351,0.3716536734730658,0.6678667866786678,0.5710327843620132,0.6156654497178892,0.3983997376571565,0.7162257226535027,1.3612354356162188,384.0,1845.0,2787.0,3710.0,8726.0,0.7445564978225991
numerical_feature_transformer,2026,NF-ToN-IoT,dc_ssd_no_contrast,NF-BoT-IoT,retained,0.4913959472499196,0.27379162863943024,0.99722539578913,0.4920277017233049,0.6589377190617417,0.13907790662300246,0.9941782663938753,0.7193299465511883,2.0,34.0,12616.0,12220.0,24872.0,0.9985525892569959
numerical_feature_transformer,2026,NF-ToN-IoT,dc_ssd_no_contrast,NF-CSE-CIC-IDS2018,retained,0.20567254709324675,0.23883728694442485,0.054908582741353205,0.2850665054413543,0.09208085147934772,0.19116180599778132,0.08419159970894871,1.6339011934497967,3872.0,16231.0,2365.0,943.0,23411.0,0.14130109777455044
numerical_feature_transformer,2026,NF-ToN-IoT,dc_ssd_no_contrast,RETAINED_MACRO,retained_macro,0.5623056452881569,0.48264930543561285,0.6826191427603393,0.5493472793624509,0.5600612838506879,0.44323592340309753,0.6903478362969628,0.7939532471001272,23246.0,16271.0,15188.0,14560.0,69265.0,0.4294809788493467
numerical_feature_transformer,2026,NF-ToN-IoT,dc_ssd_no_class_balance,NF-UNSW-NB15,retained,0.9235535220665332,0.5,0.0,0.0,0.0,0.6655713867102293,0.16784693506120074,0.46077636832153157,19378.0,0.0,1604.0,0.0,20982.0,0.07644647793346677
numerical_feature_transformer,2026,NF-ToN-IoT,dc_ssd_no_class_balance,NF-ToN-IoT,forgotten,0.25544350217740086,0.5,0.0,0.0,0.0,0.45254423600139015,0.6712295654513065,0.9095937248126064,2229.0,0.0,6497.0,0.0,8726.0,0.7445564978225991
numerical_feature_transformer,2026,NF-ToN-IoT,dc_ssd_no_class_balance,NF-BoT-IoT,retained,0.0014474107430041815,0.5,0.0,0.0,0.0,0.49572305434763164,0.998281944762432,1.078556771952995,36.0,0.0,24836.0,0.0,24872.0,0.9985525892569959
numerical_feature_transformer,2026,NF-ToN-IoT,dc_ssd_no_class_balance,NF-CSE-CIC-IDS2018,retained,0.8586989022254495,0.5,0.0,0.0,0.0,0.23956685043007953,0.08815478557096514,0.5133250876307917,20103.0,0.0,3308.0,0.0,23411.0,0.14130109777455044
numerical_feature_transformer,2026,NF-ToN-IoT,dc_ssd_no_class_balance,RETAINED_MACRO,retained_macro,0.5945666116783289,0.5,0.0,0.0,0.0,0.4669537638293135,0.41809455513153265,0.6842194093017727,39517.0,0.0,29748.0,0.0,69265.0,0.4294809788493467
numerical_feature_transformer,2026,NF-ToN-IoT,dc_ssd,NF-UNSW-NB15,retained,0.580688208940997,0.7681293785352904,0.15306712962962962,0.9894014962593516,0.2651186100902105,0.9762880895089142,0.8746977736438571,0.616398187913848,10597.0,8781.0,17.0,1587.0,20982.0,0.07644647793346677
numerical_feature_transformer,2026,NF-ToN-IoT,dc_ssd,NF-ToN-IoT,forgotten,0.7444418977767591,0.4999230414037248,0.7445272206303725,0.9998460828074496,0.853501510970963,0.4850542193853767,0.6973754046258483,0.6079900381715135,0.0,2229.0,1.0,6496.0,8726.0,0.7445564978225991
numerical_feature_transformer,2026,NF-ToN-IoT,dc_ssd,NF-BoT-IoT,retained,0.9922804760373111,0.4968593976485747,0.998543453633274,0.9937187952971493,0.996125282531482,0.42187304271577103,0.995683156690145,0.48415697776652694,0.0,36.0,156.0,24680.0,24872.0,0.9985525892569959
numerical_feature_transformer,2026,NF-ToN-IoT,dc_ssd,NF-CSE-CIC-IDS2018,retained,0.19665968988936824,0.5236471711195204,0.14741344010191545,0.9794437726723095,0.2562581563649306,0.17841577935301875,0.08429016466053581,0.9047340664619,1364.0,18739.0,68.0,3240.0,23411.0,0.14130109777455044
numerical_feature_transformer,2026,NF-ToN-IoT,dc_ssd,RETAINED_MACRO,retained_macro,0.5898761249558921,0.5962119824344617,0.433008007788273,0.9875213547429368,0.5058340163288744,0.525525637192568,0.651557031664846,0.6684297440474251,11961.0,27556.0,241.0,29507.0,69265.0,0.4294809788493467
numerical_feature_transformer,2026,NF-ToN-IoT,scrub_r,NF-UNSW-NB15,retained,0.9989514822228577,0.9954294905732881,0.9949937421777222,0.9912718204488778,0.9931292941911305,0.999796379368433,0.9955357555295978,0.009384534987338732,19370.0,8.0,14.0,1590.0,20982.0,0.07644647793346677
numerical_feature_transformer,2026,NF-ToN-IoT,scrub_r,NF-ToN-IoT,forgotten,0.6032546413018566,0.5277112748244989,0.760336249785555,0.6821609973834077,0.7191302936881389,0.5727938898258111,0.7401219953728162,1.4734959499973042,832.0,1397.0,2065.0,4432.0,8726.0,0.7445564978225991
numerical_feature_transformer,2026,NF-ToN-IoT,scrub_r,NF-BoT-IoT,retained,0.9919588292055324,0.6908609366332027,0.9991085899513776,0.9928329843775165,0.9959609015267792,0.690042232601421,0.9987755881969961,0.03545061222501034,14.0,22.0,178.0,24658.0,24872.0,0.9985525892569959
numerical_feature_transformer,2026,NF-ToN-IoT,scrub_r,NF-CSE-CIC-IDS2018,retained,0.9821878604075007,0.938486301291998,0.9958833619210977,0.8775695284159613,0.9329905190422626,0.942454927257634,0.9165749170123431,0.09748276322796111,20091.0,12.0,405.0,2903.0,23411.0,0.14130109777455044
numerical_feature_transformer,2026,NF-ToN-IoT,scrub_r,RETAINED_MACRO,retained_macro,0.9910327239452968,0.874925576166163,0.9966618980167326,0.9538914444141184,0.9740269049200574,0.877431179742496,0.9702954202463124,0.04743930348010339,39475.0,42.0,597.0,29151.0,69265.0,0.4294809788493467
numerical_feature_transformer,2026,NF-ToN-IoT,scrub_r@lr=0.001,NF-UNSW-NB15,retained,0.9915165379849394,0.9462292251618862,0.9958275382475661,0.8927680798004988,0.9414858645627876,0.999451778233228,0.9960765988337159,0.02213675227066289,19372.0,6.0,172.0,1432.0,20982.0,0.07644647793346677
numerical_feature_transformer,2026,NF-ToN-IoT,scrub_r@lr=0.001,NF-ToN-IoT,forgotten,0.8671785468714187,0.7640371754558631,0.8641200545702592,0.9749114976142835,0.916178491357489,0.7222719627715121,0.8058423003324022,1.046527724578814,1233.0,996.0,163.0,6334.0,8726.0,0.7445564978225991
numerical_feature_transformer,2026,NF-ToN-IoT,scrub_r@lr=0.001,NF-BoT-IoT,retained,0.9945320038597619,0.6644118752348741,0.9990302246646193,0.9954904171364148,0.9972571797353985,0.6589504930119361,0.9989494981386275,0.017641476562163763,12.0,24.0,112.0,24724.0,24872.0,0.9985525892569959
numerical_feature_transformer,2026,NF-ToN-IoT,scrub_r@lr=0.001,NF-CSE-CIC-IDS2018,retained,0.9027807440946564,0.6563643201839426,0.9971098265895953,0.3128778718258767,0.4763000460193281,0.8392708100441132,0.6848667115953071,0.3433390036984254,20100.0,3.0,2273.0,1035.0,23411.0,0.14130109777455044
numerical_feature_transformer,2026,NF-ToN-IoT,scrub_r@lr=0.001,RETAINED_MACRO,retained_macro,0.9629430953131193,0.7556684735269009,0.997322529833927,0.73371212292093,0.8050143634391714,0.8325576937630924,0.8932976028558836,0.12770574417708402,39484.0,33.0,2557.0,27191.0,69265.0,0.4294809788493467
numerical_feature_transformer,2026,NF-ToN-IoT,retrained,NF-UNSW-NB15,retained,0.9994280812124678,0.9979748610721106,0.9962593516209476,0.9962593516209476,0.9962593516209476,0.9998777439721988,0.9971309629516614,0.0030654154669846156,19372.0,6.0,6.0,1598.0,20982.0,0.07644647793346677
numerical_feature_transformer,2026,NF-ToN-IoT,retrained,NF-ToN-IoT,forgotten,0.7541829016731607,0.7037758670133359,0.8548597521200261,0.8068339233492381,0.8301528228680022,0.6749064153776879,0.7831514563968744,0.6606260285670927,1339.0,890.0,1255.0,5242.0,8726.0,0.7445564978225991
numerical_feature_transformer,2026,NF-ToN-IoT,retrained,NF-BoT-IoT,retained,0.9906320360244452,0.7595403625561461,0.9993099809230019,0.9913029473345144,0.9952903603986013,0.9267315813961811,0.999872273320636,0.021748621294427048,19.0,17.0,216.0,24620.0,24872.0,0.9985525892569959
numerical_feature_transformer,2026,NF-ToN-IoT,retrained,NF-CSE-CIC-IDS2018,retained,0.9767630600999531,0.9186590284340364,0.9974802015838733,0.8376662636033857,0.9106145251396648,0.9564308653241128,0.9245669682056286,0.10574495108346268,20096.0,7.0,537.0,2771.0,23411.0,0.14130109777455044
numerical_feature_transformer,2026,NF-ToN-IoT,retrained,RETAINED_MACRO,retained_macro,0.9889410591122886,0.8920580840207645,0.9976831780426076,0.9417428541862826,0.9673880790530712,0.9610133968974975,0.9738567348259753,0.04351966261495812,39487.0,30.0,759.0,28989.0,69265.0,0.4294809788493467
numerical_feature_transformer,2026,NF-BoT-IoT,original,NF-UNSW-NB15,retained,0.9980936040415594,0.9883889267954069,0.9980891719745223,0.976932668329177,0.9873976055450535,0.999868446079558,0.9953984451954956,0.005620020804474411,19375.0,3.0,37.0,1567.0,20982.0,0.07644647793346677
numerical_feature_transformer,2026,NF-BoT-IoT,original,NF-ToN-IoT,retained,0.8299335319734128,0.7822013031103219,0.8904813833930518,0.8797906726181315,0.8851037472901827,0.7639680197500133,0.8367612991205162,0.5101396218332253,1526.0,703.0,781.0,5716.0,8726.0,0.7445564978225991
numerical_feature_transformer,2026,NF-BoT-IoT,original,NF-BoT-IoT,forgotten,0.9932454165326472,0.6498988922889712,0.9989885913099765,0.9942422290223869,0.9966097590507326,0.9362831284336358,0.9998845309291368,0.02041975510368469,11.0,25.0,143.0,24693.0,24872.0,0.9985525892569959
numerical_feature_transformer,2026,NF-BoT-IoT,original,NF-CSE-CIC-IDS2018,retained,0.9555337234633292,0.9281435793090012,0.8130350731842032,0.8899637243047158,0.8497618703997691,0.9589796195301574,0.9256639548015417,0.1632995156457003,19426.0,677.0,364.0,2944.0,23411.0,0.14130109777455044
numerical_feature_transformer,2026,NF-BoT-IoT,original,RETAINED_MACRO,retained_macro,0.9278536198261005,0.8995779364049099,0.9005352095172592,0.9155623550840081,0.9074210744116685,0.9076053617865764,0.9192745663725178,0.22635305276113335,40327.0,1383.0,1182.0,10227.0,53119.0,0.21478190477983397
numerical_feature_transformer,2026,NF-BoT-IoT,rollback_repair,NF-UNSW-NB15,retained,0.9235535220665332,0.5,0.0,0.0,0.0,0.1483089803615638,0.0420431046963691,0.29623967495949,19378.0,0.0,1604.0,0.0,20982.0,0.07644647793346677
numerical_feature_transformer,2026,NF-BoT-IoT,rollback_repair,NF-ToN-IoT,retained,0.25544350217740086,0.5,0.0,0.0,0.0,0.444306904114837,0.6733783709702497,1.4512920660151285,2229.0,0.0,6497.0,0.0,8726.0,0.7445564978225991
numerical_feature_transformer,2026,NF-BoT-IoT,rollback_repair,NF-BoT-IoT,forgotten,0.0014474107430041815,0.5,0.0,0.0,0.0,0.28005549739625274,0.994604083485153,1.8926259194623458,36.0,0.0,24836.0,0.0,24872.0,0.9985525892569959
numerical_feature_transformer,2026,NF-BoT-IoT,rollback_repair,NF-CSE-CIC-IDS2018,retained,0.8586989022254495,0.5,0.0,0.0,0.0,0.2174449409001923,0.08565577343285201,0.40839209253173314,20103.0,0.0,3308.0,0.0,23411.0,0.14130109777455044
numerical_feature_transformer,2026,NF-BoT-IoT,rollback_repair,RETAINED_MACRO,retained_macro,0.6792319754897945,0.5,0.0,0.0,0.0,0.270020275125531,0.26702574969982357,0.7186412778354505,41710.0,0.0,11409.0,0.0,53119.0,0.21478190477983397
numerical_feature_transformer,2026,NF-BoT-IoT,ssd_canonical,NF-UNSW-NB15,retained,0.9980936040415594,0.9883889267954069,0.9980891719745223,0.976932668329177,0.9873976055450535,0.999868446079558,0.9953984451954956,0.005620020804474411,19375.0,3.0,37.0,1567.0,20982.0,0.07644647793346677
numerical_feature_transformer,2026,NF-BoT-IoT,ssd_canonical,NF-ToN-IoT,retained,0.8299335319734128,0.7822013031103219,0.8904813833930518,0.8797906726181315,0.8851037472901827,0.7639680197500133,0.8367612991205162,0.5101396218332253,1526.0,703.0,781.0,5716.0,8726.0,0.7445564978225991
numerical_feature_transformer,2026,NF-BoT-IoT,ssd_canonical,NF-BoT-IoT,forgotten,0.9932454165326472,0.6498988922889712,0.9989885913099765,0.9942422290223869,0.9966097590507326,0.9362831284336358,0.9998845309291368,0.02041975510368469,11.0,25.0,143.0,24693.0,24872.0,0.9985525892569959
numerical_feature_transformer,2026,NF-BoT-IoT,ssd_canonical,NF-CSE-CIC-IDS2018,retained,0.9555337234633292,0.9281435793090012,0.8130350731842032,0.8899637243047158,0.8497618703997691,0.9589796195301574,0.9256639548015417,0.1632995156457003,19426.0,677.0,364.0,2944.0,23411.0,0.14130109777455044
numerical_feature_transformer,2026,NF-BoT-IoT,ssd_canonical,RETAINED_MACRO,retained_macro,0.9278536198261005,0.8995779364049099,0.9005352095172592,0.9155623550840081,0.9074210744116685,0.9076053617865764,0.9192745663725178,0.22635305276113335,40327.0,1383.0,1182.0,10227.0,53119.0,0.21478190477983397
numerical_feature_transformer,2026,NF-BoT-IoT,ssd_canonical@alpha=1,NF-UNSW-NB15,retained,0.9980936040415594,0.9883889267954069,0.9980891719745223,0.976932668329177,0.9873976055450535,0.9998684460795579,0.9954365284986284,0.005654924202632307,19375.0,3.0,37.0,1567.0,20982.0,0.07644647793346677
numerical_feature_transformer,2026,NF-BoT-IoT,ssd_canonical@alpha=1,NF-ToN-IoT,retained,0.8297043318817328,0.7827841721198858,0.891056656781645,0.8787132522702786,0.8848419094854308,0.7637880699053358,0.8368786466787732,0.5104976541743117,1531.0,698.0,788.0,5709.0,8726.0,0.7445564978225991
numerical_feature_transformer,2026,NF-BoT-IoT,ssd_canonical@alpha=1,NF-BoT-IoT,forgotten,0.9932454165326472,0.6498988922889712,0.9989885913099765,0.9942422290223869,0.9966097590507326,0.9360068717453159,0.9998840443679267,0.02098666513724928,11.0,25.0,143.0,24693.0,24872.0,0.9985525892569959
numerical_feature_transformer,2026,NF-BoT-IoT,ssd_canonical@alpha=1,NF-CSE-CIC-IDS2018,retained,0.9550211439067106,0.9278451163930186,0.8103495733553537,0.8899637243047158,0.8482927532055899,0.9588776883090777,0.9253474700806255,0.16441849361179786,19414.0,689.0,364.0,2944.0,23411.0,0.14130109777455044
numerical_feature_transformer,2026,NF-BoT-IoT,ssd_canonical@alpha=1,RETAINED_MACRO,retained_macro,0.9276063599433342,0.8996727384361037,0.8998318007038404,0.9152032149680572,0.9068440894120249,0.9075114014313238,0.9192208817526758,0.2268570239962473,40320.0,1390.0,1189.0,10220.0,53119.0,0.21478190477983397
numerical_feature_transformer,2026,NF-BoT-IoT,ssd_canonical@alpha=2,NF-UNSW-NB15,retained,0.9980936040415594,0.9883889267954069,0.9980891719745223,0.976932668329177,0.9873976055450535,0.9998684782521969,0.9954111684893019,0.005620627027711342,19375.0,3.0,37.0,1567.0,20982.0,0.07644647793346677
numerical_feature_transformer,2026,NF-BoT-IoT,ssd_canonical@alpha=2,NF-ToN-IoT,retained,0.8298189319275727,0.7821243445140467,0.8904643191025241,0.8796367554255811,0.8850174216027874,0.7639425395149074,0.836752537992182,0.5102137992809971,1526.0,703.0,782.0,5715.0,8726.0,0.7445564978225991
numerical_feature_transformer,2026,NF-BoT-IoT,ssd_canonical@alpha=2,NF-BoT-IoT,forgotten,0.9932454165326472,0.6498988922889712,0.9989885913099765,0.9942422290223869,0.9966097590507326,0.9362831284336358,0.9998845309273752,0.020422686618259557,11.0,25.0,143.0,24693.0,24872.0,0.9985525892569959
numerical_feature_transformer,2026,NF-BoT-IoT,ssd_canonical@alpha=2,NF-CSE-CIC-IDS2018,retained,0.9555337234633292,0.9281435793090012,0.8130350731842032,0.8899637243047158,0.8497618703997691,0.9589785293164628,0.9256634951607273,0.16331535436263775,19426.0,677.0,364.0,2944.0,23411.0,0.14130109777455044
numerical_feature_transformer,2026,NF-BoT-IoT,ssd_canonical@alpha=2,RETAINED_MACRO,retained_macro,0.9278154198108205,0.8995522835394848,0.9005295214204166,0.915511049353158,0.9073922991825367,0.9075965156945224,0.919275733880737,0.22638326022378208,40327.0,1383.0,1183.0,10226.0,53119.0,0.21478190477983397
numerical_feature_transformer,2026,NF-BoT-IoT,ssd_canonical@alpha=3,NF-UNSW-NB15,retained,0.9980936040415594,0.9883889267954069,0.9980891719745223,0.976932668329177,0.9873976055450535,0.999868446079558,0.9953984451954956,0.005620020804474411,19375.0,3.0,37.0,1567.0,20982.0,0.07644647793346677
numerical_feature_transformer,2026,NF-BoT-IoT,ssd_canonical@alpha=3,NF-ToN-IoT,retained,0.8299335319734128,0.7822013031103219,0.8904813833930518,0.8797906726181315,0.8851037472901827,0.7639680197500133,0.8367612991205162,0.5101396218332253,1526.0,703.0,781.0,5716.0,8726.0,0.7445564978225991
numerical_feature_transformer,2026,NF-BoT-IoT,ssd_canonical@alpha=3,NF-BoT-IoT,forgotten,0.9932454165326472,0.6498988922889712,0.9989885913099765,0.9942422290223869,0.9966097590507326,0.9362831284336358,0.9998845309291368,0.02041975510368469,11.0,25.0,143.0,24693.0,24872.0,0.9985525892569959
numerical_feature_transformer,2026,NF-BoT-IoT,ssd_canonical@alpha=3,NF-CSE-CIC-IDS2018,retained,0.9555337234633292,0.9281435793090012,0.8130350731842032,0.8899637243047158,0.8497618703997691,0.9589796195301574,0.9256639548015417,0.1632995156457003,19426.0,677.0,364.0,2944.0,23411.0,0.14130109777455044
numerical_feature_transformer,2026,NF-BoT-IoT,ssd_canonical@alpha=3,RETAINED_MACRO,retained_macro,0.9278536198261005,0.8995779364049099,0.9005352095172592,0.9155623550840081,0.9074210744116685,0.9076053617865764,0.9192745663725178,0.22635305276113335,40327.0,1383.0,1182.0,10227.0,53119.0,0.21478190477983397
numerical_feature_transformer,2026,NF-BoT-IoT,ssd_canonical@alpha=5,NF-UNSW-NB15,retained,0.9980936040415594,0.9883889267954069,0.9980891719745223,0.976932668329177,0.9873976055450535,0.999868446079558,0.9953984451954956,0.005620020804474411,19375.0,3.0,37.0,1567.0,20982.0,0.07644647793346677
numerical_feature_transformer,2026,NF-BoT-IoT,ssd_canonical@alpha=5,NF-ToN-IoT,retained,0.8299335319734128,0.7822013031103219,0.8904813833930518,0.8797906726181315,0.8851037472901827,0.7639680197500133,0.8367612991205162,0.5101396218332253,1526.0,703.0,781.0,5716.0,8726.0,0.7445564978225991
numerical_feature_transformer,2026,NF-BoT-IoT,ssd_canonical@alpha=5,NF-BoT-IoT,forgotten,0.9932454165326472,0.6498988922889712,0.9989885913099765,0.9942422290223869,0.9966097590507326,0.9362831284336358,0.9998845309291368,0.02041975510368469,11.0,25.0,143.0,24693.0,24872.0,0.9985525892569959
numerical_feature_transformer,2026,NF-BoT-IoT,ssd_canonical@alpha=5,NF-CSE-CIC-IDS2018,retained,0.9555337234633292,0.9281435793090012,0.8130350731842032,0.8899637243047158,0.8497618703997691,0.9589796195301574,0.9256639548015417,0.1632995156457003,19426.0,677.0,364.0,2944.0,23411.0,0.14130109777455044
numerical_feature_transformer,2026,NF-BoT-IoT,ssd_canonical@alpha=5,RETAINED_MACRO,retained_macro,0.9278536198261005,0.8995779364049099,0.9005352095172592,0.9155623550840081,0.9074210744116685,0.9076053617865764,0.9192745663725178,0.22635305276113335,40327.0,1383.0,1182.0,10227.0,53119.0,0.21478190477983397
numerical_feature_transformer,2026,NF-BoT-IoT,dc_ssd_no_contrast,NF-UNSW-NB15,retained,0.9249833190353637,0.5107812121569335,0.875,0.021820448877805487,0.04257907542579075,0.9174544030057996,0.736770898484741,0.20352629545940235,19373.0,5.0,1569.0,35.0,20982.0,0.07644647793346677
numerical_feature_transformer,2026,NF-BoT-IoT,dc_ssd_no_contrast,NF-ToN-IoT,retained,0.2618611047444419,0.4931105311192735,0.6346153846153846,0.02031706941665384,0.039373601789709174,0.33020309680839,0.6526836933124989,1.4946666691661283,2153.0,76.0,6365.0,132.0,8726.0,0.7445564978225991
numerical_feature_transformer,2026,NF-BoT-IoT,dc_ssd_no_contrast,NF-BoT-IoT,forgotten,0.004302026375040206,0.5014293767112257,1.0,0.0028587534224512805,0.005701208495603646,0.47763942574399165,0.9974111738656712,1.7394308173799933,36.0,0.0,24765.0,71.0,24872.0,0.9985525892569959
numerical_feature_transformer,2026,NF-BoT-IoT,dc_ssd_no_contrast,NF-CSE-CIC-IDS2018,retained,0.777284182649182,0.4585291507502986,0.0235,0.014207980652962516,0.017709118311981915,0.24638806939906396,0.088460758511029,0.6386277402737173,18150.0,1953.0,3261.0,47.0,23411.0,0.14130109777455044
numerical_feature_transformer,2026,NF-BoT-IoT,dc_ssd_no_contrast,RETAINED_MACRO,retained_macro,0.6547095354763292,0.4874736313421686,0.5110384615384616,0.018781832982473948,0.03322059850916061,0.49801518973775116,0.4926384501027563,0.778940234966416,39676.0,2034.0,11195.0,214.0,53119.0,0.21478190477983397
numerical_feature_transformer,2026,NF-BoT-IoT,dc_ssd_no_class_balance,NF-UNSW-NB15,retained,0.9980936040415594,0.9883889267954069,0.9980891719745223,0.976932668329177,0.9873976055450535,0.9998681243531691,0.9954071989099292,0.005667880251822184,19375.0,3.0,37.0,1567.0,20982.0,0.07644647793346677
numerical_feature_transformer,2026,NF-BoT-IoT,dc_ssd_no_class_balance,NF-ToN-IoT,retained,0.8315379326151731,0.7837207951794434,0.8910844873191225,0.8814837617361859,0.8862581244196843,0.7639810015500131,0.8368548064262673,0.5097054172843585,1529.0,700.0,770.0,5727.0,8726.0,0.7445564978225991
numerical_feature_transformer,2026,NF-BoT-IoT,dc_ssd_no_class_balance,NF-BoT-IoT,forgotten,0.9932052106786748,0.6498787602226159,0.9989885503904196,0.9942019648896763,0.9965895102213791,0.945137882285571,0.9999002634664322,0.021133668269837,11.0,25.0,144.0,24692.0,24872.0,0.9985525892569959
numerical_feature_transformer,2026,NF-BoT-IoT,dc_ssd_no_class_balance,NF-CSE-CIC-IDS2018,retained,0.9554910085002777,0.928118707399336,0.8128106018774158,0.8899637243047158,0.8496392496392496,0.9588579441631342,0.9251945507742357,0.1638601012422971,19425.0,678.0,364.0,2944.0,23411.0,0.14130109777455044
numerical_feature_transformer,2026,NF-BoT-IoT,dc_ssd_no_class_balance,RETAINED_MACRO,retained_macro,0.9283741817190033,0.9000761431247287,0.9006614203903536,0.9161267181233596,0.9077649932013291,0.9075690233554387,0.9191521853701441,0.22641113292615925,40329.0,1381.0,1171.0,10238.0,53119.0,0.21478190477983397
numerical_feature_transformer,2026,NF-BoT-IoT,dc_ssd,NF-UNSW-NB15,retained,0.07425412258126013,0.48566084788029923,0.07441727168513565,0.9713216957605985,0.13824312333629105,0.7567125958969847,0.26890237846083137,1.6758077756115184,0.0,19378.0,46.0,1558.0,20982.0,0.07644647793346677
numerical_feature_transformer,2026,NF-BoT-IoT,dc_ssd,NF-ToN-IoT,retained,0.7445564978225991,0.5,0.7445564978225991,1.0,0.8535768245418117,0.7422081061259388,0.8400492901368266,0.5047150158844796,0.0,2229.0,0.0,6497.0,8726.0,0.7445564978225991
numerical_feature_transformer,2026,NF-BoT-IoT,dc_ssd,NF-BoT-IoT,forgotten,0.9985525892569959,0.5,0.9985525892569959,1.0,0.9992757704997184,0.4912805783718974,0.9982223367942565,0.435455264568554,0.0,36.0,0.0,24836.0,24872.0,0.9985525892569959
numerical_feature_transformer,2026,NF-BoT-IoT,dc_ssd,NF-CSE-CIC-IDS2018,retained,0.14130109777455044,0.5,0.14130109777455044,1.0,0.2476140574123283,0.8558484340711839,0.4363512251917279,0.9547054081330402,0.0,20103.0,0.0,3308.0,23411.0,0.14130109777455044
numerical_feature_transformer,2026,NF-BoT-IoT,dc_ssd,RETAINED_MACRO,retained_macro,0.3200372393928032,0.49522028262676643,0.32009162242742845,0.9904405652535329,0.4131446684301437,0.7849230453647024,0.5151009645964619,1.0450760665430128,0.0,41710.0,46.0,11363.0,53119.0,0.21478190477983397
numerical_feature_transformer,2026,NF-BoT-IoT,scrub_r,NF-UNSW-NB15,retained,0.9991421218187018,0.9958186186407241,0.9968671679197995,0.9918952618453866,0.994375,0.9999022273503979,0.997593847828983,0.005297734090344578,19373.0,5.0,13.0,1591.0,20982.0,0.07644647793346677
numerical_feature_transformer,2026,NF-BoT-IoT,scrub_r,NF-ToN-IoT,retained,0.581480632592253,0.5947250527264784,0.8139483557713529,0.5676466061259042,0.6688429452303228,0.5707957284077622,0.7773609639605973,1.0994520529839764,1386.0,843.0,2809.0,3688.0,8726.0,0.7445564978225991
numerical_feature_transformer,2026,NF-BoT-IoT,scrub_r,NF-BoT-IoT,forgotten,0.02617401093599228,0.34595613893810057,0.9812206572769953,0.025245611209534547,0.049224730127576055,0.330296746658077,0.9968351887412447,2.9283123341354,24.0,12.0,24209.0,627.0,24872.0,0.9985525892569959
numerical_feature_transformer,2026,NF-BoT-IoT,scrub_r,NF-CSE-CIC-IDS2018,retained,0.8839861603519713,0.7133576094600113,0.6158966327329679,0.47551390568319224,0.536676902081201,0.8702718635063281,0.6586018531086356,0.2700938036967236,19122.0,981.0,1735.0,1573.0,23411.0,0.14130109777455044
numerical_feature_transformer,2026,NF-BoT-IoT,scrub_r,RETAINED_MACRO,retained_macro,0.8215363049209753,0.7679670936090712,0.8089040521413735,0.6783519245514943,0.7332982824371745,0.8136566064214961,0.8111855549660719,0.4582811969236815,39881.0,1829.0,4557.0,6852.0,53119.0,0.21478190477983397
numerical_feature_transformer,2026,NF-BoT-IoT,scrub_r@lr=0.001,NF-UNSW-NB15,retained,0.9859879897054619,0.9097837059225196,0.9962121212121212,0.8198254364089775,0.899452804377565,0.9984952535062386,0.989317115865755,0.03586494610713248,19373.0,5.0,289.0,1315.0,20982.0,0.07644647793346677
numerical_feature_transformer,2026,NF-BoT-IoT,scrub_r@lr=0.001,NF-ToN-IoT,retained,0.5866376346550538,0.6415112182431855,0.8623370110330993,0.5293212251808527,0.6559847401049118,0.5463021791539499,0.7778111094962684,1.5573289071103154,1680.0,549.0,3058.0,3439.0,8726.0,0.7445564978225991
numerical_feature_transformer,2026,NF-BoT-IoT,scrub_r@lr=0.001,NF-BoT-IoT,forgotten,0.011338050820199421,0.5049524883234016,1.0,0.009904976646803027,0.019615660633123356,0.5184812369141568,0.9986789025134146,2.6976208144710925,36.0,0.0,24590.0,246.0,24872.0,0.9985525892569959
numerical_feature_transformer,2026,NF-BoT-IoT,scrub_r@lr=0.001,NF-CSE-CIC-IDS2018,retained,0.9142710691555251,0.7051050451721398,0.9533101045296167,0.4135429262394196,0.5768500948766604,0.9093473854510216,0.7525295672257293,0.24937789174638827,20036.0,67.0,1940.0,1368.0,23411.0,0.14130109777455044
numerical_feature_transformer,2026,NF-BoT-IoT,scrub_r@lr=0.001,RETAINED_MACRO,retained_macro,0.828965564505347,0.7521333231126149,0.937286412258279,0.5875631959430833,0.7107625464530457,0.8180482727037367,0.8398859308625841,0.614190581654612,41089.0,621.0,5287.0,6122.0,53119.0,0.21478190477983397
numerical_feature_transformer,2026,NF-BoT-IoT,retrained,NF-UNSW-NB15,retained,0.9982842436374035,0.9896358095884245,0.9980940279542567,0.979426433915212,0.9886721208307111,0.9999360729665154,0.9988856198549931,0.004828575323148986,19375.0,3.0,33.0,1571.0,20982.0,0.07644647793346677
numerical_feature_transformer,2026,NF-BoT-IoT,retrained,NF-ToN-IoT,retained,0.8034609213843685,0.7555824329453777,0.8790424857324033,0.8534708326920117,0.8660679422100742,0.7490686421651764,0.8294813688350514,0.537859258567051,1466.0,763.0,952.0,5545.0,8726.0,0.7445564978225991
numerical_feature_transformer,2026,NF-BoT-IoT,retrained,NF-BoT-IoT,forgotten,0.010533933740752654,0.2965184946582917,0.94140625,0.00970365598325012,0.019209309740156225,0.013595855478606323,0.9936235372300511,4.2133173430215995,21.0,15.0,24595.0,241.0,24872.0,0.9985525892569959
numerical_feature_transformer,2026,NF-BoT-IoT,retrained,NF-CSE-CIC-IDS2018,retained,0.9515612318995345,0.8287236166030313,0.9995404411764706,0.657496977025393,0.7932166301969366,0.9287349638479124,0.8173918138122535,0.20461732449342648,20102.0,1.0,1133.0,2175.0,23411.0,0.14130109777455044
numerical_feature_transformer,2026,NF-BoT-IoT,retrained,RETAINED_MACRO,retained_macro,0.917768798973769,0.8579806197122779,0.9588923182877102,0.8301314145442057,0.8826522310792407,0.8925798929932015,0.8819196008340993,0.24910171946120882,40943.0,767.0,2118.0,9291.0,53119.0,0.21478190477983397
numerical_feature_transformer,2026,NF-CSE-CIC-IDS2018,original,NF-UNSW-NB15,retained,0.9980936040415594,0.9883889267954069,0.9980891719745223,0.976932668329177,0.9873976055450535,0.999868446079558,0.9953984451954956,0.005620020804474411,19375.0,3.0,37.0,1567.0,20982.0,0.07644647793346677
numerical_feature_transformer,2026,NF-CSE-CIC-IDS2018,original,NF-ToN-IoT,retained,0.8299335319734128,0.7822013031103219,0.8904813833930518,0.8797906726181315,0.8851037472901827,0.7639680197500133,0.8367612991205162,0.5101396218332253,1526.0,703.0,781.0,5716.0,8726.0,0.7445564978225991
numerical_feature_transformer,2026,NF-CSE-CIC-IDS2018,original,NF-BoT-IoT,retained,0.9932454165326472,0.6498988922889712,0.9989885913099765,0.9942422290223869,0.9966097590507326,0.9362831284336358,0.9998845309291368,0.02041975510368469,11.0,25.0,143.0,24693.0,24872.0,0.9985525892569959
numerical_feature_transformer,2026,NF-CSE-CIC-IDS2018,original,NF-CSE-CIC-IDS2018,forgotten,0.9555337234633292,0.9281435793090012,0.8130350731842032,0.8899637243047158,0.8497618703997691,0.9589796195301574,0.9256639548015417,0.1632995156457003,19426.0,677.0,364.0,2944.0,23411.0,0.14130109777455044
numerical_feature_transformer,2026,NF-CSE-CIC-IDS2018,original,RETAINED_MACRO,retained_macro,0.9404241841825399,0.8068297073982333,0.9625197155591835,0.9503218566565651,0.9563703706286564,0.9000398647544023,0.9440147584150496,0.1787264659137948,20912.0,731.0,961.0,31976.0,54580.0,0.6034628068889704
numerical_feature_transformer,2026,NF-CSE-CIC-IDS2018,rollback_repair,NF-UNSW-NB15,retained,0.9205032885330283,0.5586773918233625,0.43415637860082307,0.13154613466334164,0.20191387559808613,0.32113425153186803,0.08268546427942514,0.2734574912456158,19103.0,275.0,1393.0,211.0,20982.0,0.07644647793346677
numerical_feature_transformer,2026,NF-CSE-CIC-IDS2018,rollback_repair,NF-ToN-IoT,retained,0.7826037130414852,0.5987868024535326,0.785218253968254,0.9746036632291827,0.8697204862303414,0.5399330871072565,0.7043860329498892,0.5742066037706453,497.0,1732.0,165.0,6332.0,8726.0,0.7445564978225991
numerical_feature_transformer,2026,NF-CSE-CIC-IDS2018,rollback_repair,NF-BoT-IoT,retained,0.9971855902219363,0.49931550974392014,0.9985506079394476,0.9986310194878403,0.9985908120948584,0.7332434101036132,0.9984250278537554,0.3707486230696488,0.0,36.0,34.0,24802.0,24872.0,0.9985525892569959
numerical_feature_transformer,2026,NF-CSE-CIC-IDS2018,rollback_repair,NF-CSE-CIC-IDS2018,forgotten,0.128230319080774,0.3594197034606721,0.10434500948590995,0.6816807738814994,0.18098639592278984,0.13792427282445827,0.07955226349110066,1.3308298116383026,747.0,19356.0,1053.0,2255.0,23411.0,0.14130109777455044
numerical_feature_transformer,2026,NF-CSE-CIC-IDS2018,rollback_repair,RETAINED_MACRO,retained_macro,0.9000975305988166,0.5522599013402717,0.7393084135028416,0.7015936057934549,0.6900750579744286,0.5314369162475793,0.5951655083610232,0.4061375726953033,19600.0,2043.0,1592.0,31345.0,54580.0,0.6034628068889704
numerical_feature_transformer,2026,NF-CSE-CIC-IDS2018,ssd_canonical,NF-UNSW-NB15,retained,0.9980936040415594,0.9883889267954069,0.9980891719745223,0.976932668329177,0.9873976055450535,0.999868446079558,0.9953984451954956,0.005620020804474411,19375.0,3.0,37.0,1567.0,20982.0,0.07644647793346677
numerical_feature_transformer,2026,NF-CSE-CIC-IDS2018,ssd_canonical,NF-ToN-IoT,retained,0.8299335319734128,0.7822013031103219,0.8904813833930518,0.8797906726181315,0.8851037472901827,0.7639680197500133,0.8367612991205162,0.5101396218332253,1526.0,703.0,781.0,5716.0,8726.0,0.7445564978225991
numerical_feature_transformer,2026,NF-CSE-CIC-IDS2018,ssd_canonical,NF-BoT-IoT,retained,0.9932454165326472,0.6498988922889712,0.9989885913099765,0.9942422290223869,0.9966097590507326,0.9362831284336358,0.9998845309291368,0.02041975510368469,11.0,25.0,143.0,24693.0,24872.0,0.9985525892569959
numerical_feature_transformer,2026,NF-CSE-CIC-IDS2018,ssd_canonical,NF-CSE-CIC-IDS2018,forgotten,0.9555337234633292,0.9281435793090012,0.8130350731842032,0.8899637243047158,0.8497618703997691,0.9589796195301574,0.9256639548015417,0.1632995156457003,19426.0,677.0,364.0,2944.0,23411.0,0.14130109777455044
numerical_feature_transformer,2026,NF-CSE-CIC-IDS2018,ssd_canonical,RETAINED_MACRO,retained_macro,0.9404241841825399,0.8068297073982333,0.9625197155591835,0.9503218566565651,0.9563703706286564,0.9000398647544023,0.9440147584150496,0.1787264659137948,20912.0,731.0,961.0,31976.0,54580.0,0.6034628068889704
numerical_feature_transformer,2026,NF-CSE-CIC-IDS2018,ssd_canonical@alpha=1,NF-UNSW-NB15,retained,0.07644647793346677,0.5,0.07644647793346677,1.0,0.142034888869211,0.9883233267846999,0.7144215458971359,3.1418747845052626,0.0,19378.0,0.0,1604.0,20982.0,0.07644647793346677
numerical_feature_transformer,2026,NF-CSE-CIC-IDS2018,ssd_canonical@alpha=1,NF-ToN-IoT,retained,0.7445564978225991,0.5,0.7445564978225991,1.0,0.8535768245418117,0.5907835572797411,0.756384542522897,1.4175963007863577,0.0,2229.0,0.0,6497.0,8726.0,0.7445564978225991
numerical_feature_transformer,2026,NF-CSE-CIC-IDS2018,ssd_canonical@alpha=1,NF-BoT-IoT,retained,0.9985525892569959,0.5,0.9985525892569959,1.0,0.9992757704997184,0.14768995723054343,0.9938497680604795,0.012320203304441623,0.0,36.0,0.0,24836.0,24872.0,0.9985525892569959
numerical_feature_transformer,2026,NF-CSE-CIC-IDS2018,ssd_canonical@alpha=1,NF-CSE-CIC-IDS2018,forgotten,0.14130109777455044,0.5,0.14130109777455044,1.0,0.2476140574123283,0.47261266659292306,0.12104817565048066,4.605143809962812,0.0,20103.0,0.0,3308.0,23411.0,0.14130109777455044
numerical_feature_transformer,2026,NF-CSE-CIC-IDS2018,ssd_canonical@alpha=1,RETAINED_MACRO,retained_macro,0.6065185216710206,0.5,0.6065185216710206,1.0,0.6649624946369137,0.5755989470983282,0.8215519521601707,1.5239304295320206,0.0,21643.0,0.0,32937.0,54580.0,0.6034628068889704
numerical_feature_transformer,2026,NF-CSE-CIC-IDS2018,ssd_canonical@alpha=2,NF-UNSW-NB15,retained,0.9796492231436469,0.9486678790174939,0.8364779874213837,0.9120947630922693,0.872651356993737,0.9928129863698685,0.9551190493678086,0.06249855583425259,19092.0,286.0,141.0,1463.0,20982.0,0.07644647793346677
numerical_feature_transformer,2026,NF-CSE-CIC-IDS2018,ssd_canonical@alpha=2,NF-ToN-IoT,retained,0.47157918863167547,0.5243109754282838,0.7674418604651163,0.4164999230414037,0.5399580963783298,0.5699483206971392,0.7897153577326089,1.4806142591217692,1409.0,820.0,3791.0,2706.0,8726.0,0.7445564978225991
numerical_feature_transformer,2026,NF-CSE-CIC-IDS2018,ssd_canonical@alpha=2,NF-BoT-IoT,retained,0.9852846574461241,0.8816816091336948,0.9996732826921506,0.9855854404896118,0.992579376343214,0.9125854494371969,0.9997714924005711,0.03852145291762854,28.0,8.0,358.0,24478.0,24872.0,0.9985525892569959
numerical_feature_transformer,2026,NF-CSE-CIC-IDS2018,ssd_canonical@alpha=2,NF-CSE-CIC-IDS2018,forgotten,0.8681389090598437,0.8656381846308921,0.5201532008024804,0.8621523579201935,0.6488454100784894,0.9109402252522845,0.8040289092013735,0.35291722857931546,17472.0,2631.0,456.0,2852.0,23411.0,0.14130109777455044
numerical_feature_transformer,2026,NF-CSE-CIC-IDS2018,ssd_canonical@alpha=2,RETAINED_MACRO,retained_macro,0.8121710230738155,0.7848868211931576,0.8678643768595502,0.7713933755410949,0.8017296099050936,0.8251155855014015,0.9148686331669961,0.5272114226245501,20529.0,1114.0,4290.0,28647.0,54580.0,0.6034628068889704
numerical_feature_transformer,2026,NF-CSE-CIC-IDS2018,ssd_canonical@alpha=3,NF-UNSW-NB15,retained,0.9980936040415594,0.9883889267954069,0.9980891719745223,0.976932668329177,0.9873976055450535,0.999868478252197,0.9953792625435984,0.005678338667415473,19375.0,3.0,37.0,1567.0,20982.0,0.07644647793346677
numerical_feature_transformer,2026,NF-CSE-CIC-IDS2018,ssd_canonical@alpha=3,NF-ToN-IoT,retained,0.8511345404538162,0.7958492144595432,0.8930732002419842,0.9088810220101585,0.9009077732855291,0.7694028710355533,0.8388599406576752,0.48872134268953094,1522.0,707.0,592.0,5905.0,8726.0,0.7445564978225991
numerical_feature_transformer,2026,NF-CSE-CIC-IDS2018,ssd_canonical@alpha=3,NF-BoT-IoT,retained,0.9932454165326472,0.6498988922889712,0.9989885913099765,0.9942422290223869,0.9966097590507326,0.939023326354217,0.9998896086104934,0.01999205600716528,11.0,25.0,143.0,24693.0,24872.0,0.9985525892569959
numerical_feature_transformer,2026,NF-CSE-CIC-IDS2018,ssd_canonical@alpha=3,NF-CSE-CIC-IDS2018,forgotten,0.9503652129340908,0.9255129087015654,0.7862860192102454,0.8908706166868199,0.8353174603174603,0.9574842749080447,0.9182772007987414,0.16969591373915693,19302.0,801.0,361.0,2947.0,23411.0,0.14130109777455044
numerical_feature_transformer,2026,NF-CSE-CIC-IDS2018,ssd_canonical@alpha=3,RETAINED_MACRO,retained_macro,0.9474911870093411,0.8113790111813071,0.9633836545088276,0.9600186397872408,0.9616383792937717,0.9027648918806558,0.9447096039372557,0.1714639124547039,20908.0,735.0,772.0,32165.0,54580.0,0.6034628068889704
numerical_feature_transformer,2026,NF-CSE-CIC-IDS2018,ssd_canonical@alpha=5,NF-UNSW-NB15,retained,0.9980936040415594,0.9883889267954069,0.9980891719745223,0.976932668329177,0.9873976055450535,0.999868446079558,0.9953984451954956,0.005620020804474411,19375.0,3.0,37.0,1567.0,20982.0,0.07644647793346677
numerical_feature_transformer,2026,NF-CSE-CIC-IDS2018,ssd_canonical@alpha=5,NF-ToN-IoT,retained,0.8299335319734128,0.7822013031103219,0.8904813833930518,0.8797906726181315,0.8851037472901827,0.7639680197500133,0.8367612991205162,0.5101396218332253,1526.0,703.0,781.0,5716.0,8726.0,0.7445564978225991
numerical_feature_transformer,2026,NF-CSE-CIC-IDS2018,ssd_canonical@alpha=5,NF-BoT-IoT,retained,0.9932454165326472,0.6498988922889712,0.9989885913099765,0.9942422290223869,0.9966097590507326,0.9362831284336358,0.9998845309291368,0.02041975510368469,11.0,25.0,143.0,24693.0,24872.0,0.9985525892569959
numerical_feature_transformer,2026,NF-CSE-CIC-IDS2018,ssd_canonical@alpha=5,NF-CSE-CIC-IDS2018,forgotten,0.9555337234633292,0.9281435793090012,0.8130350731842032,0.8899637243047158,0.8497618703997691,0.9589796195301574,0.9256639548015417,0.1632995156457003,19426.0,677.0,364.0,2944.0,23411.0,0.14130109777455044
numerical_feature_transformer,2026,NF-CSE-CIC-IDS2018,ssd_canonical@alpha=5,RETAINED_MACRO,retained_macro,0.9404241841825399,0.8068297073982333,0.9625197155591835,0.9503218566565651,0.9563703706286564,0.9000398647544023,0.9440147584150496,0.1787264659137948,20912.0,731.0,961.0,31976.0,54580.0,0.6034628068889704
numerical_feature_transformer,2026,NF-CSE-CIC-IDS2018,dc_ssd_no_contrast,NF-UNSW-NB15,retained,0.9994757411114289,0.9980006635285046,0.9968808484092326,0.9962593516209476,0.996570003118179,0.9998528745223328,0.9945204450940234,0.004885301011559495,19373.0,5.0,6.0,1598.0,20982.0,0.07644647793346677
numerical_feature_transformer,2026,NF-CSE-CIC-IDS2018,dc_ssd_no_contrast,NF-ToN-IoT,retained,0.8173275269310107,0.7587054189969171,0.8764010440657147,0.8785593350777282,0.877478862413528,0.749226771537514,0.8266741054501036,0.5206536480868903,1424.0,805.0,789.0,5708.0,8726.0,0.7445564978225991
numerical_feature_transformer,2026,NF-CSE-CIC-IDS2018,dc_ssd_no_contrast,NF-BoT-IoT,retained,0.9916371823737536,0.7323061505699612,0.9992297089110517,0.9923900789177001,0.9957981495697144,0.9029052808646946,0.9998110818591424,0.01826323919458224,17.0,19.0,189.0,24647.0,24872.0,0.9985525892569959
numerical_feature_transformer,2026,NF-CSE-CIC-IDS2018,dc_ssd_no_contrast,NF-CSE-CIC-IDS2018,forgotten,0.926829268292683,0.7884360326663511,0.8400852878464818,0.5955259975816203,0.6969750574915974,0.9366293591029174,0.8265296254661597,0.19318314801599656,19728.0,375.0,1338.0,1970.0,23411.0,0.14130109777455044
numerical_feature_transformer,2026,NF-CSE-CIC-IDS2018,dc_ssd_no_contrast,RETAINED_MACRO,retained_macro,0.9361468168053978,0.8296707443651276,0.9575038671286663,0.9557362552054586,0.9566156717004738,0.8839949756415139,0.9403352108010897,0.18126739609767736,20814.0,829.0,984.0,31953.0,54580.0,0.6034628068889704
numerical_feature_transformer,2026,NF-CSE-CIC-IDS2018,dc_ssd_no_class_balance,NF-UNSW-NB15,retained,0.9454294156896388,0.9421502814848521,0.5899647197177578,0.9382793017456359,0.7244283995186522,0.987755704916674,0.9339024565599825,0.10183792900815443,18332.0,1046.0,99.0,1505.0,20982.0,0.07644647793346677
numerical_feature_transformer,2026,NF-CSE-CIC-IDS2018,dc_ssd_no_class_balance,NF-ToN-IoT,retained,0.581251432500573,0.5976656375828082,0.816804100735458,0.5641065106972449,0.6673343044428259,0.6238679853137173,0.8028903181900502,1.1149845261383016,1407.0,822.0,2832.0,3665.0,8726.0,0.7445564978225991
numerical_feature_transformer,2026,NF-CSE-CIC-IDS2018,dc_ssd_no_class_balance,NF-BoT-IoT,retained,0.9898681247989707,0.7868953669404628,0.999390590720728,0.9904574005475922,0.9949039433771486,0.982105948354539,0.9999736238205938,0.05073708289564535,21.0,15.0,237.0,24599.0,24872.0,0.9985525892569959
numerical_feature_transformer,2026,NF-CSE-CIC-IDS2018,dc_ssd_no_class_balance,NF-CSE-CIC-IDS2018,forgotten,0.8337960787663918,0.8528389480391221,0.4544602405874082,0.8793833131801693,0.5992378205788443,0.9016637322625239,0.6074749720902445,0.46719694708806825,16611.0,3492.0,399.0,2909.0,23411.0,0.14130109777455044
numerical_feature_transformer,2026,NF-CSE-CIC-IDS2018,dc_ssd_no_class_balance,RETAINED_MACRO,retained_macro,0.8388496576630607,0.7755704286693744,0.8020531370579812,0.830947737663491,0.7955555491128755,0.8645765461949768,0.9122554661902088,0.42251984601403375,19760.0,1883.0,3168.0,29769.0,54580.0,0.6034628068889704
numerical_feature_transformer,2026,NF-CSE-CIC-IDS2018,dc_ssd,NF-UNSW-NB15,retained,0.9814602993041655,0.880742076072076,0.9943043124491456,0.7618453865336658,0.862689728203318,0.9661592258645367,0.9364023812353709,0.06590462064742003,19371.0,7.0,382.0,1222.0,20982.0,0.07644647793346677
numerical_feature_transformer,2026,NF-CSE-CIC-IDS2018,dc_ssd,NF-ToN-IoT,retained,0.5215448086179234,0.5509391331043979,0.7862426035502958,0.49084192704325075,0.6043779020183834,0.5339103605328973,0.7533786618236562,1.335236646098002,1362.0,867.0,3308.0,3189.0,8726.0,0.7445564978225991
numerical_feature_transformer,2026,NF-CSE-CIC-IDS2018,dc_ssd,NF-BoT-IoT,retained,0.9891444194274687,0.8697455306812691,0.999633908232997,0.9894910613625383,0.9945366248482396,0.8072019112041661,0.9986975639550001,0.023743280245313907,27.0,9.0,261.0,24575.0,24872.0,0.9985525892569959
numerical_feature_transformer,2026,NF-CSE-CIC-IDS2018,dc_ssd,NF-CSE-CIC-IDS2018,forgotten,0.8745461535175773,0.821636332861579,0.5405287306095696,0.7478839177750907,0.6275206087507926,0.8835671097355271,0.6944618078211074,0.34626233947066376,18000.0,2103.0,834.0,2474.0,23411.0,0.14130109777455044
numerical_feature_transformer,2026,NF-CSE-CIC-IDS2018,dc_ssd,RETAINED_MACRO,retained_macro,0.8307165091165193,0.7671422466192478,0.9267269414108128,0.7473927916464849,0.8205347516899804,0.7690904992005333,0.8961595356713423,0.4749615156635787,20760.0,883.0,3951.0,28986.0,54580.0,0.6034628068889704
numerical_feature_transformer,2026,NF-CSE-CIC-IDS2018,scrub_r,NF-UNSW-NB15,retained,0.9994757411114289,0.9988584182540861,0.9950279676817899,0.9981296758104738,0.9965764083411143,0.999806224195935,0.9942319529903364,0.006034607034564432,19370.0,8.0,3.0,1601.0,20982.0,0.07644647793346677
numerical_feature_transformer,2026,NF-CSE-CIC-IDS2018,scrub_r,NF-ToN-IoT,retained,0.7911987164794866,0.6222415660249169,0.795923534624636,0.9676773895644143,0.8734370658516255,0.7539852917587047,0.8522543539672601,0.523600193625604,617.0,1612.0,210.0,6287.0,8726.0,0.7445564978225991
numerical_feature_transformer,2026,NF-CSE-CIC-IDS2018,scrub_r,NF-BoT-IoT,retained,0.9928433579929238,0.7329101125606199,0.999230644638808,0.9935980028990176,0.9964063635629492,0.9927558114564881,0.9999894397722792,0.015564165750295315,17.0,19.0,159.0,24677.0,24872.0,0.9985525892569959
numerical_feature_transformer,2026,NF-CSE-CIC-IDS2018,scrub_r,NF-CSE-CIC-IDS2018,forgotten,0.5057451625304344,0.692129118774707,0.21626261932559576,0.9519347037484885,0.3524539705635458,0.7764649675092259,0.2822662697334256,1.5991228259698755,8691.0,11412.0,159.0,3149.0,23411.0,0.14130109777455044
numerical_feature_transformer,2026,NF-CSE-CIC-IDS2018,scrub_r,RETAINED_MACRO,retained_macro,0.9278392718612798,0.7846700322798742,0.9300607156484113,0.9864683560913018,0.9554732792518964,0.9155157758037092,0.9488252489099586,0.18173298880348787,20004.0,1639.0,372.0,32565.0,54580.0,0.6034628068889704
numerical_feature_transformer,2026,NF-CSE-CIC-IDS2018,scrub_r@lr=0.001,NF-UNSW-NB15,retained,0.9996187208083119,0.9989358256232677,0.9968866749688667,0.9981296758104738,0.9975077881619938,0.9999154503049836,0.9984909925163574,0.005715370466540466,19373.0,5.0,3.0,1601.0,20982.0,0.07644647793346677
numerical_feature_transformer,2026,NF-CSE-CIC-IDS2018,scrub_r@lr=0.001,NF-ToN-IoT,retained,0.8588127435250974,0.7850908584443121,0.8817984046410442,0.93581653070648,0.9080047789725209,0.7600920547724238,0.8498000257297422,0.45996832173649244,1414.0,815.0,417.0,6080.0,8726.0,0.7445564978225991
numerical_feature_transformer,2026,NF-CSE-CIC-IDS2018,scrub_r@lr=0.001,NF-BoT-IoT,retained,0.9916371823737536,0.7461749073924948,0.9992701913720402,0.9923498147849895,0.9957979797979798,0.9898545570050644,0.9999852011267576,0.03634313572966598,18.0,18.0,190.0,24646.0,24872.0,0.9985525892569959
numerical_feature_transformer,2026,NF-CSE-CIC-IDS2018,scrub_r@lr=0.001,NF-CSE-CIC-IDS2018,forgotten,0.5128358463969929,0.5692233741695805,0.17305984010336753,0.6478234582829504,0.2731502134981837,0.6972755665036068,0.48998633418108944,0.9556909481016128,9863.0,10240.0,1165.0,2143.0,23411.0,0.14130109777455044
numerical_feature_transformer,2026,NF-CSE-CIC-IDS2018,scrub_r@lr=0.001,RETAINED_MACRO,retained_macro,0.9500228822357211,0.8434005304866915,0.9593184236606503,0.9754320071006478,0.9671035156441649,0.9166206873608239,0.949425406457619,0.16734227597756632,20805.0,838.0,610.0,32327.0,54580.0,0.6034628068889704
numerical_feature_transformer,2026,NF-CSE-CIC-IDS2018,retrained,NF-UNSW-NB15,retained,0.9995234010103898,0.9977405477430379,0.998125,0.9956359102244389,0.9968789013732834,0.9999305714452644,0.9987190184918022,0.002799608290392247,19375.0,3.0,7.0,1597.0,20982.0,0.07644647793346677
numerical_feature_transformer,2026,NF-CSE-CIC-IDS2018,retrained,NF-ToN-IoT,retained,0.8889525555810223,0.8308237718578468,0.9057545507927187,0.9496690780360166,0.9271921256292734,0.8533939431478641,0.9092087327556306,0.34030004209315595,1587.0,642.0,327.0,6170.0,8726.0,0.7445564978225991
numerical_feature_transformer,2026,NF-CSE-CIC-IDS2018,retrained,NF-BoT-IoT,retained,0.9919990350595047,0.690881068699558,0.9991086260686358,0.9928732485102271,0.9959811781812307,0.9871210697732682,0.9999811550823947,0.020280044077899587,14.0,22.0,177.0,24659.0,24872.0,0.9985525892569959
numerical_feature_transformer,2026,NF-CSE-CIC-IDS2018,retrained,NF-CSE-CIC-IDS2018,forgotten,0.6071504848148306,0.6240142738897099,0.2105573577115895,0.6475211608222491,0.31778058007566207,0.6801141743960561,0.5587598274356854,0.8497277012666161,12072.0,8031.0,1166.0,2142.0,23411.0,0.14130109777455044
numerical_feature_transformer,2026,NF-CSE-CIC-IDS2018,retrained,RETAINED_MACRO,retained_macro,0.9601583305503055,0.8398151294334809,0.9676627256204515,0.9793927455902275,0.9733507350612625,0.9468151947887989,0.9693029687766092,0.12112656482048258,20976.0,667.0,511.0,32426.0,54580.0,0.6034628068889704
