architecture,seed,forgotten_domain,method,base_method,original_retained_validation_log_loss,method_retained_validation_log_loss,retrained_retained_validation_log_loss,is_identity_map,is_near_identity,ssd_selection_status,ssd_structural_noop,ssd_batch_ratio_upper_bound,original_retained_macro_f1,method_retained_macro_f1,retrained_retained_macro_f1,original_retained_macro_roc_auc,method_retained_macro_roc_auc,retrained_retained_macro_roc_auc,original_forgotten_f1,method_forgotten_f1,retrained_forgotten_f1,original_forgotten_roc_auc,method_forgotten_roc_auc,retrained_forgotten_roc_auc,original_mia_auc,method_mia_auc,retrained_mia_auc,method_abs_mia_auc_gap_from_retrained,method_forgotten_prediction_agreement_with_retrained,method_forgotten_js_divergence_from_retrained,method_forgotten_linear_cka_to_retrained,method_retained_macro_linear_cka_to_retrained,method_forgotten_abs_f1_gap_from_retrained,online_seconds,full_retraining_optimization_seconds,online_speedup_vs_retraining_optimization,selected_parameter_fraction,fisher_cosine_similarity,parameter_change_l2
mlp,42,NF-UNSW-NB15,rollback_repair,rollback_repair,0.13238130402277276,0.683336122756477,0.1535616351635023,False,False,,,,0.7624766540635614,0.2683806531610236,0.7635205834285116,0.8291335468338991,0.3840077294232002,0.8231769857295514,0.9937733499377335,0.023355869698832205,0.0552395086157144,0.9998552874702499,0.05238912086076479,0.26182185224831406,0.4858873133407028,0.49069789598755964,0.5144855566927022,0.0237876607051426,0.4990944619197407,0.07417428018283644,0.39580950887595723,0.5363322196905086,0.0318836389168822,1.6870845010000721,68.77720737799928,40.76690132428425,,,9.307546887023712
mlp,42,NF-UNSW-NB15,ssd_canonical,ssd_canonical,0.13238130402277276,0.13238130402277276,0.1535616351635023,True,True,no_parameters_selected,True,3.5252324037184595,0.7624766540635614,0.7624766540635614,0.7635205834285116,0.8291335468338991,0.8291335468338991,0.8231769857295514,0.9937733499377335,0.9937733499377335,0.0552395086157144,0.9998552874702499,0.9998552874702499,0.26182185224831406,0.4858873133407028,0.4858873133407028,0.5144855566927022,0.028598243351999453,0.45453245639119244,0.2677273092072476,0.34516413277990854,0.8951953802523582,0.9385338413220191,3.12201043999994,68.77720737799928,22.029781353966452,0.0,0.5845881814760959,0.0
mlp,42,NF-UNSW-NB15,ssd_canonical@alpha=1,ssd_canonical,0.13238130402277276,0.13131818215127924,0.1535616351635023,False,False,weights_changed,False,3.5252324037184595,0.7624766540635614,0.7635232336925277,0.7635205834285116,0.8291335468338991,0.8118863014328633,0.8231769857295514,0.9937733499377335,0.9836580766813325,0.0552395086157144,0.9998552874702499,0.999764818009677,0.26182185224831406,0.4858873133407028,0.4861808163001953,0.5144855566927022,0.028304740392506966,0.4559622533600229,0.2660587097052579,0.36909180511222733,0.9010696219122586,0.9284185680656182,3.3343558230001236,68.77720737799928,20.626834995707274,0.03330587266093916,0.5845881814760959,1.1392916199675494
mlp,42,NF-UNSW-NB15,ssd_canonical@alpha=2,ssd_canonical,0.13238130402277276,0.13250189887854416,0.1535616351635023,False,False,weights_changed,False,3.5252324037184595,0.7624766540635614,0.7626973220600584,0.7635205834285116,0.8291335468338991,0.8259563960367058,0.8231769857295514,0.9937733499377335,0.9887288666249218,0.0552395086157144,0.9998552874702499,0.9998419358251085,0.26182185224831406,0.4858873133407028,0.4861615259498175,0.5144855566927022,0.028324030742884754,0.45519969497664664,0.26692556258781497,0.34013604490970917,0.8946983847502091,0.9334893580092074,3.114757979999922,68.77720737799928,22.08107590368899,0.00788513593032835,0.5845881814760959,0.7400818254907245
mlp,42,NF-UNSW-NB15,ssd_canonical@alpha=3,ssd_canonical,0.13238130402277276,0.13237533850923408,0.1535616351635023,False,False,weights_changed,False,3.5252324037184595,0.7624766540635614,0.7623527443473265,0.7635205834285116,0.8291335468338991,0.8257701446980569,0.8231769857295514,0.9937733499377335,0.9934599813142323,0.0552395086157144,0.9998552874702499,0.9998558987503889,0.26182185224831406,0.4858873133407028,0.4848798780413177,0.5144855566927022,0.029605678651384526,0.4545801162901535,0.2676093546495895,0.3390271664057493,0.8962132025674242,0.9382204726985179,3.113408791000211,68.77720737799928,22.090644690414706,0.0016476403436507003,0.5845881814760959,0.3424080751785941
mlp,42,NF-UNSW-NB15,ssd_canonical@alpha=5,ssd_canonical,0.13238130402277276,0.13238130402277276,0.1535616351635023,True,True,no_parameters_selected,True,3.5252324037184595,0.7624766540635614,0.7624766540635614,0.7635205834285116,0.8291335468338991,0.8291335468338991,0.8231769857295514,0.9937733499377335,0.9937733499377335,0.0552395086157144,0.9998552874702499,0.9998552874702499,0.26182185224831406,0.4858873133407028,0.4858873133407028,0.5144855566927022,0.028598243351999453,0.45453245639119244,0.2677273092072476,0.34516413277990854,0.8951953802523582,0.9385338413220191,3.0300614319999113,68.77720737799928,22.69828811114391,0.0,0.5845881814760959,0.0
mlp,42,NF-UNSW-NB15,dc_ssd_no_contrast,dc_ssd_no_contrast,0.13238130402277276,0.13053744416870433,0.1535616351635023,False,False,weights_changed,False,,0.7624766540635614,0.7631386288631358,0.7635205834285116,0.8291335468338991,0.828976966108689,0.8231769857295514,0.9937733499377335,0.9871915026554202,0.0552395086157144,0.9998552874702499,0.9995766724174187,0.26182185224831406,0.4858873133407028,0.4930498074396008,0.5144855566927022,0.021435749253101433,0.45553331426937377,0.26449812282710194,0.4407623065456122,0.9121458560994612,0.9319519940397059,0.021003810999900452,68.77720737799928,3274.5108674956773,0.021360480169471577,0.26248792379796865,1.6745046852939858
mlp,42,NF-UNSW-NB15,dc_ssd_no_class_balance,dc_ssd_no_class_balance,0.13238130402277276,0.133613400197437,0.1535616351635023,False,False,weights_changed,False,,0.7624766540635614,0.7627933660255463,0.7635205834285116,0.8291335468338991,0.8359483416515591,0.8231769857295514,0.9937733499377335,0.9791666666666666,0.0552395086157144,0.9998552874702499,0.9997276264391143,0.26182185224831406,0.4858873133407028,0.48594570424728434,0.5144855566927022,0.0285398524454179,0.456343532551711,0.2657129464902048,0.3428634531109722,0.899483619952122,0.9239271580509523,0.018736334999857718,68.77720737799928,3670.7930007934615,0.012592679769330352,0.24695507238440229,1.366430556701079
mlp,42,NF-UNSW-NB15,dc_ssd,dc_ssd,0.13238130402277276,0.13144359188285606,0.1535616351635023,False,False,weights_changed,False,,0.7624766540635614,0.7645536021249236,0.7635205834285116,0.8291335468338991,0.8285715045151459,0.8231769857295514,0.9937733499377335,0.9779596977329975,0.0552395086157144,0.9998552874702499,0.9992205534774892,0.26182185224831406,0.4858873133407028,0.4971213487284217,0.5144855566927022,0.017364207964280565,0.4568201315413211,0.2595825245203928,0.473972136188891,0.9164952506928725,0.9227201891172832,0.01966718900007436,68.77720737799928,3497.053258487486,0.030363657761562905,0.24473313967874336,2.3995464507342663
mlp,42,NF-UNSW-NB15,scrub_r,scrub_r,0.13238130402277276,0.2089054122541369,0.1535616351635023,False,False,,,,0.7624766540635614,0.7550649214853443,0.7635205834285116,0.8291335468338991,0.8027332376395874,0.8231769857295514,0.9937733499377335,0.16323084500105536,0.0552395086157144,0.9998552874702499,0.4973884182103313,0.26182185224831406,0.4858873133407028,0.5144263005981249,0.5144855566927022,5.925609457735348e-05,0.5462777618911447,0.2096832322243812,0.3172222669790562,0.591680606635823,0.10799133638534096,54.44030530200007,68.77720737799928,1.2633508757246532,,,143.42257501902915
mlp,42,NF-UNSW-NB15,scrub_r@lr=0.001,scrub_r,0.13238130402277276,0.23972114632354252,0.1535616351635023,False,False,,,,0.7624766540635614,0.7330528928057753,0.7635205834285116,0.8291335468338991,0.7986982902805693,0.8231769857295514,0.9937733499377335,0.1316272732658018,0.0552395086157144,0.9998552874702499,0.36292036448253917,0.26182185224831406,0.4858873133407028,0.5143636023178305,0.5144855566927022,0.00012195437487172445,0.5896482699456678,0.1548875956373484,0.25465884557560464,0.8216789569391617,0.07638776465008738,54.52086545899988,68.77720737799928,1.2614841455464474,,,283.49723082610706
mlp,42,NF-ToN-IoT,rollback_repair,rollback_repair,0.0856464302797391,2.497442416716001,0.17822581474774482,False,False,,,,0.8683515734604783,0.0,0.8758548090021264,0.9168649034028912,0.8840402751228856,0.8838824924340091,0.6761485917469823,0.0,0.16889248617293942,0.7366612177632731,0.5635532650504465,0.6755119334851238,0.7812625208364316,0.5540699327670975,0.509675548174597,0.04439438459250045,0.8950263580105432,0.07406158943601475,0.21659680516762037,0.3108058896181976,0.16889248617293942,2.175591913999824,87.41104161499993,40.178050420446176,,,36.61323426240677
mlp,42,NF-ToN-IoT,ssd_canonical,ssd_canonical,0.0856464302797391,0.0856464302797391,0.17822581474774482,True,True,no_parameters_selected,True,9.21701388888889,0.8683515734604783,0.8683515734604783,0.8758548090021264,0.9168649034028912,0.9168649034028912,0.8838824924340091,0.6761485917469823,0.6761485917469823,0.16889248617293942,0.7366612177632731,0.7366612177632731,0.6755119334851238,0.7812625208364316,0.7812625208364316,0.509675548174597,0.2715869726618345,0.568416227366491,0.09963008833194616,0.7574255437496974,0.8747405066078718,0.5072561055740429,1.2090616190000674,87.41104161499993,72.29659782542072,0.0,0.9791009644861419,0.0
mlp,42,NF-ToN-IoT,ssd_canonical@alpha=1,ssd_canonical,0.0856464302797391,0.6475503693347723,0.17822581474774482,False,False,weights_changed,False,9.21701388888889,0.8683515734604783,0.38755250414103126,0.8758548090021264,0.9168649034028912,0.45867743968828684,0.8838824924340091,0.6761485917469823,0.7348125986869443,0.16889248617293942,0.7366612177632731,0.6546665117136923,0.6755119334851238,0.7812625208364316,0.4308197570058767,0.509675548174597,0.07885579116872032,0.37497134998854,0.11408942696687126,0.23281506065769297,0.4522881801745478,0.5659201125140049,1.2394911579999643,87.41104161499993,70.52171453650857,0.981169824643992,0.9791009644861419,16.21974943111657
mlp,42,NF-ToN-IoT,ssd_canonical@alpha=2,ssd_canonical,0.0856464302797391,0.5566344812950886,0.17822581474774482,False,False,weights_changed,False,9.21701388888889,0.8683515734604783,0.2825793445029193,0.8758548090021264,0.9168649034028912,0.44389343106622975,0.8838824924340091,0.6761485917469823,0.22960873298172452,0.16889248617293942,0.7366612177632731,0.5009257473494513,0.6755119334851238,0.7812625208364316,0.46523142169880294,0.509675548174597,0.0444441264757941,0.7834059133623653,0.05190379628729298,0.1219350517182957,0.3693382833267255,0.060716246808785096,1.238933422999935,87.41104161499993,70.55346154383675,0.925797340237731,0.9791009644861419,16.131291087996484
mlp,42,NF-ToN-IoT,ssd_canonical@alpha=3,ssd_canonical,0.0856464302797391,0.8994618393927533,0.17822581474774482,False,False,weights_changed,False,9.21701388888889,0.8683515734604783,0.030913332852046,0.8758548090021264,0.9168649034028912,0.3175399430644494,0.8838824924340091,0.6761485917469823,0.5769549027720314,0.16889248617293942,0.7366612177632731,0.7081139978813427,0.6755119334851238,0.7812625208364316,0.40321249301774986,0.509675548174597,0.10646305515684718,0.593972037588815,0.10353658582514084,0.3548059912690569,0.4191146552662304,0.40806241659909204,1.2366051840001546,87.41104161499993,70.68629724828082,0.8410615511356949,0.9791009644861419,15.838060917722961
mlp,42,NF-ToN-IoT,ssd_canonical@alpha=5,ssd_canonical,0.0856464302797391,0.3423887515834179,0.17822581474774482,False,False,weights_changed,False,9.21701388888889,0.8683515734604783,0.3772651318136009,0.8758548090021264,0.9168649034028912,0.6011026016604514,0.8838824924340091,0.6761485917469823,0.009843400447427294,0.16889248617293942,0.7366612177632731,0.4393593536941818,0.6755119334851238,0.7812625208364316,0.5076846054919032,0.509675548174597,0.0019909426826938414,0.9041943616777447,0.04616207880645263,0.4218329028203998,0.4845267072759903,0.15904908572551213,1.2377504250000584,87.41104161499993,70.62089404250926,0.5467223726020949,0.9791009644861419,13.370103611687778
mlp,42,NF-ToN-IoT,dc_ssd_no_contrast,dc_ssd_no_contrast,0.0856464302797391,0.32999960032237186,0.17822581474774482,False,False,weights_changed,False,,0.8683515734604783,0.6869205524727886,0.8758548090021264,0.9168649034028912,0.8645954999842683,0.8838824924340091,0.6761485917469823,0.5570937857812012,0.16889248617293942,0.7366612177632731,0.6417913972511591,0.6755119334851238,0.7812625208364316,0.6106209775397043,0.509675548174597,0.10094542936510731,0.6009626403850562,0.1063516371340679,0.6051501519445354,0.604735493936358,0.3882012996082618,0.02665886199997658,87.41104161499993,3278.8737049269666,0.5081205131222785,0.9756814706855058,9.773594634732625
mlp,42,NF-ToN-IoT,dc_ssd_no_class_balance,dc_ssd_no_class_balance,0.0856464302797391,0.6722792642421762,0.17822581474774482,False,False,weights_changed,False,,0.8683515734604783,0.3612173995753218,0.8758548090021264,0.9168649034028912,0.40387296819512275,0.8838824924340091,0.6761485917469823,0.8823282496152232,0.16889248617293942,0.7366612177632731,0.7409025720743667,0.6755119334851238,0.7812625208364316,0.35470317090946,0.509675548174597,0.15497237726513702,0.17086866834746733,0.11550298297679079,0.2532360326452269,0.3757303244832512,0.7134357634422838,0.02604132699980255,87.41104161499993,3356.627779208897,0.9368012239613981,0.6117093178449202,18.757533295440496
mlp,42,NF-ToN-IoT,dc_ssd,dc_ssd,0.0856464302797391,0.32253831604372296,0.17822581474774482,False,False,weights_changed,False,,0.8683515734604783,0.6283528876163637,0.8758548090021264,0.9168649034028912,0.8294780616925458,0.8838824924340091,0.6761485917469823,0.5493427915710412,0.16889248617293942,0.7366612177632731,0.6334430295433314,0.6755119334851238,0.7812625208364316,0.4786270848842513,0.509675548174597,0.031048463290345718,0.5983268393307357,0.12520710957197756,0.4742709358319217,0.6609150049869219,0.38045030539810176,0.025861690000056115,87.41104161499993,3379.9431365394244,0.6015652583264681,0.34053591448772125,13.603055899871231
mlp,42,NF-ToN-IoT,scrub_r,scrub_r,0.0856464302797391,0.2348651405760909,0.17822581474774482,False,False,,,,0.8683515734604783,0.8481588094029026,0.8758548090021264,0.9168649034028912,0.8026051075289834,0.8838824924340091,0.6761485917469823,0.18360398114195914,0.16889248617293942,0.7366612177632731,0.48128414584555124,0.6755119334851238,0.7812625208364316,0.6194213771978426,0.509675548174597,0.10974582902324559,0.87497134998854,0.03249900175871129,0.6629124111559886,0.8086670642866238,0.014711494969019717,45.05533120900009,87.41104161499993,1.9400821005958786,,,51.48968124580006
mlp,42,NF-ToN-IoT,scrub_r@lr=0.001,scrub_r,0.0856464302797391,0.24151246211504632,0.17822581474774482,False,False,,,,0.8683515734604783,0.8576969474984998,0.8758548090021264,0.9168649034028912,0.7737468543629218,0.8838824924340091,0.6761485917469823,0.11063946323428728,0.16889248617293942,0.7366612177632731,0.5530051382378711,0.6755119334851238,0.7812625208364316,0.5940287072195507,0.509675548174597,0.08435315904495366,0.9126747650699061,0.021944311937359833,0.5776554129238946,0.7176643746780865,0.058253022938652144,44.899870269000075,87.41104161499993,1.9467994248382174,,,105.0828511518012
mlp,42,NF-BoT-IoT,rollback_repair,rollback_repair,0.14506176319089684,1.9173256883574432,0.2045060954323878,False,False,,,,0.7625613103425074,0.0,0.673987862982941,0.8323847313099882,0.7231472951216067,0.8290574041321054,0.9935193811008951,0.0,0.02535166494476675,0.9901017340419822,0.3545782555788193,0.3459717972119325,0.8387461972292334,0.17867280023878962,0.40035334235572184,0.22168054211693222,0.9867320681891283,0.05522441183451489,0.9352684679762494,0.44489533835232326,0.02535166494476675,1.7087770279999859,69.46708877799983,40.653103149043744,,,19.905199872079205
mlp,42,NF-BoT-IoT,ssd_canonical,ssd_canonical,0.14506176319089684,0.14506176319089684,0.2045060954323878,True,True,no_parameters_selected,True,3.3901660280970627,0.7625613103425074,0.7625613103425074,0.673987862982941,0.8323847313099882,0.8323847313099882,0.8290574041321054,0.9935193811008951,0.9935193811008951,0.02535166494476675,0.9901017340419822,0.9901017340419822,0.3459717972119325,0.8387461972292334,0.8387461972292334,0.40035334235572184,0.43839285487351154,0.02621421678996462,0.49394408262985434,0.9099616197033975,0.9105341666834917,0.9681677161561284,3.269098326999938,69.46708877799983,21.249617426389865,0.0,0.7732153944831002,0.0
mlp,42,NF-BoT-IoT,ssd_canonical@alpha=1,ssd_canonical,0.14506176319089684,0.14825650116814912,0.2045060954323878,False,False,weights_changed,False,3.3901660280970627,0.7625613103425074,0.7626686166879594,0.673987862982941,0.8323847313099882,0.8311723818639795,0.8290574041321054,0.9935193811008951,0.9934582278481012,0.02535166494476675,0.9901017340419822,0.9898087006316993,0.3459717972119325,0.8387461972292334,0.8332102924886907,0.40035334235572184,0.4328569501329689,0.026334834351881633,0.49390688710189223,0.9108964493609589,0.908100253572739,0.9681065629033345,3.1719581249999464,69.46708877799983,21.90038015650065,0.022537366129222077,0.7732153944831002,0.5554164539963474
mlp,42,NF-BoT-IoT,ssd_canonical@alpha=2,ssd_canonical,0.14506176319089684,0.14533923201284982,0.2045060954323878,False,False,weights_changed,False,3.3901660280970627,0.7625613103425074,0.7624374006262725,0.673987862982941,0.8323847313099882,0.8322228558025966,0.8290574041321054,0.9935193811008951,0.9935193811008951,0.02535166494476675,0.9901017340419822,0.989819885113008,0.3459717972119325,0.8387461972292334,0.8419055539158273,0.40035334235572184,0.4415522115601055,0.02621421678996462,0.49395238058293145,0.9103755256372813,0.9102185649786406,0.9681677161561284,3.1948640639998303,69.46708877799983,21.743362905722528,0.0006472872778627751,0.7732153944831002,0.19531579730111615
mlp,42,NF-BoT-IoT,ssd_canonical@alpha=3,ssd_canonical,0.14506176319089684,0.14506176319089684,0.2045060954323878,True,True,no_parameters_selected,False,3.3901660280970627,0.7625613103425074,0.7625613103425074,0.673987862982941,0.8323847313099882,0.8323847313099882,0.8290574041321054,0.9935193811008951,0.9935193811008951,0.02535166494476675,0.9901017340419822,0.9901017340419822,0.3459717972119325,0.8387461972292334,0.8387461972292334,0.40035334235572184,0.43839285487351154,0.02621421678996462,0.49394408262985434,0.9099616197033975,0.9105341666834917,0.9681677161561284,3.240482576999966,69.46708877799983,21.4372665574744,0.0,0.7732153944831002,0.0
mlp,42,NF-BoT-IoT,ssd_canonical@alpha=5,ssd_canonical,0.14506176319089684,0.14506176319089684,0.2045060954323878,True,True,no_parameters_selected,True,3.3901660280970627,0.7625613103425074,0.7625613103425074,0.673987862982941,0.8323847313099882,0.8323847313099882,0.8290574041321054,0.9935193811008951,0.9935193811008951,0.02535166494476675,0.9901017340419822,0.9901017340419822,0.3459717972119325,0.8387461972292334,0.8387461972292334,0.40035334235572184,0.43839285487351154,0.02621421678996462,0.49394408262985434,0.9099616197033975,0.9105341666834917,0.9681677161561284,3.311265137999726,69.46708877799983,20.97901734923094,0.0,0.7732153944831002,0.0
mlp,42,NF-BoT-IoT,dc_ssd_no_contrast,dc_ssd_no_contrast,0.14506176319089684,0.23248651200890078,0.2045060954323878,False,False,weights_changed,False,,0.7625613103425074,0.5427091720919273,0.673987862982941,0.8323847313099882,0.7815761534722542,0.8290574041321054,0.9935193811008951,0.8333881192768255,0.02535166494476675,0.9901017340419822,0.6982158515416689,0.3459717972119325,0.8387461972292334,0.3328766986874355,0.40035334235572184,0.06747664366828632,0.2979253779350273,0.17501043116627485,0.9334754066888435,0.7727368455942071,0.8080364543320588,0.02637523000021247,69.46708877799983,2633.800303445325,0.2204895845592562,0.39592262570465575,6.676046556289087
mlp,42,NF-BoT-IoT,dc_ssd_no_class_balance,dc_ssd_no_class_balance,0.14506176319089684,0.1457389387127483,0.2045060954323878,False,False,weights_changed,False,,0.7625613103425074,0.7623275695453761,0.673987862982941,0.8323847313099882,0.8188094482218654,0.8290574041321054,0.9935193811008951,0.9934992608193767,0.02535166494476675,0.9901017340419822,0.9882339256634635,0.3459717972119325,0.8387461972292334,0.8230833179509526,0.40035334235572184,0.42272997559523073,0.02625442264393696,0.4939266912867987,0.9074204581501275,0.910887448997907,0.96814759587461,0.01805527099986648,69.46708877799983,3847.468629992513,0.005943274096740026,0.49422239232965437,0.7809234944181394
mlp,42,NF-BoT-IoT,dc_ssd,dc_ssd,0.14506176319089684,0.26922724255539765,0.2045060954323878,False,False,weights_changed,False,,0.7625613103425074,0.3678211182129127,0.673987862982941,0.8323847313099882,0.7734282386871048,0.8290574041321054,0.9935193811008951,0.01311947522099116,0.02535166494476675,0.9901017340419822,0.4429557899822838,0.3459717972119325,0.8387461972292334,0.3046865332233215,0.40035334235572184,0.09566680913240033,0.9892650369893856,0.015055556964162336,0.9249341392243801,0.724292918787011,0.01223218972377559,0.025021505000040634,69.46708877799983,2776.2953818280325,0.2786277509709309,0.2108866284069234,9.485239061057408
mlp,42,NF-BoT-IoT,scrub_r,scrub_r,0.14506176319089684,0.35808374718142993,0.2045060954323878,False,False,,,,0.7625613103425074,0.6958242856954158,0.673987862982941,0.8323847313099882,0.7375587726613654,0.8290574041321054,0.9935193811008951,0.5407833695460684,0.02535166494476675,0.9901017340419822,0.5074969578210841,0.3459717972119325,0.8387461972292334,0.4918480298347234,0.40035334235572184,0.09149468747900158,0.6383885493727887,0.06651909446550847,0.8985698495857545,0.7728388787935788,0.5154317046013017,56.39285176099975,69.46708877799983,1.2318420971581718,,,75.38802288752272
mlp,42,NF-BoT-IoT,scrub_r@lr=0.001,scrub_r,0.14506176319089684,0.30417637751334925,0.2045060954323878,False,False,,,,0.7625613103425074,0.748033998398463,0.673987862982941,0.8323847313099882,0.7206375175863541,0.8290574041321054,0.9935193811008951,0.085622904705021,0.02535166494476675,0.9901017340419822,0.3477982230096097,0.3459717972119325,0.8387461972292334,0.7577609009320134,0.40035334235572184,0.3574075585762916,0.951391122547443,0.024579958895785646,0.866342924535987,0.7797603030759319,0.06027123976025425,56.56368724399999,69.46708877799983,1.2281216476984282,,,295.6623757996735
mlp,42,NF-CSE-CIC-IDS2018,rollback_repair,rollback_repair,0.044722911438605954,5.796402892534641,0.05886884068769772,False,False,,,,0.8878137742618702,0.6649624946369137,0.9697218088048026,0.9088727464251685,0.23740948402350395,0.9548366761166008,0.6177619893428064,0.2476140574123283,0.2647841971639111,0.7606376886964419,0.28552768087156466,0.5121508677108537,0.7509378956175435,0.6814013154524706,0.3889496586571293,0.2924516567953413,0.548502840545043,0.26240407539977423,0.39217940529819706,0.27117382231385956,0.017170139751582797,1.6534450979997928,67.19305541399945,40.63821380902474,,,53.09426864810773
mlp,42,NF-CSE-CIC-IDS2018,ssd_canonical,ssd_canonical,0.044722911438605954,0.044722911438605954,0.05886884068769772,True,True,no_parameters_selected,True,3.19626730885009,0.8878137742618702,0.8878137742618702,0.9697218088048026,0.9088727464251685,0.9088727464251685,0.9548366761166008,0.6177619893428064,0.6177619893428064,0.2647841971639111,0.7606376886964419,0.7606376886964419,0.5121508677108537,0.7509378956175435,0.7509378956175435,0.3889496586571293,0.3619882369604142,0.5505958737345692,0.19089017729964905,0.6876208275789519,0.8170161428065444,0.35297779217889524,3.3740578239999195,67.19305541399945,19.91461288423996,0.0,0.9156234664947999,0.0
mlp,42,NF-CSE-CIC-IDS2018,ssd_canonical@alpha=1,ssd_canonical,0.044722911438605954,0.0642960991820917,0.05886884068769772,False,False,weights_changed,False,3.19626730885009,0.8878137742618702,0.8923895047913457,0.9697218088048026,0.9088727464251685,0.915022070178666,0.9548366761166008,0.6177619893428064,0.6002364465461916,0.2647841971639111,0.7606376886964419,0.6367583757433979,0.5121508677108537,0.7509378956175435,0.6551200662683806,0.3889496586571293,0.26617040761125127,0.5589252915296228,0.13837780374481753,0.6616827417515835,0.7959030194496829,0.33545224938228047,3.4418496600001163,67.19305541399945,19.522367927597738,0.43609509238554783,0.9156234664947999,4.110085682461661
mlp,42,NF-CSE-CIC-IDS2018,ssd_canonical@alpha=2,ssd_canonical,0.044722911438605954,0.04949063504936301,0.05886884068769772,False,False,weights_changed,False,3.19626730885009,0.8878137742618702,0.8919465170534494,0.9697218088048026,0.9088727464251685,0.9064777808419205,0.9548366761166008,0.6177619893428064,0.622387530995395,0.2647841971639111,0.7606376886964419,0.7493863450268602,0.5121508677108537,0.7509378956175435,0.7484150764495825,0.3889496586571293,0.35946541779245317,0.5503395839562599,0.15418385293037676,0.7072757373070633,0.8254824542064042,0.3576033338314839,3.4669466289997217,67.19305541399945,19.381046956983553,0.04625161821819466,0.9156234664947999,2.403187589367122
mlp,42,NF-CSE-CIC-IDS2018,ssd_canonical@alpha=3,ssd_canonical,0.044722911438605954,0.04475253865051082,0.05886884068769772,False,False,weights_changed,False,3.19626730885009,0.8878137742618702,0.8878069797312258,0.9697218088048026,0.9088727464251685,0.9086622650588879,0.9548366761166008,0.6177619893428064,0.6177619893428064,0.2647841971639111,0.7606376886964419,0.7579983640478861,0.5121508677108537,0.7509378956175435,0.7618895112842443,0.3889496586571293,0.372939852627115,0.5505958737345692,0.190974894257875,0.6845069839633344,0.8172890439643424,0.35297779217889524,3.4678769719998854,67.19305541399945,19.37584751608128,0.0004707543839002001,0.9156234664947999,0.22312723505946963
mlp,42,NF-CSE-CIC-IDS2018,ssd_canonical@alpha=5,ssd_canonical,0.044722911438605954,0.044722911438605954,0.05886884068769772,True,True,no_parameters_selected,True,3.19626730885009,0.8878137742618702,0.8878137742618702,0.9697218088048026,0.9088727464251685,0.9088727464251685,0.9548366761166008,0.6177619893428064,0.6177619893428064,0.2647841971639111,0.7606376886964419,0.7606376886964419,0.5121508677108537,0.7509378956175435,0.7509378956175435,0.3889496586571293,0.3619882369604142,0.5505958737345692,0.19089017729964905,0.6876208275789519,0.8170161428065444,0.35297779217889524,3.4286061729999346,67.19305541399945,19.597775895972152,0.0,0.9156234664947999,0.0
mlp,42,NF-CSE-CIC-IDS2018,dc_ssd_no_contrast,dc_ssd_no_contrast,0.044722911438605954,0.05356728966283448,0.05886884068769772,False,False,weights_changed,False,,0.8878137742618702,0.8936145119052457,0.9697218088048026,0.9088727464251685,0.9097719486071764,0.9548366761166008,0.6177619893428064,0.6095372162590181,0.2647841971639111,0.7606376886964419,0.7698095437276744,0.5121508677108537,0.7509378956175435,0.6846298374937629,0.3889496586571293,0.2956801788366336,0.550809448549827,0.14420436121371602,0.6739969477995073,0.8038550283863644,0.344753019095107,0.023692098000083206,67.19305541399945,2836.095621998671,0.06514063787219018,0.6422031633825515,2.98396027524566
mlp,42,NF-CSE-CIC-IDS2018,dc_ssd_no_class_balance,dc_ssd_no_class_balance,0.044722911438605954,0.054703629768120945,0.05886884068769772,False,False,weights_changed,False,,0.8878137742618702,0.8923769562806356,0.9697218088048026,0.9088727464251685,0.9128114486554733,0.9548366761166008,0.6177619893428064,0.6098996192454137,0.2647841971639111,0.7606376886964419,0.7856196949073817,0.5121508677108537,0.7509378956175435,0.7443246315881149,0.3889496586571293,0.3553749729309856,0.5550382298919312,0.14638985407566935,0.6294419995950751,0.802726006704522,0.3451154220815026,0.024077716000192595,67.19305541399945,2790.6739747848997,0.061256914205013537,0.637040150731356,3.3953524328644935
mlp,42,NF-CSE-CIC-IDS2018,dc_ssd,dc_ssd,0.044722911438605954,0.07381291107975749,0.05886884068769772,False,False,weights_changed,False,,0.8878137742618702,0.8562812206793131,0.9697218088048026,0.9088727464251685,0.9064492866991339,0.9548366761166008,0.6177619893428064,0.6509757187546551,0.2647841971639111,0.7606376886964419,0.84203393033736,0.5121508677108537,0.7509378956175435,0.5918759873922761,0.3889496586571293,0.20292632873514677,0.5442313442398873,0.14219370507613113,0.6822236134020117,0.7771969768802792,0.386191521590744,0.024726059999920835,67.19305541399945,2717.4994889689087,0.10433094033188184,0.6010450792380706,4.572971601886522
mlp,42,NF-CSE-CIC-IDS2018,scrub_r,scrub_r,0.044722911438605954,0.09928923433141737,0.05886884068769772,False,False,,,,0.8878137742618702,0.8447537908147855,0.9697218088048026,0.9088727464251685,0.8261423622115861,0.9548366761166008,0.6177619893428064,0.34360864466409785,0.2647841971639111,0.7606376886964419,0.6339132488241782,0.5121508677108537,0.7509378956175435,0.38263323624173573,0.3889496586571293,0.006316422415393597,0.6333774721284866,0.08554185185206697,0.31042211688032767,0.538964515292572,0.07882444750018675,56.9996183369999,67.19305541399945,1.1788334268614344,,,79.42153892292018
mlp,42,NF-CSE-CIC-IDS2018,scrub_r@lr=0.001,scrub_r,0.044722911438605954,0.08754889158824951,0.05886884068769772,False,False,,,,0.8878137742618702,0.933040239858573,0.9697218088048026,0.9088727464251685,0.8528183689406569,0.9548366761166008,0.6177619893428064,0.36318063958513397,0.2647841971639111,0.7606376886964419,0.648538097119063,0.5121508677108537,0.7509378956175435,0.37925952738968693,0.3889496586571293,0.009690131267442392,0.7698090641151596,0.046130237529761926,0.4383793212254837,0.5689665956697234,0.09839644242122286,56.69218902299963,67.19305541399945,1.1852259821320303,,,159.63840778407393
numerical_feature_transformer,42,NF-UNSW-NB15,rollback_repair,rollback_repair,0.10246760115532119,0.6023443871408498,0.15044905870426503,False,False,,,,0.8287863325159722,0.345284504565519,0.7873348089196982,0.8865043149961841,0.6591094814171665,0.8576989110753974,0.9956386292834891,0.17986425339366516,0.09569762766385204,0.9998432227306644,0.9486529509130466,0.4286210272903766,0.48114321277915195,0.4919146770758957,0.5227425321725169,0.03082785509662117,0.35754456200552853,0.08034561143043026,0.31954518042754476,0.36588076778632866,0.08416662572981312,3.989641431000109,162.4466475399986,40.717104619418656,,,15.203642862116098
numerical_feature_transformer,42,NF-UNSW-NB15,ssd_canonical,ssd_canonical,0.10246760115532119,0.10246760115532119,0.15044905870426503,True,True,no_parameters_selected,True,3.5252324037184595,0.8287863325159722,0.8287863325159722,0.7873348089196982,0.8865043149961841,0.8865043149961841,0.8576989110753974,0.9956386292834891,0.9956386292834891,0.09569762766385204,0.9998432227306644,0.9998432227306644,0.4286210272903766,0.48114321277915195,0.48114321277915195,0.5227425321725169,0.04159931939336492,0.3570679630159184,0.3102497284761297,0.08482887469319775,0.6058060495710519,0.8999410016196371,10.531682305999766,162.4466475399986,15.424567777500732,0.0,0.5809607830206515,0.0
numerical_feature_transformer,42,NF-UNSW-NB15,ssd_canonical@alpha=1,ssd_canonical,0.10246760115532119,0.10332485516985673,0.15044905870426503,False,False,weights_changed,False,3.5252324037184595,0.8287863325159722,0.8278250935519172,0.7873348089196982,0.8865043149961841,0.8848260877025061,0.8576989110753974,0.9956386292834891,0.9962640099626401,0.09569762766385204,0.9998432227306644,0.9998188036977429,0.4286210272903766,0.48114321277915195,0.48099300426067587,0.5227425321725169,0.041749527911841,0.3569726432179964,0.31041264565691534,0.0870099480935382,0.6085907621125207,0.900566382298788,10.4877853400003,162.4466475399986,15.489127806652261,0.009122006841505131,0.5809607830206515,0.24005435483227283
numerical_feature_transformer,42,NF-UNSW-NB15,ssd_canonical@alpha=2,ssd_canonical,0.10246760115532119,0.1024785711148058,0.15044905870426503,False,False,weights_changed,False,3.5252324037184595,0.8287863325159722,0.827986294540584,0.7873348089196982,0.8865043149961841,0.8857522486753812,0.8576989110753974,0.9956386292834891,0.9956386292834891,0.09569762766385204,0.9998432227306644,0.9998461504408036,0.4286210272903766,0.48114321277915195,0.4809951282415067,0.5227425321725169,0.041747403931010174,0.3570679630159184,0.31020171841825633,0.08716599443348343,0.6080501750333097,0.8999410016196371,10.461690464000185,162.4466475399986,15.527762754881268,0.0015963511972633979,0.5809607830206515,0.05466289477636485
numerical_feature_transformer,42,NF-UNSW-NB15,ssd_canonical@alpha=3,ssd_canonical,0.10246760115532119,0.10246760115532119,0.15044905870426503,True,True,no_parameters_selected,False,3.5252324037184595,0.8287863325159722,0.8287863325159722,0.7873348089196982,0.8865043149961841,0.8865043149961841,0.8576989110753974,0.9956386292834891,0.9956386292834891,0.09569762766385204,0.9998432227306644,0.9998432227306644,0.4286210272903766,0.48114321277915195,0.48114321277915195,0.5227425321725169,0.04159931939336492,0.3570679630159184,0.3102497284761297,0.08482887469319775,0.6058060495710519,0.8999410016196371,10.538609291000284,162.4466475399986,15.414429271870253,0.0,0.5809607830206515,0.0
numerical_feature_transformer,42,NF-UNSW-NB15,ssd_canonical@alpha=5,ssd_canonical,0.10246760115532119,0.10246760115532119,0.15044905870426503,True,True,no_parameters_selected,True,3.5252324037184595,0.8287863325159722,0.8287863325159722,0.7873348089196982,0.8865043149961841,0.8865043149961841,0.8576989110753974,0.9956386292834891,0.9956386292834891,0.09569762766385204,0.9998432227306644,0.9998432227306644,0.4286210272903766,0.48114321277915195,0.48114321277915195,0.5227425321725169,0.04159931939336492,0.3570679630159184,0.3102497284761297,0.08482887469319775,0.6058060495710519,0.8999410016196371,10.5451701650004,162.4466475399986,15.40483889763693,0.0,0.5809607830206515,0.0
numerical_feature_transformer,42,NF-UNSW-NB15,dc_ssd_no_contrast,dc_ssd_no_contrast,0.10246760115532119,0.10425715645071099,0.15044905870426503,False,False,weights_changed,False,,0.8287863325159722,0.8321517967094213,0.7873348089196982,0.8865043149961841,0.8815903309099357,0.8576989110753974,0.9956386292834891,0.9965764083411143,0.09569762766385204,0.9998432227306644,0.9998645210176129,0.4286210272903766,0.48114321277915195,0.47947921490182577,0.5227425321725169,0.043263317270691104,0.3569249833190354,0.31020950580187756,0.08822256249777304,0.6163776517226823,0.9008787806772622,0.03649427700020169,162.4466475399986,4451.291021304541,0.00604332953249715,0.24520549043075662,0.41575031596227396
numerical_feature_transformer,42,NF-UNSW-NB15,dc_ssd_no_class_balance,dc_ssd_no_class_balance,0.10246760115532119,0.10554407224698908,0.15044905870426503,False,False,weights_changed,False,,0.8287863325159722,0.8228695871130051,0.7873348089196982,0.8865043149961841,0.8860818773185053,0.8576989110753974,0.9956386292834891,0.9962640099626401,0.09569762766385204,0.9998432227306644,0.9998831168028942,0.4286210272903766,0.48114321277915195,0.4791841041036973,0.5227425321725169,0.0435584280688196,0.3569726432179964,0.3102159237695491,0.08386753997473811,0.599312658744058,0.900566382298788,0.03666099500014752,162.4466475399986,4431.048517350522,0.0031927023945267957,0.3763898461988706,0.2862909225193165
numerical_feature_transformer,42,NF-UNSW-NB15,dc_ssd,dc_ssd,0.10246760115532119,0.10521440915749451,0.15044905870426503,False,False,weights_changed,False,,0.8287863325159722,0.8340968123271546,0.7873348089196982,0.8865043149961841,0.8846934613895933,0.8576989110753974,0.9956386292834891,0.9965764083411143,0.09569762766385204,0.9998432227306644,0.9998636201837238,0.4286210272903766,0.48114321277915195,0.48121557294427475,0.5227425321725169,0.04152695922824212,0.3569249833190354,0.3099447234253291,0.10499714955324735,0.6109558876109807,0.9008787806772622,0.03611887199986086,162.4466475399986,4497.555946393464,0.007297605473204105,0.22769104138752855,0.5652265826296471
numerical_feature_transformer,42,NF-UNSW-NB15,scrub_r,scrub_r,0.10246760115532119,0.2665190230225197,0.15044905870426503,False,False,,,,0.8287863325159722,0.7190294452463982,0.7873348089196982,0.8865043149961841,0.826496305712686,0.8576989110753974,0.9956386292834891,0.2198539569765147,0.09569762766385204,0.9998432227306644,0.5489616087760781,0.4286210272903766,0.48114321277915195,0.510392604785926,0.5227425321725169,0.012349927386590909,0.49685444666857304,0.18614317525137575,0.007381605680979928,0.5885961811793708,0.12415632931266266,122.5660987440001,162.4466475399986,1.3253799313568406,,,142.83775981321398
numerical_feature_transformer,42,NF-UNSW-NB15,scrub_r@lr=0.001,scrub_r,0.10246760115532119,0.20106843270282712,0.15044905870426503,False,False,,,,0.8287863325159722,0.7854858223527398,0.7873348089196982,0.8865043149961841,0.8414924308375413,0.8576989110753974,0.9956386292834891,0.19411864694883563,0.09569762766385204,0.9998432227306644,0.4944647135644221,0.4286210272903766,0.48114321277915195,0.5125312381138765,0.5227425321725169,0.010211294058640408,0.5330759698789439,0.14788533985042157,0.13533869464228257,0.5120808436094123,0.09842101928498359,123.44338101600033,162.4466475399986,1.3159607765356232,,,275.9634938038923
numerical_feature_transformer,42,NF-ToN-IoT,rollback_repair,rollback_repair,0.060196826295014806,0.7581758733479241,0.04375034717758198,False,False,,,,0.9434521220645351,0.0,0.9759894294445987,0.9841666859737873,0.5585647723083473,0.9831447632547229,0.6516412606378005,0.0,0.8947368421052632,0.7068561097978547,0.6050413715465046,0.7553751729842113,0.7851108090248415,0.46371125064608637,0.5155133540967008,0.05180210345061448,0.12457024982809993,0.27332642627466347,0.13308064755959859,0.312095492575425,0.8947368421052632,5.126864683999884,203.25345530400136,39.644786400999145,,,37.662853756071556
numerical_feature_transformer,42,NF-ToN-IoT,ssd_canonical,ssd_canonical,0.060196826295014806,0.060196826295014806,0.04375034717758198,True,True,no_parameters_selected,True,9.21701388888889,0.9434521220645351,0.9434521220645351,0.9759894294445987,0.9841666859737873,0.9841666859737873,0.9831447632547229,0.6516412606378005,0.6516412606378005,0.8947368421052632,0.7068561097978547,0.7068561097978547,0.7553751729842113,0.7851108090248415,0.7851108090248415,0.5155133540967008,0.2695974549281407,0.5948888379555352,0.17037544148577366,0.3857068266429999,0.7826776611004996,0.24309558146746268,4.0797423439998965,203.25345530400136,49.8201695513756,0.0,0.9203418413521893,0.0
numerical_feature_transformer,42,NF-ToN-IoT,ssd_canonical@alpha=1,ssd_canonical,0.060196826295014806,0.7070124407250773,0.04375034717758198,False,False,weights_changed,False,9.21701388888889,0.9434521220645351,0.0,0.9759894294445987,0.9841666859737873,0.3558711651306761,0.9831447632547229,0.6516412606378005,0.0,0.8947368421052632,0.7068561097978547,0.7604130090617799,0.7553751729842113,0.7851108090248415,0.36142772193757977,0.5155133540967008,0.15408563215912108,0.12457024982809993,0.20626044524117598,0.32049648176572765,0.37164404450150895,0.8947368421052632,4.084863832999872,203.25345530400136,49.75770640431229,0.9798175598631699,0.9203418413521893,12.937055636106615
numerical_feature_transformer,42,NF-ToN-IoT,ssd_canonical@alpha=2,ssd_canonical,0.060196826295014806,0.7094497433356358,0.04375034717758198,False,False,weights_changed,False,9.21701388888889,0.9434521220645351,0.0,0.9759894294445987,0.9841666859737873,0.43847563490990904,0.9831447632547229,0.6516412606378005,0.0,0.8947368421052632,0.7068561097978547,0.6622944240475968,0.7553751729842113,0.7851108090248415,0.40705847633473596,0.5155133540967008,0.10845487776196489,0.12457024982809993,0.2232447888204888,0.4234093167299555,0.229632702845612,0.8947368421052632,4.086308853000446,203.25345530400136,49.74011084716684,0.9242873432155074,0.9203418413521893,12.878048515521003
numerical_feature_transformer,42,NF-ToN-IoT,ssd_canonical@alpha=3,ssd_canonical,0.060196826295014806,0.7621450659849803,0.04375034717758198,False,False,weights_changed,False,9.21701388888889,0.9434521220645351,0.0,0.9759894294445987,0.9841666859737873,0.45587947680985147,0.9831447632547229,0.6516412606378005,0.0,0.8947368421052632,0.7068561097978547,0.6788545398286803,0.7553751729842113,0.7851108090248415,0.45647964103787975,0.5155133540967008,0.0590337130588211,0.12457024982809993,0.26311343084144473,0.4769531623081107,0.3278496659684373,0.8947368421052632,4.057304537999698,203.25345530400136,50.09568628639541,0.8188141391106043,0.9203418413521893,12.521802377717943
numerical_feature_transformer,42,NF-ToN-IoT,ssd_canonical@alpha=5,ssd_canonical,0.060196826295014806,0.3796962280817588,0.04375034717758198,False,False,weights_changed,False,9.21701388888889,0.9434521220645351,0.7504097811493208,0.9759894294445987,0.9841666859737873,0.9127907575135173,0.9831447632547229,0.6516412606378005,0.2502081103579498,0.8947368421052632,0.7068561097978547,0.36966628418693154,0.7553751729842113,0.7851108090248415,0.6843994061915755,0.5155133540967008,0.16888605209487462,0.2361906944762778,0.21529886756675112,0.06633926812267377,0.4227145676633719,0.6445287317473134,4.101891719000378,203.25345530400136,49.55115084157653,0.4790193842645382,0.9203418413521893,10.282958825619382
numerical_feature_transformer,42,NF-ToN-IoT,dc_ssd_no_contrast,dc_ssd_no_contrast,0.060196826295014806,0.31774107628354115,0.04375034717758198,False,False,weights_changed,False,,0.9434521220645351,0.4157399857388599,0.9759894294445987,0.9841666859737873,0.6288042144389235,0.9831447632547229,0.6516412606378005,0.015050907481186366,0.8947368421052632,0.7068561097978547,0.2131297027519966,0.7553751729842113,0.7851108090248415,0.6405366654743498,0.5155133540967008,0.125023311377649,0.15459546183818473,0.33857902447814836,0.21564139113809627,0.5165135024468698,0.8796859346240768,0.059817827999722795,203.25345530400136,3397.8742141045855,0.4516533637400228,0.5681650196995729,7.397252596727565
numerical_feature_transformer,42,NF-ToN-IoT,dc_ssd_no_class_balance,dc_ssd_no_class_balance,0.060196826295014806,0.7704267604712455,0.04375034717758198,False,False,weights_changed,False,,0.9434521220645351,0.4629749055937526,0.9759894294445987,0.9841666859737873,0.42172798856218147,0.9831447632547229,0.6516412606378005,0.8535768245418117,0.8947368421052632,0.7068561097978547,0.6872137832466142,0.7553751729842113,0.7851108090248415,0.38745878876760903,0.5155133540967008,0.12805456532909182,0.8754297501719001,0.11453142944649264,0.2502772114171601,0.3095603079712644,0.041160017563451445,0.05929208700035815,203.25345530400136,3428.0030538100914,0.948460661345496,0.6633600205907003,15.185410305353747
numerical_feature_transformer,42,NF-ToN-IoT,dc_ssd,dc_ssd,0.060196826295014806,1.084686093645542,0.04375034717758198,False,False,weights_changed,False,,0.9434521220645351,0.4629749055937526,0.9759894294445987,0.9841666859737873,0.621868191039559,0.9831447632547229,0.6516412606378005,0.8535768245418117,0.8947368421052632,0.7068561097978547,0.30091470591423874,0.7553751729842113,0.7851108090248415,0.6240508066682255,0.5155133540967008,0.1085374525715247,0.8754297501719001,0.06822406060111069,0.3243193212091711,0.34945409264638433,0.041160017563451445,0.059919688000263704,203.25345530400136,3392.098024661057,0.5507411630558723,0.33324108695357924,10.374646234288015
numerical_feature_transformer,42,NF-ToN-IoT,scrub_r,scrub_r,0.060196826295014806,0.09208222500883222,0.04375034717758198,False,False,,,,0.9434521220645351,0.9701704237465284,0.9759894294445987,0.9841666859737873,0.9794612226394589,0.9831447632547229,0.6516412606378005,0.6587471156311426,0.8947368421052632,0.7068561097978547,0.6271398822785517,0.7553751729842113,0.7851108090248415,0.5459947730506711,0.5155133540967008,0.030481418953970274,0.6205592482236993,0.11418932753595111,0.5434097240748912,0.6987708950111005,0.23598972647412053,99.86981325400029,203.25345530400136,2.0351840929857756,,,16.15134175846776
numerical_feature_transformer,42,NF-ToN-IoT,scrub_r@lr=0.001,scrub_r,0.060196826295014806,0.616637271137712,0.04375034717758198,False,False,,,,0.9434521220645351,0.7655437184802146,0.9759894294445987,0.9841666859737873,0.9383813020477954,0.9831447632547229,0.6516412606378005,0.8606752258678079,0.8947368421052632,0.7068561097978547,0.5615020715983559,0.7553751729842113,0.7851108090248415,0.5290909773595172,0.5155133540967008,0.013577623262816307,0.8857437542975017,0.05714227394377951,0.4878041508765063,0.5156863960507195,0.034061616237455294,99.82497016700017,203.25345530400136,2.03609833255119,,,88.2169120822191
numerical_feature_transformer,42,NF-BoT-IoT,rollback_repair,rollback_repair,0.110019920795357,0.5229605758856924,0.11463595848761979,False,False,,,,0.8291393000906887,0.0,0.9009122126656416,0.8893421258765207,0.3422188480125847,0.9213434193195589,0.9945797265593399,0.0,0.04160592569244711,0.9913297900896547,0.23072354646480916,0.027235330434315776,0.8773984004336084,0.1986164971507118,0.6870250756106235,0.4884085784599117,0.9780878095850756,0.05159819101559292,0.31424499577763165,0.4147795263130729,0.04160592569244711,3.9587660710003547,160.8334585989969,40.627169101294065,,,34.720079807270665
numerical_feature_transformer,42,NF-BoT-IoT,ssd_canonical,ssd_canonical,0.110019920795357,0.110019920795357,0.11463595848761979,True,True,no_parameters_selected,True,3.3901660280970627,0.8291393000906887,0.8291393000906887,0.9009122126656416,0.8893421258765207,0.8893421258765207,0.9213434193195589,0.9945797265593399,0.9945797265593399,0.04160592569244711,0.9913297900896547,0.9913297900896547,0.027235330434315776,0.8773984004336084,0.8773984004336084,0.6870250756106235,0.19037332482298486,0.0316420070762303,0.5860162156849521,0.5207977111876592,0.7474011045929269,0.9529738008668928,10.995869516999846,160.8334585989969,14.626715818184728,0.0,0.6922573876445733,0.0
numerical_feature_transformer,42,NF-BoT-IoT,ssd_canonical@alpha=1,ssd_canonical,0.110019920795357,0.11001434427216157,0.11463595848761979,False,False,weights_changed,False,3.3901660280970627,0.8291393000906887,0.829031680229285,0.9009122126656416,0.8893421258765207,0.8893519348260538,0.9213434193195589,0.9945797265593399,0.9945390558634359,0.04160592569244711,0.9913297900896547,0.9908801739410532,0.027235330434315776,0.8773984004336084,0.8783297575916815,0.6870250756106235,0.191304681981058,0.03172241878417498,0.5857660408857158,0.52262716750656,0.7470759167991964,0.9529331301709888,10.943960557000537,160.8334585989969,14.696092676989444,0.0019384264538198405,0.6922573876445733,0.038560929166255205
numerical_feature_transformer,42,NF-BoT-IoT,ssd_canonical@alpha=2,ssd_canonical,0.110019920795357,0.110019920795357,0.11463595848761979,True,True,no_parameters_selected,False,3.3901660280970627,0.8291393000906887,0.8291393000906887,0.9009122126656416,0.8893421258765207,0.8893421258765207,0.9213434193195589,0.9945797265593399,0.9945797265593399,0.04160592569244711,0.9913297900896547,0.9913297900896547,0.027235330434315776,0.8773984004336084,0.8773984004336084,0.6870250756106235,0.19037332482298486,0.0316420070762303,0.5860162156849521,0.5207977111876592,0.7474011045929269,0.9529738008668928,10.93382547300007,160.8334585989969,14.709715185792767,0.0,0.6922573876445733,0.0
numerical_feature_transformer,42,NF-BoT-IoT,ssd_canonical@alpha=3,ssd_canonical,0.110019920795357,0.110019920795357,0.11463595848761979,True,True,no_parameters_selected,False,3.3901660280970627,0.8291393000906887,0.8291393000906887,0.9009122126656416,0.8893421258765207,0.8893421258765207,0.9213434193195589,0.9945797265593399,0.9945797265593399,0.04160592569244711,0.9913297900896547,0.9913297900896547,0.027235330434315776,0.8773984004336084,0.8773984004336084,0.6870250756106235,0.19037332482298486,0.0316420070762303,0.5860162156849521,0.5207977111876592,0.7474011045929269,0.9529738008668928,11.060881649999828,160.8334585989969,14.540744914217521,0.0,0.6922573876445733,0.0
numerical_feature_transformer,42,NF-BoT-IoT,ssd_canonical@alpha=5,ssd_canonical,0.110019920795357,0.110019920795357,0.11463595848761979,True,True,no_parameters_selected,True,3.3901660280970627,0.8291393000906887,0.8291393000906887,0.9009122126656416,0.8893421258765207,0.8893421258765207,0.9213434193195589,0.9945797265593399,0.9945797265593399,0.04160592569244711,0.9913297900896547,0.9913297900896547,0.027235330434315776,0.8773984004336084,0.8773984004336084,0.6870250756106235,0.19037332482298486,0.0316420070762303,0.5860162156849521,0.5207977111876592,0.7474011045929269,0.9529738008668928,10.96477578699978,160.8334585989969,14.668194017217083,0.0,0.6922573876445733,0.0
numerical_feature_transformer,42,NF-BoT-IoT,dc_ssd_no_contrast,dc_ssd_no_contrast,0.110019920795357,1.7417415679354908,0.11463595848761979,False,False,weights_changed,False,,0.8291393000906887,0.4628334102588842,0.9009122126656416,0.8893421258765207,0.5773236646629835,0.9213434193195589,0.9945797265593399,0.9992757704997184,0.04160592569244711,0.9913297900896547,0.4637723465936544,0.027235330434315776,0.8773984004336084,0.19850647573081268,0.6870250756106235,0.48851859987981083,0.021912190414924412,0.5645381227857226,0.6751814441828315,0.41463268446421936,0.9576698448072712,0.05740445900028135,160.8334585989969,2801.7589817928365,0.3458380843785633,0.9443206356481229,6.130469262446238
numerical_feature_transformer,42,NF-BoT-IoT,dc_ssd_no_class_balance,dc_ssd_no_class_balance,0.110019920795357,0.10982563354180849,0.11463595848761979,False,False,weights_changed,False,,0.8291393000906887,0.8269208603718005,0.9009122126656416,0.8893421258765207,0.8869052422375159,0.9213434193195589,0.9945797265593399,0.9936254173833856,0.04160592569244711,0.9913297900896547,0.953757762030028,0.027235330434315776,0.8773984004336084,0.8237431287619652,0.6870250756106235,0.13671805315134167,0.0335316822129302,0.5395013257683623,0.5912432706940824,0.7447093969996003,0.9520194916909385,0.03759428299963474,160.8334585989969,4278.136082567648,0.0017103762827822121,0.5037396414793391,0.24115755068565217
numerical_feature_transformer,42,NF-BoT-IoT,dc_ssd,dc_ssd,0.110019920795357,1.784203305171851,0.11463595848761979,False,False,weights_changed,False,,0.8291393000906887,0.638652864980096,0.9009122126656416,0.8893421258765207,0.5857684417920135,0.9213434193195589,0.9945797265593399,0.9988125188688739,0.04160592569244711,0.9913297900896547,0.5484668313022315,0.027235330434315776,0.8773984004336084,0.15490202786906154,0.6870250756106235,0.5321230477415619,0.022676101640398842,0.5525116616218579,0.8774503245666776,0.49782509080549414,0.9572065931764268,0.058141891000559554,160.8334585989969,2766.2233861201566,0.4251995438996579,0.2908190534521783,8.709308510878753
numerical_feature_transformer,42,NF-BoT-IoT,scrub_r,scrub_r,0.110019920795357,0.1722478405208735,0.11463595848761979,False,False,,,,0.8291393000906887,0.8463759972523165,0.9009122126656416,0.8893421258765207,0.8956395039076295,0.9213434193195589,0.9945797265593399,0.02031467835092611,0.04160592569244711,0.9913297900896547,0.0886817522950556,0.027235330434315776,0.8773984004336084,0.8788231835301246,0.6870250756106235,0.19179810791950103,0.9799774847217755,0.025234705549220755,0.3391742769681924,0.6896094553392089,0.021291247341520998,125.29527262900046,160.8334585989969,1.2836354893869386,,,146.32290776749622
numerical_feature_transformer,42,NF-BoT-IoT,scrub_r@lr=0.001,scrub_r,0.110019920795357,0.18415184056458506,0.11463595848761979,False,False,,,,0.8291393000906887,0.7627794636219815,0.9009122126656416,0.8893421258765207,0.8524094844597565,0.9213434193195589,0.9945797265593399,0.01676111421502115,0.04160592569244711,0.9913297900896547,0.06419444891823699,0.027235330434315776,0.8773984004336084,0.8266130828975831,0.6870250756106235,0.13958800728695953,0.9790527500804117,0.014729482333211093,0.5170786256918041,0.520353345996501,0.024844811477425958,125.51990593399933,160.8334585989969,1.281338265848973,,,290.0411324730285
numerical_feature_transformer,42,NF-CSE-CIC-IDS2018,rollback_repair,rollback_repair,0.04578238984309708,0.7488781940864935,0.06612755636323299,False,False,,,,0.8806198721602098,0.6649624946369137,0.9734773462544761,0.8993430408727247,0.5565975439881311,0.9506777317348286,0.8401380103507763,0.2476140574123283,0.2904268210583008,0.9613270451010428,0.8988805445185831,0.7521114657338167,0.7322283195826805,0.29557909916126485,0.3456185637969129,0.05003946463564807,0.49318696339327667,0.18893794732059005,0.4701940728222689,0.2576614525725586,0.0428127636459725,3.910846288000357,156.40159175999815,39.99175120737547,,,60.83057331711012
numerical_feature_transformer,42,NF-CSE-CIC-IDS2018,ssd_canonical,ssd_canonical,0.04578238984309708,0.04578238984309708,0.06612755636323299,True,True,no_parameters_selected,True,3.19626730885009,0.8806198721602098,0.8806198721602098,0.9734773462544761,0.8993430408727247,0.8993430408727247,0.9506777317348286,0.8401380103507763,0.8401380103507763,0.2904268210583008,0.9613270451010428,0.9613270451010428,0.7521114657338167,0.7322283195826805,0.7322283195826805,0.3456185637969129,0.3866097557857676,0.5771218657895861,0.16371922634186406,0.39714429907648624,0.6928632918352634,0.5497111892924755,11.618427752999196,156.40159175999815,13.461510893298316,0.0,0.9219446548648526,0.0
numerical_feature_transformer,42,NF-CSE-CIC-IDS2018,ssd_canonical@alpha=1,ssd_canonical,0.04578238984309708,0.18828715139621888,0.06612755636323299,False,False,weights_changed,False,3.19626730885009,0.8806198721602098,0.5585378436024077,0.9734773462544761,0.8993430408727247,0.738751388229204,0.9506777317348286,0.8401380103507763,0.3131818181818182,0.2904268210583008,0.9613270451010428,0.8676856134679075,0.7521114657338167,0.7322283195826805,0.3823953010720369,0.3456185637969129,0.03677673727512398,0.544829353722609,0.16691332371881912,0.5784350656657813,0.49903380737851116,0.022754997123517362,11.805383875999723,156.40159175999815,13.248327492167508,0.5506271379703535,0.9219446548648526,4.23392034156671
numerical_feature_transformer,42,NF-CSE-CIC-IDS2018,ssd_canonical@alpha=2,ssd_canonical,0.04578238984309708,0.09260840397764818,0.06612755636323299,False,False,weights_changed,False,3.19626730885009,0.8806198721602098,0.7004229024747927,0.9734773462544761,0.8993430408727247,0.8028293350889193,0.9506777317348286,0.8401380103507763,0.7213668794592565,0.2904268210583008,0.9613270451010428,0.916345579936844,0.7521114657338167,0.7322283195826805,0.3794827168915801,0.3456185637969129,0.03386415309466717,0.5921575327837342,0.13035174797350288,0.5453609546555652,0.5773431476795258,0.4309400584009557,11.734280163000221,156.40159175999815,13.328605554617113,0.10182440136830102,0.9219446548648526,2.8672887670521807
numerical_feature_transformer,42,NF-CSE-CIC-IDS2018,ssd_canonical@alpha=3,ssd_canonical,0.04578238984309708,0.04574592657900033,0.06612755636323299,False,False,weights_changed,False,3.19626730885009,0.8806198721602098,0.8774359130702448,0.9734773462544761,0.8993430408727247,0.8993250323367908,0.9506777317348286,0.8401380103507763,0.8409843142898259,0.2904268210583008,0.9613270451010428,0.9624858069214405,0.7521114657338167,0.7322283195826805,0.7245311798006836,0.3456185637969129,0.3789126160037707,0.5773354406048439,0.16211762755944442,0.4132964179670595,0.692990366364102,0.5505574932315251,11.719292032999874,156.40159175999815,13.345651880642048,0.0010262257696693272,0.9219446548648526,0.37202936232487266
numerical_feature_transformer,42,NF-CSE-CIC-IDS2018,ssd_canonical@alpha=5,ssd_canonical,0.04578238984309708,0.04578238984309708,0.06612755636323299,True,True,no_parameters_selected,True,3.19626730885009,0.8806198721602098,0.8806198721602098,0.9734773462544761,0.8993430408727247,0.8993430408727247,0.9506777317348286,0.8401380103507763,0.8401380103507763,0.2904268210583008,0.9613270451010428,0.9613270451010428,0.7521114657338167,0.7322283195826805,0.7322283195826805,0.3456185637969129,0.3866097557857676,0.5771218657895861,0.16371922634186406,0.39714429907648624,0.6928632918352634,0.5497111892924755,11.773197270999844,156.40159175999815,13.284546938260526,0.0,0.9219446548648526,0.0
numerical_feature_transformer,42,NF-CSE-CIC-IDS2018,dc_ssd_no_contrast,dc_ssd_no_contrast,0.04578238984309708,0.06203692064628133,0.06612755636323299,False,False,weights_changed,False,,0.8806198721602098,0.8022724875245352,0.9734773462544761,0.8993430408727247,0.8435913994374388,0.9506777317348286,0.8401380103507763,0.688575361321404,0.2904268210583008,0.9613270451010428,0.9178542477221752,0.7521114657338167,0.7322283195826805,0.39896503028883823,0.3456185637969129,0.053346466491925315,0.6072786297039853,0.12555622666647503,0.5045857386117242,0.6229811258798992,0.39814854026310315,0.051995919000546564,156.40159175999815,3007.9589853648727,0.059407069555302165,0.43931960499584516,2.5567026484578323
numerical_feature_transformer,42,NF-CSE-CIC-IDS2018,dc_ssd_no_class_balance,dc_ssd_no_class_balance,0.04578238984309708,0.05992467539004508,0.06612755636323299,False,False,weights_changed,False,,0.8806198721602098,0.7796575779272192,0.9734773462544761,0.8993430408727247,0.8405572707674386,0.9506777317348286,0.8401380103507763,0.7394285714285714,0.2904268210583008,0.9613270451010428,0.9314260247753091,0.7521114657338167,0.7322283195826805,0.27505115332296376,0.3456185637969129,0.07056741047394915,0.5871171671436505,0.13337987413496527,0.5019243664380336,0.6188470835578462,0.4490017503702706,0.05495732500003214,156.40159175999815,2845.873443802199,0.08517673888255416,0.6426667222484317,3.4999385388500555
numerical_feature_transformer,42,NF-CSE-CIC-IDS2018,dc_ssd,dc_ssd,0.04578238984309708,0.08557860792913134,0.06612755636323299,False,False,weights_changed,False,,0.8806198721602098,0.8688918501856518,0.9734773462544761,0.8993430408727247,0.8545744074807723,0.9506777317348286,0.8401380103507763,0.7357531760435572,0.2904268210583008,0.9613270451010428,0.9395135607846916,0.7521114657338167,0.7322283195826805,0.331105020978091,0.3456185637969129,0.01451354281882189,0.5905343641877749,0.13814490701436005,0.42935881291473205,0.6568537637855506,0.44532635498525636,0.05282661999990523,156.40159175999815,2960.658693671462,0.09213226909920183,0.360233430393334,3.841619509568705
numerical_feature_transformer,42,NF-CSE-CIC-IDS2018,scrub_r,scrub_r,0.04578238984309708,0.0794599169679653,0.06612755636323299,False,False,,,,0.8806198721602098,0.9634417970677728,0.9734773462544761,0.8993430408727247,0.9167928078979045,0.9506777317348286,0.8401380103507763,0.3135150402485525,0.2904268210583008,0.9613270451010428,0.7641437708257132,0.7521114657338167,0.7322283195826805,0.47922114065868526,0.3456185637969129,0.13360257686177235,0.924992524881466,0.04949754402074074,0.7252647170020754,0.5482922866259164,0.02308821919025167,127.77944374699928,156.40159175999815,1.2239964987613356,,,158.60087872093314
numerical_feature_transformer,42,NF-CSE-CIC-IDS2018,scrub_r@lr=0.001,scrub_r,0.04578238984309708,0.0675448531125334,0.06612755636323299,False,False,,,,0.8806198721602098,0.9675521771222249,0.9734773462544761,0.8993430408727247,0.9313195717141292,0.9506777317348286,0.8401380103507763,0.2037839069979485,0.2904268210583008,0.9613270451010428,0.6190071103586782,0.7521114657338167,0.7322283195826805,0.46760488017856106,0.3456185637969129,0.12198631638164814,0.6947161590705224,0.12055316096921029,0.4465493649477435,0.6708959762676728,0.08664291406035232,127.7659549989994,156.40159175999815,1.224125720824636,,,310.8439989781876
mlp,1337,NF-UNSW-NB15,rollback_repair,rollback_repair,0.1770637931738741,0.6521042719050874,0.23905335588335813,False,False,,,,0.753702657012771,0.621770726020278,0.7557484740411211,0.7839283236970808,0.4464257654831559,0.7658456336331391,0.993142144638404,0.022743031479683817,0.05748941815654811,0.999875813613865,0.07927061539051537,0.26953430941687995,0.4857323481448765,0.48561379882318984,0.5056402310962438,0.02002643227305395,0.5125345534267467,0.08509957025958026,0.33719027990780903,0.47790628010572017,0.03474638667686429,1.7583620349996636,70.09181886000079,39.8619951209389,,,10.327652888907377
mlp,1337,NF-UNSW-NB15,ssd_canonical,ssd_canonical,0.1770637931738741,0.1770637931738741,0.23905335588335813,True,True,no_parameters_selected,True,3.5252324037184595,0.753702657012771,0.753702657012771,0.7557484740411211,0.7839283236970808,0.7839283236970808,0.7658456336331391,0.993142144638404,0.993142144638404,0.05748941815654811,0.999875813613865,0.999875813613865,0.26953430941687995,0.4857323481448765,0.4857323481448765,0.5056402310962438,0.019907882951367306,0.28943856639023924,0.3463610936167336,0.28758942153183803,0.8812564991023226,0.9356527264818559,3.089242944000034,70.09181886000079,22.688995372194338,0.0,0.5104859681911551,0.0
mlp,1337,NF-UNSW-NB15,ssd_canonical@alpha=1,ssd_canonical,0.1770637931738741,0.17598237973930939,0.23905335588335813,False,False,weights_changed,False,3.5252324037184595,0.753702657012771,0.7540755407808231,0.7557484740411211,0.7839283236970808,0.7790174505635442,0.7658456336331391,0.993142144638404,0.9657380723663145,0.05748941815654811,0.999875813613865,0.9996329101902073,0.26953430941687995,0.4857323481448765,0.4870776115072113,0.5056402310962438,0.018562619589032492,0.29310837861023736,0.3421249479839816,0.2854031595843831,0.880224884883244,0.9082486542097664,3.0974258900005225,70.09181886000079,22.62905436616886,0.045663175238319406,0.5104859681911551,1.142294258180124
mlp,1337,NF-UNSW-NB15,ssd_canonical@alpha=2,ssd_canonical,0.1770637931738741,0.17575565566968046,0.23905335588335813,False,False,weights_changed,False,3.5252324037184595,0.753702657012771,0.753360594051335,0.7557484740411211,0.7839283236970808,0.7795616568862268,0.7658456336331391,0.993142144638404,0.9713375796178344,0.05748941815654811,0.999875813613865,0.9996847081388283,0.26953430941687995,0.4857323481448765,0.4845161574637994,0.5056402310962438,0.021124073632444396,0.2923934801258221,0.34397398085559444,0.27221341303324786,0.8791265550471353,0.9138481614612863,3.067939012000352,70.09181886000079,22.8465489652285,0.009356243380016477,0.5104859681911551,0.8200389212855027
mlp,1337,NF-UNSW-NB15,ssd_canonical@alpha=3,ssd_canonical,0.1770637931738741,0.1773187381016678,0.23905335588335813,False,False,weights_changed,False,3.5252324037184595,0.753702657012771,0.7537094565054668,0.7557484740411211,0.7839283236970808,0.7837613874387451,0.7658456336331391,0.993142144638404,0.993142144638404,0.05748941815654811,0.999875813613865,0.9998728537310866,0.26953430941687995,0.4857323481448765,0.4847437576054852,0.5056402310962438,0.02089647349075857,0.28943856639023924,0.34633932899283093,0.28546142213130477,0.8806522616792685,0.9356527264818559,3.139972756000134,70.09181886000079,22.32242898479397,0.0013534188537130752,0.5104859681911551,0.36929572343898937
mlp,1337,NF-UNSW-NB15,ssd_canonical@alpha=5,ssd_canonical,0.1770637931738741,0.1770637931738741,0.23905335588335813,True,True,no_parameters_selected,True,3.5252324037184595,0.753702657012771,0.753702657012771,0.7557484740411211,0.7839283236970808,0.7839283236970808,0.7658456336331391,0.993142144638404,0.993142144638404,0.05748941815654811,0.999875813613865,0.999875813613865,0.26953430941687995,0.4857323481448765,0.4857323481448765,0.5056402310962438,0.019907882951367306,0.28943856639023924,0.3463610936167336,0.28758942153183803,0.8812564991023226,0.9356527264818559,3.064672339000026,70.09181886000079,22.870901390675613,0.0,0.5104859681911551,0.0
mlp,1337,NF-UNSW-NB15,dc_ssd_no_contrast,dc_ssd_no_contrast,0.1770637931738741,0.15335707399620285,0.23905335588335813,False,False,weights_changed,False,,0.753702657012771,0.7611555598800797,0.7557484740411211,0.7839283236970808,0.7897591198112833,0.7658456336331391,0.993142144638404,0.980244590780809,0.05748941815654811,0.999875813613865,0.9994071869557193,0.26953430941687995,0.4857323481448765,0.4875769512313801,0.5056402310962438,0.01806327986486367,0.29120198265179675,0.3392220134807207,0.3281117543089262,0.8674347267359662,0.922755172624261,0.019393046000004688,70.09181886000079,3614.27590384635,0.030481346357537954,0.2521290322643692,1.5153323707056547
mlp,1337,NF-UNSW-NB15,dc_ssd_no_class_balance,dc_ssd_no_class_balance,0.1770637931738741,0.17716141084642345,0.23905335588335813,False,False,weights_changed,False,,0.753702657012771,0.7538108832544955,0.7557484740411211,0.7839283236970808,0.7782037483524352,0.7658456336331391,0.993142144638404,0.9485677083333334,0.05748941815654811,0.999875813613865,0.9992040489137359,0.26953430941687995,0.4857323481448765,0.48572641065300853,0.5056402310962438,0.019913820443235253,0.2955390334572491,0.3415658010872055,0.2862248583595296,0.8806661915089893,0.8910782901767853,0.018350080999880447,70.09181886000079,3819.700788266681,0.015181828880781453,0.2320458744429696,1.2887919431025285
mlp,1337,NF-UNSW-NB15,dc_ssd,dc_ssd,0.1770637931738741,0.16820243465160303,0.23905335588335813,False,False,weights_changed,False,,0.753702657012771,0.7596871234675927,0.7557484740411211,0.7839283236970808,0.7994452287973653,0.7658456336331391,0.993142144638404,0.9440993788819876,0.05748941815654811,0.999875813613865,0.9989060015870119,0.26953430941687995,0.4857323481448765,0.49377023425934147,0.5056402310962438,0.011869996836902319,0.29615861214374223,0.3346974257284007,0.35082489177824583,0.8596766511320734,0.8866099607254395,0.02092485899993335,70.09181886000079,3349.691334131525,0.04448628927856891,0.2191404490483957,2.3912776381091345
mlp,1337,NF-UNSW-NB15,scrub_r,scrub_r,0.1770637931738741,0.21214941280992222,0.23905335588335813,False,False,,,,0.753702657012771,0.7509725875573409,0.7557484740411211,0.7839283236970808,0.7248438376565373,0.7658456336331391,0.993142144638404,0.09802909916417295,0.05748941815654811,0.999875813613865,0.2879130419899266,0.26953430941687995,0.4857323481448765,0.5142495571722763,0.5056402310962438,0.008609326076032486,0.6235344581069489,0.20168930449089473,0.1993625291624736,0.5104655195741273,0.04053968100762484,55.48207514299975,70.09181886000079,1.263323671282046,,,141.88430618777164
mlp,1337,NF-UNSW-NB15,scrub_r@lr=0.001,scrub_r,0.1770637931738741,0.2249502048387458,0.23905335588335813,False,False,,,,0.753702657012771,0.7598265905022745,0.7557484740411211,0.7839283236970808,0.7739505608017772,0.7658456336331391,0.993142144638404,0.12743266031630282,0.05748941815654811,0.999875813613865,0.2844612878218326,0.26953430941687995,0.4857323481448765,0.5125424558517959,0.5056402310962438,0.006902224755552133,0.694595367457821,0.18530480175622624,0.22963680584764848,0.42045966532739204,0.06994324215975471,55.165180039000006,70.09181886000079,1.2705808049651632,,,282.7606262240231
mlp,1337,NF-ToN-IoT,rollback_repair,rollback_repair,0.1203877720654166,1.9508246763630768,0.21207910880757375,False,False,,,,0.8567205077770813,0.0,0.865085871376636,0.8832195071968917,0.892972564610675,0.8889555743236631,0.684088592345473,0.0,0.052128583840139006,0.7020022631144319,0.5581433761090548,0.4412793826297854,0.7973155431755871,0.5602905180767848,0.5138362679227721,0.04645425015401261,0.9531285812514325,0.03059680100112833,0.2852465008315947,0.3491191612327811,0.052128583840139006,2.1770399049992193,87.27205093799694,40.0874833472693,,,36.58169182713117
mlp,1337,NF-ToN-IoT,ssd_canonical,ssd_canonical,0.1203877720654166,0.1203877720654166,0.21207910880757375,True,True,no_parameters_selected,True,9.21701388888889,0.8567205077770813,0.8567205077770813,0.865085871376636,0.8832195071968917,0.8832195071968917,0.8889555743236631,0.684088592345473,0.684088592345473,0.052128583840139006,0.7020022631144319,0.7020022631144319,0.4412793826297854,0.7973155431755871,0.7973155431755871,0.5138362679227721,0.2834792752528149,0.4981663992665597,0.18726310589936657,0.7316070322725012,0.7995353649470213,0.6319600085053341,1.20622756100056,87.27205093799694,72.35123268581692,0.0,0.9681382192485114,0.0
mlp,1337,NF-ToN-IoT,ssd_canonical@alpha=1,ssd_canonical,0.1203877720654166,0.5962634066322142,0.21207910880757375,False,False,weights_changed,False,9.21701388888889,0.8567205077770813,0.32900690894881757,0.865085871376636,0.8832195071968917,0.49459818639988873,0.8889555743236631,0.684088592345473,0.1184086311530681,0.052128583840139006,0.7020022631144319,0.6256034033860264,0.4412793826297854,0.7973155431755871,0.5149824653787299,0.5138362679227721,0.001146197455957787,0.881388952555581,0.12834915504403646,0.4501058565625067,0.44367794751034895,0.0662800473129291,1.2031133680002313,87.27205093799694,72.53850988544595,0.980934447452042,0.9681382192485114,16.056348277020604
mlp,1337,NF-ToN-IoT,ssd_canonical@alpha=2,ssd_canonical,0.1203877720654166,1.229230422951274,0.21207910880757375,False,False,weights_changed,False,9.21701388888889,0.8567205077770813,0.0252977937390588,0.865085871376636,0.8832195071968917,0.26531905047932103,0.8889555743236631,0.684088592345473,0.008729680915111379,0.052128583840139006,0.7020022631144319,0.5034076534478107,0.4412793826297854,0.7973155431755871,0.42865680262247347,0.5138362679227721,0.08517946530029868,0.9635571854228742,0.07696316579606555,0.2220044394727707,0.36086333850942715,0.04339890292502763,1.220585043999563,87.27205093799694,71.50018048068775,0.9239731670001177,0.9681382192485114,15.96514312625828
mlp,1337,NF-ToN-IoT,ssd_canonical@alpha=3,ssd_canonical,0.1203877720654166,0.5976668523055786,0.21207910880757375,False,False,weights_changed,False,9.21701388888889,0.8567205077770813,0.4230389740585614,0.865085871376636,0.8832195071968917,0.4155958142169815,0.8889555743236631,0.684088592345473,0.8720662998816073,0.052128583840139006,0.7020022631144319,0.657092347484393,0.4412793826297854,0.7973155431755871,0.5171509488269163,0.5138362679227721,0.003314680904144107,0.11815264726105891,0.37176545404619865,0.32067570488179675,0.359499537365873,0.8199377160414684,1.2477582620003886,87.27205093799694,69.94307599140527,0.832999882311404,0.9681382192485114,15.590602608369286
mlp,1337,NF-ToN-IoT,ssd_canonical@alpha=5,ssd_canonical,0.1203877720654166,0.5091254328585163,0.21207910880757375,False,False,weights_changed,False,9.21701388888889,0.8567205077770813,0.5052571589442708,0.865085871376636,0.8832195071968917,0.878813934366641,0.8889555743236631,0.684088592345473,0.10430581213585334,0.052128583840139006,0.7020022631144319,0.41763417329031943,0.4412793826297854,0.7973155431755871,0.6478431275878584,0.5138362679227721,0.1340068596650863,0.9253953701581481,0.040694836795820345,0.3911732113350912,0.6078647460700142,0.052177228295714334,1.2355044309997538,87.27205093799694,70.63677697001665,0.47352006590561374,0.9681382192485114,12.226705514395633
mlp,1337,NF-ToN-IoT,dc_ssd_no_contrast,dc_ssd_no_contrast,0.1203877720654166,0.4017735679704463,0.21207910880757375,False,False,weights_changed,False,,0.8567205077770813,0.5488237816178727,0.865085871376636,0.8832195071968917,0.7381771942813281,0.8889555743236631,0.684088592345473,0.028981132075471698,0.052128583840139006,0.7020022631144319,0.5078994943519848,0.4412793826297854,0.7973155431755871,0.4886272193679173,0.5138362679227721,0.02520904855485484,0.9418977767591107,0.0577248272211424,0.6906089025685612,0.5521340442206586,0.023147451764667308,0.02644882700042217,87.27205093799694,3299.6567649901417,0.5014711074496881,0.9601289253076136,9.562980556754983
mlp,1337,NF-ToN-IoT,dc_ssd_no_class_balance,dc_ssd_no_class_balance,0.1203877720654166,1.386252872996928,0.21207910880757375,False,False,weights_changed,False,,0.8567205077770813,0.2919188514809445,0.865085871376636,0.8832195071968917,0.4745554407624848,0.8889555743236631,0.684088592345473,0.7998064984277997,0.052128583840139006,0.7020022631144319,0.641837696702754,0.4412793826297854,0.7973155431755871,0.42668733267355785,0.5138362679227721,0.0871489352492143,0.31343112537245016,0.13974268506385387,0.19122131160161848,0.26656151633256514,0.7476779145876608,0.025794249999307794,87.27205093799694,3383.391683818639,0.9415087678004002,0.6811876529847506,18.882512956668833
mlp,1337,NF-ToN-IoT,dc_ssd,dc_ssd,0.1203877720654166,0.6995880739359578,0.21207910880757375,False,False,weights_changed,False,,0.8567205077770813,0.27092873760877567,0.865085871376636,0.8832195071968917,0.6919737798479119,0.8889555743236631,0.684088592345473,0.03580490555398929,0.052128583840139006,0.7020022631144319,0.42707187283802106,0.4412793826297854,0.7973155431755871,0.42527007971151576,0.5138362679227721,0.08856618821125639,0.8943387577355031,0.09106707993835537,0.6251509259878018,0.42902142837305074,0.016323678286149716,0.025871524999274698,87.27205093799694,3373.2859172562726,0.6103330587266094,0.6194605983847236,13.43795113342513
mlp,1337,NF-ToN-IoT,scrub_r,scrub_r,0.1203877720654166,0.2595589948845593,0.21207910880757375,False,False,,,,0.8567205077770813,0.818627489096194,0.865085871376636,0.8832195071968917,0.8957058308488088,0.8889555743236631,0.684088592345473,0.49952894378729196,0.052128583840139006,0.7020022631144319,0.5891915604765785,0.4412793826297854,0.7973155431755871,0.5530283869803211,0.5138362679227721,0.039192119057548935,0.6517304606921843,0.09668509413818849,0.47491363507400275,0.6822048239625209,0.44740035994715294,45.058020837000186,87.27205093799694,1.936881587713501,,,51.05035311467722
mlp,1337,NF-ToN-IoT,scrub_r@lr=0.001,scrub_r,0.1203877720654166,0.19350738762836853,0.21207910880757375,False,False,,,,0.8567205077770813,0.8628688111158409,0.865085871376636,0.8832195071968917,0.8381302298290642,0.8889555743236631,0.684088592345473,0.1055077217438841,0.052128583840139006,0.7020022631144319,0.5599026862175337,0.4412793826297854,0.7973155431755871,0.6075289038756458,0.5138362679227721,0.09369263595287369,0.9171441668576668,0.03730231028324397,0.5128075359664651,0.7440236741980479,0.0533791379037451,44.72403427400059,87.27205093799694,1.951345676987167,,,53.26111949439543
mlp,1337,NF-BoT-IoT,rollback_repair,rollback_repair,0.19527249655404505,1.4956663642729273,0.20122931442702768,False,False,,,,0.7536859328777322,0.0,0.7068202900557267,0.7874540321403583,0.6624429679124778,0.7497109219588193,0.9931923170435205,0.0,0.0142223642683073,0.9892986882840321,0.15634786421144928,0.050283191066731084,0.842463628545844,0.6981572596127039,0.5044101448019493,0.19374711481075457,0.992159858475394,0.014451201026509911,0.8551897528478166,0.38161813026844565,0.0142223642683073,1.7258260309990874,69.27729196700238,40.14152685302672,,,18.44650413754951
mlp,1337,NF-BoT-IoT,ssd_canonical,ssd_canonical,0.19527249655404505,0.19527249655404505,0.20122931442702768,True,True,no_parameters_selected,True,3.3901660280970627,0.7536859328777322,0.7536859328777322,0.7068202900557267,0.7874540321403583,0.7874540321403583,0.7497109219588193,0.9931923170435205,0.9931923170435205,0.0142223642683073,0.9892986882840321,0.9892986882840321,0.050283191066731084,0.842463628545844,0.842463628545844,0.5044101448019493,0.33805348374389466,0.021268896751367,0.6107423673387932,0.6322311799533559,0.9472693765791128,0.9789699527752133,3.1853488809992996,69.27729196700238,21.748729748331016,0.0,0.7743071793684237,0.0
mlp,1337,NF-BoT-IoT,ssd_canonical@alpha=1,ssd_canonical,0.19527249655404505,0.1952229508088953,0.20122931442702768,False,False,weights_changed,False,3.3901660280970627,0.7536859328777322,0.7559759797743834,0.7068202900557267,0.7874540321403583,0.7981527090135746,0.7497109219588193,0.9931923170435205,0.9933962646355792,0.0142223642683073,0.9892986882840321,0.9902046312700201,0.050283191066731084,0.842463628545844,0.848675666365532,0.5044101448019493,0.3442655215635827,0.020866838211643614,0.6113184365358852,0.63946273332794,0.9441191932210439,0.9791739003672719,3.227430421000463,69.27729196700238,21.4651542961931,0.015652583264681653,0.7743071793684237,0.4549106841404212
mlp,1337,NF-BoT-IoT,ssd_canonical@alpha=2,ssd_canonical,0.19527249655404505,0.19533406447597565,0.20122931442702768,False,False,weights_changed,False,3.3901660280970627,0.7536859328777322,0.7537070662911503,0.7068202900557267,0.7874540321403583,0.787756563634978,0.7497109219588193,0.9931923170435205,0.9931923170435205,0.0142223642683073,0.9892986882840321,0.9893087543172099,0.050283191066731084,0.842463628545844,0.842214828133268,0.5044101448019493,0.33780468333131863,0.021268896751367,0.6107427861320592,0.6314765630109664,0.9471738449638991,0.9789699527752133,3.1797191290006594,69.27729196700238,21.787236279820494,0.00023537719195010004,0.7743071793684237,0.11246592722599379
mlp,1337,NF-BoT-IoT,ssd_canonical@alpha=3,ssd_canonical,0.19527249655404505,0.19527249655404505,0.20122931442702768,True,True,no_parameters_selected,False,3.3901660280970627,0.7536859328777322,0.7536859328777322,0.7068202900557267,0.7874540321403583,0.7874540321403583,0.7497109219588193,0.9931923170435205,0.9931923170435205,0.0142223642683073,0.9892986882840321,0.9892986882840321,0.050283191066731084,0.842463628545844,0.842463628545844,0.5044101448019493,0.33805348374389466,0.021268896751367,0.6107423673387932,0.6322311799533559,0.9472693765791128,0.9789699527752133,3.2392949940003746,69.27729196700238,21.38653382767348,0.0,0.7743071793684237,0.0
mlp,1337,NF-BoT-IoT,ssd_canonical@alpha=5,ssd_canonical,0.19527249655404505,0.19527249655404505,0.20122931442702768,True,True,no_parameters_selected,True,3.3901660280970627,0.7536859328777322,0.7536859328777322,0.7068202900557267,0.7874540321403583,0.7874540321403583,0.7497109219588193,0.9931923170435205,0.9931923170435205,0.0142223642683073,0.9892986882840321,0.9892986882840321,0.050283191066731084,0.842463628545844,0.842463628545844,0.5044101448019493,0.33805348374389466,0.021268896751367,0.6107423673387932,0.6322311799533559,0.9472693765791128,0.9789699527752133,3.1931241210004373,69.27729196700238,21.69577170877314,0.0,0.7743071793684237,0.0
mlp,1337,NF-BoT-IoT,dc_ssd_no_contrast,dc_ssd_no_contrast,0.19527249655404505,0.2746917474518817,0.20122931442702768,False,False,weights_changed,False,,0.7536859328777322,0.6445884876870772,0.7068202900557267,0.7874540321403583,0.7701413901011415,0.7497109219588193,0.9931923170435205,0.8363653391398,0.0142223642683073,0.9892986882840321,0.7766805801614144,0.050283191066731084,0.842463628545844,0.8604613417603363,0.5044101448019493,0.35605119695838694,0.28690897394660664,0.40897443216145674,0.925502205107148,0.8486543579477193,0.8221429748714928,0.02614750899920182,69.27729196700238,2649.4796108155906,0.21895963281158057,0.7585345092244219,6.37112086471099
mlp,1337,NF-BoT-IoT,dc_ssd_no_class_balance,dc_ssd_no_class_balance,0.19527249655404505,0.19563874100474793,0.20122931442702768,False,False,weights_changed,False,,0.7536859328777322,0.7534845494795713,0.7068202900557267,0.7874540321403583,0.7878209327738223,0.7497109219588193,0.9931923170435205,0.9932127155216078,0.0142223642683073,0.9892986882840321,0.9891342764087973,0.050283191066731084,0.842463628545844,0.842218486743856,0.5044101448019493,0.3378083419419067,0.02122869089739466,0.6108637052248402,0.6324108668084544,0.9470119548335815,0.9789903512533006,0.01721440899927984,69.27729196700238,4024.3781805056788,0.001000353065787925,0.6462386601058997,0.23947318173556117
mlp,1337,NF-BoT-IoT,dc_ssd,dc_ssd,0.19527249655404505,0.26307967172577734,0.20122931442702768,False,False,weights_changed,False,,0.7536859328777322,0.6316929747405143,0.7068202900557267,0.7874540321403583,0.7770663037276874,0.7497109219588193,0.9931923170435205,0.988295165394402,0.0142223642683073,0.9892986882840321,0.8726915230579267,0.050283191066731084,0.842463628545844,0.7755930086523112,0.5044101448019493,0.27118286385036183,0.029591508523641043,0.5353647334485901,0.8986192853100122,0.7839830245046828,0.9740728011260947,0.02494671800013748,69.27729196700238,2777.010265102632,0.29781099211486406,0.5754473556827391,9.28698617358825
mlp,1337,NF-BoT-IoT,scrub_r,scrub_r,0.19527249655404505,0.26062995937240935,0.20122931442702768,False,False,,,,0.7536859328777322,0.7224681252731346,0.7068202900557267,0.7874540321403583,0.7504091136706404,0.7497109219588193,0.9931923170435205,0.3606687110495598,0.0142223642683073,0.9892986882840321,0.2763741253735617,0.050283191066731084,0.842463628545844,0.5752181246754411,0.5044101448019493,0.07080797987349174,0.7865069154068832,0.11733304527268856,0.7733966474649396,0.786480792334966,0.34644634678125247,56.10777245999998,69.27729196700238,1.2347182739502114,,,75.2615112753718
mlp,1337,NF-BoT-IoT,scrub_r@lr=0.001,scrub_r,0.19527249655404505,0.2616801429360583,0.20122931442702768,False,False,,,,0.7536859328777322,0.7286816977452113,0.7068202900557267,0.7874540321403583,0.736931949121467,0.7497109219588193,0.9931923170435205,0.04561362117101176,0.0142223642683073,0.9892986882840321,0.030477711565648432,0.050283191066731084,0.842463628545844,0.10979231244204801,0.5044101448019493,0.39461783235990133,0.9827114827918945,0.013817855934316043,0.6832580486175663,0.7062496942453053,0.03139125690270446,55.99266815400006,69.27729196700238,1.2372564882327952,,,295.37944115183404
mlp,1337,NF-CSE-CIC-IDS2018,rollback_repair,rollback_repair,0.05038993252837106,5.756586918848165,0.06065045060081037,False,False,,,,0.8901410180091326,0.6649624946369137,0.9606337063824296,0.8970589216707764,0.24506372841476987,0.9354519166472003,0.5838270616493194,0.2476140574123283,0.23103927932701862,0.6604840196927781,0.1759558362101441,0.5170749268835029,0.77972563447647,0.6995099441192549,0.4461011483134457,0.2534087958058092,0.503566699414805,0.2993944352940231,0.3116215318432639,0.25639955689951976,0.016574778085309688,1.678905950000626,67.21880177300045,40.03726460852401,,,51.05868782885224
mlp,1337,NF-CSE-CIC-IDS2018,ssd_canonical,ssd_canonical,0.05038993252837106,0.05038993252837106,0.06065045060081037,True,True,no_parameters_selected,True,3.19626730885009,0.8901410180091326,0.8901410180091326,0.9606337063824296,0.8970589216707764,0.8970589216707764,0.9354519166472003,0.5838270616493194,0.5838270616493194,0.23103927932701862,0.6604840196927781,0.6604840196927781,0.5170749268835029,0.77972563447647,0.77972563447647,0.4461011483134457,0.3336244861630243,0.5694331724403059,0.15082099207263686,0.7798348798190036,0.8287108630560903,0.3527877823223008,3.4139039519996004,67.21880177300045,19.689716734306156,0.0,0.9559790575439648,0.0
mlp,1337,NF-CSE-CIC-IDS2018,ssd_canonical@alpha=1,ssd_canonical,0.05038993252837106,0.0837898610997062,0.06065045060081037,False,False,weights_changed,False,3.19626730885009,0.8901410180091326,0.9577571435009685,0.9606337063824296,0.8970589216707764,0.8905457634228506,0.9354519166472003,0.5838270616493194,0.48689983703146544,0.23103927932701862,0.6604840196927781,0.6538051149638611,0.5170749268835029,0.77972563447647,0.7331961187256689,0.4461011483134457,0.2870949704122232,0.6304301396779292,0.09848739747247115,0.8299948641394966,0.7987245175162144,0.2558605577044468,3.5384109129990975,67.21880177300045,18.996889684592038,0.539896434035542,0.9559790575439648,4.6624244433388045
mlp,1337,NF-CSE-CIC-IDS2018,ssd_canonical@alpha=2,ssd_canonical,0.05038993252837106,0.049854468324798465,0.06065045060081037,False,False,weights_changed,False,3.19626730885009,0.8901410180091326,0.8835197118687592,0.9606337063824296,0.8970589216707764,0.8546506048351351,0.9354519166472003,0.5838270616493194,0.5743354118805383,0.23103927932701862,0.6604840196927781,0.649777211448104,0.5170749268835029,0.77972563447647,0.6906100852214339,0.4461011483134457,0.24450893690798814,0.5635812225022425,0.14961052142259815,0.8419910935414504,0.7910964900654028,0.34329613255351965,3.4234536690000823,67.21880177300045,19.63479230978862,0.052489113804872305,0.9559790575439648,2.3658687565697534
mlp,1337,NF-CSE-CIC-IDS2018,ssd_canonical@alpha=3,ssd_canonical,0.05038993252837106,0.050414503099243925,0.06065045060081037,False,False,weights_changed,False,3.19626730885009,0.8901410180091326,0.8901214974228777,0.9606337063824296,0.8970589216707764,0.8967203889933284,0.9354519166472003,0.5838270616493194,0.5837335894972783,0.23103927932701862,0.6604840196927781,0.6618552303280187,0.5170749268835029,0.77972563447647,0.7947897386910694,0.4461011483134457,0.3486885903776237,0.5694758874033574,0.15093803633827227,0.7766904019249596,0.8281920733045766,0.35269431017025965,3.402968991000307,67.21880177300045,19.752986862581253,0.00023537719195010004,0.9559790575439648,0.22317472958890766
mlp,1337,NF-CSE-CIC-IDS2018,ssd_canonical@alpha=5,ssd_canonical,0.05038993252837106,0.05038993252837106,0.06065045060081037,True,True,no_parameters_selected,True,3.19626730885009,0.8901410180091326,0.8901410180091326,0.9606337063824296,0.8970589216707764,0.8970589216707764,0.9354519166472003,0.5838270616493194,0.5838270616493194,0.23103927932701862,0.6604840196927781,0.6604840196927781,0.5170749268835029,0.77972563447647,0.77972563447647,0.4461011483134457,0.3336244861630243,0.5694331724403059,0.15082099207263686,0.7798348798190036,0.8287108630560903,0.3527877823223008,3.395685756999228,67.21880177300045,19.79535404135917,0.0,0.9559790575439648,0.0
mlp,1337,NF-CSE-CIC-IDS2018,dc_ssd_no_contrast,dc_ssd_no_contrast,0.05038993252837106,0.052803767323352194,0.06065045060081037,False,False,weights_changed,False,,0.8901410180091326,0.8941089610693589,0.9606337063824296,0.8970589216707764,0.9109874858622841,0.9354519166472003,0.5838270616493194,0.5941449368101104,0.23103927932701862,0.6604840196927781,0.6539600681640699,0.5170749268835029,0.77972563447647,0.7005326322673133,0.4461011483134457,0.2544314839538676,0.5695186023664089,0.13913407587814414,0.7805290029941248,0.8096609691566395,0.36310565748309176,0.024151360999894678,67.21880177300045,2783.230384958164,0.048664234435683185,0.6106903427178243,2.495023675914929
mlp,1337,NF-CSE-CIC-IDS2018,dc_ssd_no_class_balance,dc_ssd_no_class_balance,0.05038993252837106,0.05643171502547074,0.06065045060081037,False,False,weights_changed,False,,0.8901410180091326,0.8848977841170539,0.9606337063824296,0.8970589216707764,0.8532297613159519,0.9354519166472003,0.5838270616493194,0.49679098005203814,0.23103927932701862,0.6604840196927781,0.617146829860078,0.5170749268835029,0.77972563447647,0.7728062997332442,0.4461011483134457,0.3267051514197985,0.5487591303233522,0.14593099091685877,0.7930203567158932,0.8192001976710177,0.2657517007250195,0.02317510300053982,67.21880177300045,2900.474779828798,0.06261033305872661,0.6903506700392549,3.2927207903191507
mlp,1337,NF-CSE-CIC-IDS2018,dc_ssd,dc_ssd,0.05038993252837106,0.04976833794709716,0.06065045060081037,False,False,weights_changed,False,,0.8901410180091326,0.9117639984245046,0.9606337063824296,0.8970589216707764,0.9139885202670005,0.9354519166472003,0.5838270616493194,0.6008403361344538,0.23103927932701862,0.6604840196927781,0.6672927049636332,0.5170749268835029,0.77972563447647,0.6784057738332228,0.4461011483134457,0.23230462551977704,0.5658024005809235,0.1315568688282053,0.725373322299654,0.8170217884051177,0.36980105680743514,0.02479910399961227,67.21880177300045,2710.5334843569913,0.07726256325762033,0.5510546400530701,3.9421184460092356
mlp,1337,NF-CSE-CIC-IDS2018,scrub_r,scrub_r,0.05038993252837106,0.10407964369613351,0.06065045060081037,False,False,,,,0.8901410180091326,0.8073290780984622,0.9606337063824296,0.8970589216707764,0.8576702081326021,0.9354519166472003,0.5838270616493194,0.369901547116737,0.23103927932701862,0.6604840196927781,0.6451448408291014,0.5170749268835029,0.77972563447647,0.36788918896308753,0.4461011483134457,0.07821195935035818,0.6976207765580282,0.05925233456843356,0.7008813182074644,0.5916125071717734,0.13886226778971839,57.267470017999585,67.21880177300045,1.173769362464818,,,156.1974983639289
mlp,1337,NF-CSE-CIC-IDS2018,scrub_r@lr=0.001,scrub_r,0.05038993252837106,0.08645936441034424,0.06065045060081037,False,False,,,,0.8901410180091326,0.8589652701377452,0.9606337063824296,0.8970589216707764,0.8569576262401603,0.9354519166472003,0.5838270616493194,0.43466556222820457,0.23103927932701862,0.6604840196927781,0.7385208994115613,0.5170749268835029,0.77972563447647,0.3175000292485388,0.4461011483134457,0.1286011190649069,0.6531972149844091,0.06136251274206643,0.6347117781850281,0.604555119138047,0.20362628290118595,57.330848053999944,67.21880177300045,1.172471785341236,,,159.26072383718773
numerical_feature_transformer,1337,NF-UNSW-NB15,rollback_repair,rollback_repair,0.139175936259395,0.6696115613520291,0.1479589497146789,False,False,,,,0.8238047093638206,0.7001555508179528,0.7275186401060173,0.8905596918904707,0.6753223015743636,0.8437247931651335,0.9931077694235589,0.142034888869211,0.09258716671549956,0.999872145933031,0.8562578292116751,0.3708139696944037,0.4827701226835093,0.5083838684814435,0.5143848124201131,0.006000943938669678,0.41154322752835765,0.08677086277037013,0.1775810298947212,0.347423077880747,0.049447722153711446,4.116857736999009,162.61250753399872,39.49918066698496,,,18.182886880001504
numerical_feature_transformer,1337,NF-UNSW-NB15,ssd_canonical,ssd_canonical,0.139175936259395,0.139175936259395,0.1479589497146789,True,True,no_parameters_selected,True,3.5252324037184595,0.8238047093638206,0.8238047093638206,0.7275186401060173,0.8905596918904707,0.8905596918904707,0.8437247931651335,0.9931077694235589,0.9931077694235589,0.09258716671549956,0.999872145933031,0.999872145933031,0.3708139696944037,0.4827701226835093,0.4827701226835093,0.5143848124201131,0.03161468973660386,0.5580497569345153,0.2325882170262393,0.08465232808734861,0.6310083093779922,0.9005206027080593,10.61620933300037,162.61250753399872,15.317379530989422,0.0,0.5892427232137193,0.0
numerical_feature_transformer,1337,NF-UNSW-NB15,ssd_canonical@alpha=1,ssd_canonical,0.139175936259395,0.13916254675356357,0.1479589497146789,False,False,weights_changed,False,3.5252324037184595,0.8238047093638206,0.8703361635435293,0.7275186401060173,0.8905596918904707,0.9079569026545968,0.8437247931651335,0.9931077694235589,0.9918444165621079,0.09258716671549956,0.999872145933031,0.9998890365684509,0.3708139696944037,0.4827701226835093,0.4817221572254382,0.5143848124201131,0.03266265519467493,0.5582403965303594,0.23069907151078986,0.09234365667576276,0.5683551437569374,0.8992572498466083,10.742797242999586,162.61250753399872,15.136886963026617,0.033409350057012545,0.5892427232137193,0.5642319026562991
numerical_feature_transformer,1337,NF-UNSW-NB15,ssd_canonical@alpha=2,ssd_canonical,0.139175936259395,0.14059759111761758,0.1479589497146789,False,False,weights_changed,False,3.5252324037184595,0.8238047093638206,0.8155189175315837,0.7275186401060173,0.8905596918904707,0.8884479929225816,0.8437247931651335,0.9931077694235589,0.9927922281416484,0.09258716671549956,0.999872145933031,0.9998664192033077,0.3708139696944037,0.4827701226835093,0.4821787314124942,0.5143848124201131,0.03220608100761896,0.5580974168334764,0.2323369967234944,0.09477265763035277,0.6205236984228707,0.9002050614261488,10.632158026999605,162.61250753399872,15.294402803368412,0.0053591790193842645,0.5892427232137193,0.3305829183491786
numerical_feature_transformer,1337,NF-UNSW-NB15,ssd_canonical@alpha=3,ssd_canonical,0.139175936259395,0.13917580139655475,0.1479589497146789,False,False,weights_changed,False,3.5252324037184595,0.8238047093638206,0.8144596811467486,0.7275186401060173,0.8905596918904707,0.8874046383548543,0.8437247931651335,0.9931077694235589,0.9937382592360676,0.09258716671549956,0.999872145933031,0.9998708268548363,0.3708139696944037,0.4827701226835093,0.48295294841810066,0.5143848124201131,0.03143186400201248,0.5579544371365933,0.23266289623088554,0.08661904401794442,0.6289849802013597,0.901151092520568,10.601121626001259,162.61250753399872,15.339179501078522,0.0009122006841505131,0.5892427232137193,0.056648572413518374
numerical_feature_transformer,1337,NF-UNSW-NB15,ssd_canonical@alpha=5,ssd_canonical,0.139175936259395,0.139175936259395,0.1479589497146789,True,True,no_parameters_selected,True,3.5252324037184595,0.8238047093638206,0.8238047093638206,0.7275186401060173,0.8905596918904707,0.8905596918904707,0.8437247931651335,0.9931077694235589,0.9931077694235589,0.09258716671549956,0.999872145933031,0.999872145933031,0.3708139696944037,0.4827701226835093,0.4827701226835093,0.5143848124201131,0.03161468973660386,0.5580497569345153,0.2325882170262393,0.08465232808734861,0.6310083093779922,0.9005206027080593,10.598906760000318,162.61250753399872,15.342384947444696,0.0,0.5892427232137193,0.0
numerical_feature_transformer,1337,NF-UNSW-NB15,dc_ssd_no_contrast,dc_ssd_no_contrast,0.139175936259395,0.16023523718940896,0.1479589497146789,False,False,weights_changed,False,,0.8238047093638206,0.879258614711377,0.7275186401060173,0.8905596918904707,0.905824759477505,0.8437247931651335,0.9931077694235589,0.6040034812880766,0.09258716671549956,0.999872145933031,0.9997471874035625,0.3708139696944037,0.4827701226835093,0.48592105567253785,0.5143848124201131,0.028463756747575286,0.5807358688399581,0.21538523369812806,0.1454240250082064,0.5282997498652453,0.511416314572577,0.0422241619999113,162.61250753399872,3851.171931709155,0.018472063854047892,0.33073456870271195,0.9427742834286937
numerical_feature_transformer,1337,NF-UNSW-NB15,dc_ssd_no_class_balance,dc_ssd_no_class_balance,0.139175936259395,0.15292620053482597,0.1479589497146789,False,False,weights_changed,False,,0.8238047093638206,0.8050634378713525,0.7275186401060173,0.8905596918904707,0.890468658022054,0.8437247931651335,0.9931077694235589,0.8869625520110958,0.09258716671549956,0.999872145933031,0.9980472012506663,0.3708139696944037,0.4827701226835093,0.48387674268913916,0.5143848124201131,0.030508069730973975,0.5716804880373654,0.2215159513140803,0.12314936024077502,0.5988018690522199,0.7943753852955961,0.0391507289987203,162.61250753399872,4153.498841345048,0.009464082098061573,0.3381470858951479,0.7080514590105408
numerical_feature_transformer,1337,NF-UNSW-NB15,dc_ssd,dc_ssd,0.139175936259395,0.14539376462867337,0.1479589497146789,False,False,weights_changed,False,,0.8238047093638206,0.8902211840351265,0.7275186401060173,0.8905596918904707,0.9017556621408263,0.8437247931651335,0.9931077694235589,0.7066881547139404,0.09258716671549956,0.999872145933031,0.9967213828881197,0.3708139696944037,0.4827701226835093,0.4871439376358828,0.5143848124201131,0.027240874784230318,0.5868363359069679,0.2113974070202353,0.18828328300830005,0.5243969820243243,0.6141009879984408,0.042816858000151115,162.61250753399872,3797.861756540492,0.026453819840364882,0.27801130401153024,1.4260161356600332
numerical_feature_transformer,1337,NF-UNSW-NB15,scrub_r,scrub_r,0.139175936259395,0.27544382140898555,0.1479589497146789,False,False,,,,0.8238047093638206,0.7823341231370501,0.7275186401060173,0.8905596918904707,0.7726795656856235,0.8437247931651335,0.9931077694235589,0.2837650031585597,0.09258716671549956,0.999872145933031,0.6083435170459649,0.3708139696944037,0.4827701226835093,0.4952417705100204,0.5143848124201131,0.01914304191009275,0.7732342007434945,0.059771878443232514,0.5416039437527063,0.5723670932144754,0.19117783644306013,123.0408213519986,162.61250753399872,1.3216142882270945,,,139.25135536072912
numerical_feature_transformer,1337,NF-UNSW-NB15,scrub_r@lr=0.001,scrub_r,0.139175936259395,0.28221266469889555,0.1479589497146789,False,False,,,,0.8238047093638206,0.63976593064249,0.7275186401060173,0.8905596918904707,0.7555877177577349,0.8437247931651335,0.9931077694235589,0.42602462782576733,0.09258716671549956,0.999872145933031,0.8753855569045186,0.3708139696944037,0.4827701226835093,0.49219770494810894,0.5143848124201131,0.022187107472004197,0.6833476313030217,0.11514986325843028,0.2954167052126965,0.5705664175083728,0.3334374611102678,123.59092329600026,162.61250753399872,1.3157317964567816,,,283.3159272835245
numerical_feature_transformer,1337,NF-ToN-IoT,rollback_repair,rollback_repair,0.08543024244868677,0.748163501343281,0.08609639749281271,False,False,,,,0.9158165332446871,0.0,0.9721295986352345,0.9815575856235933,0.555551491818237,0.9279026185950229,0.7170722977809592,0.0,0.9141410488245931,0.7268784647336628,0.20614777307233562,0.7196526774651765,0.8058510402180233,0.6745951201130882,0.519979682722563,0.1546154373905252,0.16021086408434562,0.2885629210032298,0.3855497100774135,0.3681460582753071,0.9141410488245931,5.040283960999659,203.10390533800455,40.29612357350639,,,35.906965385146364
numerical_feature_transformer,1337,NF-ToN-IoT,ssd_canonical,ssd_canonical,0.08543024244868677,0.08543024244868677,0.08609639749281271,True,True,no_parameters_selected,True,9.21701388888889,0.9158165332446871,0.9158165332446871,0.9721295986352345,0.9815575856235933,0.9815575856235933,0.9279026185950229,0.7170722977809592,0.7170722977809592,0.9141410488245931,0.7268784647336628,0.7268784647336628,0.7196526774651765,0.8058510402180233,0.8058510402180233,0.519979682722563,0.28587135749546033,0.6700664680265872,0.13803102196228287,0.5979396120781282,0.8164920064917491,0.19706875104363397,4.102008301000751,203.10390533800455,49.51328481915897,0.0,0.9277890513431495,0.0
numerical_feature_transformer,1337,NF-ToN-IoT,ssd_canonical@alpha=1,ssd_canonical,0.08543024244868677,0.686744887667558,0.08609639749281271,False,False,weights_changed,False,9.21701388888889,0.9158165332446871,0.0,0.9721295986352345,0.9815575856235933,0.4889728585721726,0.9279026185950229,0.7170722977809592,0.0,0.9141410488245931,0.7268784647336628,0.27155895466955693,0.7196526774651765,0.8058510402180233,0.5743885694872637,0.519979682722563,0.05440888676470068,0.16021086408434562,0.19840034823493938,0.3603423390609453,0.4896394911297594,0.9141410488245931,4.097783833998619,203.10390533800455,49.56432880936418,0.9898517673888255,0.9277890513431495,12.900500020578587
numerical_feature_transformer,1337,NF-ToN-IoT,ssd_canonical@alpha=2,ssd_canonical,0.08543024244868677,0.6835322846110228,0.08609639749281271,False,False,weights_changed,False,9.21701388888889,0.9158165332446871,0.0,0.9721295986352345,0.9815575856235933,0.5240523298772158,0.9279026185950229,0.7170722977809592,0.0,0.9141410488245931,0.7268784647336628,0.23196584571282616,0.7196526774651765,0.8058510402180233,0.5459538566579579,0.519979682722563,0.025974173935394917,0.16021086408434562,0.1948451510320758,0.27597664581713105,0.5043667403416173,0.9141410488245931,4.127987481999298,203.10390533800455,49.201676658097746,0.958266818700114,0.9277890513431495,12.861672907891737
numerical_feature_transformer,1337,NF-ToN-IoT,ssd_canonical@alpha=3,ssd_canonical,0.08543024244868677,0.6683800003357406,0.08609639749281271,False,False,weights_changed,False,9.21701388888889,0.9158165332446871,0.4625912167941631,0.9721295986352345,0.9815575856235933,0.5235489468877349,0.9279026185950229,0.7170722977809592,0.851917636997566,0.9141410488245931,0.7268784647336628,0.17234917340805325,0.7196526774651765,0.8058510402180233,0.6092610443003379,0.519979682722563,0.08928136157777489,0.837267934907174,0.16870797708329685,0.12835602656146364,0.42150980393595133,0.062223411827027175,4.081660301000738,203.10390533800455,49.76011974543979,0.8763968072976055,0.9277890513431495,12.498340068733256
numerical_feature_transformer,1337,NF-ToN-IoT,ssd_canonical@alpha=5,ssd_canonical,0.08543024244868677,0.5963860629478842,0.08609639749281271,False,False,weights_changed,False,9.21701388888889,0.9158165332446871,0.0958566260077978,0.9721295986352345,0.9815575856235933,0.8117303668602425,0.9279026185950229,0.7170722977809592,0.1942745969983324,0.9141410488245931,0.7268784647336628,0.7495479329832528,0.7196526774651765,0.8058510402180233,0.43628424598974697,0.519979682722563,0.08369543673281604,0.24031629612651845,0.33487119385447317,0.21069964941525807,0.42607773129712606,0.7198664518262607,4.100288449999425,203.10390533800455,49.534052985475455,0.42633979475484607,0.9277890513431495,9.318075924050069
numerical_feature_transformer,1337,NF-ToN-IoT,dc_ssd_no_contrast,dc_ssd_no_contrast,0.08543024244868677,0.3903893316784425,0.08609639749281271,False,False,weights_changed,False,,0.9158165332446871,0.6491994072517885,0.9721295986352345,0.9815575856235933,0.6755598115356428,0.9279026185950229,0.7170722977809592,0.08626068086260681,0.9141410488245931,0.7268784647336628,0.20669394087604914,0.7196526774651765,0.8058510402180233,0.710209500861247,0.519979682722563,0.190229818138684,0.1842768737107495,0.47826978397559183,0.1830872362506068,0.507405966473807,0.8278803679619863,0.05915379900034168,203.10390533800455,3433.4887829745544,0.38859749144811856,0.7541805975465384,6.936974246423306
numerical_feature_transformer,1337,NF-ToN-IoT,dc_ssd_no_class_balance,dc_ssd_no_class_balance,0.08543024244868677,0.6936823370145238,0.08609639749281271,False,False,weights_changed,False,,0.9158165332446871,0.3334048681518884,0.9721295986352345,0.9815575856235933,0.24005457389552956,0.9279026185950229,0.7170722977809592,0.8537450722733245,0.9141410488245931,0.7268784647336628,0.5296281273622301,0.7196526774651765,0.8058510402180233,0.46434183326137224,0.519979682722563,0.05563784946119077,0.8396745358698143,0.1825730754381236,0.3575634682278518,0.33069837627539234,0.060395976551268604,0.05905956599963247,203.10390533800455,3438.9671156619825,0.972405929304447,0.5788792607826566,15.440568173552217
numerical_feature_transformer,1337,NF-ToN-IoT,dc_ssd,dc_ssd,0.08543024244868677,1.6460972974881294,0.08609639749281271,False,False,weights_changed,False,,0.9158165332446871,0.0,0.9721295986352345,0.9815575856235933,0.8543600630215171,0.9279026185950229,0.7170722977809592,0.0,0.9141410488245931,0.7268784647336628,0.5632681488153451,0.7196526774651765,0.8058510402180233,0.4227253506280728,0.519979682722563,0.09725433209449019,0.16021086408434562,0.5063148571859309,0.0971501687447162,0.3874117583160099,0.9141410488245931,0.05963678799889749,203.10390533800455,3405.6814954849574,0.5058152793614595,0.4794240284818193,10.000513516040346
numerical_feature_transformer,1337,NF-ToN-IoT,scrub_r,scrub_r,0.08543024244868677,0.049853522185786564,0.08609639749281271,False,False,,,,0.9158165332446871,0.9719274487021289,0.9721295986352345,0.9815575856235933,0.8887989554653877,0.9279026185950229,0.7170722977809592,0.8952114645228941,0.9141410488245931,0.7268784647336628,0.8327597173088757,0.7196526774651765,0.8058510402180233,0.33754683091605076,0.519979682722563,0.18243285180651225,0.9449919779967912,0.028339459471940352,0.7641173033587247,0.6845807204189424,0.018929584301699,99.91871688100036,203.10390533800455,2.032691288258776,,,51.74272815521047
numerical_feature_transformer,1337,NF-ToN-IoT,scrub_r@lr=0.001,scrub_r,0.08543024244868677,0.22106989744704048,0.08609639749281271,False,False,,,,0.9158165332446871,0.9342704627253248,0.9721295986352345,0.9815575856235933,0.959904787715184,0.9279026185950229,0.7170722977809592,0.22849328692192938,0.9141410488245931,0.7268784647336628,0.4007485112533907,0.7196526774651765,0.8058510402180233,0.7315127707737996,0.519979682722563,0.2115330880512366,0.3354343341737337,0.34461332153681223,0.5080791010167759,0.5875060650868127,0.6856477619026637,100.72493715699966,203.10390533800455,2.0164212663784253,,,52.67922594119046
numerical_feature_transformer,1337,NF-BoT-IoT,rollback_repair,rollback_repair,0.15623281694351887,0.5311467691482357,0.1395654626350783,False,False,,,,0.8232191201718084,0.0,0.7380206273215758,0.8939749426726906,0.5359510321495784,0.8396565705049565,0.9948645369995957,0.0,0.022049751243781095,0.9896263935863711,0.567247812315456,0.13957114224870706,0.9235797214126394,0.16242832598182613,0.45209398417589863,0.28966565819407253,0.9883805082019942,0.01751752737603813,0.5588862633090732,0.23352188187059864,0.022049751243781095,3.997113048000756,160.9515633300034,40.26695302263389,,,32.18129286624749
numerical_feature_transformer,1337,NF-BoT-IoT,ssd_canonical,ssd_canonical,0.15623281694351887,0.15623281694351887,0.1395654626350783,True,True,no_parameters_selected,True,3.3901660280970627,0.8232191201718084,0.8232191201718084,0.7380206273215758,0.8939749426726906,0.8939749426726906,0.8396565705049565,0.9948645369995957,0.9948645369995957,0.022049751243781095,0.9896263935863711,0.9896263935863711,0.13957114224870706,0.9235797214126394,0.9235797214126394,0.45209398417589863,0.4714857372367408,0.015238018655516243,0.5020223288768669,0.712463333000384,0.7982085960386334,0.9728147857558146,11.10009901400008,160.9515633300034,14.500011497825568,0.0,0.7690152690917875,0.0
numerical_feature_transformer,1337,NF-BoT-IoT,ssd_canonical@alpha=1,ssd_canonical,0.15623281694351887,0.15635639800187404,0.1395654626350783,False,False,weights_changed,False,3.3901660280970627,0.8232191201718084,0.8339005453323182,0.7380206273215758,0.8939749426726906,0.90107859760572,0.8396565705049565,0.9948645369995957,0.9935217426512268,0.022049751243781095,0.9896263935863711,0.9827926755068807,0.13957114224870706,0.9235797214126394,0.7796570201002975,0.45209398417589863,0.32756303592439884,0.01732872306207784,0.4609665214492528,0.8509260599506123,0.802212025801054,0.9714719914074458,11.119928784999502,160.9515633300034,14.47415414630379,0.01984036488027366,0.7690152690917875,0.39434237110085074
numerical_feature_transformer,1337,NF-BoT-IoT,ssd_canonical@alpha=2,ssd_canonical,0.15623281694351887,0.15605590325119,0.1395654626350783,False,False,weights_changed,False,3.3901660280970627,0.8232191201718084,0.8197888400404819,0.7380206273215758,0.8939749426726906,0.8950670743789534,0.8396565705049565,0.9948645369995957,0.9945797265593399,0.022049751243781095,0.9896263935863711,0.9893859272382384,0.13957114224870706,0.9235797214126394,0.9184003549755754,0.45209398417589863,0.46630637079967674,0.015640077195239625,0.4988777190750686,0.7785826047226583,0.8004420727618115,0.9725299753155588,11.109900884001036,160.9515633300034,14.48721865392912,0.0011402508551881414,0.7690152690917875,0.13894161445646772
numerical_feature_transformer,1337,NF-BoT-IoT,ssd_canonical@alpha=3,ssd_canonical,0.15623281694351887,0.15623281694351887,0.1395654626350783,True,True,no_parameters_selected,False,3.3901660280970627,0.8232191201718084,0.8232191201718084,0.7380206273215758,0.8939749426726906,0.8939749426726906,0.8396565705049565,0.9948645369995957,0.9948645369995957,0.022049751243781095,0.9896263935863711,0.9896263935863711,0.13957114224870706,0.9235797214126394,0.9235797214126394,0.45209398417589863,0.4714857372367408,0.015238018655516243,0.5020223288768669,0.712463333000384,0.7982085960386334,0.9728147857558146,11.045030539000436,160.9515633300034,14.572305867482859,0.0,0.7690152690917875,0.0
numerical_feature_transformer,1337,NF-BoT-IoT,ssd_canonical@alpha=5,ssd_canonical,0.15623281694351887,0.15623281694351887,0.1395654626350783,True,True,no_parameters_selected,True,3.3901660280970627,0.8232191201718084,0.8232191201718084,0.7380206273215758,0.8939749426726906,0.8939749426726906,0.8396565705049565,0.9948645369995957,0.9948645369995957,0.022049751243781095,0.9896263935863711,0.9896263935863711,0.13957114224870706,0.9235797214126394,0.9235797214126394,0.45209398417589863,0.4714857372367408,0.015238018655516243,0.5020223288768669,0.712463333000384,0.7982085960386334,0.9728147857558146,11.131862497999464,160.9515633300034,14.458637389648716,0.0,0.7690152690917875,0.0
numerical_feature_transformer,1337,NF-BoT-IoT,dc_ssd_no_contrast,dc_ssd_no_contrast,0.15623281694351887,0.7902281769908017,0.1395654626350783,False,False,weights_changed,False,,0.8232191201718084,0.5339055798193614,0.7380206273215758,0.8939749426726906,0.706810784620688,0.8396565705049565,0.9948645369995957,0.05487065085515244,0.022049751243781095,0.9896263935863711,0.3647046849555305,0.13957114224870706,0.9235797214126394,0.7455646569519916,0.45209398417589863,0.29347067277609296,0.9815053071727243,0.05059911522772001,0.8745750341564726,0.37949160631274365,0.03282089961137134,0.0602905740015558,160.9515633300034,2669.5974618826826,0.40444697833523374,0.9178423447829567,6.255028860051963
numerical_feature_transformer,1337,NF-BoT-IoT,dc_ssd_no_class_balance,dc_ssd_no_class_balance,0.15623281694351887,0.15515467486199536,0.1395654626350783,False,False,weights_changed,False,,0.8232191201718084,0.8332258083320495,0.7380206273215758,0.8939749426726906,0.897667533892173,0.8396565705049565,0.9948645369995957,0.9946208291203236,0.022049751243781095,0.9896263935863711,0.9878749038134609,0.13957114224870706,0.9235797214126394,0.9226310888612871,0.45209398417589863,0.47053710468538845,0.015640077195239625,0.5015159372605996,0.7401940663649942,0.8001939800212924,0.9725710778765425,0.037403772001198377,160.9515633300034,4303.083745801004,0.002622576966932725,0.6737039380723889,0.16921406044197027
numerical_feature_transformer,1337,NF-BoT-IoT,dc_ssd,dc_ssd,0.15623281694351887,1.0560834534325088,0.1395654626350783,False,False,weights_changed,False,,0.8232191201718084,0.4144085902744503,0.7380206273215758,0.8939749426726906,0.4850953954535217,0.8396565705049565,0.9948645369995957,0.9992757704997184,0.022049751243781095,0.9896263935863711,0.40245119092356973,0.13957114224870706,0.9235797214126394,0.8817076082897106,0.45209398417589863,0.429613624113812,0.011619491798005789,0.2125926963859114,0.8123202621456266,0.3356473785510756,0.9772260192559373,0.05937239599916211,160.9515633300034,2710.8820626385846,0.5050171037628278,0.4564079103392825,8.894153469638892
numerical_feature_transformer,1337,NF-BoT-IoT,scrub_r,scrub_r,0.15623281694351887,0.25838416276646325,0.1395654626350783,False,False,,,,0.8232191201718084,0.714796709665484,0.7380206273215758,0.8939749426726906,0.9060870309868351,0.8396565705049565,0.9948645369995957,0.013437312537492502,0.022049751243781095,0.9896263935863711,0.1270814319715109,0.13957114224870706,0.9235797214126394,0.7766226717336917,0.45209398417589863,0.32452868755779307,0.9897073013830814,0.02541111098669821,0.6231144151739494,0.7024734583560557,0.008612438706288594,125.20185675799985,160.9515633300034,1.285536552713459,,,148.6502587168925
numerical_feature_transformer,1337,NF-BoT-IoT,scrub_r@lr=0.001,scrub_r,0.15623281694351887,0.21891338022438278,0.1395654626350783,False,False,,,,0.8232191201718084,0.6392699474718527,0.7380206273215758,0.8939749426726906,0.797001746687415,0.8396565705049565,0.9948645369995957,0.008419533317296127,0.022049751243781095,0.9896263935863711,0.28768610976897335,0.13957114224870706,0.9235797214126394,0.9142468341551127,0.45209398417589863,0.462152849979214,0.99191862335156,0.01700132868848723,0.378008199409099,0.6180191446194615,0.013630217926484969,125.22724685399953,160.9515633300034,1.2852759073882243,,,293.53227866780276
numerical_feature_transformer,1337,NF-CSE-CIC-IDS2018,rollback_repair,rollback_repair,0.05113520599785742,0.6088117365612917,0.0773585295908436,False,False,,,,0.9016815347347046,0.6649624946369137,0.9703310815772076,0.9054590014176882,0.6350153817029468,0.9545408645242895,0.759477293310907,0.2476140574123283,0.278005719258983,0.9551742173513781,0.5771456337828743,0.7567658812255939,0.7318231002746516,0.4349886628597943,0.4000393522715702,0.03494931058822409,0.5458117978727949,0.13309131097221688,0.15972112148495865,0.2990655321374692,0.030391661846654677,3.9598444830007793,156.37429964999865,39.49001035805776,,,65.8602299862138
numerical_feature_transformer,1337,NF-CSE-CIC-IDS2018,ssd_canonical,ssd_canonical,0.05113520599785742,0.05113520599785742,0.0773585295908436,True,True,no_parameters_selected,True,3.19626730885009,0.9016815347347046,0.9016815347347046,0.9703310815772076,0.9054590014176882,0.9054590014176882,0.9545408645242895,0.759477293310907,0.759477293310907,0.278005719258983,0.9551742173513781,0.9551742173513781,0.7567658812255939,0.7318231002746516,0.7318231002746516,0.4000393522715702,0.33178374800308136,0.5634957925761395,0.16439782594175678,0.43736687472493196,0.6665013346828697,0.481471574051924,11.754083089999767,156.37429964999865,13.303827993443404,0.0,0.8810790277118532,0.0
numerical_feature_transformer,1337,NF-CSE-CIC-IDS2018,ssd_canonical@alpha=1,ssd_canonical,0.05113520599785742,0.15789016474936712,0.0773585295908436,False,False,weights_changed,False,3.19626730885009,0.9016815347347046,0.7121306942511954,0.9703310815772076,0.9054590014176882,0.9001943859949021,0.9545408645242895,0.759477293310907,0.5093447421751858,0.278005719258983,0.9551742173513781,0.8451552347009033,0.7567658812255939,0.7318231002746516,0.7054886051983892,0.4000393522715702,0.30544925292681896,0.4239887232497544,0.2548271795338673,0.2644886822371961,0.529033745554034,0.23133902291620279,11.824325936000605,156.37429964999865,13.22479611069397,0.49486887115165334,0.8810790277118532,3.3656888190556997
numerical_feature_transformer,1337,NF-CSE-CIC-IDS2018,ssd_canonical@alpha=2,ssd_canonical,0.05113520599785742,0.06690332699013819,0.0773585295908436,False,False,weights_changed,False,3.19626730885009,0.9016815347347046,0.9552142768354113,0.9703310815772076,0.9054590014176882,0.9004431238740488,0.9545408645242895,0.759477293310907,0.6331202309754589,0.278005719258983,0.9551742173513781,0.9384752262246047,0.7567658812255939,0.7318231002746516,0.7758172758854989,0.4000393522715702,0.37577792361392864,0.6435863482978087,0.103856272702132,0.49314900289872915,0.7019969100906719,0.3551145117164759,11.8054326879992,156.37429964999865,13.245960887902124,0.019954389965792473,0.8810790277118532,1.2253774988126853
numerical_feature_transformer,1337,NF-CSE-CIC-IDS2018,ssd_canonical@alpha=3,ssd_canonical,0.05113520599785742,0.05113520599785742,0.0773585295908436,True,True,no_parameters_selected,False,3.19626730885009,0.9016815347347046,0.9016815347347046,0.9703310815772076,0.9054590014176882,0.9054590014176882,0.9545408645242895,0.759477293310907,0.759477293310907,0.278005719258983,0.9551742173513781,0.9551742173513781,0.7567658812255939,0.7318231002746516,0.7318231002746516,0.4000393522715702,0.33178374800308136,0.5634957925761395,0.16439782594175678,0.43736687472493196,0.6665013346828697,0.481471574051924,11.750566755999898,156.37429964999865,13.307809137814834,0.0,0.8810790277118532,0.0
numerical_feature_transformer,1337,NF-CSE-CIC-IDS2018,ssd_canonical@alpha=5,ssd_canonical,0.05113520599785742,0.05113520599785742,0.0773585295908436,True,True,no_parameters_selected,True,3.19626730885009,0.9016815347347046,0.9016815347347046,0.9703310815772076,0.9054590014176882,0.9054590014176882,0.9545408645242895,0.759477293310907,0.759477293310907,0.278005719258983,0.9551742173513781,0.9551742173513781,0.7567658812255939,0.7318231002746516,0.7318231002746516,0.4000393522715702,0.33178374800308136,0.5634957925761395,0.16439782594175678,0.43736687472493196,0.6665013346828697,0.481471574051924,11.697211693999634,156.37429964999865,13.368510696460644,0.0,0.8810790277118532,0.0
numerical_feature_transformer,1337,NF-CSE-CIC-IDS2018,dc_ssd_no_contrast,dc_ssd_no_contrast,0.05113520599785742,0.05614570528136778,0.0773585295908436,False,False,weights_changed,False,,0.9016815347347046,0.8594855381292991,0.9703310815772076,0.9054590014176882,0.8508140831204895,0.9545408645242895,0.759477293310907,0.7872768755871695,0.278005719258983,0.9551742173513781,0.958761674534551,0.7567658812255939,0.7318231002746516,0.7030000147259052,0.4000393522715702,0.302960662454335,0.5518773226261159,0.15548401559693012,0.4510262924416702,0.5978838591827998,0.5092711563281865,0.043680524999217596,156.37429964999865,3579.954674372609,0.013797035347776512,0.5044739201732461,1.2237146836144728
numerical_feature_transformer,1337,NF-CSE-CIC-IDS2018,dc_ssd_no_class_balance,dc_ssd_no_class_balance,0.05113520599785742,0.08151824531507265,0.0773585295908436,False,False,weights_changed,False,,0.9016815347347046,0.7985369039662822,0.9703310815772076,0.9054590014176882,0.8988196490053015,0.9545408645242895,0.759477293310907,0.7656636707047023,0.278005719258983,0.9551742173513781,0.9577194377613092,0.7567658812255939,0.7318231002746516,0.7162104758509156,0.4000393522715702,0.31617112357934535,0.5617871940540772,0.14094192756067325,0.47104013906481723,0.6556659314657459,0.48765795144571933,0.04679583600045589,156.37429964999865,3341.628508324442,0.025769669327251995,0.5629050212339266,1.7349311259965614
numerical_feature_transformer,1337,NF-CSE-CIC-IDS2018,dc_ssd,dc_ssd,0.05113520599785742,0.06643405027568672,0.0773585295908436,False,False,weights_changed,False,,0.9016815347347046,0.8838741794730179,0.9703310815772076,0.9054590014176882,0.8876242190766241,0.9545408645242895,0.759477293310907,0.8067180616740088,0.278005719258983,0.9551742173513781,0.9587055924383621,0.7567658812255939,0.7318231002746516,0.6974625294597157,0.4000393522715702,0.2974231771881454,0.5438896245354747,0.13961647312243636,0.5348654065933466,0.5986595301867045,0.5287123424150258,0.04683183100132737,156.37429964999865,3339.060128688252,0.024743443557582668,0.4626826471951699,2.031694875655515
numerical_feature_transformer,1337,NF-CSE-CIC-IDS2018,scrub_r,scrub_r,0.05113520599785742,0.08400961426573127,0.0773585295908436,False,False,,,,0.9016815347347046,0.9535520629223903,0.9703310815772076,0.9054590014176882,0.8730107814254272,0.9545408645242895,0.759477293310907,0.25367031426457415,0.278005719258983,0.9551742173513781,0.6908474485180041,0.7567658812255939,0.7318231002746516,0.3635675761855551,0.4000393522715702,0.03647177608601515,0.5488018452864039,0.1791480807610866,0.388850461606594,0.5045815842771466,0.024335404994408838,127.59419887500007,156.37429964999865,1.225559633813709,,,154.8691449789032
numerical_feature_transformer,1337,NF-CSE-CIC-IDS2018,scrub_r@lr=0.001,scrub_r,0.05113520599785742,0.09539252500208885,0.0773585295908436,False,False,,,,0.9016815347347046,0.90205503478006,0.9703310815772076,0.9054590014176882,0.8480752176801861,0.9545408645242895,0.759477293310907,0.2549914873858536,0.278005719258983,0.9551742173513781,0.7953606941181572,0.7567658812255939,0.7318231002746516,0.3775537898698239,0.4000393522715702,0.022485562401746317,0.5696894622186152,0.14826617464697275,0.6569871786333278,0.5838353002494888,0.023014231873129398,127.47835803000089,156.37429964999865,1.2266733119765894,,,305.20438041142677
mlp,2026,NF-UNSW-NB15,rollback_repair,rollback_repair,0.23253714960503685,0.6776628932476351,0.25367923513882806,False,False,,,,0.757130026200119,0.7007471464297942,0.7601000247889202,0.8138354004690881,0.3616972965259257,0.8234198910753346,0.9925280199252802,0.12911573123940395,0.03561092236063924,0.9999203083734569,0.24456756949096964,0.14082210165061082,0.48496927089887226,0.4876541646184362,0.51760822811162,0.029954063493183802,0.6889714993804213,0.07525931988249639,0.25294938528737054,0.439564946843577,0.09350480887876472,1.7613045119996968,69.75802362700233,39.60588481534211,,,10.72494396962914
mlp,2026,NF-UNSW-NB15,ssd_canonical,ssd_canonical,0.23253714960503685,0.23253714960503685,0.25367923513882806,True,True,no_parameters_selected,True,3.5252324037184595,0.757130026200119,0.757130026200119,0.7601000247889202,0.8138354004690881,0.8138354004690881,0.8234198910753346,0.9925280199252802,0.9925280199252802,0.03561092236063924,0.9999203083734569,0.9999203083734569,0.14082210165061082,0.48496927089887226,0.48496927089887226,0.51760822811162,0.03263895721274773,0.27032694690687253,0.3614386089172789,0.2891293621653234,0.8743857465573085,0.9569170975646409,3.176277554999615,69.75802362700233,21.962193926409174,0.0,0.7229444516262709,0.0
mlp,2026,NF-UNSW-NB15,ssd_canonical@alpha=1,ssd_canonical,0.23253714960503685,0.2345744570268707,0.25367923513882806,False,False,weights_changed,False,3.5252324037184595,0.757130026200119,0.7564408475361585,0.7601000247889202,0.8138354004690881,0.8127864308794681,0.8234198910753346,0.9925280199252802,0.9852525886413555,0.03561092236063924,0.9999203083734569,0.9998345039455238,0.14082210165061082,0.48496927089887226,0.48774243236027087,0.51760822811162,0.029865795751349122,0.27132780478505386,0.35830227822084737,0.3261256530208201,0.8740290329017234,0.9496416662807162,3.184958668998661,69.75802362700233,21.902332455991964,0.03518889019653996,0.7229444516262709,1.066689567212158
mlp,2026,NF-UNSW-NB15,ssd_canonical@alpha=2,ssd_canonical,0.23253714960503685,0.23265195795322324,0.25367923513882806,False,False,weights_changed,False,3.5252324037184595,0.757130026200119,0.757049197236075,0.7601000247889202,0.8138354004690881,0.8139584628620598,0.8234198910753346,0.9925280199252802,0.9922142634693242,0.03561092236063924,0.9999203083734569,0.9998887791873398,0.14082210165061082,0.48496927089887226,0.4871987415398724,0.51760822811162,0.03040948657174758,0.2703746068058336,0.36010744504434145,0.29375933023634543,0.8740409866072603,0.956603341108685,3.199692001000585,69.75802362700233,21.80148076914531,0.0084735789102036,0.7229444516262709,0.7333311578339491
mlp,2026,NF-UNSW-NB15,ssd_canonical@alpha=3,ssd_canonical,0.23253714960503685,0.2325178499598389,0.25367923513882806,False,False,weights_changed,False,3.5252324037184595,0.757130026200119,0.7571916490988699,0.7601000247889202,0.8138354004690881,0.8138650285383059,0.8234198910753346,0.9925280199252802,0.9928371223917782,0.03561092236063924,0.9999203083734569,0.9999175415265119,0.14082210165061082,0.48496927089887226,0.48553383762876523,0.51760822811162,0.032074390482854764,0.27027928700791154,0.36150004870468033,0.29187565629517886,0.874430784432085,0.957226200031139,3.1104934300001332,69.75802362700233,22.42667448006773,0.0011768859597505001,0.7229444516262709,0.3143831732049624
mlp,2026,NF-UNSW-NB15,ssd_canonical@alpha=5,ssd_canonical,0.23253714960503685,0.23253714960503685,0.25367923513882806,True,True,no_parameters_selected,True,3.5252324037184595,0.757130026200119,0.757130026200119,0.7601000247889202,0.8138354004690881,0.8138354004690881,0.8234198910753346,0.9925280199252802,0.9925280199252802,0.03561092236063924,0.9999203083734569,0.9999203083734569,0.14082210165061082,0.48496927089887226,0.48496927089887226,0.51760822811162,0.03263895721274773,0.27032694690687253,0.3614386089172789,0.2891293621653234,0.8743857465573085,0.9569170975646409,3.0982858410006884,69.75802362700233,22.515038058745347,0.0,0.7229444516262709,0.0
mlp,2026,NF-UNSW-NB15,dc_ssd_no_contrast,dc_ssd_no_contrast,0.23253714960503685,0.23593659500129235,0.25367923513882806,False,False,weights_changed,False,,0.757130026200119,0.7581477505278752,0.7601000247889202,0.8138354004690881,0.8093709150990126,0.8234198910753346,0.9925280199252802,0.9795017344686219,0.03561092236063924,0.9999203083734569,0.9990190562400891,0.14082210165061082,0.48496927089887226,0.4905511333680537,0.51760822811162,0.027057094743566268,0.2721856829663521,0.3494814872551681,0.3227943891179702,0.881654004062086,0.9438908121079826,0.0192581599985715,69.75802362700233,3622.257974395099,0.022066611745321877,0.4399077289648541,1.419510437332439
mlp,2026,NF-UNSW-NB15,dc_ssd_no_class_balance,dc_ssd_no_class_balance,0.23253714960503685,0.2345984941342962,0.25367923513882806,False,False,weights_changed,False,,0.757130026200119,0.7584709533494899,0.7601000247889202,0.8138354004690881,0.8170949020719639,0.8234198910753346,0.9925280199252802,0.979179810725552,0.03561092236063924,0.9999203083734569,0.9997600886317595,0.14082210165061082,0.48496927089887226,0.4882839323612809,0.51760822811162,0.02932429575033907,0.27223334286531314,0.3568282273701902,0.31000682802531043,0.8775103854616547,0.9435688883649128,0.0182236330001615,69.75802362700233,3827.8878655196872,0.013416499941155702,0.4503112059979991,1.1762012099222046
mlp,2026,NF-UNSW-NB15,dc_ssd,dc_ssd,0.23253714960503685,0.23223710881555026,0.25367923513882806,False,False,weights_changed,False,,0.757130026200119,0.7582065371146042,0.7601000247889202,0.8138354004690881,0.8088122970782624,0.8234198910753346,0.9925280199252802,0.964968152866242,0.03561092236063924,0.9999203083734569,0.9968017501400797,0.14082210165061082,0.48496927089887226,0.4993585577890922,0.51760822811162,0.018249670322527778,0.2741397388237537,0.3326924581062538,0.3860781439088017,0.8818243117415968,0.9293572305056028,0.019208616999094374,69.75802362700233,3631.600527528411,0.02959868188772508,0.42806292649648364,2.0121219062641758
mlp,2026,NF-UNSW-NB15,scrub_r,scrub_r,0.23253714960503685,0.2795151069008521,0.25367923513882806,False,False,,,,0.757130026200119,0.7644641983449724,0.7601000247889202,0.8138354004690881,0.7816379050892155,0.8234198910753346,0.9925280199252802,0.07259953161592506,0.03561092236063924,0.9999203083734569,0.38609495973143826,0.14082210165061082,0.48496927089887226,0.5090125371013406,0.51760822811162,0.00859569101027935,0.5809741683347631,0.19639335528316587,0.16810036034073292,0.4791245116354041,0.03698860925528582,55.40786311299962,69.75802362700233,1.2589914085792622,,,143.29884863552962
mlp,2026,NF-UNSW-NB15,scrub_r@lr=0.001,scrub_r,0.23253714960503685,0.24278147547338405,0.25367923513882806,False,False,,,,0.757130026200119,0.7689612897587602,0.7601000247889202,0.8138354004690881,0.793197233269662,0.8234198910753346,0.9925280199252802,0.047226798462383306,0.03561092236063924,0.9999203083734569,0.1482472088948853,0.14082210165061082,0.48496927089887226,0.5137338271484794,0.51760822811162,0.003874400963140623,0.6754837479744543,0.14355128172670104,0.15037969709122034,0.5176895727341705,0.011615876101744069,55.55193556000086,69.75802362700233,1.2557262483079041,,,284.942787428877
mlp,2026,NF-ToN-IoT,rollback_repair,rollback_repair,0.16688301179830475,0.9875621053954384,0.21035576974379186,False,False,,,,0.8582119042305091,0.0,0.8804986483849232,0.9429343588376923,0.8990049050432273,0.924013694667384,0.68928238583411,0.0,0.10151708492839927,0.612623433267644,0.4761363787807507,0.4711939036914784,0.7801685342998226,0.569877942677283,0.5757992689972231,0.0059213263199401345,0.9362823745129498,0.03709141452334236,0.30441238196650316,0.4787773673882248,0.10151708492839927,2.1587517480002134,87.31811975799974,40.44843036670982,,,38.9117665680935
mlp,2026,NF-ToN-IoT,ssd_canonical,ssd_canonical,0.16688301179830475,0.16688301179830475,0.21035576974379186,True,True,no_parameters_selected,True,9.21701388888889,0.8582119042305091,0.8582119042305091,0.8804986483849232,0.9429343588376923,0.9429343588376923,0.924013694667384,0.68928238583411,0.68928238583411,0.10151708492839927,0.612623433267644,0.612623433267644,0.4711939036914784,0.7801685342998226,0.7801685342998226,0.5757992689972231,0.20436926530259947,0.5382764153105661,0.11995332472732516,0.9132257673819915,0.7688619252306537,0.5877653009057107,1.2137890049998532,87.31811975799974,71.93846656899838,0.0,0.9649038358886883,0.0
mlp,2026,NF-ToN-IoT,ssd_canonical@alpha=1,ssd_canonical,0.16688301179830475,0.6542576746734411,0.21035576974379186,False,False,weights_changed,False,9.21701388888889,0.8582119042305091,0.21091328906679777,0.8804986483849232,0.9429343588376923,0.5643925602606713,0.924013694667384,0.68928238583411,0.035830618892508145,0.10151708492839927,0.612623433267644,0.5106215982764036,0.4711939036914784,0.7801685342998226,0.5080225679351331,0.5757992689972231,0.06777670106209,0.9219573687829475,0.09437213463255056,0.45810345097376604,0.329832370026577,0.06568646603589112,1.1927965939994465,87.31811975799974,73.20453478595384,0.9820524891138048,0.9649038358886883,15.993755202369531
mlp,2026,NF-ToN-IoT,ssd_canonical@alpha=2,ssd_canonical,0.16688301179830475,0.6023295646394868,0.21035576974379186,False,False,weights_changed,False,9.21701388888889,0.8582119042305091,0.4898463548574224,0.8804986483849232,0.9429343588376923,0.5721105195131533,0.924013694667384,0.68928238583411,0.08652792990142388,0.10151708492839927,0.612623433267644,0.42763513104333006,0.4711939036914784,0.7801685342998226,0.665542557014639,0.5757992689972231,0.08974328801741593,0.881159752463901,0.10537820894954067,0.12050490570606857,0.2435154572996403,0.014989155026975384,1.1940986660010822,87.31811975799974,73.12471091724727,0.9267976933035189,0.9649038358886883,15.923414915954863
mlp,2026,NF-ToN-IoT,ssd_canonical@alpha=3,ssd_canonical,0.16688301179830475,0.734836296490945,0.21035576974379186,False,False,weights_changed,False,9.21701388888889,0.8582119042305091,0.018978396931152837,0.8804986483849232,0.9429343588376923,0.5309598112107022,0.924013694667384,0.68928238583411,0.0,0.10151708492839927,0.612623433267644,0.20834407957070014,0.4711939036914784,0.7801685342998226,0.5729187575768544,0.5757992689972231,0.0028805114203687143,0.9362823745129498,0.05665474021294431,0.48810478548047115,0.3440990782414835,0.10151708492839927,1.217670021998856,87.31811975799974,71.70918079650463,0.8278215840885018,0.9649038358886883,15.5098110003787
mlp,2026,NF-ToN-IoT,ssd_canonical@alpha=5,ssd_canonical,0.16688301179830475,1.2500772586776936,0.21035576974379186,False,False,weights_changed,False,9.21701388888889,0.8582119042305091,0.4172655081939527,0.8804986483849232,0.9429343588376923,0.6233882664211503,0.924013694667384,0.68928238583411,0.8103488462434931,0.10151708492839927,0.612623433267644,0.6561243402328147,0.4711939036914784,0.7801685342998226,0.4401990536867725,0.5757992689972231,0.13560021531045063,0.2798533119413248,0.2953368734555804,0.6881551807239072,0.4826869976990445,0.7088317613150938,1.198008118000871,87.31811975799974,72.88608352980815,0.4813463575379546,0.9649038358886883,12.218620869875403
mlp,2026,NF-ToN-IoT,dc_ssd_no_contrast,dc_ssd_no_contrast,0.16688301179830475,0.21106469855492088,0.21035576974379186,False,False,weights_changed,False,,0.8582119042305091,0.5082148855706089,0.8804986483849232,0.9429343588376923,0.8495097879043815,0.924013694667384,0.68928238583411,0.004294478527607362,0.10151708492839927,0.612623433267644,0.4397055810622607,0.4711939036914784,0.7801685342998226,0.56354688770388,0.5757992689972231,0.012252381293343162,0.9352509741003896,0.04066351777910748,0.5311377781073234,0.4479421038910682,0.0972226064007919,0.027020858999094344,87.31811975799974,3231.5079161963863,0.5609626927150759,0.976091541618359,10.218978990658684
mlp,2026,NF-ToN-IoT,dc_ssd_no_class_balance,dc_ssd_no_class_balance,0.16688301179830475,0.7015554505539057,0.21035576974379186,False,False,weights_changed,False,,0.8582119042305091,0.03857264789720926,0.8804986483849232,0.9429343588376923,0.5026969676340026,0.924013694667384,0.68928238583411,0.0072870806133292845,0.10151708492839927,0.612623433267644,0.275908513664691,0.4711939036914784,0.7801685342998226,0.7072049663451999,0.5757992689972231,0.1314056973479768,0.943616777446711,0.10916236117132413,0.168686034450794,0.2708068657412805,0.09423000431506998,0.02620292299980065,87.31811975799974,3332.38088585247,0.9446863598917264,0.6057501980423444,18.888565420129574
mlp,2026,NF-ToN-IoT,dc_ssd,dc_ssd,0.16688301179830475,0.4370875758626371,0.21035576974379186,False,False,weights_changed,False,,0.8582119042305091,0.4761180071102053,0.8804986483849232,0.9429343588376923,0.7303907504904394,0.924013694667384,0.68928238583411,0.021257212268448223,0.10151708492839927,0.612623433267644,0.3708211464959532,0.4711939036914784,0.7801685342998226,0.6048924330296296,0.5757992689972231,0.02909316403240647,0.9269997707999084,0.08087282906037646,0.3054255512934197,0.34551899402002045,0.08025987265995105,0.025958087999242707,87.31811975799974,3363.8116859973325,0.6582911615864423,0.38287283432933855,14.278184462900894
mlp,2026,NF-ToN-IoT,scrub_r,scrub_r,0.16688301179830475,0.23508054333274225,0.21035576974379186,False,False,,,,0.8582119042305091,0.7947376587887466,0.8804986483849232,0.9429343588376923,0.894978486137035,0.924013694667384,0.68928238583411,0.5730613853581633,0.10151708492839927,0.612623433267644,0.5963687350471933,0.4711939036914784,0.7801685342998226,0.5356463140522456,0.5757992689972231,0.040152954944977504,0.5940866376346551,0.0858318159945707,0.5181298193176527,0.6803352393010829,0.47154430042976403,44.92407495800035,87.31811975799974,1.9436820867126081,,,51.37869069624036
mlp,2026,NF-ToN-IoT,scrub_r@lr=0.001,scrub_r,0.16688301179830475,0.2274415469505924,0.21035576974379186,False,False,,,,0.8582119042305091,0.845280707915493,0.8804986483849232,0.9429343588376923,0.9041157959877296,0.924013694667384,0.68928238583411,0.36821131731754525,0.10151708492839927,0.612623433267644,0.5597303666329624,0.4711939036914784,0.7801685342998226,0.5824070924058807,0.5757992689972231,0.00660782340865762,0.7689663075865231,0.05997744284973417,0.41703917925024897,0.7217324748325803,0.26669423238914597,45.11819041700073,87.31811975799974,1.9353196338543286,,,105.37687137183717
mlp,2026,NF-BoT-IoT,rollback_repair,rollback_repair,0.2617881068881389,1.8886162633522086,0.24048727243114262,False,False,,,,0.7564061744562833,0.0,0.7597064724491022,0.8175302863409536,0.8316083301370045,0.8312626683358024,0.9946995751567874,0.0,0.02769511566083403,0.9888356507578604,0.3918729085019953,0.20087552119682897,0.8822499911041654,0.16335610395640657,0.384987033923789,0.22163092996738246,0.9852444515921518,0.055096617997348496,0.821093623510254,0.3453431591505543,0.02769511566083403,1.7108538989996305,68.71770666899829,40.16573636660551,,,18.489614579259413
mlp,2026,NF-BoT-IoT,ssd_canonical,ssd_canonical,0.2617881068881389,0.2617881068881389,0.24048727243114262,True,True,no_parameters_selected,True,3.3901660280970627,0.7564061744562833,0.7564061744562833,0.7597064724491022,0.8175302863409536,0.8175302863409536,0.8312626683358024,0.9946995751567874,0.9946995751567874,0.02769511566083403,0.9888356507578604,0.9888356507578604,0.20087552119682897,0.8822499911041654,0.8822499911041654,0.384987033923789,0.49726295718037633,0.02496783531682213,0.4979713607468081,0.6484525622358375,0.9692664293342209,0.9670044594959534,3.2089650079997227,68.71770666899829,21.414289809234415,0.0,0.772384164857312,0.0
mlp,2026,NF-BoT-IoT,ssd_canonical@alpha=1,ssd_canonical,0.2617881068881389,0.2610249928693446,0.24048727243114262,False,False,weights_changed,False,3.3901660280970627,0.7564061744562833,0.7553217168862622,0.7597064724491022,0.8175302863409536,0.81762935300407,0.8312626683358024,0.9946995751567874,0.9942926533090467,0.02769511566083403,0.9888356507578604,0.9878771407097223,0.20087552119682897,0.8822499911041654,0.8852108495506252,0.384987033923789,0.5002238156268362,0.025771952396268897,0.49758746622728817,0.6448898413683445,0.9692169441016012,0.9665975376482127,3.2243247469996277,68.71770666899829,21.312278402770396,0.023714252088972577,0.772384164857312,0.5154061810422821
mlp,2026,NF-BoT-IoT,ssd_canonical@alpha=2,ssd_canonical,0.2617881068881389,0.26205903510372763,0.24048727243114262,False,False,weights_changed,False,3.3901660280970627,0.7564061744562833,0.756212046282348,0.7597064724491022,0.8175302863409536,0.81709734732101,0.8312626683358024,0.9946995751567874,0.9945571899722802,0.02769511566083403,0.9888356507578604,0.9886824233639342,0.20087552119682897,0.8822499911041654,0.8827100576624828,0.384987033923789,0.49772302373869376,0.025249276294628496,0.49793000967193474,0.6461063501671955,0.9695679331943111,0.9668620743114461,3.199205875000189,68.71770666899829,21.479613802282802,0.001000353065787925,0.772384164857312,0.22227742778903256
mlp,2026,NF-BoT-IoT,ssd_canonical@alpha=3,ssd_canonical,0.2617881068881389,0.26179526719830337,0.24048727243114262,False,False,weights_changed,False,3.3901660280970627,0.7564061744562833,0.7564061744562833,0.7597064724491022,0.8175302863409536,0.8175293565265153,0.8312626683358024,0.9946995751567874,0.9946995751567874,0.02769511566083403,0.9888356507578604,0.9888378876541221,0.20087552119682897,0.8822499911041654,0.8822499513906176,0.384987033923789,0.49726291746682855,0.02496783531682213,0.4979718598024649,0.6484523637336187,0.969267095157762,0.9670044594959534,3.179810871000882,68.71770666899829,21.61062700165202,5.884429798752501e-05,0.772384164857312,0.01796005656799922
mlp,2026,NF-BoT-IoT,ssd_canonical@alpha=5,ssd_canonical,0.2617881068881389,0.2617881068881389,0.24048727243114262,True,True,no_parameters_selected,True,3.3901660280970627,0.7564061744562833,0.7564061744562833,0.7597064724491022,0.8175302863409536,0.8175302863409536,0.8312626683358024,0.9946995751567874,0.9946995751567874,0.02769511566083403,0.9888356507578604,0.9888356507578604,0.20087552119682897,0.8822499911041654,0.8822499911041654,0.384987033923789,0.49726295718037633,0.02496783531682213,0.4979713607468081,0.6484525622358375,0.9692664293342209,0.9670044594959534,3.23332032899998,68.71770666899829,21.252984448420456,0.0,0.772384164857312,0.0
mlp,2026,NF-BoT-IoT,dc_ssd_no_contrast,dc_ssd_no_contrast,0.2617881068881389,0.34851800783097786,0.24048727243114262,False,False,weights_changed,False,,0.7564061744562833,0.6483536015965708,0.7597064724491022,0.8175302863409536,0.7312302326987606,0.8312626683358024,0.9946995751567874,0.808316746204945,0.02769511566083403,0.9888356507578604,0.6371407544603711,0.20087552119682897,0.8822499911041654,0.865506213303689,0.384987033923789,0.4805191793799,0.3233354776455452,0.18154367375084995,0.9167722589675341,0.8755336549117937,0.7806216305441109,0.025064716000997578,68.71770666899829,2741.6112221763583,0.19595151229845828,0.476043403547739,6.020823982962899
mlp,2026,NF-BoT-IoT,dc_ssd_no_class_balance,dc_ssd_no_class_balance,0.2617881068881389,0.26235498541535246,0.24048727243114262,False,False,weights_changed,False,,0.7564061744562833,0.7565942924577573,0.7597064724491022,0.8175302863409536,0.8187934740531909,0.8312626683358024,0.9946995751567874,0.9947809200145649,0.02769511566083403,0.9888356507578604,0.9885672232064566,0.20087552119682897,0.8822499911041654,0.8821640956645355,0.384987033923789,0.49717706174074644,0.024807011900932777,0.4979756125161539,0.6541253905979251,0.9694610909492535,0.9670858043537308,0.017784124000172596,68.71770666899829,3863.991651673784,0.0022949276215134752,0.5698076360039966,0.43346277612916684
mlp,2026,NF-BoT-IoT,dc_ssd,dc_ssd,0.2617881068881389,0.40562321156831355,0.24048727243114262,False,False,weights_changed,False,,0.7564061744562833,0.46893383726300586,0.7597064724491022,0.8175302863409536,0.7298080485602038,0.8312626683358024,0.9946995751567874,0.8148059815402228,0.02769511566083403,0.9888356507578604,0.6008046115853332,0.20087552119682897,0.8822499911041654,0.7837550164167864,0.384987033923789,0.39876798249299733,0.31368607269218396,0.15019981721839626,0.8846551292659897,0.84288352248449,0.7871108658793887,0.025326324999696226,68.71770666899829,2713.2916706163455,0.26085677297869836,0.30393095579350843,8.737114200490723
mlp,2026,NF-BoT-IoT,scrub_r,scrub_r,0.2617881068881389,0.34635297248569824,0.24048727243114262,False,False,,,,0.7564061744562833,0.7264022596564624,0.7597064724491022,0.8175302863409536,0.7354940470532528,0.8312626683358024,0.9946995751567874,0.42851272324956535,0.02769511566083403,0.9888356507578604,0.3386929367763641,0.20087552119682897,0.8822499911041654,0.459849141536066,0.384987033923789,0.07486210761227696,0.7381794789321325,0.06788728986858487,0.8893414448950195,0.7812687351748367,0.4008176075887313,56.17178828500073,68.71770666899829,1.223349100447771,,,149.44540521322477
mlp,2026,NF-BoT-IoT,scrub_r@lr=0.001,scrub_r,0.2617881068881389,0.34320746510443945,0.24048727243114262,False,False,,,,0.7564061744562833,0.7232806807245681,0.7597064724491022,0.8175302863409536,0.7350632737477802,0.8312626683358024,0.9946995751567874,0.5977264393105978,0.02769511566083403,0.9888356507578604,0.3634173511569227,0.20087552119682897,0.8822499911041654,0.7275997868415037,0.384987033923789,0.3426127529177147,0.5834673528465745,0.0644989795369052,0.7185568348225355,0.7448378965712948,0.5700313236497637,56.17553980299999,68.71770666899829,1.2232674026806325,,,295.5206608194297
mlp,2026,NF-CSE-CIC-IDS2018,rollback_repair,rollback_repair,0.04754255418273886,5.796402892534641,0.05741045104578054,False,False,,,,0.8921699936387258,0.6649624946369137,0.9577582802842284,0.8671264641329871,0.7747472367366383,0.9218723692276619,0.5874081176094599,0.2476140574123283,0.2899436653481961,0.8400471173817596,0.803570476916913,0.6712237899846023,0.6876337301919635,0.30198791703334626,0.35011498176562517,0.0481270647322789,0.571440775703729,0.29195978484502333,0.5632046415512397,0.35016375298504365,0.04232960793586779,1.6550363950009341,67.72401284900116,40.91995381706572,,,54.732244591139455
mlp,2026,NF-CSE-CIC-IDS2018,ssd_canonical,ssd_canonical,0.04754255418273886,0.04754255418273886,0.05741045104578054,True,True,no_parameters_selected,True,3.19626730885009,0.8921699936387258,0.8921699936387258,0.9577582802842284,0.8671264641329871,0.8671264641329871,0.9218723692276619,0.5874081176094599,0.5874081176094599,0.2899436653481961,0.8400471173817596,0.8400471173817596,0.6712237899846023,0.6876337301919635,0.6876337301919635,0.35011498176562517,0.33751874842633833,0.5543975054461577,0.15454978698245828,0.8099735532917648,0.7761526888582043,0.2974644522612638,3.398519986998508,67.72401284900116,19.927501709005217,0.0,0.9024798404006447,0.0
mlp,2026,NF-CSE-CIC-IDS2018,ssd_canonical@alpha=1,ssd_canonical,0.04754255418273886,0.11947597092426716,0.05741045104578054,False,False,weights_changed,False,3.19626730885009,0.8921699936387258,0.9373811344107764,0.9577582802842284,0.8671264641329871,0.8569829261315675,0.9218723692276619,0.5874081176094599,0.3953070003910833,0.2899436653481961,0.8400471173817596,0.8583675720583133,0.6712237899846023,0.6876337301919635,0.43874017757273537,0.35011498176562517,0.0886251958071102,0.79039767630601,0.03950669729185785,0.7324958942075324,0.7593209935569663,0.1053633350428872,3.4299437620011304,67.72401284900116,19.744933896376473,0.5310109450394257,0.9024798404006447,4.819063202387122
mlp,2026,NF-CSE-CIC-IDS2018,ssd_canonical@alpha=2,ssd_canonical,0.04754255418273886,0.046786087665251254,0.05741045104578054,False,False,weights_changed,False,3.19626730885009,0.8921699936387258,0.8930347956446413,0.9577582802842284,0.8671264641329871,0.8835847376282615,0.9218723692276619,0.5874081176094599,0.6034816247582205,0.2899436653481961,0.8400471173817596,0.8261075473403869,0.6712237899846023,0.6876337301919635,0.6301250272271147,0.35011498176562517,0.28001004546148955,0.5519200375891675,0.15650708996560117,0.8123586229218127,0.8127653283432607,0.31353795941002444,3.4068223419999413,67.72401284900116,19.878938802909353,0.052018359420972105,0.9024798404006447,2.6522591596628713
mlp,2026,NF-CSE-CIC-IDS2018,ssd_canonical@alpha=3,ssd_canonical,0.04754255418273886,0.04755000539465328,0.05741045104578054,False,False,weights_changed,False,3.19626730885009,0.8921699936387258,0.8921699936387258,0.9577582802842284,0.8671264641329871,0.8665443314074057,0.9218723692276619,0.5874081176094599,0.5876338073174628,0.2899436653481961,0.8400471173817596,0.8402132584300888,0.6712237899846023,0.6876337301919635,0.6937613414314971,0.35011498176562517,0.343646359665872,0.5544402204092094,0.15460575307498825,0.8101956544707841,0.7759297026953601,0.29769014196926674,3.3978846699992573,67.72401284900116,19.931227639052256,0.00011768859597505002,0.9024798404006447,0.09157486711638753
mlp,2026,NF-CSE-CIC-IDS2018,ssd_canonical@alpha=5,ssd_canonical,0.04754255418273886,0.04754255418273886,0.05741045104578054,True,True,no_parameters_selected,True,3.19626730885009,0.8921699936387258,0.8921699936387258,0.9577582802842284,0.8671264641329871,0.8671264641329871,0.9218723692276619,0.5874081176094599,0.5874081176094599,0.2899436653481961,0.8400471173817596,0.8400471173817596,0.6712237899846023,0.6876337301919635,0.6876337301919635,0.35011498176562517,0.33751874842633833,0.5543975054461577,0.15454978698245828,0.8099735532917648,0.7761526888582043,0.2974644522612638,3.449315153999123,67.72401284900116,19.634046129557685,0.0,0.9024798404006447,0.0
mlp,2026,NF-CSE-CIC-IDS2018,dc_ssd_no_contrast,dc_ssd_no_contrast,0.04754255418273886,0.04570133337839388,0.05741045104578054,False,False,weights_changed,False,,0.8921699936387258,0.8943765578042852,0.9577582802842284,0.8671264641329871,0.8917668893204215,0.9218723692276619,0.5874081176094599,0.6257309941520468,0.2899436653481961,0.8400471173817596,0.8275894710559842,0.6712237899846023,0.6876337301919635,0.5676138246979451,0.35011498176562517,0.2174988429323199,0.5491862799538678,0.156964077591717,0.8102339486789929,0.7979731097475993,0.3357873288038507,0.024265826999908313,67.72401284900116,2790.921275803089,0.046486995410144755,0.5721437278274706,2.8152598968981843
mlp,2026,NF-CSE-CIC-IDS2018,dc_ssd_no_class_balance,dc_ssd_no_class_balance,0.04754255418273886,0.050522777593860216,0.05741045104578054,False,False,weights_changed,False,,0.8921699936387258,0.9068020521921438,0.9577582802842284,0.8671264641329871,0.9046949448519997,0.9218723692276619,0.5874081176094599,0.6056966897613549,0.2899436653481961,0.8400471173817596,0.8398427060733955,0.6712237899846023,0.6876337301919635,0.5638073532227011,0.35011498176562517,0.21369237145707598,0.5626414933151083,0.1357529903193177,0.825056237699438,0.7894532519449001,0.31575302441315883,0.027046822000556858,67.72401284900116,2503.9545439980643,0.05931505237142521,0.598567918913121,3.3095036701008556
mlp,2026,NF-CSE-CIC-IDS2018,dc_ssd,dc_ssd,0.04754255418273886,0.05324445060706365,0.05741045104578054,False,False,weights_changed,False,,0.8921699936387258,0.8881357085741728,0.9577582802842284,0.8671264641329871,0.898011976589999,0.9218723692276619,0.5874081176094599,0.635973597359736,0.2899436653481961,0.8400471173817596,0.8464669798181446,0.6712237899846023,0.6876337301919635,0.5324256133994536,0.35011498176562517,0.18231063163382843,0.5443167741659903,0.15120647995169417,0.8072839118061776,0.7870652131681491,0.3460299320115399,0.024824035999699845,67.72401284900116,2728.1628519157816,0.07532070142403201,0.5278537156615148,4.226832046308084
mlp,2026,NF-CSE-CIC-IDS2018,scrub_r,scrub_r,0.04754255418273886,0.1024856511046419,0.05741045104578054,False,False,,,,0.8921699936387258,0.8556026776240784,0.9577582802842284,0.8671264641329871,0.8462674733529029,0.9218723692276619,0.5874081176094599,0.40322003577817533,0.2899436653481961,0.8400471173817596,0.7750630579600908,0.6712237899846023,0.6876337301919635,0.30852169335895097,0.35011498176562517,0.0415932884066742,0.7236341890564265,0.052224027996731225,0.719026563790347,0.5552616645170111,0.11327637042997923,57.5534976910003,67.72401284900116,1.1767141106280883,,,79.33876383736445
mlp,2026,NF-CSE-CIC-IDS2018,scrub_r@lr=0.001,scrub_r,0.04754255418273886,0.08984760519876264,0.05741045104578054,False,False,,,,0.8921699936387258,0.8985516063769565,0.9577582802842284,0.8671264641329871,0.8515082850775797,0.9218723692276619,0.5874081176094599,0.49388264669163545,0.2899436653481961,0.8400471173817596,0.8710210583571991,0.6712237899846023,0.6876337301919635,0.282166868289606,0.35011498176562517,0.06794811347601915,0.715390201187476,0.04282081228479012,0.5658956091084708,0.5214667360861155,0.20393898134343935,57.253947254001105,67.72401284900116,1.1828706333303223,,,159.68875340933556
numerical_feature_transformer,2026,NF-UNSW-NB15,rollback_repair,rollback_repair,0.1202522424036968,0.6593437243205816,0.25493421923284676,False,False,,,,0.9104917922468948,0.7001555508179528,0.7800632428584494,0.8864102559046021,0.5510992417199738,0.7713025692777028,0.9873976055450535,0.142034888869211,0.3140013271400133,0.999868446079558,0.9347493037197491,0.8257468910292131,0.4841856445096552,0.4836962414510514,0.4991488406748211,0.015452599223769736,0.28267086073777525,0.14299145983528022,0.23404732050755955,0.4499660104944246,0.17196643827080227,4.085183350000079,163.16198281000106,39.93994120484161,,,20.326350698010227
numerical_feature_transformer,2026,NF-UNSW-NB15,ssd_canonical,ssd_canonical,0.1202522424036968,0.1202522424036968,0.25493421923284676,True,True,no_parameters_selected,True,3.5252324037184595,0.9104917922468948,0.9104917922468948,0.7800632428584494,0.8864102559046021,0.8864102559046021,0.7713025692777028,0.9873976055450535,0.9873976055450535,0.3140013271400133,0.999868446079558,0.999868446079558,0.8257468910292131,0.4841856445096552,0.4841856445096552,0.4991488406748211,0.014963196165165948,0.7526927842912973,0.12333456134420975,0.1524225057792009,0.6299704228119561,0.6733962784050402,10.579221800000596,163.16198281000106,15.422871917667127,0.0,0.4310547924667279,0.0
numerical_feature_transformer,2026,NF-UNSW-NB15,ssd_canonical@alpha=1,ssd_canonical,0.1202522424036968,0.15393375905300305,0.25493421923284676,False,False,weights_changed,False,3.5252324037184595,0.9104917922468948,0.8306733307554804,0.7800632428584494,0.8864102559046021,0.8713855084446762,0.7713025692777028,0.9873976055450535,0.9959387691346454,0.3140013271400133,0.999868446079558,0.9998843071905335,0.8257468910292131,0.4841856445096552,0.48606556063409767,0.4991488406748211,0.013083280040723455,0.7540749213611667,0.12184476266262534,0.14147280145543917,0.6391653036710738,0.6819374419946321,10.549560094001208,163.16198281000106,15.466235687190387,0.049828962371721776,0.4310547924667279,1.023786745689777
numerical_feature_transformer,2026,NF-UNSW-NB15,ssd_canonical@alpha=2,ssd_canonical,0.1202522424036968,0.12651135731697602,0.25493421923284676,False,False,weights_changed,False,3.5252324037184595,0.9104917922468948,0.8924345406190058,0.7800632428584494,0.8864102559046021,0.8897212668242758,0.7713025692777028,0.9873976055450535,0.9968789013732834,0.3140013271400133,0.999868446079558,0.9998719850698364,0.8257468910292131,0.4841856445096552,0.48593194293092246,0.4991488406748211,0.01321689774389867,0.7539319416642837,0.12323758577989831,0.14994845789355946,0.6476683402698978,0.6828775742332701,10.628807973000221,163.16198281000106,15.35092018074581,0.007411630558722919,0.4310547924667279,0.49766508656804
numerical_feature_transformer,2026,NF-UNSW-NB15,ssd_canonical@alpha=3,ssd_canonical,0.1202522424036968,0.12040367749629349,0.25493421923284676,False,False,weights_changed,False,3.5252324037184595,0.9104917922468948,0.9105655475622907,0.7800632428584494,0.8864102559046021,0.8863362867323068,0.7713025692777028,0.9873976055450535,0.9915280828365234,0.3140013271400133,0.999868446079558,0.9998685425974747,0.8257468910292131,0.4841856445096552,0.48406093118765525,0.4991488406748211,0.015087909487165874,0.7533123629777905,0.12320241528434837,0.15216927004330483,0.6299762877477352,0.6775267556965101,10.65398574199935,163.16198281000106,15.314642497295265,0.00022805017103762827,0.4310547924667279,0.028865937970867693
numerical_feature_transformer,2026,NF-UNSW-NB15,ssd_canonical@alpha=5,ssd_canonical,0.1202522424036968,0.1202522424036968,0.25493421923284676,True,True,no_parameters_selected,True,3.5252324037184595,0.9104917922468948,0.9104917922468948,0.7800632428584494,0.8864102559046021,0.8864102559046021,0.7713025692777028,0.9873976055450535,0.9873976055450535,0.3140013271400133,0.999868446079558,0.999868446079558,0.8257468910292131,0.4841856445096552,0.4841856445096552,0.4991488406748211,0.014963196165165948,0.7526927842912973,0.12333456134420975,0.1524225057792009,0.6299704228119561,0.6733962784050402,10.623784770001294,163.16198281000106,15.358178496869266,0.0,0.4310547924667279,0.0
numerical_feature_transformer,2026,NF-UNSW-NB15,dc_ssd_no_contrast,dc_ssd_no_contrast,0.1202522424036968,0.12528708785161102,0.25493421923284676,False,False,weights_changed,False,,0.9104917922468948,0.8678138426900714,0.7800632428584494,0.8864102559046021,0.8643689882517807,0.7713025692777028,0.9873976055450535,0.9803299492385786,0.3140013271400133,0.999868446079558,0.9998799638842825,0.8257468910292131,0.4841856445096552,0.4859060169970749,0.4991488406748211,0.013242823677746207,0.7533600228767515,0.12068309452583593,0.14976311362282216,0.6489937117477155,0.6663286220985654,0.0435377840003639,163.16198281000106,3747.59502708354,0.012314709236031927,0.2906559008010391,0.6904087422618747
numerical_feature_transformer,2026,NF-UNSW-NB15,dc_ssd_no_class_balance,dc_ssd_no_class_balance,0.1202522424036968,0.13315273018000018,0.25493421923284676,False,False,weights_changed,False,,0.9104917922468948,0.851028858515159,0.7800632428584494,0.8864102559046021,0.8825081719554752,0.7713025692777028,0.9873976055450535,0.9864396089561652,0.3140013271400133,0.999868446079558,0.9998756205780317,0.8257468910292131,0.4841856445096552,0.4850907054182959,0.4991488406748211,0.014058135256525217,0.7525498045944142,0.12302111837807549,0.14191808630359593,0.66284847359398,0.672438281816152,0.044155363999379915,163.16198281000106,3695.1792043270752,0.009122006841505131,0.29904780355776617,0.6727077629097803
numerical_feature_transformer,2026,NF-UNSW-NB15,dc_ssd,dc_ssd,0.1202522424036968,0.15490585684674923,0.25493421923284676,False,False,weights_changed,False,,0.9104917922468948,0.8287644194599824,0.7800632428584494,0.8864102559046021,0.8743101175977545,0.7713025692777028,0.9873976055450535,0.9943679599499374,0.3140013271400133,0.999868446079558,0.9999005543731753,0.8257468910292131,0.4841856445096552,0.48555632137689564,0.4991488406748211,0.013592519297925487,0.7543132208559717,0.12100193776216978,0.15316134131542805,0.6445724279478485,0.6803666328099242,0.04557828499855532,163.16198281000106,3579.8183897260014,0.020182440136830102,0.2562988106719085,1.0911924347299706
numerical_feature_transformer,2026,NF-UNSW-NB15,scrub_r,scrub_r,0.1202522424036968,0.15240878437599586,0.25493421923284676,False,False,,,,0.9104917922468948,0.7714133853961339,0.7800632428584494,0.8864102559046021,0.8280543913927257,0.7713025692777028,0.9873976055450535,0.24573677306515085,0.3140013271400133,0.999868446079558,0.6688770127524619,0.8257468910292131,0.4841856445096552,0.491615084381154,0.4991488406748211,0.007533756293667149,0.7343437231913068,0.07551743079151307,0.5300996997778762,0.5402019377314914,0.06826455407486243,124.02483196400135,163.16198281000106,1.315558991100745,,,139.36021339348022
numerical_feature_transformer,2026,NF-UNSW-NB15,scrub_r@lr=0.001,scrub_r,0.1202522424036968,0.21497908418546716,0.25493421923284676,False,False,,,,0.9104917922468948,0.7787330335226111,0.7800632428584494,0.8864102559046021,0.7852834588181831,0.7713025692777028,0.9873976055450535,0.20951678347473257,0.3140013271400133,0.999868446079558,0.38739917416696673,0.8257468910292131,0.4841856445096552,0.5074235580784289,0.4991488406748211,0.008274717403607745,0.7688494900390811,0.08069338501976285,0.196783340412306,0.42745335873931617,0.1044845436652807,123.9159420069991,163.16198281000106,1.3167150260681166,,,270.6583318190446
numerical_feature_transformer,2026,NF-ToN-IoT,rollback_repair,rollback_repair,0.07717775219088578,0.9114419558990987,0.13995211661994264,False,False,,,,0.9445897449985184,0.0,0.9673880790530712,0.9650437313477838,0.28925576274345355,0.9610133968974975,0.8851037472901827,0.0,0.8301528228680022,0.7639680197500133,0.6650799523512698,0.6749064153776879,0.7429281488444203,0.5450790430373472,0.5933496697716809,0.04827062673433369,0.2972725189090076,0.16223041534943067,0.10715313931111475,0.22320671192959832,0.8301528228680022,5.14627935200042,203.89136354001312,39.619179137789736,,,38.84664957881614
numerical_feature_transformer,2026,NF-ToN-IoT,ssd_canonical,ssd_canonical,0.07717775219088578,0.07717775219088578,0.13995211661994264,True,True,no_parameters_selected,True,9.21701388888889,0.9445897449985184,0.9445897449985184,0.9673880790530712,0.9650437313477838,0.9650437313477838,0.9610133968974975,0.8851037472901827,0.8851037472901827,0.8301528228680022,0.7639680197500133,0.7639680197500133,0.6749064153776879,0.7429281488444203,0.7429281488444203,0.5933496697716809,0.14957847907273936,0.8007105202842081,0.04497869393708106,0.5270257760103169,0.7583455500779167,0.054950924422180525,4.086369617001765,203.89136354001312,49.89547756319006,0.0,0.904875001492921,0.0
numerical_feature_transformer,2026,NF-ToN-IoT,ssd_canonical@alpha=1,ssd_canonical,0.07717775219088578,0.6839872387895245,0.13995211661994264,False,False,weights_changed,False,9.21701388888889,0.9445897449985184,0.4629749055937526,0.9673880790530712,0.9650437313477838,0.6496583016068842,0.9610133968974975,0.8851037472901827,0.8535768245418117,0.8301528228680022,0.7639680197500133,0.14757920848722464,0.6749064153776879,0.7429281488444203,0.6732054271093539,0.5933496697716809,0.07985575733767303,0.7027274810909925,0.07322836529653638,0.15306268420076768,0.4962409119058991,0.023424001673809536,4.1546313099970575,203.89136354001312,49.07568164939226,0.9616875712656785,0.904875001492921,11.986249881833901
numerical_feature_transformer,2026,NF-ToN-IoT,ssd_canonical@alpha=2,ssd_canonical,0.07717775219088578,0.6550552168482083,0.13995211661994264,False,False,weights_changed,False,9.21701388888889,0.9445897449985184,0.6737502351856408,0.9673880790530712,0.9650437313477838,0.6616330050083854,0.9610133968974975,0.8851037472901827,0.4553978033753014,0.8301528228680022,0.7639680197500133,0.12999812247264897,0.6749064153776879,0.7429281488444203,0.6982896251787883,0.5933496697716809,0.10493995540710743,0.4221865688746276,0.07641592055425636,0.20703013348536944,0.47397410874554624,0.3747550194927008,4.122421050000412,203.89136354001312,49.459131191849686,0.845381984036488,0.904875001492921,11.82286666190671
numerical_feature_transformer,2026,NF-ToN-IoT,ssd_canonical@alpha=3,ssd_canonical,0.07717775219088578,0.663961390821022,0.13995211661994264,False,False,weights_changed,False,9.21701388888889,0.9445897449985184,0.46300846870439955,0.9673880790530712,0.9650437313477838,0.6788301340324049,0.9610133968974975,0.8851037472901827,0.8535768245418117,0.8301528228680022,0.7639680197500133,0.2512446473380094,0.6749064153776879,0.7429281488444203,0.6764631231866703,0.5933496697716809,0.08311345341498944,0.7027274810909925,0.07390166531096647,0.22303209039837976,0.43644899394658826,0.023424001673809536,4.124956439998641,203.89136354001312,49.428731310452406,0.6669327251995439,0.904875001492921,11.086917074508198
numerical_feature_transformer,2026,NF-ToN-IoT,ssd_canonical@alpha=5,ssd_canonical,0.07717775219088578,0.5373823949980739,0.13995211661994264,False,False,weights_changed,False,9.21701388888889,0.9445897449985184,0.5467136290398468,0.9673880790530712,0.9650437313477838,0.7802092409109117,0.9610133968974975,0.8851037472901827,0.6760087793347965,0.8301528228680022,0.7639680197500133,0.5482731340337015,0.6749064153776879,0.7429281488444203,0.6845407650723225,0.5933496697716809,0.09119109530064162,0.7156772862709145,0.05334777994649921,0.4593275504580052,0.40938624134728036,0.15414404353320565,4.178465740998945,203.89136354001312,48.795748530241355,0.2579247434435576,0.904875001492921,8.190424048048186
numerical_feature_transformer,2026,NF-ToN-IoT,dc_ssd_no_contrast,dc_ssd_no_contrast,0.07717775219088578,0.80639933326116,0.13995211661994264,False,False,weights_changed,False,,0.9445897449985184,0.5600612838506879,0.9673880790530712,0.9650437313477838,0.44323592340309753,0.9610133968974975,0.8851037472901827,0.6156654497178892,0.8301528228680022,0.7639680197500133,0.3983997376571565,0.6749064153776879,0.7429281488444203,0.632092831395464,0.5933496697716809,0.03874316162378311,0.6127664451065781,0.10509507851550125,0.42243192380438455,0.47485618954621983,0.21448737315011301,0.05923431100018206,203.89136354001312,3442.1158969737394,0.2554161915621437,0.7084258766888557,5.625221120187402
numerical_feature_transformer,2026,NF-ToN-IoT,dc_ssd_no_class_balance,dc_ssd_no_class_balance,0.07717775219088578,0.7223537817575917,0.13995211661994264,False,False,weights_changed,False,,0.9445897449985184,0.0,0.9673880790530712,0.9650437313477838,0.4669537638293135,0.9610133968974975,0.8851037472901827,0.0,0.8301528228680022,0.7639680197500133,0.45254423600139015,0.6749064153776879,0.7429281488444203,0.3434916853109533,0.5933496697716809,0.2498579844607276,0.2972725189090076,0.10389632875541709,0.13602585696285813,0.4016407062262348,0.8301528228680022,0.05971973900159355,203.89136354001312,3414.1368825234235,0.9173318129988598,0.6150330080751323,14.732156230432173
numerical_feature_transformer,2026,NF-ToN-IoT,dc_ssd,dc_ssd,0.07717775219088578,0.6458788283156675,0.13995211661994264,False,False,weights_changed,False,,0.9445897449985184,0.5058340163288744,0.9673880790530712,0.9650437313477838,0.525525637192568,0.9610133968974975,0.8851037472901827,0.853501510970963,0.8301528228680022,0.7639680197500133,0.4850542193853767,0.6749064153776879,0.7429281488444203,0.38328576980525453,0.5933496697716809,0.21006389996642638,0.7028420811368324,0.06755617555729673,0.26201729602993823,0.333586769414753,0.02334868810296087,0.05940884000301594,203.89136354001312,3432.003781418092,0.39144811858608897,0.5427312958958833,8.376952650603506
numerical_feature_transformer,2026,NF-ToN-IoT,scrub_r,scrub_r,0.07717775219088578,0.09493694407996905,0.13995211661994264,False,False,,,,0.9445897449985184,0.9740269049200574,0.9673880790530712,0.9650437313477838,0.877431179742496,0.9610133968974975,0.8851037472901827,0.7191302936881389,0.8301528228680022,0.7639680197500133,0.5727938898258111,0.6749064153776879,0.7429281488444203,0.6055586853360113,0.5933496697716809,0.012209015564330405,0.7308044923217969,0.10526428898880888,0.3889784121962955,0.6777619143391419,0.11102252917986333,100.30279168999914,203.89136354001312,2.0327586112475315,,,50.97727559534409
numerical_feature_transformer,2026,NF-ToN-IoT,scrub_r@lr=0.001,scrub_r,0.07717775219088578,0.07559633410238208,0.13995211661994264,False,False,,,,0.9445897449985184,0.8050143634391714,0.9673880790530712,0.9650437313477838,0.8325576937630924,0.9610133968974975,0.8851037472901827,0.916178491357489,0.8301528228680022,0.7639680197500133,0.7222719627715121,0.6749064153776879,0.7429281488444203,0.6033450303478678,0.5933496697716809,0.009995360576186885,0.8141187256474902,0.1153635150615412,0.48067224434775424,0.6727973008086771,0.08602566848948678,100.60210496000218,203.89136354001312,2.0267107096921793,,,51.81853191053755
numerical_feature_transformer,2026,NF-BoT-IoT,rollback_repair,rollback_repair,0.13382166915784188,0.5380355348083716,0.12254786703586493,False,False,,,,0.9074210744116685,0.0,0.8826522310792407,0.9076053617865764,0.270020275125531,0.8925798929932015,0.9966097590507326,0.0,0.019209309740156225,0.9362831284336358,0.28005549739625274,0.013595855478606323,0.8753453043336535,0.5344520090368972,0.8818499962510411,0.34739798721414394,0.9897073013830814,0.03648270869977065,0.5954256778177269,0.20308643873133278,0.019209309740156225,4.018134407000616,160.50155279799947,39.94429666622519,,,23.813234842280913
numerical_feature_transformer,2026,NF-BoT-IoT,ssd_canonical,ssd_canonical,0.13382166915784188,0.13382166915784188,0.12254786703586493,True,True,no_parameters_selected,True,3.3901660280970627,0.9074210744116685,0.9074210744116685,0.8826522310792407,0.9076053617865764,0.9076053617865764,0.8925798929932015,0.9966097590507326,0.9966097590507326,0.019209309740156225,0.9362831284336358,0.9362831284336358,0.013595855478606323,0.8753453043336535,0.8753453043336535,0.8818499962510411,0.006504691917387562,0.014876165969765197,0.6230017156529171,0.6929796892141511,0.8172560536125523,0.9774004493105763,11.048056485000416,160.50155279799947,14.52758256765859,0.0,0.7613856549026432,0.0
numerical_feature_transformer,2026,NF-BoT-IoT,ssd_canonical@alpha=1,ssd_canonical,0.13382166915784188,0.13405107802687619,0.12254786703586493,False,False,weights_changed,False,3.3901660280970627,0.9074210744116685,0.9068440894120249,0.8826522310792407,0.9076053617865764,0.9075114014313238,0.8925798929932015,0.9966097590507326,0.9966097590507326,0.019209309740156225,0.9362831284336358,0.9360068717453159,0.013595855478606323,0.8753453043336535,0.8746438737245796,0.8818499962510411,0.007206122526461467,0.014876165969765197,0.6217017410864086,0.6921777043201012,0.8156760754856726,0.9774004493105763,11.091424081001605,160.50155279799947,14.470779552367945,0.004218928164196123,0.7613856549026432,0.14159072758665228
numerical_feature_transformer,2026,NF-BoT-IoT,ssd_canonical@alpha=2,ssd_canonical,0.13382166915784188,0.13382913751432346,0.12254786703586493,False,False,weights_changed,False,3.3901660280970627,0.9074210744116685,0.9073922991825367,0.8826522310792407,0.9076053617865764,0.9075965156945224,0.8925798929932015,0.9966097590507326,0.9966097590507326,0.019209309740156225,0.9362831284336358,0.9362831284336358,0.013595855478606323,0.8753453043336535,0.8753453043336535,0.8818499962510411,0.006504691917387562,0.014876165969765197,0.6230017066184591,0.6929838296492977,0.8172476482658553,0.9774004493105763,11.077077111996914,160.50155279799947,14.48952202600178,0.00022805017103762827,0.7613856549026432,0.013300818252091886
numerical_feature_transformer,2026,NF-BoT-IoT,ssd_canonical@alpha=3,ssd_canonical,0.13382166915784188,0.13382166915784188,0.12254786703586493,True,True,no_parameters_selected,False,3.3901660280970627,0.9074210744116685,0.9074210744116685,0.8826522310792407,0.9076053617865764,0.9076053617865764,0.8925798929932015,0.9966097590507326,0.9966097590507326,0.019209309740156225,0.9362831284336358,0.9362831284336358,0.013595855478606323,0.8753453043336535,0.8753453043336535,0.8818499962510411,0.006504691917387562,0.014876165969765197,0.6230017156529171,0.6929796892141511,0.8172560536125523,0.9774004493105763,11.052042100996914,160.50155279799947,14.522343593273314,0.0,0.7613856549026432,0.0
numerical_feature_transformer,2026,NF-BoT-IoT,ssd_canonical@alpha=5,ssd_canonical,0.13382166915784188,0.13382166915784188,0.12254786703586493,True,True,no_parameters_selected,True,3.3901660280970627,0.9074210744116685,0.9074210744116685,0.8826522310792407,0.9076053617865764,0.9076053617865764,0.8925798929932015,0.9966097590507326,0.9966097590507326,0.019209309740156225,0.9362831284336358,0.9362831284336358,0.013595855478606323,0.8753453043336535,0.8753453043336535,0.8818499962510411,0.006504691917387562,0.014876165969765197,0.6230017156529171,0.6929796892141511,0.8172560536125523,0.9774004493105763,11.144729818999622,160.50155279799947,14.401565170684997,0.0,0.7613856549026432,0.0
numerical_feature_transformer,2026,NF-BoT-IoT,dc_ssd_no_contrast,dc_ssd_no_contrast,0.13382166915784188,0.6204865488068442,0.12254786703586493,False,False,weights_changed,False,,0.9074210744116685,0.03322059850916061,0.8826522310792407,0.9076053617865764,0.49801518973775116,0.8925798929932015,0.9966097590507326,0.005701208495603646,0.019209309740156225,0.9362831284336358,0.47763942574399165,0.013595855478606323,0.8753453043336535,0.52521318331726,0.8818499962510411,0.35663681293378113,0.9889433901576069,0.04846423077097216,0.7531057438857589,0.40269808866371065,0.01350810124455258,0.058814133997657336,160.50155279799947,2728.962272986839,0.42770809578107183,0.9660074638259507,6.906950126141667
numerical_feature_transformer,2026,NF-BoT-IoT,dc_ssd_no_class_balance,dc_ssd_no_class_balance,0.13382166915784188,0.13420529937683476,0.12254786703586493,False,False,weights_changed,False,,0.9074210744116685,0.9077649932013291,0.8826522310792407,0.9076053617865764,0.9075690233554387,0.8925798929932015,0.9966097590507326,0.9965895102213791,0.019209309740156225,0.9362831284336358,0.945137882285571,0.013595855478606323,0.8753453043336535,0.8755712843488431,0.8818499962510411,0.006278711902197975,0.01483596011579286,0.6216414976555873,0.6925111873445203,0.8162227605669705,0.9773802004812229,0.03724638200219488,160.50155279799947,4309.185058257238,0.002280501710376283,0.6966678041957898,0.21971950241922325
numerical_feature_transformer,2026,NF-BoT-IoT,dc_ssd,dc_ssd,0.13382166915784188,1.162269124402969,0.12254786703586493,False,False,weights_changed,False,,0.9074210744116685,0.4131446684301437,0.8826522310792407,0.9076053617865764,0.7849230453647024,0.8925798929932015,0.9966097590507326,0.9992757704997184,0.019209309740156225,0.9362831284336358,0.4912805783718974,0.013595855478606323,0.8753453043336535,0.14673119376859486,0.8818499962510411,0.7351188024824462,0.010292698616918623,0.2772604269495577,0.7354535207921468,0.18530175947725272,0.9800664607595622,0.05863959099951899,160.50155279799947,2737.0851341598895,0.5641961231470923,0.5130769147067283,9.820928512005867
numerical_feature_transformer,2026,NF-BoT-IoT,scrub_r,scrub_r,0.13382166915784188,0.22517194160521473,0.12254786703586493,False,False,,,,0.9074210744116685,0.7332982824371745,0.8826522310792407,0.9076053617865764,0.8136566064214961,0.8925798929932015,0.9966097590507326,0.049224730127576055,0.019209309740156225,0.9362831284336358,0.330296746658077,0.013595855478606323,0.8753453043336535,0.7326619337781356,0.8818499962510411,0.1491880624729055,0.9813042779028627,0.027908008778776732,0.3688139793816878,0.684617921419763,0.03001542038741983,125.27443293200122,160.50155279799947,1.281199595492238,,,145.64000107768499
numerical_feature_transformer,2026,NF-BoT-IoT,scrub_r@lr=0.001,scrub_r,0.13382166915784188,0.29096427141343567,0.12254786703586493,False,False,,,,0.9074210744116685,0.7107625464530457,0.8826522310792407,0.9076053617865764,0.8180482727037367,0.8925798929932015,0.9966097590507326,0.019615660633123356,0.019209309740156225,0.9362831284336358,0.5184812369141568,0.013595855478606323,0.8753453043336535,0.7160546017994049,0.8818499962510411,0.16579539445163616,0.986088774525571,0.022333981694883112,0.27816470666945486,0.5616286013007604,0.00040635089296713056,126.15917624900248,160.50155279799947,1.2722146542968453,,,149.3867135632458
numerical_feature_transformer,2026,NF-CSE-CIC-IDS2018,rollback_repair,rollback_repair,0.040250164180816846,0.37453112921364745,0.047142773623688745,False,False,,,,0.9563703706286564,0.6900750579744286,0.9733507350612625,0.9000398647544023,0.5314369162475793,0.9468151947887989,0.8497618703997691,0.18098639592278984,0.31778058007566207,0.9589796195301574,0.13792427282445827,0.6801141743960561,0.7175711511926763,0.7777968655549241,0.39409655735437454,0.38370030820054957,0.36397420016231685,0.21200935092553863,0.19943182089353376,0.14732790206248966,0.13679418415287223,3.930524200997752,156.51960178101217,39.821559104325104,,,64.490183900224
numerical_feature_transformer,2026,NF-CSE-CIC-IDS2018,ssd_canonical,ssd_canonical,0.040250164180816846,0.040250164180816846,0.047142773623688745,True,True,no_parameters_selected,True,3.19626730885009,0.9563703706286564,0.9563703706286564,0.9733507350612625,0.9000398647544023,0.9000398647544023,0.9468151947887989,0.8497618703997691,0.8497618703997691,0.31778058007566207,0.9589796195301574,0.9589796195301574,0.6801141743960561,0.7175711511926763,0.7175711511926763,0.39409655735437454,0.3234745938383018,0.6255606338900517,0.10771878043065194,0.6371730213980872,0.7430226082697451,0.531981290324107,11.708109297000192,156.51960178101217,13.36847801900133,0.0,0.8726348031049099,0.0
numerical_feature_transformer,2026,NF-CSE-CIC-IDS2018,ssd_canonical@alpha=1,ssd_canonical,0.040250164180816846,1.315816104263276,0.047142773623688745,False,False,weights_changed,False,3.19626730885009,0.9563703706286564,0.6649624946369137,0.9733507350612625,0.9000398647544023,0.5755989470983282,0.9468151947887989,0.8497618703997691,0.2476140574123283,0.31778058007566207,0.9589796195301574,0.47261266659292306,0.6801141743960561,0.7175711511926763,0.524325806498533,0.39409655735437454,0.13022924914415845,0.434539319123489,0.3665341608061487,0.7939414631610635,0.4200904417317943,0.07016652266333376,11.79660689999946,156.51960178101217,13.268188311082852,0.729418472063854,0.8726348031049099,5.748054709959267
numerical_feature_transformer,2026,NF-CSE-CIC-IDS2018,ssd_canonical@alpha=2,ssd_canonical,0.040250164180816846,0.13866096684584434,0.047142773623688745,False,False,weights_changed,False,3.19626730885009,0.9563703706286564,0.8017296099050936,0.9733507350612625,0.9000398647544023,0.8251155855014015,0.9468151947887989,0.8497618703997691,0.6488454100784894,0.31778058007566207,0.9589796195301574,0.9109402252522845,0.6801141743960561,0.7175711511926763,0.3330647210764474,0.39409655735437454,0.06103183627792713,0.5528597667763018,0.14675743490566195,0.4908613675871218,0.38758213627498633,0.3310648300028273,11.796195724000427,156.51960178101217,13.268650795828938,0.23511972633979475,0.8726348031049099,4.446513932375385
numerical_feature_transformer,2026,NF-CSE-CIC-IDS2018,ssd_canonical@alpha=3,ssd_canonical,0.040250164180816846,0.04010419744601525,0.047142773623688745,False,False,weights_changed,False,3.19626730885009,0.9563703706286564,0.9616383792937717,0.9733507350612625,0.9000398647544023,0.9027648918806558,0.9468151947887989,0.8497618703997691,0.8353174603174603,0.31778058007566207,0.9589796195301574,0.9574842749080447,0.6801141743960561,0.7175711511926763,0.654362283491926,0.39409655735437454,0.2602657261375515,0.6302165648626714,0.10286514432207167,0.634584604127353,0.7423211067435102,0.5175368802417983,11.73341659899961,156.51960178101217,13.339644123294574,0.005131128848346636,0.8726348031049099,0.5860106136482555
numerical_feature_transformer,2026,NF-CSE-CIC-IDS2018,ssd_canonical@alpha=5,ssd_canonical,0.040250164180816846,0.040250164180816846,0.047142773623688745,True,True,no_parameters_selected,True,3.19626730885009,0.9563703706286564,0.9563703706286564,0.9733507350612625,0.9000398647544023,0.9000398647544023,0.9468151947887989,0.8497618703997691,0.8497618703997691,0.31778058007566207,0.9589796195301574,0.9589796195301574,0.6801141743960561,0.7175711511926763,0.7175711511926763,0.39409655735437454,0.3234745938383018,0.6255606338900517,0.10771878043065194,0.6371730213980872,0.7430226082697451,0.531981290324107,11.679556096001761,156.51960178101217,13.401160154930308,0.0,0.8726348031049099,0.0
numerical_feature_transformer,2026,NF-CSE-CIC-IDS2018,dc_ssd_no_contrast,dc_ssd_no_contrast,0.040250164180816846,0.07677751855906151,0.047142773623688745,False,False,weights_changed,False,,0.9563703706286564,0.9566156717004738,0.9733507350612625,0.9000398647544023,0.8839949756415139,0.9468151947887989,0.8497618703997691,0.6969750574915974,0.31778058007566207,0.9589796195301574,0.9366293591029174,0.6801141743960561,0.7175711511926763,0.33576283385230854,0.39409655735437454,0.058333723502066004,0.6488830037162018,0.09932199899270228,0.6255862819889542,0.7246764241386002,0.3791944774159353,0.05174774300030549,156.51960178101217,3024.6652840509037,0.04811858608893957,0.39325170529286235,2.3042607296416526
numerical_feature_transformer,2026,NF-CSE-CIC-IDS2018,dc_ssd_no_class_balance,dc_ssd_no_class_balance,0.040250164180816846,0.14970113874839247,0.047142773623688745,False,False,weights_changed,False,,0.9563703706286564,0.7955555491128755,0.9733507350612625,0.9000398647544023,0.8645765461949768,0.9468151947887989,0.8497618703997691,0.5992378205788443,0.31778058007566207,0.9589796195301574,0.9016637322625239,0.6801141743960561,0.7175711511926763,0.23104773167304624,0.39409655735437454,0.1630488256813283,0.5243261714578616,0.16683231272658253,0.5023020318564366,0.4336975266142898,0.28145724050318227,0.057024956000532256,156.51960178101217,2744.756204275743,0.13511972633979474,0.5592315655626725,4.538469412473837
numerical_feature_transformer,2026,NF-CSE-CIC-IDS2018,dc_ssd,dc_ssd,0.040250164180816846,0.13113164195576202,0.047142773623688745,False,False,weights_changed,False,,0.9563703706286564,0.8205347516899804,0.9733507350612625,0.9000398647544023,0.7690904992005333,0.9468151947887989,0.8497618703997691,0.6275206087507926,0.31778058007566207,0.9589796195301574,0.8835671097355271,0.6801141743960561,0.7175711511926763,0.3118171256677137,0.39409655735437454,0.08227943168666085,0.5900217846311563,0.09176004711296085,0.7066469871373802,0.528431779490725,0.30974002867513056,0.05294538399903104,156.51960178101217,2956.2464177023753,0.08403648802736602,0.3338596803356322,3.638855626629321
numerical_feature_transformer,2026,NF-CSE-CIC-IDS2018,scrub_r,scrub_r,0.040250164180816846,0.10045146142613663,0.047142773623688745,False,False,,,,0.9563703706286564,0.9554732792518964,0.9733507350612625,0.9000398647544023,0.9155157758037092,0.9468151947887989,0.8497618703997691,0.3524539705635458,0.31778058007566207,0.9589796195301574,0.7764649675092259,0.6801141743960561,0.7175711511926763,0.2800188115534936,0.39409655735437454,0.11407774580088093,0.8087223954551279,0.10204873401342143,0.698265404227898,0.47978718071146526,0.03467339048788376,128.11885989800066,156.51960178101217,1.2216749501644193,,,156.16604581318418
numerical_feature_transformer,2026,NF-CSE-CIC-IDS2018,scrub_r@lr=0.001,scrub_r,0.040250164180816846,0.08326532873688289,0.047142773623688745,False,False,,,,0.9563703706286564,0.9671035156441649,0.9733507350612625,0.9000398647544023,0.9166206873608239,0.9468151947887989,0.8497618703997691,0.2731502134981837,0.31778058007566207,0.9589796195301574,0.6972755665036068,0.6801141743960561,0.7175711511926763,0.40255234099432746,0.39409655735437454,0.008455783639952918,0.8892828157703644,0.03862834624692269,0.4297690947793686,0.5792833819506457,0.044630366577478375,128.46130964900294,156.51960178101217,1.218418231984972,,,311.3305539143995
