architecture,forgotten_domain,method,seed_count,original_retained_validation_log_loss_valid_seed_count,original_retained_validation_log_loss_mean,original_retained_validation_log_loss_std,original_retained_validation_log_loss_sem,original_retained_validation_log_loss_ci95_lower,original_retained_validation_log_loss_ci95_upper,method_retained_validation_log_loss_valid_seed_count,method_retained_validation_log_loss_mean,method_retained_validation_log_loss_std,method_retained_validation_log_loss_sem,method_retained_validation_log_loss_ci95_lower,method_retained_validation_log_loss_ci95_upper,retrained_retained_validation_log_loss_valid_seed_count,retrained_retained_validation_log_loss_mean,retrained_retained_validation_log_loss_std,retrained_retained_validation_log_loss_sem,retrained_retained_validation_log_loss_ci95_lower,retrained_retained_validation_log_loss_ci95_upper,ssd_batch_ratio_upper_bound_valid_seed_count,ssd_batch_ratio_upper_bound_mean,ssd_batch_ratio_upper_bound_std,ssd_batch_ratio_upper_bound_sem,ssd_batch_ratio_upper_bound_ci95_lower,ssd_batch_ratio_upper_bound_ci95_upper,original_retained_macro_f1_valid_seed_count,original_retained_macro_f1_mean,original_retained_macro_f1_std,original_retained_macro_f1_sem,original_retained_macro_f1_ci95_lower,original_retained_macro_f1_ci95_upper,method_retained_macro_f1_valid_seed_count,method_retained_macro_f1_mean,method_retained_macro_f1_std,method_retained_macro_f1_sem,method_retained_macro_f1_ci95_lower,method_retained_macro_f1_ci95_upper,retrained_retained_macro_f1_valid_seed_count,retrained_retained_macro_f1_mean,retrained_retained_macro_f1_std,retrained_retained_macro_f1_sem,retrained_retained_macro_f1_ci95_lower,retrained_retained_macro_f1_ci95_upper,original_retained_macro_roc_auc_valid_seed_count,original_retained_macro_roc_auc_mean,original_retained_macro_roc_auc_std,original_retained_macro_roc_auc_sem,original_retained_macro_roc_auc_ci95_lower,original_retained_macro_roc_auc_ci95_upper,method_retained_macro_roc_auc_valid_seed_count,method_retained_macro_roc_auc_mean,method_retained_macro_roc_auc_std,method_retained_macro_roc_auc_sem,method_retained_macro_roc_auc_ci95_lower,method_retained_macro_roc_auc_ci95_upper,retrained_retained_macro_roc_auc_valid_seed_count,retrained_retained_macro_roc_auc_mean,retrained_retained_macro_roc_auc_std,retrained_retained_macro_roc_auc_sem,retrained_retained_macro_roc_auc_ci95_lower,retrained_retained_macro_roc_auc_ci95_upper,original_forgotten_f1_valid_seed_count,original_forgotten_f1_mean,original_forgotten_f1_std,original_forgotten_f1_sem,original_forgotten_f1_ci95_lower,original_forgotten_f1_ci95_upper,method_forgotten_f1_valid_seed_count,method_forgotten_f1_mean,method_forgotten_f1_std,method_forgotten_f1_sem,method_forgotten_f1_ci95_lower,method_forgotten_f1_ci95_upper,retrained_forgotten_f1_valid_seed_count,retrained_forgotten_f1_mean,retrained_forgotten_f1_std,retrained_forgotten_f1_sem,retrained_forgotten_f1_ci95_lower,retrained_forgotten_f1_ci95_upper,original_forgotten_roc_auc_valid_seed_count,original_forgotten_roc_auc_mean,original_forgotten_roc_auc_std,original_forgotten_roc_auc_sem,original_forgotten_roc_auc_ci95_lower,original_forgotten_roc_auc_ci95_upper,method_forgotten_roc_auc_valid_seed_count,method_forgotten_roc_auc_mean,method_forgotten_roc_auc_std,method_forgotten_roc_auc_sem,method_forgotten_roc_auc_ci95_lower,method_forgotten_roc_auc_ci95_upper,retrained_forgotten_roc_auc_valid_seed_count,retrained_forgotten_roc_auc_mean,retrained_forgotten_roc_auc_std,retrained_forgotten_roc_auc_sem,retrained_forgotten_roc_auc_ci95_lower,retrained_forgotten_roc_auc_ci95_upper,original_mia_auc_valid_seed_count,original_mia_auc_mean,original_mia_auc_std,original_mia_auc_sem,original_mia_auc_ci95_lower,original_mia_auc_ci95_upper,method_mia_auc_valid_seed_count,method_mia_auc_mean,method_mia_auc_std,method_mia_auc_sem,method_mia_auc_ci95_lower,method_mia_auc_ci95_upper,retrained_mia_auc_valid_seed_count,retrained_mia_auc_mean,retrained_mia_auc_std,retrained_mia_auc_sem,retrained_mia_auc_ci95_lower,retrained_mia_auc_ci95_upper,method_abs_mia_auc_gap_from_retrained_valid_seed_count,method_abs_mia_auc_gap_from_retrained_mean,method_abs_mia_auc_gap_from_retrained_std,method_abs_mia_auc_gap_from_retrained_sem,method_abs_mia_auc_gap_from_retrained_ci95_lower,method_abs_mia_auc_gap_from_retrained_ci95_upper,method_forgotten_prediction_agreement_with_retrained_valid_seed_count,method_forgotten_prediction_agreement_with_retrained_mean,method_forgotten_prediction_agreement_with_retrained_std,method_forgotten_prediction_agreement_with_retrained_sem,method_forgotten_prediction_agreement_with_retrained_ci95_lower,method_forgotten_prediction_agreement_with_retrained_ci95_upper,method_forgotten_js_divergence_from_retrained_valid_seed_count,method_forgotten_js_divergence_from_retrained_mean,method_forgotten_js_divergence_from_retrained_std,method_forgotten_js_divergence_from_retrained_sem,method_forgotten_js_divergence_from_retrained_ci95_lower,method_forgotten_js_divergence_from_retrained_ci95_upper,method_forgotten_linear_cka_to_retrained_valid_seed_count,method_forgotten_linear_cka_to_retrained_mean,method_forgotten_linear_cka_to_retrained_std,method_forgotten_linear_cka_to_retrained_sem,method_forgotten_linear_cka_to_retrained_ci95_lower,method_forgotten_linear_cka_to_retrained_ci95_upper,method_retained_macro_linear_cka_to_retrained_valid_seed_count,method_retained_macro_linear_cka_to_retrained_mean,method_retained_macro_linear_cka_to_retrained_std,method_retained_macro_linear_cka_to_retrained_sem,method_retained_macro_linear_cka_to_retrained_ci95_lower,method_retained_macro_linear_cka_to_retrained_ci95_upper,method_forgotten_abs_f1_gap_from_retrained_valid_seed_count,method_forgotten_abs_f1_gap_from_retrained_mean,method_forgotten_abs_f1_gap_from_retrained_std,method_forgotten_abs_f1_gap_from_retrained_sem,method_forgotten_abs_f1_gap_from_retrained_ci95_lower,method_forgotten_abs_f1_gap_from_retrained_ci95_upper,online_seconds_valid_seed_count,online_seconds_mean,online_seconds_std,online_seconds_sem,online_seconds_ci95_lower,online_seconds_ci95_upper,full_retraining_optimization_seconds_valid_seed_count,full_retraining_optimization_seconds_mean,full_retraining_optimization_seconds_std,full_retraining_optimization_seconds_sem,full_retraining_optimization_seconds_ci95_lower,full_retraining_optimization_seconds_ci95_upper,online_speedup_vs_retraining_optimization_valid_seed_count,online_speedup_vs_retraining_optimization_mean,online_speedup_vs_retraining_optimization_std,online_speedup_vs_retraining_optimization_sem,online_speedup_vs_retraining_optimization_ci95_lower,online_speedup_vs_retraining_optimization_ci95_upper,selected_parameter_fraction_valid_seed_count,selected_parameter_fraction_mean,selected_parameter_fraction_std,selected_parameter_fraction_sem,selected_parameter_fraction_ci95_lower,selected_parameter_fraction_ci95_upper,fisher_cosine_similarity_valid_seed_count,fisher_cosine_similarity_mean,fisher_cosine_similarity_std,fisher_cosine_similarity_sem,fisher_cosine_similarity_ci95_lower,fisher_cosine_similarity_ci95_upper,parameter_change_l2_valid_seed_count,parameter_change_l2_mean,parameter_change_l2_std,parameter_change_l2_sem,parameter_change_l2_ci95_lower,parameter_change_l2_ci95_upper
mlp,NF-UNSW-NB15,rollback_repair,3,3,0.18066074893389458,0.05017471394167824,0.0289683846007404,0.05601984985663121,0.30530164801115794,3,0.6710344293030666,0.016637593804369577,0.009605719261620425,0.6297043551013606,0.7123645035047725,3,0.21543140872856284,0.05407754383052908,0.031221684487669755,0.08109534274197888,0.3497674747151468,0,,,,,,3,0.7577697790921505,0.00442184564225919,0.002552953771873317,0.7467853055768117,0.7687542526074893,3,0.5302995085370319,0.23023994841530854,0.13292909619578394,-0.041648230065798875,1.1022472471398626,3,0.7597896940861842,0.0038953369483507123,0.002248973835714579,0.7501131406729317,0.7694662474994368,3,0.8089657570000227,0.022992675363020326,0.013274827310229463,0.751848785037419,0.8660827289626264,3,0.3973769304774273,0.04391787808604076,0.025355998735212798,0.28827887330519203,0.5064749876496626,3,0.8041475034793417,0.033170614646676935,0.019151063295444273,0.7217471287146149,0.8865478782440686,3,0.9931478381671393,0.0006226845286188917,0.00035950708021833237,0.9916010040470927,0.9946946722871858,3,0.058404877472639984,0.06123816230904729,0.03535586949380645,-0.0937191509156669,0.21052890586094686,3,0.049446616377633916,0.012034755707300851,0.006948269447241532,0.019550625873795836,0.07934260688147199,3,0.999883803152524,3.323859217011824e-05,1.9190310136901956e-05,0.9998012339122297,0.9999663723928183,3,0.12540910191408328,0.10406588770337839,0.06008246827900288,-0.13310489423345034,0.3839230980616169,3,0.2240594211052683,0.07218870418141445,0.04167816779158989,0.04473273868805022,0.4033861035224864,3,0.4855296441281505,0.0004914439643012923,0.00028373530508096794,0.4843088296432327,0.48675045861306826,3,0.4879886198097286,0.0025584968634776713,0.0014771488528496468,0.48163296126584754,0.4943442783536096,3,0.5125780053001887,0.006207842006391898,0.003584099253477029,0.49715687086371385,0.5279991397366636,3,0.02458938549046012,0.0050121390028877435,0.0028937598025330614,0.012138541977006274,0.03704022900391396,3,0.5668668382423029,0.10595904972521328,0.06117548588192883,0.303649966921934,0.8300837095626717,3,0.0781777234416377,0.006018994958940882,0.003475068359795519,0.06322571107748282,0.09312973580579259,3,0.32864972469037895,0.07181197351767353,0.04146066224146709,0.15025889312212082,0.5070405562586371,3,0.4846011488799353,0.0487297878559521,0.0281341561361873,0.36354964518287153,0.6056526525769991,3,0.053378278157503734,0.034780061557989614,0.02008027790293706,-0.03302018437462552,0.13977674068963297,3,1.7355836826664774,0.042027282917852016,0.024264463105930424,1.6311821242491347,1.8399852410838202,3,69.5423499550008,0.6833280228034853,0.39451961791040696,67.84486904407991,71.23983086592169,3,40.07826042018842,0.6099736414417114,0.35216844608494835,38.56300189432817,41.593518946048675,0,,,,,,0,,,,,,3,10.120047915186744,0.7311487477112666,0.4221289263087576,8.303773738120666,11.936322092252821
mlp,NF-UNSW-NB15,ssd_canonical,3,3,0.18066074893389458,0.05017471394167824,0.0289683846007404,0.05601984985663121,0.30530164801115794,3,0.18066074893389458,0.05017471394167824,0.0289683846007404,0.05601984985663121,0.30530164801115794,3,0.21543140872856284,0.05407754383052908,0.031221684487669755,0.08109534274197888,0.3497674747151468,3,3.52523240371846,5.438959822042073e-16,3.14018491736755e-16,3.5252324037184586,3.5252324037184612,3,0.7577697790921505,0.00442184564225919,0.002552953771873317,0.7467853055768117,0.7687542526074893,3,0.7577697790921505,0.00442184564225919,0.002552953771873317,0.7467853055768117,0.7687542526074893,3,0.7597896940861842,0.0038953369483507123,0.002248973835714579,0.7501131406729317,0.7694662474994368,3,0.8089657570000227,0.022992675363020326,0.013274827310229463,0.751848785037419,0.8660827289626264,3,0.8089657570000227,0.022992675363020326,0.013274827310229463,0.751848785037419,0.8660827289626264,3,0.8041475034793417,0.033170614646676935,0.019151063295444273,0.7217471287146149,0.8865478782440686,3,0.9931478381671393,0.0006226845286188917,0.00035950708021833237,0.9916010040470927,0.9946946722871858,3,0.9931478381671393,0.0006226845286188917,0.00035950708021833237,0.9916010040470927,0.9946946722871858,3,0.049446616377633916,0.012034755707300851,0.006948269447241532,0.019550625873795836,0.07934260688147199,3,0.999883803152524,3.323859217011824e-05,1.9190310136901956e-05,0.9998012339122297,0.9999663723928183,3,0.999883803152524,3.323859217011824e-05,1.9190310136901956e-05,0.9998012339122297,0.9999663723928183,3,0.2240594211052683,0.07218870418141445,0.04167816779158989,0.04473273868805022,0.4033861035224864,3,0.4855296441281505,0.0004914439643012923,0.00028373530508096794,0.4843088296432327,0.48675045861306826,3,0.4855296441281505,0.0004914439643012923,0.00028373530508096794,0.4843088296432327,0.48675045861306826,3,0.5125780053001887,0.006207842006391898,0.003584099253477029,0.49715687086371385,0.5279991397366636,3,0.027048361172038165,0.006505510282907634,0.003755958113052601,0.010887777744288021,0.04320894459978831,3,0.33809932322943476,0.10128583007122444,0.058477401256716126,0.08649137308668853,0.589707273372181,3,0.3251756705804201,0.05031966350500075,0.029052071270143573,0.20017469682660996,0.4501766443342302,3,0.3072943054923567,0.03280526967394753,0.018940131277091873,0.22580149795217408,0.3887871130325393,3,0.8836125419706632,0.01060299095202061,0.006121639680364266,0.8572732522897276,0.9099518316515988,3,0.9437012217895053,0.01153558559668361,0.006660073449505252,0.9150452385820148,0.9723572049969958,3,3.12917697966653,0.04395765400992971,0.02537896337557735,3.0199801136217435,3.2383738457113163,3,69.5423499550008,0.6833280228034853,0.39451961791040696,67.84486904407991,71.23983086592169,3,22.226990217523323,0.4015327972879611,0.2318250686026678,21.22952745328806,23.224452981758585,3,0.0,0.0,0.0,0.0,0.0,3,0.6060062004311739,0.10783645231487078,0.06225940477244489,0.3381256025377569,0.8738867983245909,3,0.0,0.0,0.0,0.0,0.0
mlp,NF-UNSW-NB15,ssd_canonical@alpha=1,3,3,0.18066074893389458,0.05017471394167824,0.0289683846007404,0.05601984985663121,0.30530164801115794,3,0.18062500630581976,0.0517844577201787,0.029897770604583967,0.0519852820021775,0.309264730609462,3,0.21543140872856284,0.05407754383052908,0.031221684487669755,0.08109534274197888,0.3497674747151468,3,3.52523240371846,5.438959822042073e-16,3.14018491736755e-16,3.5252324037184586,3.5252324037184612,3,0.7577697790921505,0.00442184564225919,0.002552953771873317,0.7467853055768117,0.7687542526074893,3,0.7580132073365031,0.004916193837184763,0.002838365835287002,0.7458007048274292,0.770225709845577,3,0.7597896940861842,0.0038953369483507123,0.002248973835714579,0.7501131406729317,0.7694662474994368,3,0.8089657570000227,0.022992675363020326,0.013274827310229463,0.751848785037419,0.8660827289626264,3,0.8012300609586251,0.019241949061306312,0.011109344470278266,0.7534304096484477,0.8490297122688026,3,0.8041475034793417,0.033170614646676935,0.019151063295444273,0.7217471287146149,0.8865478782440686,3,0.9931478381671393,0.0006226845286188917,0.00035950708021833237,0.9916010040470927,0.9946946722871858,3,0.9782162458963342,0.010835784608491755,0.006256043160593519,0.9512986647143096,1.0051338270783587,3,0.049446616377633916,0.012034755707300851,0.006948269447241532,0.019550625873795836,0.07934260688147199,3,0.999883803152524,3.323859217011824e-05,1.9190310136901956e-05,0.9998012339122297,0.9999663723928183,3,0.9997440773818026,0.00010238476829643755,5.911187353686569e-05,0.9994897395177718,0.9999984152458334,3,0.2240594211052683,0.07218870418141445,0.04167816779158989,0.04473273868805022,0.4033861035224864,3,0.4855296441281505,0.0004914439643012923,0.00028373530508096794,0.4843088296432327,0.48675045861306826,3,0.48700028672255913,0.0007836743721167836,0.000452454609698636,0.4850535316610757,0.4889470417840426,3,0.5125780053001887,0.006207842006391898,0.003584099253477029,0.49715687086371385,0.5279991397366636,3,0.025577718577629527,0.006125188472463832,0.003536379213414186,0.010361906901792284,0.04079353025346677,3,0.34013281225177133,0.10090065866794923,0.05825502244335103,0.08948168091737702,0.5907839435861657,3,0.3221619786366956,0.0492555488447045,0.028437704384572902,0.19980441224012108,0.4445195450332701,3,0.32687353923914353,0.04184933509529104,0.024161724882673135,0.22291402771854277,0.4308330507597443,3,0.885107846565742,0.01416618684063311,0.008178851785830062,0.8499170876036601,0.9202986055278239,3,0.9287696295187002,0.020698738975704033,0.011950422519508523,0.8773511114441146,0.9801881475932859,3,3.205580127333102,0.11980351286868926,0.06916859040460055,2.907971703019513,3.503188551646691,3,69.5423499550008,0.6833280228034853,0.39451961791040696,67.84486904407991,71.23983086592169,3,21.7194072726227,1.0135663860329556,0.5851828258176831,19.201568789746943,24.237245755498456,3,0.03805264603193284,0.006657819076904405,0.0038438936362665843,0.021513706585188794,0.05459158547867689,3,0.6060062004311739,0.10783645231487078,0.06225940477244489,0.3381256025377569,0.8738867983245909,3,1.1160918151199437,0.042809934977942374,0.024716327483505406,1.0097460412049755,1.222437589034912
mlp,NF-UNSW-NB15,ssd_canonical@alpha=2,3,3,0.18066074893389458,0.05017471394167824,0.0289683846007404,0.05601984985663121,0.30530164801115794,3,0.18030317083381595,0.050229657611728346,0.0290001063434341,0.05552578411376083,0.3050805575538711,3,0.21543140872856284,0.05407754383052908,0.031221684487669755,0.08109534274197888,0.3497674747151468,3,3.52523240371846,5.438959822042073e-16,3.14018491736755e-16,3.5252324037184586,3.5252324037184612,3,0.7577697790921505,0.00442184564225919,0.002552953771873317,0.7467853055768117,0.7687542526074893,3,0.7577023711158227,0.0047025099218511186,0.0027149953692476294,0.746020688879217,0.7693840533524284,3,0.7597896940861842,0.0038953369483507123,0.002248973835714579,0.7501131406729317,0.7694662474994368,3,0.8089657570000227,0.022992675363020326,0.013274827310229463,0.751848785037419,0.8660827289626264,3,0.8064921719283308,0.024081675200047014,0.01390356165928428,0.7466699744025127,0.8663143694541489,3,0.8041475034793417,0.033170614646676935,0.019151063295444273,0.7217471287146149,0.8865478782440686,3,0.9931478381671393,0.0006226845286188917,0.00035950708021833237,0.9916010040470927,0.9946946722871858,3,0.9840935699040267,0.01118362481160819,0.006456868795497767,0.9563119057557884,1.011875234052265,3,0.049446616377633916,0.012034755707300851,0.006948269447241532,0.019550625873795836,0.07934260688147199,3,0.999883803152524,3.323859217011824e-05,1.9190310136901956e-05,0.9998012339122297,0.9999663723928183,3,0.9998051410504255,0.00010689546198564679,6.171612375256258e-05,0.9995395980020952,1.0000706840987557,3,0.2240594211052683,0.07218870418141445,0.04167816779158989,0.04473273868805022,0.4033861035224864,3,0.4855296441281505,0.0004914439643012923,0.00028373530508096794,0.4843088296432327,0.48675045861306826,3,0.4859588083178297,0.001352732479110032,0.0007810004609557268,0.48259843455260465,0.4893191820830548,3,0.5125780053001887,0.006207842006391898,0.003584099253477029,0.49715687086371385,0.5279991397366636,3,0.02661919698235891,0.00487181352030394,0.002812742847389138,0.014516941292106737,0.03872145267261108,3,0.33932259396943404,0.10095461653112861,0.058286175030182547,0.08853742387227198,0.5901077640665962,3,0.32366899616258366,0.04979894684702712,0.028751435367490974,0.1999615542959664,0.4473764380292009,3,0.30203626272643413,0.03470953311181863,0.020039558285554718,0.2158130025671872,0.3882595228856811,3,0.8826219754682016,0.01076315462348665,0.006214110219199583,0.8558848171709299,0.9093591337654734,3,0.9346469535263928,0.021401083318523577,0.012355921214899198,0.8814837153831964,0.9878101916695893,3,3.127462997666953,0.06678903827023996,0.038560669224239265,2.96154982897037,3.293376166363536,3,69.5423499550008,0.6833280228034853,0.39451961791040696,67.84486904407991,71.23983086592169,3,22.2430352126876,0.5410314195540064,0.3123646357195509,20.899038660148335,23.587031765226868,3,0.00857165274018281,0.0007404411787759166,0.0004274939138853593,0.006732294884675481,0.010411010595690138,3,0.6060062004311739,0.10783645231487078,0.06225940477244489,0.3381256025377569,0.8738867983245909,3,0.764483968203392,0.04823025489689735,0.027845750647807952,0.6446733731681631,0.884294563238621
mlp,NF-UNSW-NB15,ssd_canonical@alpha=3,3,3,0.18066074893389458,0.05017471394167824,0.0289683846007404,0.05601984985663121,0.30530164801115794,3,0.1807373088569136,0.05015870432352789,0.028959141443391675,0.05613617987584775,0.3053384378379795,3,0.21543140872856284,0.05407754383052908,0.031221684487669755,0.08109534274197888,0.3497674747151468,3,3.52523240371846,5.438959822042073e-16,3.14018491736755e-16,3.5252324037184586,3.5252324037184612,3,0.7577697790921505,0.00442184564225919,0.002552953771873317,0.7467853055768117,0.7687542526074893,3,0.7577512833172211,0.004348735336057114,0.0025107435169070126,0.7469484258706343,0.7685541407638079,3,0.7597896940861842,0.0038953369483507123,0.002248973835714579,0.7501131406729317,0.7694662474994368,3,0.8089657570000227,0.022992675363020326,0.013274827310229463,0.751848785037419,0.8660827289626264,3,0.8077988535583693,0.021651392121139715,0.012500437069470157,0.7540138138790187,0.86158389323772,3,0.8041475034793417,0.033170614646676935,0.019151063295444273,0.7217471287146149,0.8865478782440686,3,0.9931478381671393,0.0006226845286188917,0.00035950708021833237,0.9916010040470927,0.9946946722871858,3,0.9931464161148048,0.000311451430327653,0.00017981656713916442,0.9923727278713589,0.9939201043582507,3,0.049446616377633916,0.012034755707300851,0.006948269447241532,0.019550625873795836,0.07934260688147199,3,0.999883803152524,3.323859217011824e-05,1.9190310136901956e-05,0.9998012339122297,0.9999663723928183,3,0.9998820980026625,3.1844157702212056e-05,1.8385233021489028e-05,0.9998029927296165,0.9999612032757085,3,0.2240594211052683,0.07218870418141445,0.04167816779158989,0.04473273868805022,0.4033861035224864,3,0.4855296441281505,0.0004914439643012923,0.00028373530508096794,0.4843088296432327,0.48675045861306826,3,0.48505249109185605,0.00042237786365842005,0.00024385997328292788,0.48400324631214664,0.48610173587156547,3,0.5125780053001887,0.006207842006391898,0.003584099253477029,0.49715687086371385,0.5279991397366636,3,0.02752551420833262,0.005872118029565761,0.003390268925083047,0.012938364363420041,0.042112664053245194,3,0.33809932322943476,0.10132917082781744,0.058502424054201974,0.08638370867878142,0.5898149377800881,3,0.32514957744903356,0.05040456115673028,0.029101086952223184,0.1999377062369257,0.4503614486611414,3,0.305454748277411,0.02925091527141053,0.016888023805991803,0.23279144654938694,0.378118050005435,3,0.8837654162262591,0.011219948011500568,0.00647784000473346,0.8558935202473579,0.9116373122051604,3,0.9436997997371709,0.011784352287792047,0.006803698965582121,0.9144258458108782,0.9729737536634636,3,3.121291659000159,0.01624384102612544,0.009378385989107011,3.080939720923984,3.1616435970763344,3,69.5423499550008,0.6833280228034853,0.39451961791040696,67.84486904407991,71.23983086592169,3,22.279916051758804,0.17200150287135169,0.09930511398379509,21.85264063200364,22.707191471513966,3,0.0013926483857047585,0.00023781639898360488,0.00013730336197089173,0.0008018797005242438,0.0019834170708852733,3,0.6060062004311739,0.10783645231487078,0.06225940477244489,0.3381256025377569,0.8738867983245909,3,0.3420289906075153,0.027458237782770335,0.015853020975355205,0.273818946633973,0.4102390345810576
mlp,NF-UNSW-NB15,ssd_canonical@alpha=5,3,3,0.18066074893389458,0.05017471394167824,0.0289683846007404,0.05601984985663121,0.30530164801115794,3,0.18066074893389458,0.05017471394167824,0.0289683846007404,0.05601984985663121,0.30530164801115794,3,0.21543140872856284,0.05407754383052908,0.031221684487669755,0.08109534274197888,0.3497674747151468,3,3.52523240371846,5.438959822042073e-16,3.14018491736755e-16,3.5252324037184586,3.5252324037184612,3,0.7577697790921505,0.00442184564225919,0.002552953771873317,0.7467853055768117,0.7687542526074893,3,0.7577697790921505,0.00442184564225919,0.002552953771873317,0.7467853055768117,0.7687542526074893,3,0.7597896940861842,0.0038953369483507123,0.002248973835714579,0.7501131406729317,0.7694662474994368,3,0.8089657570000227,0.022992675363020326,0.013274827310229463,0.751848785037419,0.8660827289626264,3,0.8089657570000227,0.022992675363020326,0.013274827310229463,0.751848785037419,0.8660827289626264,3,0.8041475034793417,0.033170614646676935,0.019151063295444273,0.7217471287146149,0.8865478782440686,3,0.9931478381671393,0.0006226845286188917,0.00035950708021833237,0.9916010040470927,0.9946946722871858,3,0.9931478381671393,0.0006226845286188917,0.00035950708021833237,0.9916010040470927,0.9946946722871858,3,0.049446616377633916,0.012034755707300851,0.006948269447241532,0.019550625873795836,0.07934260688147199,3,0.999883803152524,3.323859217011824e-05,1.9190310136901956e-05,0.9998012339122297,0.9999663723928183,3,0.999883803152524,3.323859217011824e-05,1.9190310136901956e-05,0.9998012339122297,0.9999663723928183,3,0.2240594211052683,0.07218870418141445,0.04167816779158989,0.04473273868805022,0.4033861035224864,3,0.4855296441281505,0.0004914439643012923,0.00028373530508096794,0.4843088296432327,0.48675045861306826,3,0.4855296441281505,0.0004914439643012923,0.00028373530508096794,0.4843088296432327,0.48675045861306826,3,0.5125780053001887,0.006207842006391898,0.003584099253477029,0.49715687086371385,0.5279991397366636,3,0.027048361172038165,0.006505510282907634,0.003755958113052601,0.010887777744288021,0.04320894459978831,3,0.33809932322943476,0.10128583007122444,0.058477401256716126,0.08649137308668853,0.589707273372181,3,0.3251756705804201,0.05031966350500075,0.029052071270143573,0.20017469682660996,0.4501766443342302,3,0.3072943054923567,0.03280526967394753,0.018940131277091873,0.22580149795217408,0.3887871130325393,3,0.8836125419706632,0.01060299095202061,0.006121639680364266,0.8572732522897276,0.9099518316515988,3,0.9437012217895053,0.01153558559668361,0.006660073449505252,0.9150452385820148,0.9723572049969958,3,3.0643398706668754,0.0341134196068166,0.019695391992974223,2.9795974385458694,3.1490823027878814,3,69.5423499550008,0.6833280228034853,0.39451961791040696,67.84486904407991,71.23983086592169,3,22.69474252018829,0.17795815846582044,0.10274419069473152,22.25266994763518,23.136815092741397,3,0.0,0.0,0.0,0.0,0.0,3,0.6060062004311739,0.10783645231487078,0.06225940477244489,0.3381256025377569,0.8738867983245909,3,0.0,0.0,0.0,0.0,0.0
mlp,NF-UNSW-NB15,dc_ssd_no_contrast,3,3,0.18066074893389458,0.05017471394167824,0.0289683846007404,0.05601984985663121,0.30530164801115794,3,0.1732770377220665,0.05545132068028185,0.03201483492168099,0.03552832085552443,0.3110257545886086,3,0.21543140872856284,0.05407754383052908,0.031221684487669755,0.08109534274197888,0.3497674747151468,0,,,,,,3,0.7577697790921505,0.00442184564225919,0.002552953771873317,0.7467853055768117,0.7687542526074893,3,0.7608139797570302,0.0025129115333990958,0.0014508301502576832,0.7545715614506986,0.7670563980633619,3,0.7597896940861842,0.0038953369483507123,0.002248973835714579,0.7501131406729317,0.7694662474994368,3,0.8089657570000227,0.022992675363020326,0.013274827310229463,0.751848785037419,0.8660827289626264,3,0.8093690003396615,0.019608923218817017,0.011321217098902709,0.7606577346855852,0.8580802659937379,3,0.8041475034793417,0.033170614646676935,0.019151063295444273,0.7217471287146149,0.8865478782440686,3,0.9931478381671393,0.0006226845286188917,0.00035950708021833237,0.9916010040470927,0.9946946722871858,3,0.982312609301617,0.004241539713768765,0.002448854095522885,0.9717760405428879,0.9928491780603461,3,0.049446616377633916,0.012034755707300851,0.006948269447241532,0.019550625873795836,0.07934260688147199,3,0.999883803152524,3.323859217011824e-05,1.9190310136901956e-05,0.9998012339122297,0.9999663723928183,3,0.999334305204409,0.00028586318853681655,0.0001650431888531358,0.9986241816773723,1.0000444287314458,3,0.2240594211052683,0.07218870418141445,0.04167816779158989,0.04473273868805022,0.4033861035224864,3,0.4855296441281505,0.0004914439643012923,0.00028373530508096794,0.4843088296432327,0.48675045861306826,3,0.4903926306796782,0.0027398688099308025,0.0015818639949578084,0.48358641924376494,0.49719884211559146,3,0.5125780053001887,0.006207842006391898,0.003584099253477029,0.49715687086371385,0.5279991397366636,3,0.022185374620510456,0.004543526181468574,0.0026232060639409934,0.01089862988893927,0.03347211935208164,3,0.33964032662917415,0.1008156404113977,0.05820593713004498,0.08920039235206412,0.5900802609062842,3,0.31773387452099694,0.046388017249529796,0.026782134246189034,0.2024996514995432,0.4329680975424507,3,0.3638894833241695,0.0666268850065038,0.03846704999377121,0.19837912566511184,0.5293998409832271,3,0.8870781956325046,0.02284376639007334,0.01318885467461377,0.8303311340652119,0.9438252571997973,3,0.9328659929239832,0.010597422307656168,0.006118424622041434,0.9065405365225165,0.9591914493254499,3,0.01988500566615888,0.0009712582506481482,0.0005607562124643534,0.017472266417905058,0.0222977449144127,3,69.5423499550008,0.6833280228034853,0.39451961791040696,67.84486904407991,71.23983086592169,3,3503.6815819123753,198.5077847900585,114.60852298477658,3010.5609076454834,3996.8022561792673,3,0.024636146090777133,0.00507438962531542,0.002929700216148902,0.012030663458572684,0.03724162872298158,3,0.318174895009064,0.1055508825431232,0.06093983044947475,0.05597196717841141,0.5803778228397165,3,1.5364491644440263,0.1288020025337743,0.07436387083503745,1.216487252604881,1.8564110762831716
mlp,NF-UNSW-NB15,dc_ssd_no_class_balance,3,3,0.18066074893389458,0.05017471394167824,0.0289683846007404,0.05601984985663121,0.30530164801115794,3,0.1817911017260522,0.05065148396236538,0.029243647900525666,0.0559658402605826,0.3076163631915218,3,0.21543140872856284,0.05407754383052908,0.031221684487669755,0.08109534274197888,0.3497674747151468,0,,,,,,3,0.7577697790921505,0.00442184564225919,0.002552953771873317,0.7467853055768117,0.7687542526074893,3,0.7583584008765105,0.004492298991322389,0.002593630031920266,0.7471989115398469,0.7695178902131742,3,0.7597896940861842,0.0038953369483507123,0.002248973835714579,0.7501131406729317,0.7694662474994368,3,0.8089657570000227,0.022992675363020326,0.013274827310229463,0.751848785037419,0.8660827289626264,3,0.8104156640253194,0.02944602994434245,0.017000673314931894,0.7372676705801553,0.8835636574704835,3,0.8041475034793417,0.033170614646676935,0.019151063295444273,0.7217471287146149,0.8865478782440686,3,0.9931478381671393,0.0006226845286188917,0.00035950708021833237,0.9916010040470927,0.9946946722871858,3,0.9689713952418506,0.01767011241580459,0.010201844159875729,0.9250764026194267,1.0128663878642745,3,0.049446616377633916,0.012034755707300851,0.006948269447241532,0.019550625873795836,0.07934260688147199,3,0.999883803152524,3.323859217011824e-05,1.9190310136901956e-05,0.9998012339122297,0.9999663723928183,3,0.9995639213282033,0.0003120810223463197,0.0001801800622606213,0.9987886690914808,1.0003391735649259,3,0.2240594211052683,0.07218870418141445,0.04167816779158989,0.04473273868805022,0.4033861035224864,3,0.4855296441281505,0.0004914439643012923,0.00028373530508096794,0.4843088296432327,0.48675045861306826,3,0.4866520157538579,0.001417528229105096,0.0008184103046577207,0.4831306804225109,0.49017335108520493,3,0.5125780053001887,0.006207842006391898,0.003584099253477029,0.49715687086371385,0.5279991397366636,3,0.02592598954633074,0.0052214433653752215,0.0030146017325577697,0.012955205172794335,0.03889677391986715,3,0.34137196962475774,0.10024786289438564,0.05787813062775825,0.09234247288952385,0.5904014663599917,3,0.3213689916492002,0.0487999173776553,0.028174645434420786,0.20014327656256864,0.44259470673583173,3,0.31303171316527073,0.028440201325535663,0.016419957891105168,0.24238233652361138,0.38368108980693005,3,0.8858867323075886,0.011880500543564897,0.006859210186934688,0.8563739328732145,0.9153995317419628,3,0.9195247788642168,0.02652077358250915,0.015311775766978774,0.8536435250639304,0.9854060326645032,3,0.018436682999966553,0.0002670969204938744,0.00015420847894685846,0.017773177467083564,0.019100188532849543,3,69.5423499550008,0.6833280228034853,0.39451961791040696,67.84486904407991,71.23983086592169,3,3772.793884859943,88.43015504478409,51.055173819586436,3553.121201859988,3992.4665678598976,3,0.013730336197089169,0.001322797481470901,0.0007637174820105837,0.010444325088399667,0.01701634730577867,3,0.309770717608457,0.12193970929681795,0.07040192398742257,0.006855687188112969,0.612685748028801,3,1.2771412365752708,0.09564834194024242,0.05522259596674034,1.0395375832980682,1.5147448898524734
mlp,NF-UNSW-NB15,dc_ssd,3,3,0.18066074893389458,0.05017471394167824,0.0289683846007404,0.05601984985663121,0.30530164801115794,3,0.1772943784500031,0.051008144893146985,0.02944956618492185,0.0505831221160819,0.3040056347839243,3,0.21543140872856284,0.05407754383052908,0.031221684487669755,0.08109534274197888,0.3497674747151468,0,,,,,,3,0.7577697790921505,0.00442184564225919,0.002552953771873317,0.7467853055768117,0.7687542526074893,3,0.7608157542357068,0.0033206421245529885,0.0019171736244930789,0.7525668219069802,0.7690646865644334,3,0.7597896940861842,0.0038953369483507123,0.002248973835714579,0.7501131406729317,0.7694662474994368,3,0.8089657570000227,0.022992675363020326,0.013274827310229463,0.751848785037419,0.8660827289626264,3,0.8122763434635912,0.01486891715347241,0.00858457332111554,0.7753399056302168,0.8492127812969656,3,0.8041475034793417,0.033170614646676935,0.019151063295444273,0.7217471287146149,0.8865478782440686,3,0.9931478381671393,0.0006226845286188917,0.00035950708021833237,0.9916010040470927,0.9946946722871858,3,0.9623424098270758,0.017082189351889657,0.009862406620661653,0.9199078990593126,1.004776920594839,3,0.049446616377633916,0.012034755707300851,0.006948269447241532,0.019550625873795836,0.07934260688147199,3,0.999883803152524,3.323859217011824e-05,1.9190310136901956e-05,0.9998012339122297,0.9999663723928183,3,0.9983094350681935,0.0013151315921979547,0.0007592915787752704,0.9950424670841408,1.0015764030522463,3,0.2240594211052683,0.07218870418141445,0.04167816779158989,0.04473273868805022,0.4033861035224864,3,0.4855296441281505,0.0004914439643012923,0.00028373530508096794,0.4843088296432327,0.48675045861306826,3,0.49675004692561847,0.0028126035518474977,0.0016238574177828505,0.48976315237435775,0.5037369414768792,3,0.5125780053001887,0.006207842006391898,0.003584099253477029,0.49715687086371385,0.5279991397366636,3,0.01582795837457022,0.0034561692011838806,0.0019954202186684075,0.0072423581238257265,0.02441355862531472,3,0.342372827502939,0.09972385244669817,0.05757559305472771,0.0946450448821406,0.5901006101237374,3,0.3089908027850158,0.04280056593781529,0.024710918265665988,0.20266830285594978,0.4153133027140818,3,0.4036250572919795,0.06342106573088592,0.03661616937201994,0.24607839619244165,0.5611717183915174,3,0.8859987378555143,0.02863839536440595,0.016534385272798706,0.8148570199276592,0.9571404557833694,3,0.9128957934494419,0.02300481104232852,0.013281833847944846,0.8557486747882115,0.9700429121106724,3,0.019933554999700693,0.0008885858347276555,0.0005130252708781002,0.017726185417553934,0.02214092458184745,3,69.5423499550008,0.6833280228034853,0.39451961791040696,67.84486904407991,71.23983086592169,3,3492.781706715807,141.003130980572,81.4081956282133,3142.5105115764377,3843.0529018551765,3,0.034816209642618966,0.008383264706908571,0.004840080135221553,0.013991025636859881,0.05564139364837805,3,0.29731217174120755,0.11395422921169242,0.06579150491066693,0.014234173546509354,0.5803901699359058,3,2.2676486650358587,0.22133128258750237,0.12778567558197962,1.7178312791769885,2.817466050894729
mlp,NF-UNSW-NB15,scrub_r,3,3,0.18066074893389458,0.05017471394167824,0.0289683846007404,0.05601984985663121,0.30530164801115794,3,0.23352331065497042,0.03986307660408948,0.023014958008097733,0.13449793875758664,0.3325486825523542,3,0.21543140872856284,0.05407754383052908,0.031221684487669755,0.08109534274197888,0.3497674747151468,0,,,,,,3,0.7577697790921505,0.00442184564225919,0.002552953771873317,0.7467853055768117,0.7687542526074893,3,0.7568339024625526,0.0069175762145802944,0.003993864489627685,0.7396496905142195,0.7740181144108856,3,0.7597896940861842,0.0038953369483507123,0.002248973835714579,0.7501131406729317,0.7694662474994368,3,0.8089657570000227,0.022992675363020326,0.013274827310229463,0.751848785037419,0.8660827289626264,3,0.7697383267951133,0.04028510432049284,0.0232586158237687,0.6696645799320211,0.8698120736582056,3,0.8041475034793417,0.033170614646676935,0.019151063295444273,0.7217471287146149,0.8865478782440686,3,0.9931478381671393,0.0006226845286188917,0.00035950708021833237,0.9916010040470927,0.9946946722871858,3,0.11128649192705113,0.046747487511419654,0.02698967449865681,-0.004840704728204928,0.2274136885823072,3,0.049446616377633916,0.012034755707300851,0.006948269447241532,0.019550625873795836,0.07934260688147199,3,0.999883803152524,3.323859217011824e-05,1.9190310136901956e-05,0.9998012339122297,0.9999663723928183,3,0.3904654733105654,0.10480605589553985,0.060509804583992896,0.13011279744386828,0.6508181491772626,3,0.2240594211052683,0.07218870418141445,0.04167816779158989,0.04473273868805022,0.4033861035224864,3,0.4855296441281505,0.0004914439643012923,0.00028373530508096794,0.4843088296432327,0.48675045861306826,3,0.5125627982905806,0.0030758861233005368,0.0017758636812841993,0.504921873574735,0.5202037230064263,3,0.5125780053001887,0.006207842006391898,0.003584099253477029,0.49715687086371385,0.5279991397366636,3,0.005754757726963063,0.0049324538124685706,0.002847753536394125,-0.006498136799904961,0.018007652253831087,3,0.5835954627776189,0.03869499536067126,0.022340565987774872,0.48747176554736255,0.6797191600078752,3,0.2025886306661473,0.006690425842596459,0.0038627191612162944,0.18596869152309042,0.21920856980920417,3,0.22822838549408755,0.07864009159570096,0.045402878051874776,0.03287556830812749,0.4235812026800476,3,0.5270902126151181,0.05809048066995321,0.03353855465215224,0.38278545889097204,0.6713949663392642,3,0.061839875549417216,0.0400077558807654,0.023098488627432738,-0.03754489959526155,0.16122465069409597,3,55.11008118599981,0.581228575897566,0.3355724747551626,53.66622936148362,56.553933010516,3,69.5423499550008,0.6833280228034853,0.39451961791040696,67.84486904407991,71.23983086592169,3,1.2618886518619872,0.0025091231535927924,0.0014486429281567214,1.2556556444127986,1.2681216593111757,0,,,,,,0,,,,,,3,142.86857661411014,0.8546451068232321,0.49342958248598956,140.74552047411396,144.99163275410632
mlp,NF-UNSW-NB15,scrub_r@lr=0.001,3,3,0.18066074893389458,0.05017471394167824,0.0289683846007404,0.05601984985663121,0.30530164801115794,3,0.23581760887855743,0.009535027873568507,0.005505050909535363,0.21213128655552888,0.259503931201586,3,0.21543140872856284,0.05407754383052908,0.031221684487669755,0.08109534274197888,0.3497674747151468,0,,,,,,3,0.7577697790921505,0.00442184564225919,0.002552953771873317,0.7467853055768117,0.7687542526074893,3,0.7539469243556033,0.01866229081411273,0.010774678625223065,0.7075872239571885,0.800306624754018,3,0.7597896940861842,0.0038953369483507123,0.002248973835714579,0.7501131406729317,0.7694662474994368,3,0.8089657570000227,0.022992675363020326,0.013274827310229463,0.751848785037419,0.8660827289626264,3,0.7886153614506695,0.012994525409307078,0.007502392743054874,0.7563351708355119,0.820895552065827,3,0.8041475034793417,0.033170614646676935,0.019151063295444273,0.7217471287146149,0.8865478782440686,3,0.9931478381671393,0.0006226845286188917,0.00035950708021833237,0.9916010040470927,0.9946946722871858,3,0.10209557734816264,0.0475640186145098,0.027461098950827604,-0.016059995013071607,0.2202511497093969,3,0.049446616377633916,0.012034755707300851,0.006948269447241532,0.019550625873795836,0.07934260688147199,3,0.999883803152524,3.323859217011824e-05,1.9190310136901956e-05,0.9998012339122297,0.9999663723928183,3,0.2652096203997524,0.10862371268000395,0.06271392975617684,-0.004626640655634007,0.5350458814551388,3,0.2240594211052683,0.07218870418141445,0.04167816779158989,0.04473273868805022,0.4033861035224864,3,0.4855296441281505,0.0004914439643012923,0.00028373530508096794,0.4843088296432327,0.48675045861306826,3,0.5135466284393685,0.0009248924965676432,0.0005339869318647938,0.5112490681093583,0.5158441887693787,3,0.5125780053001887,0.006207842006391898,0.003584099253477029,0.49715687086371385,0.5279991397366636,3,0.00363286003118816,0.0033965825656296594,0.001961017858591074,-0.004804718811061608,0.012070438873437927,3,0.6532424617926477,0.0558970430999898,0.03227217288068323,0.5143865090543501,0.7920984145309452,3,0.1612478930400919,0.021591182135364883,0.012465674817975154,0.10761242325702665,0.21488336282315718,3,0.2115584495048245,0.054439465722953786,0.031430640189686776,0.07632331969657144,0.3467935793130775,3,0.5866093983335747,0.20930047004450753,0.12083968272171162,0.06667820761538645,1.106540589051763,3,0.052648960970528715,0.035681486907341235,0.02060071607103957,-0.035988766266224874,0.1412866882072823,3,55.07932701933358,0.5208689317226787,0.30072381794260133,53.785416863178206,56.37323717548896,3,69.5423499550008,0.6833280228034853,0.39451961791040696,67.84486904407991,71.23983086592169,3,1.2625970662731716,0.007489553242945095,0.004324095580924385,1.2439919846184402,1.281202147927903,0,,,,,,0,,,,,,3,283.73354815966906,1.1101086850388837,0.640921548136941,280.9758853110566,286.49121100828154
mlp,NF-ToN-IoT,rollback_repair,3,3,0.12430573804782015,0.04075976431832125,0.023532660901288478,0.023052870383877613,0.22555860571176267,3,1.8119430661581724,0.7644610617083124,0.4413617997622813,-0.08708348637260932,3.710969618688954,3,0.20022023109970347,0.019067203187139663,0.011008454892788375,0.15285467260551072,0.2475857895938962,0,,,,,,3,0.8610946618226896,0.006328755069864018,0.0036539084432212,0.8453731626854041,0.876816160959975,3,0.0,0.0,0.0,0.0,0.0,3,0.8738131095878953,0.007906631782899158,0.004564895988240079,0.8541719474033151,0.8934542717724754,3,0.9143395898124917,0.029937414436923212,0.017284374283999007,0.8399709296183536,0.9887082500066299,3,0.8920059149255959,0.007529000323644807,0.004346870363585109,0.8733028412900812,0.9107089885611106,3,0.8989505871416853,0.02185299885824214,0.012616834773406685,0.8446647285637618,0.9532364457196087,3,0.6831731899755217,0.006614575413807886,0.0038189268957370633,0.6667416737430686,0.6996047062079748,3,0.0,0.0,0.0,0.0,0.0,3,0.1075127183138259,0.05861239576032761,0.03383988247007403,-0.03808854436863475,0.25311398099628657,3,0.6837623047151163,0.06399894575266535,0.0369498085581536,0.5247801100606269,0.8427444993696058,3,0.5326110066467507,0.04898320547944909,0.028280466869330688,0.41092997867434367,0.6542920346191576,3,0.5293284066021292,0.12747916414673824,0.07360012973618782,0.21265260748673048,0.8460042057175279,3,0.786248866103947,0.009599620184754302,0.005542343297786061,0.7624020875848146,0.8100956446230793,3,0.5614127978403883,0.00796353741944975,0.004597750472820972,0.5416302742180434,0.5811953214627332,3,0.5331036950315308,0.03703392936754947,0.021381549089504275,0.4411063144764431,0.6251010755866184,3,0.03225665368881773,0.02283030578534464,0.013181083190850198,-0.024456969882645806,0.08897027726028126,3,0.9281457712583085,0.029893482914777836,0.017259010407862464,0.853886243015065,1.002405299501552,3,0.04724993498682848,0.023445545673489002,0.013536292105886543,-0.01099202919252859,0.10549189916618555,3,0.2687518959885728,0.04617302106020033,0.026658006138404924,0.15405175310890834,0.38345203886823725,3,0.3795674727464011,0.08802800174708342,0.05082299050490346,0.16089379391915717,0.5982411515736451,3,0.1075127183138259,0.05861239576032761,0.03383988247007403,-0.03808854436863475,0.25311398099628657,3,2.1704611889997523,0.010166485423923231,0.005869623096214484,2.1452062391625373,2.1957161388369673,3,87.33373743699887,0.07079926550768408,0.04087597499928919,87.15786231158918,87.50961256240856,3,40.23798804480844,0.18778998062035296,0.1084205958622754,39.771491872066335,40.704484217550544,0,,,,,,0,,,,,,3,37.368897552543814,1.3362568355908293,0.7714882437348428,34.04945155470961,40.688343550378015
mlp,NF-ToN-IoT,ssd_canonical,3,3,0.12430573804782015,0.04075976431832125,0.023532660901288478,0.023052870383877613,0.22555860571176267,3,0.12430573804782015,0.04075976431832125,0.023532660901288478,0.023052870383877613,0.22555860571176267,3,0.20022023109970347,0.019067203187139663,0.011008454892788375,0.15285467260551072,0.2475857895938962,3,9.21701388888889,0.0,0.0,9.21701388888889,9.21701388888889,3,0.8610946618226896,0.006328755069864018,0.0036539084432212,0.8453731626854041,0.876816160959975,3,0.8610946618226896,0.006328755069864018,0.0036539084432212,0.8453731626854041,0.876816160959975,3,0.8738131095878953,0.007906631782899158,0.004564895988240079,0.8541719474033151,0.8934542717724754,3,0.9143395898124917,0.029937414436923212,0.017284374283999007,0.8399709296183536,0.9887082500066299,3,0.9143395898124917,0.029937414436923212,0.017284374283999007,0.8399709296183536,0.9887082500066299,3,0.8989505871416853,0.02185299885824214,0.012616834773406685,0.8446647285637618,0.9532364457196087,3,0.6831731899755217,0.006614575413807886,0.0038189268957370633,0.6667416737430686,0.6996047062079748,3,0.6831731899755217,0.006614575413807886,0.0038189268957370633,0.6667416737430686,0.6996047062079748,3,0.1075127183138259,0.05861239576032761,0.03383988247007403,-0.03808854436863475,0.25311398099628657,3,0.6837623047151163,0.06399894575266535,0.0369498085581536,0.5247801100606269,0.8427444993696058,3,0.6837623047151163,0.06399894575266535,0.0369498085581536,0.5247801100606269,0.8427444993696058,3,0.5293284066021292,0.12747916414673824,0.07360012973618782,0.21265260748673048,0.8460042057175279,3,0.786248866103947,0.009599620184754302,0.005542343297786061,0.7624020875848146,0.8100956446230793,3,0.786248866103947,0.009599620184754302,0.005542343297786061,0.7624020875848146,0.8100956446230793,3,0.5331036950315308,0.03703392936754947,0.021381549089504275,0.4411063144764431,0.6251010755866184,3,0.2531451710724163,0.04265763065359347,0.024628394540843826,0.14717774207322104,0.35911260007161155,3,0.5349530139812056,0.035242635178352806,0.02034734490717377,0.4474054548742855,0.6225005730881258,3,0.13561550631954597,0.04586790153433803,0.02648184529801331,0.021673322360658068,0.24955769027843389,3,0.80075278113473,0.09825618738917677,0.05672823623868752,0.5566708806314935,1.0448346816379666,3,0.8143792655951824,0.05447774351469055,0.03145273988304998,0.6790490484809546,0.9497094827094101,3,0.5756604716616959,0.06322705923767363,0.03650415967093929,0.4185957494082651,0.7327251939151267,3,1.2096927283334935,0.00382002396349358,0.0022054918636338398,1.2002032627461068,1.2191821939208802,3,87.33373743699887,0.07079926550768408,0.04087597499928919,87.15786231158918,87.50961256240856,3,72.19543236007867,0.22420928912908492,0.12944729343349182,71.63846560963528,72.75239911052206,3,0.0,0.0,0.0,0.0,0.0,3,0.9707143398744472,0.007440894651363343,0.004296002529976272,0.9522301328620633,0.9891985468868312,3,0.0,0.0,0.0,0.0,0.0
mlp,NF-ToN-IoT,ssd_canonical@alpha=1,3,3,0.12430573804782015,0.04075976431832125,0.023532660901288478,0.023052870383877613,0.22555860571176267,3,0.6326904835468091,0.031724532079022025,0.018316167135738286,0.553882377022654,0.7114985900709643,3,0.20022023109970347,0.019067203187139663,0.011008454892788375,0.15285467260551072,0.2475857895938962,3,9.21701388888889,0.0,0.0,9.21701388888889,9.21701388888889,3,0.8610946618226896,0.006328755069864018,0.0036539084432212,0.8453731626854041,0.876816160959975,3,0.30915756738554884,0.08997694341264216,0.05194821250014868,0.08564244906894888,0.5326726857021488,3,0.8738131095878953,0.007906631782899158,0.004564895988240079,0.8541719474033151,0.8934542717724754,3,0.9143395898124917,0.029937414436923212,0.017284374283999007,0.8399709296183536,0.9887082500066299,3,0.5058893954496156,0.05375444382338936,0.031035142611572468,0.37235595437542435,0.6394228365238069,3,0.8989505871416853,0.02185299885824214,0.012616834773406685,0.8446647285637618,0.9532364457196087,3,0.6831731899755217,0.006614575413807886,0.0038189268957370633,0.6667416737430686,0.6996047062079748,3,0.2963506162441735,0.38195741197541877,0.22052321462298083,-0.6524841951147631,1.2451854276031102,3,0.1075127183138259,0.05861239576032761,0.03383988247007403,-0.03808854436863475,0.25311398099628657,3,0.6837623047151163,0.06399894575266535,0.0369498085581536,0.5247801100606269,0.8427444993696058,3,0.5969638377920408,0.07617350464464759,0.0439787934117045,0.4077383622704277,0.7861893133136538,3,0.5293284066021292,0.12747916414673824,0.07360012973618782,0.21265260748673048,0.8460042057175279,3,0.786248866103947,0.009599620184754302,0.005542343297786061,0.7624020875848146,0.8100956446230793,3,0.4846082634399133,0.04671201784776204,0.02696919607879602,0.3685691783137711,0.6006473485660555,3,0.5331036950315308,0.03703392936754947,0.021381549089504275,0.4411063144764431,0.6251010755866184,3,0.0492595632289227,0.0420340163903004,0.024268350678061077,-0.05515872206126001,0.1536778485191054,3,0.7261058904423562,0.30476720332670926,0.175957426880845,-0.030977812636820867,1.4831895935215331,3,0.11227023888115277,0.017061405656599558,0.009850407148591159,0.06988735767464863,0.15465312008765691,3,0.38034145606465525,0.12782416980141229,0.07379931884378582,0.06280861539172428,0.6978742967375862,3,0.40859949923715794,0.06835005127788985,0.03946192050441443,0.23880855925978703,0.5783904392145288,3,0.23262887528760837,0.28863883088318126,0.16664570670898357,-0.4843897295759425,0.9496474801511592,3,1.211800373333214,0.024529444001873905,0.014162081097553752,1.1508658564406464,1.2727348902257818,3,87.33373743699887,0.07079926550768408,0.04087597499928919,87.15786231158918,87.50961256240856,3,72.08825306930278,1.3969357619700804,0.806521238214041,68.61807226214323,75.55843387646233,3,0.9813855870699463,0.000589422902252377,0.00034030347128194036,0.97992137941031,0.9828497947295826,3,0.9707143398744472,0.007440894651363343,0.004296002529976272,0.9522301328620633,0.9891985468868312,3,16.0899509701689,0.11668420457309564,0.06736765692045413,15.800091337226874,16.379810603110926
mlp,NF-ToN-IoT,ssd_canonical@alpha=2,3,3,0.12430573804782015,0.04075976431832125,0.023532660901288478,0.023052870383877613,0.22555860571176267,3,0.7960648229619499,0.37582753747037523,0.21698412992739533,-0.13754253597089994,1.7296721818947998,3,0.20022023109970347,0.019067203187139663,0.011008454892788375,0.15285467260551072,0.2475857895938962,3,9.21701388888889,0.0,0.0,9.21701388888889,9.21701388888889,3,0.8610946618226896,0.006328755069864018,0.0036539084432212,0.8453731626854041,0.876816160959975,3,0.26590783103313353,0.23272257288521764,0.13436244010178272,-0.31220708863943625,0.8440227507057033,3,0.8738131095878953,0.007906631782899158,0.004564895988240079,0.8541719474033151,0.8934542717724754,3,0.9143395898124917,0.029937414436923212,0.017284374283999007,0.8399709296183536,0.9887082500066299,3,0.427107667019568,0.15408300611669304,0.08895986505901948,0.044344260789977386,0.8098710732491585,3,0.8989505871416853,0.02185299885824214,0.012616834773406685,0.8446647285637618,0.9532364457196087,3,0.6831731899755217,0.006614575413807886,0.0038189268957370633,0.6667416737430686,0.6996047062079748,3,0.1082887812660866,0.11203588665935396,0.06468394932167641,-0.17002378985035133,0.3866013523825245,3,0.1075127183138259,0.05861239576032761,0.03383988247007403,-0.03808854436863475,0.25311398099628657,3,0.6837623047151163,0.06399894575266535,0.0369498085581536,0.5247801100606269,0.8427444993696058,3,0.477322843946864,0.04304871164922684,0.024854185258947697,0.37038391589807906,0.5842617719956489,3,0.5293284066021292,0.12747916414673824,0.07360012973618782,0.21265260748673048,0.8460042057175279,3,0.786248866103947,0.009599620184754302,0.005542343297786061,0.7624020875848146,0.8100956446230793,3,0.5198102604453051,0.12752588908795684,0.07362710639357825,0.20301839014134737,0.8366021307492628,3,0.5331036950315308,0.03703392936754947,0.021381549089504275,0.4411063144764431,0.6251010755866184,3,0.07312229326450291,0.02494063064998697,0.014399479819529009,0.011166332112801915,0.1350782544162039,3,0.8760409504163803,0.09018465394431664,0.05206813423152446,0.6520098505349264,1.100072050297834,3,0.07808172367763307,0.026754748759685663,0.015446861398505325,0.011619243316116162,0.14454420403914997,3,0.15481479896571168,0.05819232915947724,0.0335973569049955,0.010257039567857285,0.2993725583635661,3,0.324572359711931,0.07032511815788706,0.040602225899248334,0.14987508161479077,0.4992696378090712,3,0.0397014349202627,0.023086688435984222,0.013329105783212511,-0.017649078462285243,0.09705194830281064,3,1.21787237766686,0.02254013703953414,0.013013554187346092,1.1618795732196268,1.2738651821140934,3,87.33373743699887,0.07079926550768408,0.04087597499928919,87.15786231158918,87.50961256240856,3,71.72611764725725,1.3004293665917022,0.7508032448638138,68.49567201627924,74.95656327823527,3,0.9255227335137892,0.0014321465879151138,0.000826850218051795,0.9219650841660388,0.9290803828615396,3,0.9707143398744472,0.007440894651363343,0.004296002529976272,0.9522301328620633,0.9891985468868312,3,16.00661637673654,0.10996885288386844,0.0634905468149758,15.733438602173186,16.2797941512999
mlp,NF-ToN-IoT,ssd_canonical@alpha=3,3,3,0.12430573804782015,0.04075976431832125,0.023532660901288478,0.023052870383877613,0.22555860571176267,3,0.7439883293964256,0.15110550399460712,0.0872408034073205,0.36862144847503353,1.1193552103178175,3,0.20022023109970347,0.019067203187139663,0.011008454892788375,0.15285467260551072,0.2475857895938962,3,9.21701388888889,0.0,0.0,9.21701388888889,9.21701388888889,3,0.8610946618226896,0.006328755069864018,0.0036539084432212,0.8453731626854041,0.876816160959975,3,0.1576435679472534,0.22991661937015018,0.13274242208452494,-0.41350097678120523,0.7287881126757121,3,0.8738131095878953,0.007906631782899158,0.004564895988240079,0.8541719474033151,0.8934542717724754,3,0.9143395898124917,0.029937414436923212,0.017284374283999007,0.8399709296183536,0.9887082500066299,3,0.4213651894973777,0.10682684259227886,0.06167650632732998,0.15599260118997,0.6867377778047854,3,0.8989505871416853,0.02185299885824214,0.012616834773406685,0.8446647285637618,0.9532364457196087,3,0.6831731899755217,0.006614575413807886,0.0038189268957370633,0.6667416737430686,0.6996047062079748,3,0.483007067551213,0.443558964123495,0.2560888873381714,-0.6188544825992179,1.584868617701644,3,0.1075127183138259,0.05861239576032761,0.03383988247007403,-0.03808854436863475,0.25311398099628657,3,0.6837623047151163,0.06399894575266535,0.0369498085581536,0.5247801100606269,0.8427444993696058,3,0.5245168083121453,0.2749994509124804,0.15877100701131985,-0.1586196984017153,1.2076533150260058,3,0.5293284066021292,0.12747916414673824,0.07360012973618782,0.21265260748673048,0.8460042057175279,3,0.786248866103947,0.009599620184754302,0.005542343297786061,0.7624020875848146,0.8100956446230793,3,0.4977607331405068,0.0864987826846442,0.04994009546755427,0.2828858450557485,0.7126356212252651,3,0.5331036950315308,0.03703392936754947,0.021381549089504275,0.4411063144764431,0.6251010755866184,3,0.037552749160453334,0.0596784704074479,0.034455380954565164,-0.11069678975642691,0.1858022880773336,3,0.5494690197876079,0.41087644322639655,0.23721962510043604,-0.47120464768827863,1.5701426872634943,3,0.17731892669476126,0.1700193102599714,0.098160694546029,-0.2450324536425796,0.5996703070321021,3,0.3878621605437749,0.0884740470582671,0.05108051488538613,0.16808044373788386,0.607643877349666,3,0.37423775695786227,0.03962001434433367,0.02287462594699788,0.27581618518623363,0.4726593287294909,3,0.44317240585631995,0.3604949157914118,0.20813183667366308,-0.4523466093442881,1.338691421056928,3,1.2340111559997997,0.015210926419762355,0.008782032463073387,1.196225120050277,1.2717971919493225,3,87.33373743699887,0.07079926550768408,0.04087597499928919,87.15786231158918,87.50961256240856,3,70.77951801206358,0.8867350950249693,0.5119567458125545,68.57674592220684,72.98229010192031,3,0.8339610058452003,0.00667210616582969,0.0038521422909035337,0.8173865753020663,0.8505354363883343,3,0.9707143398744472,0.007440894651363343,0.004296002529976272,0.9522301328620633,0.9891985468868312,3,15.646158175490315,0.17103162817950635,0.09874515656937798,15.221292058032809,16.071024292947822
mlp,NF-ToN-IoT,ssd_canonical@alpha=5,3,3,0.12430573804782015,0.04075976431832125,0.023532660901288478,0.023052870383877613,0.22555860571176267,3,0.700530481039876,0.48316821690767303,0.27895730009551656,-0.4997259076847642,1.9007868697645163,3,0.20022023109970347,0.019067203187139663,0.011008454892788375,0.15285467260551072,0.2475857895938962,3,9.21701388888889,0.0,0.0,9.21701388888889,9.21701388888889,3,0.8610946618226896,0.006328755069864018,0.0036539084432212,0.8453731626854041,0.876816160959975,3,0.43326259965060815,0.06547839302822715,0.03780396784095107,0.2706052542263949,0.5959199450748214,3,0.8738131095878953,0.007906631782899158,0.004564895988240079,0.8541719474033151,0.8934542717724754,3,0.9143395898124917,0.029937414436923212,0.017284374283999007,0.8399709296183536,0.9887082500066299,3,0.7011016008160809,0.15430624690998648,0.08908875319112156,0.31778363371307583,1.084419567919086,3,0.8989505871416853,0.02185299885824214,0.012616834773406685,0.8446647285637618,0.9532364457196087,3,0.6831731899755217,0.006614575413807886,0.0038189268957370633,0.6667416737430686,0.6996047062079748,3,0.3081660196089246,0.43746026143012373,0.252567799696446,-0.7785455131883372,1.3948775524061865,3,0.1075127183138259,0.05861239576032761,0.03383988247007403,-0.03808854436863475,0.25311398099628657,3,0.6837623047151163,0.06399894575266535,0.0369498085581536,0.5247801100606269,0.8427444993696058,3,0.504372622405772,0.131869002284422,0.07613460396667843,0.17679186082420834,0.8319533839873356,3,0.5293284066021292,0.12747916414673824,0.07360012973618782,0.21265260748673048,0.8460042057175279,3,0.786248866103947,0.009599620184754302,0.005542343297786061,0.7624020875848146,0.8100956446230793,3,0.531908928922178,0.10592038869264422,0.06115316492436794,0.2687880969307879,0.7950297609135681,3,0.5331036950315308,0.03703392936754947,0.021381549089504275,0.4411063144764431,0.6251010755866184,3,0.0905326725527436,0.07668352588293524,0.0442732543109223,-0.09995976596067772,0.2810251110661649,3,0.7031476812590726,0.3667369125302618,0.2117356551711189,-0.20787731343694316,1.6141726759550883,3,0.12739792968595112,0.1454650793477415,0.08398430271910882,-0.23395735966004957,0.4887532190319518,3,0.5003870982931328,0.16333292305989988,0.09430030709616163,0.09464562455464848,0.906128572031617,3,0.5250261503483497,0.07174622525739531,0.04142270246569671,0.3467986465129286,0.7032536541837707,3,0.3066860251121068,0.35234399858278503,0.20342590242912006,-0.5685849892654478,1.1819570394896612,3,1.2237543246668945,0.022325131366456526,0.012889420604117434,1.168295623920387,1.279213025413402,3,87.33373743699887,0.07079926550768408,0.04087597499928919,87.15786231158918,87.50961256240856,3,71.38125151411136,1.3032469502922703,0.7524299775718012,68.14380661720683,74.61869641101588,3,0.5005295986818877,0.04019504922264855,0.0232066224887864,0.40067956108348307,0.6003796362802925,3,0.9707143398744472,0.007440894651363343,0.004296002529976272,0.9522301328620633,0.9891985468868312,3,12.605143331986271,0.6624873678116513,0.3824872601407835,10.959433478067531,14.250853185905012
mlp,NF-ToN-IoT,dc_ssd_no_contrast,3,3,0.12430573804782015,0.04075976431832125,0.023532660901288478,0.023052870383877613,0.22555860571176267,3,0.31427928894924634,0.09632141174571725,0.055611193000114634,0.07500363758564413,0.5535549403128486,3,0.20022023109970347,0.019067203187139663,0.011008454892788375,0.15285467260551072,0.2475857895938962,0,,,,,,3,0.8610946618226896,0.006328755069864018,0.0036539084432212,0.8453731626854041,0.876816160959975,3,0.5813197398870901,0.09367987683389767,0.05408610210770181,0.3486060250147626,0.8140334547594175,3,0.8738131095878953,0.007906631782899158,0.004564895988240079,0.8541719474033151,0.8934542717724754,3,0.9143395898124917,0.029937414436923212,0.017284374283999007,0.8399709296183536,0.9887082500066299,3,0.8174274940566594,0.06904601500520653,0.03986373534972693,0.6459076843382722,0.9889473037750466,3,0.8989505871416853,0.02185299885824214,0.012616834773406685,0.8446647285637618,0.9532364457196087,3,0.6831731899755217,0.006614575413807886,0.0038189268957370633,0.6667416737430686,0.6996047062079748,3,0.19678979879476008,0.31227644803057464,0.18029289133203247,-0.5789479022398193,0.9725274998293395,3,0.1075127183138259,0.05861239576032761,0.03383988247007403,-0.03808854436863475,0.25311398099628657,3,0.6837623047151163,0.06399894575266535,0.0369498085581536,0.5247801100606269,0.8427444993696058,3,0.5297988242218016,0.10280736725908114,0.05935586116170722,0.2744111661709168,0.7851864822726864,3,0.5293284066021292,0.12747916414673824,0.07360012973618782,0.21265260748673048,0.8460042057175279,3,0.786248866103947,0.009599620184754302,0.005542343297786061,0.7624020875848146,0.8100956446230793,3,0.5542650282038338,0.06152425493293731,0.03552104514722252,0.40143030633947696,0.7070997500681907,3,0.5331036950315308,0.03703392936754947,0.021381549089504275,0.4411063144764431,0.6251010755866184,3,0.04613561973776844,0.047906734705782536,0.027658966178379537,-0.07287130659020954,0.1651425460657464,3,0.8260371304148522,0.19494855614501364,0.1125536013684525,0.34175807024974864,1.3103161905799556,3,0.06824666071143926,0.03408465917529513,0.01967878715009329,-0.016424326537019,0.1529176479598975,3,0.6089656108734733,0.07980399851737824,0.04607486002641682,0.41072148861044333,0.8072097331365033,3,0.5349372140160283,0.07979874696565578,0.0460718280416162,0.3367061373306771,0.7331682907013796,3,0.16952378592457365,0.1929680631004808,0.1114101631760633,-0.3098354567808077,0.648883028629955,3,0.02670951599983103,0.00028936054093839646,0.00016706238620363894,0.025990704567802392,0.02742832743185967,3,87.33373743699887,0.07079926550768408,0.04087597499928919,87.15786231158918,87.50961256240856,3,3270.012795371165,34.92782825478287,20.165591045107906,3183.2472600149954,3356.7783307273344,3,0.5235181044290141,0.03259795304745643,0.01882043696697975,0.44254029993896454,0.6044959089190638,3,0.9706339792038262,0.009099953712203162,0.00525386072535363,0.9480284410124401,0.9932395173952123,3,9.851851394048763,0.334927718478219,0.19337060842246695,9.019844817876832,10.683857970220695
mlp,NF-ToN-IoT,dc_ssd_no_class_balance,3,3,0.12430573804782015,0.04075976431832125,0.023532660901288478,0.023052870383877613,0.22555860571176267,3,0.9200291959310033,0.4040268079767646,0.23326498634521028,-0.0836290343097491,1.9236874261717558,3,0.20022023109970347,0.019067203187139663,0.011008454892788375,0.15285467260551072,0.2475857895938962,0,,,,,,3,0.8610946618226896,0.006328755069864018,0.0036539084432212,0.8453731626854041,0.876816160959975,3,0.23056963298449185,0.1698461183069894,0.09806070212535335,-0.19135151469108003,0.6524907806600637,3,0.8738131095878953,0.007906631782899158,0.004564895988240079,0.8541719474033151,0.8934542717724754,3,0.9143395898124917,0.029937414436923212,0.017284374283999007,0.8399709296183536,0.9887082500066299,3,0.4603751255305368,0.05091519145924914,0.029395899494838826,0.33389477832719505,0.5868554727338785,3,0.8989505871416853,0.02185299885824214,0.012616834773406685,0.8446647285637618,0.9532364457196087,3,0.6831731899755217,0.006614575413807886,0.0038189268957370633,0.6667416737430686,0.6996047062079748,3,0.5631406095521174,0.48314834065744017,0.2789458245370941,-0.6370664038297515,1.7633476229339864,3,0.1075127183138259,0.05861239576032761,0.03383988247007403,-0.03808854436863475,0.25311398099628657,3,0.6837623047151163,0.06399894575266535,0.0369498085581536,0.5247801100606269,0.8427444993696058,3,0.5528829274806039,0.24492770732320124,0.14140907775504813,-0.05555122692596792,1.1613170818871756,3,0.5293284066021292,0.12747916414673824,0.07360012973618782,0.21265260748673048,0.8460042057175279,3,0.786248866103947,0.009599620184754302,0.005542343297786061,0.7624020875848146,0.8100956446230793,3,0.4961984899760726,0.18624776425102738,0.10753019682629662,0.03353339507664399,0.9588635848755012,3,0.5331036950315308,0.03703392936754947,0.021381549089504275,0.4411063144764431,0.6251010755866184,3,0.1245090032874427,0.034433677024756776,0.019880292699431958,0.03897100763707351,0.2100469989378119,3,0.4759721903888761,0.4112172277417614,0.2374163771321176,-0.5455480327531985,1.4974924135309506,3,0.12146934307065627,0.01613961405735153,0.009318210520628574,0.08137631913819043,0.1615623670031221,3,0.20438112623254648,0.04378425618312983,0.025278852093597547,0.09561500426844396,0.31314724819664896,3,0.30436623551903225,0.061839555651461764,0.035703084101938294,0.15074826324925653,0.457984207788808,3,0.5184478941150048,0.36778219743279844,0.21233915069097828,-0.39517373222689334,1.432069520456903,3,0.02601283333297033,0.00020582109250540185,0.00011883086316289663,0.025501545395210344,0.026524121270730318,3,87.33373743699887,0.07079926550768408,0.04087597499928919,87.15786231158918,87.50961256240856,3,3357.466782960002,25.515746564760985,14.731523147739024,3294.0821546758007,3420.8514112442035,3,0.9409987838845083,0.003967228863550749,0.002290480652307878,0.9311436410535396,0.950853926715477,3,0.632882389624005,0.04193955923073823,0.02421381581156097,0.5286987489260326,0.7370660303219774,3,18.84287055741297,0.07396616989681579,0.04270438810085219,18.659128405380834,19.026612709445104
mlp,NF-ToN-IoT,dc_ssd,3,3,0.12430573804782015,0.04075976431832125,0.023532660901288478,0.023052870383877613,0.22555860571176267,3,0.4864046552807726,0.19330225224605954,0.11160310736922342,0.006215240716011816,0.9665940698455333,3,0.20022023109970347,0.019067203187139663,0.011008454892788375,0.15285467260551072,0.2475857895938962,0,,,,,,3,0.8610946618226896,0.006328755069864018,0.0036539084432212,0.8453731626854041,0.876816160959975,3,0.4584665441117815,0.17936467423004518,0.10355624294982613,0.012899992706635277,0.9040330955169278,3,0.8738131095878953,0.007906631782899158,0.004564895988240079,0.8541719474033151,0.8934542717724754,3,0.9143395898124917,0.029937414436923212,0.017284374283999007,0.8399709296183536,0.9887082500066299,3,0.7506141973436323,0.07094785221111397,0.04096176157251243,0.5743699621004992,0.9268584325867655,3,0.8989505871416853,0.02185299885824214,0.012616834773406685,0.8446647285637618,0.9532364457196087,3,0.6831731899755217,0.006614575413807886,0.0038189268957370633,0.6667416737430686,0.6996047062079748,3,0.20213496979782622,0.3007787600053534,0.17365469805561265,-0.5450408908157148,0.9493108304113672,3,0.1075127183138259,0.05861239576032761,0.03383988247007403,-0.03808854436863475,0.25311398099628657,3,0.6837623047151163,0.06399894575266535,0.0369498085581536,0.5247801100606269,0.8427444993696058,3,0.4771120162924352,0.13827716851144103,0.07983436046285973,0.13361248732336606,0.8206115452615044,3,0.5293284066021292,0.12747916414673824,0.07360012973618782,0.21265260748673048,0.8460042057175279,3,0.786248866103947,0.009599620184754302,0.005542343297786061,0.7624020875848146,0.8100956446230793,3,0.5029298658751322,0.09224432950486643,0.05325728847085117,0.27378224825980957,0.7320774834904549,3,0.5331036950315308,0.03703392936754947,0.021381549089504275,0.4411063144764431,0.6251010755866184,3,0.04956927184466953,0.03378646790319983,0.019506626338879073,-0.03436096721947117,0.13349951090881024,3,0.806555122622049,0.18106890653956548,0.10454018193248932,0.35675502346729254,1.2563552217768055,3,0.09904900619023647,0.023219936846128254,0.013406036788678258,0.04136748540702307,0.15673052697344989,3,0.4682824710377144,0.15994678830413991,0.09234532128341127,0.07095262234297767,0.8656123197324512,3,0.4784851424599977,0.16341253070653697,0.09434626859237712,0.07254591236436092,0.8844243725556344,3,0.1590112854480675,0.19441807761901894,0.11224732944867015,-0.3239499930053552,0.6419725639014903,3,0.025897100999524508,5.3044720787070264e-05,3.062538382550356e-05,0.02576533060820971,0.026028871390839304,3,87.33373743699887,0.07079926550768408,0.04087597499928919,87.15786231158918,87.50961256240856,3,3372.3469132643427,8.106615848838146,4.68035684254359,3352.2089631198205,3392.484863408865,3,0.62339649287984,0.03053599530180456,0.017629965107470013,0.5475408753857364,0.6992521103739436,3,0.4476231157339278,0.15031365216852655,0.08678362754237458,0.07422330379579656,0.8210229276720591,3,13.773063832065752,0.44516854644872916,0.25701818012692823,12.66720385776109,14.878923806370414
mlp,NF-ToN-IoT,scrub_r,3,3,0.12430573804782015,0.04075976431832125,0.023532660901288478,0.023052870383877613,0.22555860571176267,3,0.2431682262644642,0.014195230591822565,0.008195620203397569,0.2079053186247628,0.2784311339041656,3,0.20022023109970347,0.019067203187139663,0.011008454892788375,0.15285467260551072,0.2475857895938962,0,,,,,,3,0.8610946618226896,0.006328755069864018,0.0036539084432212,0.8453731626854041,0.876816160959975,3,0.8205079857626144,0.026760176270334956,0.015449994973239723,0.7540320227172128,0.886983948808016,3,0.8738131095878953,0.007906631782899158,0.004564895988240079,0.8541719474033151,0.8934542717724754,3,0.9143395898124917,0.029937414436923212,0.017284374283999007,0.8399709296183536,0.9887082500066299,3,0.8644298081716091,0.05354299641171707,0.03091306339152402,0.7314216315867984,0.9974379847564198,3,0.8989505871416853,0.02185299885824214,0.012616834773406685,0.8446647285637618,0.9532364457196087,3,0.6831731899755217,0.006614575413807886,0.0038189268957370633,0.6667416737430686,0.6996047062079748,3,0.41873143676247143,0.20691893407993237,0.11946470229147939,-0.09528369065429926,0.9327465641792421,3,0.1075127183138259,0.05861239576032761,0.03383988247007403,-0.03808854436863475,0.25311398099628657,3,0.6837623047151163,0.06399894575266535,0.0369498085581536,0.5247801100606269,0.8427444993696058,3,0.5556148137897744,0.06447219638324755,0.03722303993711439,0.39545699939676066,0.7157726281827881,3,0.5293284066021292,0.12747916414673824,0.07360012973618782,0.21265260748673048,0.8460042057175279,3,0.786248866103947,0.009599620184754302,0.005542343297786061,0.7624020875848146,0.8100956446230793,3,0.5693653594101364,0.04421241683499787,0.02552605076120996,0.4595356274240541,0.6791950913962188,3,0.5331036950315308,0.03703392936754947,0.021381549089504275,0.4411063144764431,0.6251010755866184,3,0.06303030100859068,0.04045968635156047,0.023359410806401266,-0.037477131661665275,0.16353773367884664,3,0.7069294827717932,0.14835516316407737,0.08565289338845093,0.3383948272276022,1.0754641383159842,3,0.07167197063049015,0.0343560697590353,0.019835486123676596,-0.013673237884396908,0.15701717914537722,3,0.5519852885158814,0.09846588012126498,0.056849302394005756,0.3073824823889911,0.7965880946427717,3,0.7237357091834092,0.07355865106466286,0.042469106993408855,0.5410058900504611,0.9064655283163574,3,0.31121871844864557,0.25706639735135467,0.14841735371041193,-0.3273696136277361,0.9498070505250272,3,45.01247566800021,0.0765690712432521,0.044207173893891234,44.82226755057351,45.202683785426906,3,87.33373743699887,0.07079926550768408,0.04087597499928919,87.15786231158918,87.50961256240856,3,1.9402152583406627,0.003402204417427179,0.001964263636239716,1.9317637140443529,1.9486668026369725,0,,,,,,0,,,,,,3,51.30624168557255,0.22844900100247673,0.13189509222488102,50.73874290697764,51.87374046416746
mlp,NF-ToN-IoT,scrub_r@lr=0.001,3,3,0.12430573804782015,0.04075976431832125,0.023532660901288478,0.023052870383877613,0.22555860571176267,3,0.22082046556466908,0.024677942239115805,0.014247816594799546,0.15951705860084484,0.28212387252849336,3,0.20022023109970347,0.019067203187139663,0.011008454892788375,0.15285467260551072,0.2475857895938962,0,,,,,,3,0.8610946618226896,0.006328755069864018,0.0036539084432212,0.8453731626854041,0.876816160959975,3,0.8552821555099447,0.009039289729149884,0.005218836358407705,0.8328273150066043,0.877736996013285,3,0.8738131095878953,0.007906631782899158,0.004564895988240079,0.8541719474033151,0.8934542717724754,3,0.9143395898124917,0.029937414436923212,0.017284374283999007,0.8399709296183536,0.9887082500066299,3,0.8386642933932386,0.0651861116574004,0.03763521911282513,0.676733015144729,1.000595571641748,3,0.8989505871416853,0.02185299885824214,0.012616834773406685,0.8446647285637618,0.9532364457196087,3,0.6831731899755217,0.006614575413807886,0.0038189268957370633,0.6667416737430686,0.6996047062079748,3,0.19478616743190555,0.15021250165123917,0.08672522826399004,-0.17836237269167218,0.5679347075554833,3,0.1075127183138259,0.05861239576032761,0.03383988247007403,-0.03808854436863475,0.25311398099628657,3,0.6837623047151163,0.06399894575266535,0.0369498085581536,0.5247801100606269,0.8427444993696058,3,0.5575460636961224,0.003933500543136185,0.0022710075974372154,0.5477747066578484,0.5673174207343963,3,0.5293284066021292,0.12747916414673824,0.07360012973618782,0.21265260748673048,0.8460042057175279,3,0.786248866103947,0.009599620184754302,0.005542343297786061,0.7624020875848146,0.8100956446230793,3,0.5946549011670257,0.01257260681105936,0.007258797926780444,0.5634228144530511,0.6258869878810003,3,0.5331036950315308,0.03703392936754947,0.021381549089504275,0.4411063144764431,0.6251010755866184,3,0.061551206135494994,0.047810960420485084,0.02760367086898161,-0.0572178036785626,0.18032021594955258,3,0.8662617465046987,0.08428995025384363,0.04866482546903678,0.6568739023601612,1.075649590649236,3,0.039741355023445994,0.01913351682736296,0.01104674109082224,-0.007788935685226851,0.08727164573211885,3,0.5025007093802029,0.0808026400285674,0.046651425971725814,0.30177582407873926,0.7032255946816665,3,0.7278068412362382,0.014190722786390263,0.008193017620717774,0.6925551316060082,0.7630585508664681,3,0.12610879774384773,0.12177494411675556,0.07030679676636047,-0.176396933279125,0.4286145287668205,3,44.9140316533338,0.19745929927677092,0.11400317959143857,44.42351556147066,45.40454774519694,3,87.33373743699887,0.07079926550768408,0.04087597499928919,87.15786231158918,87.50961256240856,3,1.944488245226571,0.00825921776089404,0.004768461597547912,1.9239712109174303,1.9650052795357118,0,,,,,,0,,,,,,3,87.9069473393446,30.00452719622222,17.32312185364635,13.37156980889425,162.44232486979496
mlp,NF-BoT-IoT,rollback_repair,3,3,0.20070745554436029,0.058552659313232544,0.03380539361626326,0.05525458642289266,0.3461603246658279,3,1.767202771994193,0.23559514704182657,0.13602092156436804,1.18195198252948,2.3524535614589057,3,0.21540756076351938,0.021781374530493038,0.012575482448500215,0.16129962687923402,0.2695154946478048,0,,,,,,3,0.7575511392255075,0.004547118816089311,0.002625280272506376,0.7462554698947905,0.7688468085562246,3,0.0,0.0,0.0,0.0,0.0,3,0.7135048751625899,0.043248500098168,0.02496953317372485,0.6060696450934243,0.8209401052317554,3,0.8124563499304335,0.022891058406973006,0.013216158733301312,0.7555918084804971,0.8693208913803698,3,0.7390661977236963,0.08569882460792531,0.04947823945662021,0.52617851566511,0.9519538797822826,3,0.8033436648089091,0.04646040385930709,0.026823926674829676,0.687929623480284,0.9187577061375342,3,0.9938037577670676,0.0007928488640338711,0.0004577515050766445,0.9918342120042271,0.9957733035299082,3,0.0,0.0,0.0,0.0,0.0,3,0.02242304829130269,0.007198010429863102,0.004155773259311196,0.00454219913312914,0.04030389744947624,3,0.9894120243612915,0.0006406055887904732,0.00036985380913255844,0.9878206718598388,0.9910033768627442,3,0.3009330094307546,0.12659530381388856,0.07308983273509102,-0.013547158899919198,0.6154131777614285,3,0.1990435031584975,0.14785281589673085,0.08536286305842174,-0.16824325259449874,0.5663302589114938,3,0.8544866056264143,0.02411553449103047,0.013923110330048147,0.7945802969589721,0.9143929142938565,3,0.34672872126930004,0.3044423811953383,0.17576989073585922,-0.4095480789037372,1.1030055214423373,3,0.4299168403604867,0.06496899386370891,0.03750986609619149,0.2685249126111716,0.5913087681098018,3,0.2123528622983564,0.01611306907515286,0.009302884768010538,0.17232577975722718,0.2523799448394856,3,0.9880454594188914,0.003639980835390809,0.002101543915157963,0.9790032457557607,0.9970876730820222,3,0.04159074361945777,0.023503620187792933,0.013569821442352973,-0.016795485650971484,0.09997697288988702,3,0.8705172814447734,0.05861035426335911,0.03383870381124971,0.7249210901219205,1.0161134727676262,3,0.39061887592377437,0.05038272682893632,0.029088480897193764,0.2654612441887495,0.5157765076587992,3,0.02242304829130269,0.007198010429863102,0.004155773259311196,0.00454219913312914,0.04030389744947624,3,1.7151523193329012,0.009301851366096413,0.0053704263901776525,1.6920452395655712,1.7382593991002313,3,69.15402913800017,0.3896006674572345,0.2249360502328922,68.18620742745854,70.1218508485418,3,40.320122122891995,0.2886239733108405,0.16663712868559313,39.6031404262842,41.03710381949979,0,,,,,,0,,,,,,3,18.947106196296044,0.8300134012339041,0.4792084606333914,16.885238605058298,21.00897378753379
mlp,NF-BoT-IoT,ssd_canonical,3,3,0.20070745554436029,0.058552659313232544,0.03380539361626326,0.05525458642289266,0.3461603246658279,3,0.20070745554436029,0.058552659313232544,0.03380539361626326,0.05525458642289266,0.3461603246658279,3,0.21540756076351938,0.021781374530493038,0.012575482448500215,0.16129962687923402,0.2695154946478048,3,3.3901660280970627,0.0,0.0,3.3901660280970627,3.3901660280970627,3,0.7575511392255075,0.004547118816089311,0.002625280272506376,0.7462554698947905,0.7688468085562246,3,0.7575511392255075,0.004547118816089311,0.002625280272506376,0.7462554698947905,0.7688468085562246,3,0.7135048751625899,0.043248500098168,0.02496953317372485,0.6060696450934243,0.8209401052317554,3,0.8124563499304335,0.022891058406973006,0.013216158733301312,0.7555918084804971,0.8693208913803698,3,0.8124563499304335,0.022891058406973006,0.013216158733301312,0.7555918084804971,0.8693208913803698,3,0.8033436648089091,0.04646040385930709,0.026823926674829676,0.687929623480284,0.9187577061375342,3,0.9938037577670676,0.0007928488640338711,0.0004577515050766445,0.9918342120042271,0.9957733035299082,3,0.9938037577670676,0.0007928488640338711,0.0004577515050766445,0.9918342120042271,0.9957733035299082,3,0.02242304829130269,0.007198010429863102,0.004155773259311196,0.00454219913312914,0.04030389744947624,3,0.9894120243612915,0.0006406055887904732,0.00036985380913255844,0.9878206718598388,0.9910033768627442,3,0.9894120243612915,0.0006406055887904732,0.00036985380913255844,0.9878206718598388,0.9910033768627442,3,0.1990435031584975,0.14785281589673085,0.08536286305842174,-0.16824325259449874,0.5663302589114938,3,0.8544866056264143,0.02411553449103047,0.013923110330048147,0.7945802969589721,0.9143929142938565,3,0.8544866056264143,0.02411553449103047,0.013923110330048147,0.7945802969589721,0.9143929142938565,3,0.4299168403604867,0.06496899386370891,0.03750986609619149,0.2685249126111716,0.5913087681098018,3,0.4245697652659275,0.08049982896071839,0.0464765979201896,0.2245971043576337,0.6245424261742213,3,0.024150316286051247,0.00257202266617019,0.0014849579786751783,0.017761057785620427,0.030539574786482067,3,0.5342192702384853,0.06630153116350478,0.03827920686493384,0.36951713633047434,0.6989214041464962,3,0.7302151206308635,0.15587618887249238,0.08999515960578643,0.34299720149358653,1.1174330397681405,3,0.9423566575322752,0.02967272780422168,0.01713155738535788,0.868645515384219,1.0160677996803313,3,0.971380709475765,0.0065981627676214155,0.0038094510500431907,0.9549899645166529,0.9877714544348772,3,3.221137405332987,0.043181221253950144,0.024930689714904905,3.1138693051779436,3.32840550548803,3,69.15402913800017,0.3896006674572345,0.2249360502328922,68.18620742745854,70.1218508485418,3,21.470878994651766,0.2543226875605504,0.14683327212411285,20.839106415536737,22.102651573766796,3,0.0,0.0,0.0,0.0,0.0,3,0.7733022462362786,0.000964444722500587,0.0005568224201542278,0.7709064327302461,0.7756980597423112,3,0.0,0.0,0.0,0.0,0.0
mlp,NF-BoT-IoT,ssd_canonical@alpha=1,3,3,0.20070745554436029,0.058552659313232544,0.03380539361626326,0.05525458642289266,0.3461603246658279,3,0.201501481615463,0.05664581310174136,0.03270447544275561,0.06078548107841014,0.34221748215251585,3,0.21540756076351938,0.021781374530493038,0.012575482448500215,0.16129962687923402,0.2695154946478048,3,3.3901660280970627,0.0,0.0,3.3901660280970627,3.3901660280970627,3,0.7575511392255075,0.004547118816089311,0.002625280272506376,0.7462554698947905,0.7688468085562246,3,0.7579887711162017,0.004066046103196401,0.0023475328122178713,0.7478881526536612,0.7680893895787422,3,0.7135048751625899,0.043248500098168,0.02496953317372485,0.6060696450934243,0.8209401052317554,3,0.8124563499304335,0.022891058406973006,0.013216158733301312,0.7555918084804971,0.8693208913803698,3,0.8156514812938748,0.016598454179935978,0.009583121988917706,0.7744186353092469,0.8568843272785026,3,0.8033436648089091,0.04646040385930709,0.026823926674829676,0.687929623480284,0.9187577061375342,3,0.9938037577670676,0.0007928488640338711,0.0004577515050766445,0.9918342120042271,0.9957733035299082,3,0.9937157152642424,0.0005006026274236884,0.00028902306170010045,0.9924721493988733,0.9949592811296115,3,0.02242304829130269,0.007198010429863102,0.004155773259311196,0.00454219913312914,0.04030389744947624,3,0.9894120243612915,0.0006406055887904732,0.00036985380913255844,0.9878206718598388,0.9910033768627442,3,0.9892968242038139,0.0012453177044984894,0.0007189845119188097,0.9862032835309972,0.9923903648766307,3,0.1990435031584975,0.14785281589673085,0.08536286305842174,-0.16824325259449874,0.5663302589114938,3,0.8544866056264143,0.02411553449103047,0.013923110330048147,0.7945802969589721,0.9143929142938565,3,0.8556989361349494,0.026702232535471354,0.015416541142318371,0.7893669133064803,0.9220309589634185,3,0.4299168403604867,0.06496899386370891,0.03750986609619149,0.2685249126111716,0.5913087681098018,3,0.42578209577446263,0.07821948315429869,0.04516003965500775,0.23147412787965754,0.6200900636692677,3,0.024324541653264715,0.003007655871544716,0.0017364709270661003,0.01685311027888577,0.03179597302764366,3,0.5342709299550218,0.06675047092283853,0.03853840235583512,0.3684535678605596,0.700088292049484,3,0.7317496746857478,0.15516938658388357,0.08958708711419429,0.3462875497683337,1.1172117996031619,3,0.9404787969651279,0.030720544086575707,0.01773651439803625,0.8641647348751224,1.0167928590551336,3,0.9712926669729397,0.006866925743526133,0.003964621426529985,0.9542342777698687,0.9883510561760107,3,3.207904431000012,0.031169119157230717,0.017995499335830677,3.1304760466604553,3.285332815339569,3,69.15402913800017,0.3896006674572345,0.2249360502328922,68.18620742745854,70.1218508485418,3,21.55927095182138,0.3051382913289308,0.17617167463882064,20.801265415041517,22.31727648860124,3,0.020634733827625436,0.004354610581262721,0.002514135591308025,0.009817281462857739,0.031452186192393136,3,0.7733022462362786,0.000964444722500587,0.0005568224201542278,0.7709064327302461,0.7756980597423112,3,0.5085777730596835,0.05059963251117259,0.029213711451221636,0.3828813177395293,0.6342742283798377
mlp,NF-BoT-IoT,ssd_canonical@alpha=2,3,3,0.20070745554436029,0.058552659313232544,0.03380539361626326,0.05525458642289266,0.3461603246658279,3,0.2009107771975177,0.05855939635939974,0.033809283251681435,0.05544117232560053,0.3463803820694349,3,0.21540756076351938,0.021781374530493038,0.012575482448500215,0.16129962687923402,0.2695154946478048,3,3.3901660280970627,0.0,0.0,3.3901660280970627,3.3901660280970627,3,0.7575511392255075,0.004547118816089311,0.002625280272506376,0.7462554698947905,0.7688468085562246,3,0.7574521710665901,0.004495343870175305,0.0025953879935456466,0.7462851178315404,0.7686192243016399,3,0.7135048751625899,0.043248500098168,0.02496953317372485,0.6060696450934243,0.8209401052317554,3,0.8124563499304335,0.022891058406973006,0.013216158733301312,0.7555918084804971,0.8693208913803698,3,0.8123589222528617,0.02260867729166939,0.013053125920366703,0.7561958543805284,0.8685219901251949,3,0.8033436648089091,0.04646040385930709,0.026823926674829676,0.687929623480284,0.9187577061375342,3,0.9938037577670676,0.0007928488640338711,0.0004577515050766445,0.9918342120042271,0.9957733035299082,3,0.9937562960388986,0.0007126121271786827,0.0004114268034544043,0.9919860693799454,0.9955265226978518,3,0.02242304829130269,0.007198010429863102,0.004155773259311196,0.00454219913312914,0.04030389744947624,3,0.9894120243612915,0.0006406055887904732,0.00036985380913255844,0.9878206718598388,0.9910033768627442,3,0.9892703542647174,0.0005697023175967285,0.00032891778642242487,0.9878551352531214,0.9906855732763135,3,0.1990435031584975,0.14785281589673085,0.08536286305842174,-0.16824325259449874,0.5663302589114938,3,0.8544866056264143,0.02411553449103047,0.013923110330048147,0.7945802969589721,0.9143929142938565,3,0.855610146570526,0.023469720887334043,0.013550249672107693,0.7973081278307677,0.9139121653102844,3,0.4299168403604867,0.06496899386370891,0.03750986609619149,0.2685249126111716,0.5913087681098018,3,0.42569330621003926,0.0811301273192582,0.046840500847162334,0.2241548973796618,0.6272317150404167,3,0.024244129945320037,0.0026214093458834095,0.0015134713915019873,0.017732188131356994,0.03075607175928308,3,0.5342083921289752,0.06631056086595036,0.0382844201660715,0.3694838271965936,0.6989329570613567,3,0.7293194796051479,0.15696966752099492,0.09062647979785247,0.33938520892016566,1.11925375029013,3,0.9423201143789504,0.02997091760929686,0.017303717349587636,0.8678682276908566,1.016772001067044,3,0.9713332477475959,0.006645722151562859,0.003836909473164276,0.9548243587292886,0.9878421367659032,3,3.191263022666893,0.010230295275488691,0.005906463731192753,3.1658495603710253,3.2166764849627607,3,69.15402913800017,0.3896006674572345,0.2249360502328922,68.18620742745854,70.1218508485418,3,21.67007099594194,0.1663931344769701,0.09606712098158429,21.256727535616477,22.083414456267406,3,0.0006276725118669334,0.0003828649581409739,0.0002210471866459661,-0.00032341676914698523,0.001578761792880852,3,0.7733022462362786,0.000964444722500587,0.0005568224201542278,0.7709064327302461,0.7756980597423112,3,0.17668638410538084,0.057227027626722354,0.0330400398052103,0.03452656664822357,0.3188462015625381
mlp,NF-BoT-IoT,ssd_canonical@alpha=3,3,3,0.20070745554436029,0.058552659313232544,0.03380539361626326,0.05525458642289266,0.3461603246658279,3,0.2007098423144151,0.05855639406717391,0.03380754987745666,0.055247695549837744,0.3461719890789925,3,0.21540756076351938,0.021781374530493038,0.012575482448500215,0.16129962687923402,0.2695154946478048,3,3.3901660280970627,0.0,0.0,3.3901660280970627,3.3901660280970627,3,0.7575511392255075,0.004547118816089311,0.002625280272506376,0.7462554698947905,0.7688468085562246,3,0.7575511392255075,0.004547118816089311,0.002625280272506376,0.7462554698947905,0.7688468085562246,3,0.7135048751625899,0.043248500098168,0.02496953317372485,0.6060696450934243,0.8209401052317554,3,0.8124563499304335,0.022891058406973006,0.013216158733301312,0.7555918084804971,0.8693208913803698,3,0.8124560399922873,0.0228909553636431,0.013216099241207051,0.7555917545161727,0.869320325468402,3,0.8033436648089091,0.04646040385930709,0.026823926674829676,0.687929623480284,0.9187577061375342,3,0.9938037577670676,0.0007928488640338711,0.0004577515050766445,0.9918342120042271,0.9957733035299082,3,0.9938037577670676,0.0007928488640338711,0.0004577515050766445,0.9918342120042271,0.9957733035299082,3,0.02242304829130269,0.007198010429863102,0.004155773259311196,0.00454219913312914,0.04030389744947624,3,0.9894120243612915,0.0006406055887904732,0.00036985380913255844,0.9878206718598388,0.9910033768627442,3,0.9894127699933787,0.0006395997970077695,0.0003692731149760657,0.9878239160172235,0.9910016239695338,3,0.1990435031584975,0.14785281589673085,0.08536286305842174,-0.16824325259449874,0.5663302589114938,3,0.8544866056264143,0.02411553449103047,0.013923110330048147,0.7945802969589721,0.9143929142938565,3,0.854486592388565,0.024115511630609668,0.013923097131578044,0.7945803405095562,0.9143928442675737,3,0.4299168403604867,0.06496899386370891,0.03750986609619149,0.2685249126111716,0.5913087681098018,3,0.42456975202807823,0.08049981102959738,0.04647658756765206,0.22459713566315834,0.6245423683929981,3,0.024150316286051247,0.00257202266617019,0.0014849579786751783,0.017761057785620427,0.030539574786482067,3,0.5342194365903709,0.06630139474388103,0.03827912810302735,0.3695176415674919,0.6989212316132498,3,0.7302150544634572,0.15587624093323302,0.08999518966306905,0.3429970060001312,1.1174331029267832,3,0.9423568794734555,0.02967302971809173,0.017131731695412024,0.868644987329769,1.016068771617142,3,0.971380709475765,0.0065981627676214155,0.0038094510500431907,0.9549899645166529,0.9877714544348772,3,3.2198628140004075,0.034691082310489646,0.020028905710440664,3.1336853881725535,3.3060402398282616,3,69.15402913800017,0.3896006674572345,0.2249360502328922,68.18620742745854,70.1218508485418,3,21.478142462266632,0.11750560561259081,0.06784189303171931,21.18624235602595,21.770042568507314,3,1.961476599584167e-05,3.397377128337212e-05,1.9614765995841672e-05,-6.478076045851757e-05,0.00010401029245020091,3,0.7733022462362786,0.000964444722500587,0.0005568224201542278,0.7709064327302461,0.7756980597423112,3,0.005986685522666406,0.010369243494195256,0.005986685522666407,-0.019771943283266584,0.031745314328599394
mlp,NF-BoT-IoT,ssd_canonical@alpha=5,3,3,0.20070745554436029,0.058552659313232544,0.03380539361626326,0.05525458642289266,0.3461603246658279,3,0.20070745554436029,0.058552659313232544,0.03380539361626326,0.05525458642289266,0.3461603246658279,3,0.21540756076351938,0.021781374530493038,0.012575482448500215,0.16129962687923402,0.2695154946478048,3,3.3901660280970627,0.0,0.0,3.3901660280970627,3.3901660280970627,3,0.7575511392255075,0.004547118816089311,0.002625280272506376,0.7462554698947905,0.7688468085562246,3,0.7575511392255075,0.004547118816089311,0.002625280272506376,0.7462554698947905,0.7688468085562246,3,0.7135048751625899,0.043248500098168,0.02496953317372485,0.6060696450934243,0.8209401052317554,3,0.8124563499304335,0.022891058406973006,0.013216158733301312,0.7555918084804971,0.8693208913803698,3,0.8124563499304335,0.022891058406973006,0.013216158733301312,0.7555918084804971,0.8693208913803698,3,0.8033436648089091,0.04646040385930709,0.026823926674829676,0.687929623480284,0.9187577061375342,3,0.9938037577670676,0.0007928488640338711,0.0004577515050766445,0.9918342120042271,0.9957733035299082,3,0.9938037577670676,0.0007928488640338711,0.0004577515050766445,0.9918342120042271,0.9957733035299082,3,0.02242304829130269,0.007198010429863102,0.004155773259311196,0.00454219913312914,0.04030389744947624,3,0.9894120243612915,0.0006406055887904732,0.00036985380913255844,0.9878206718598388,0.9910033768627442,3,0.9894120243612915,0.0006406055887904732,0.00036985380913255844,0.9878206718598388,0.9910033768627442,3,0.1990435031584975,0.14785281589673085,0.08536286305842174,-0.16824325259449874,0.5663302589114938,3,0.8544866056264143,0.02411553449103047,0.013923110330048147,0.7945802969589721,0.9143929142938565,3,0.8544866056264143,0.02411553449103047,0.013923110330048147,0.7945802969589721,0.9143929142938565,3,0.4299168403604867,0.06496899386370891,0.03750986609619149,0.2685249126111716,0.5913087681098018,3,0.4245697652659275,0.08049982896071839,0.0464765979201896,0.2245971043576337,0.6245424261742213,3,0.024150316286051247,0.00257202266617019,0.0014849579786751783,0.017761057785620427,0.030539574786482067,3,0.5342192702384853,0.06630153116350478,0.03827920686493384,0.36951713633047434,0.6989214041464962,3,0.7302151206308635,0.15587618887249238,0.08999515960578643,0.34299720149358653,1.1174330397681405,3,0.9423566575322752,0.02967272780422168,0.01713155738535788,0.868645515384219,1.0160677996803313,3,0.971380709475765,0.0065981627676214155,0.0038094510500431907,0.9549899645166529,0.9877714544348772,3,3.245903196000048,0.060067223848473295,0.034679827858389564,3.0966879399997556,3.3951184520003403,3,69.15402913800017,0.3896006674572345,0.2249360502328922,68.18620742745854,70.1218508485418,3,21.309257835474845,0.36167557776081216,0.20881349217951833,20.410805893351256,22.207709777598435,3,0.0,0.0,0.0,0.0,0.0,3,0.7733022462362786,0.000964444722500587,0.0005568224201542278,0.7709064327302461,0.7756980597423112,3,0.0,0.0,0.0,0.0,0.0
mlp,NF-BoT-IoT,dc_ssd_no_contrast,3,3,0.20070745554436029,0.058552659313232544,0.03380539361626326,0.05525458642289266,0.3461603246658279,3,0.28523208909725345,0.058729473922197205,0.03390747757834566,0.13933998813767376,0.4311241900568331,3,0.21540756076351938,0.021781374530493038,0.012575482448500215,0.16129962687923402,0.2695154946478048,0,,,,,,3,0.7575511392255075,0.004547118816089311,0.002625280272506376,0.7462554698947905,0.7688468085562246,3,0.6118837537918584,0.05993651713027882,0.03460436429945509,0.4629931912794083,0.7607743163043086,3,0.7135048751625899,0.043248500098168,0.02496953317372485,0.6060696450934243,0.8209401052317554,3,0.8124563499304335,0.022891058406973006,0.013216158733301312,0.7555918084804971,0.8693208913803698,3,0.7609825920907188,0.026393003246684796,0.015238007529196134,0.6954187374000927,0.8265464467813449,3,0.8033436648089091,0.04646040385930709,0.026823926674829676,0.687929623480284,0.9187577061375342,3,0.9938037577670676,0.0007928488640338711,0.0004577515050766445,0.9918342120042271,0.9957733035299082,3,0.8260234015405236,0.015406498366204164,0.008894945978997504,0.7877515379434902,0.864295265137557,3,0.02242304829130269,0.007198010429863102,0.004155773259311196,0.00454219913312914,0.04030389744947624,3,0.9894120243612915,0.0006406055887904732,0.00036985380913255844,0.9878206718598388,0.9910033768627442,3,0.7040123953878181,0.06995027290575521,0.04038580889202556,0.5302462845175576,0.8777785062580786,3,0.1990435031584975,0.14785281589673085,0.08536286305842174,-0.16824325259449874,0.5663302589114938,3,0.8544866056264143,0.02411553449103047,0.013923110330048147,0.7945802969589721,0.9143929142938565,3,0.6862814179171536,0.3060678590812814,0.1767083608308703,-0.07403329317192131,1.4465961290062284,3,0.4299168403604867,0.06496899386370891,0.03750986609619149,0.2685249126111716,0.5913087681098018,3,0.3013490066688578,0.21188506623550377,0.12233190002832979,-0.22500267691695097,0.8277006902546665,3,0.3027232765090597,0.018681204885585483,0.010785598669479332,0.2563165909524174,0.34912996206570207,3,0.2551761790261939,0.13323324590829808,0.07692225039016351,-0.07579355158941325,0.586145909641801,3,0.9252499569211752,0.008354430430045247,0.004823432657712625,0.9044964012299624,0.9460035126123879,3,0.83230828615124,0.05331220825337107,0.030779817786177176,0.6998734191339949,0.964743153168485,3,0.8036003532492209,0.021113141720291623,0.012189678055649088,0.7511524016889651,0.8560483048094766,3,0.025862485000137287,0.0007002076446073726,0.0004042650721027004,0.024123072784133795,0.02760189721614078,3,69.15402913800017,0.3896006674572345,0.2249360502328922,68.18620742745854,70.1218508485418,3,2674.963712145758,58.24841727345084,33.62973939269649,2530.2666221488025,2819.6608021427137,3,0.21180024322309834,0.013746704769827053,0.007936663699329962,0.17765153549249602,0.24594895095370067,3,0.5435001794922721,0.19048531959986137,0.10997675054765187,0.07030841354530615,1.0166919454392382,3,6.355997134654326,0.32787299455302543,0.18929756166519796,5.541515464230739,7.170478805077914
mlp,NF-BoT-IoT,dc_ssd_no_class_balance,3,3,0.20070745554436029,0.058552659313232544,0.03380539361626326,0.05525458642289266,0.3461603246658279,3,0.20124422171094958,0.058509756858123145,0.03378062387225695,0.05589792819614456,0.34659051522575457,3,0.21540756076351938,0.021781374530493038,0.012575482448500215,0.16129962687923402,0.2695154946478048,0,,,,,,3,0.7575511392255075,0.004547118816089311,0.002625280272506376,0.7462554698947905,0.7688468085562246,3,0.7574688038275683,0.004485903317393575,0.002589937487855816,0.7463252022257031,0.7686124054294335,3,0.7135048751625899,0.043248500098168,0.02496953317372485,0.6060696450934243,0.8209401052317554,3,0.8124563499304335,0.022891058406973006,0.013216158733301312,0.7555918084804971,0.8693208913803698,3,0.8084746183496262,0.017886618173697477,0.01032684381747629,0.7640417956092161,0.8529074410900362,3,0.8033436648089091,0.04646040385930709,0.026823926674829676,0.687929623480284,0.9187577061375342,3,0.9938037577670676,0.0007928488640338711,0.0004577515050766445,0.9918342120042271,0.9957733035299082,3,0.9938309654518499,0.0008350672459962403,0.0004821262992673688,0.9917565434142489,0.9959053874894509,3,0.02242304829130269,0.007198010429863102,0.004155773259311196,0.00454219913312914,0.04030389744947624,3,0.9894120243612915,0.0006406055887904732,0.00036985380913255844,0.9878206718598388,0.9910033768627442,3,0.9886451417595724,0.00045520472520122715,0.00026281257063131815,0.9875143505351471,0.9897759329839977,3,0.1990435031584975,0.14785281589673085,0.08536286305842174,-0.16824325259449874,0.5663302589114938,3,0.8544866056264143,0.02411553449103047,0.013923110330048147,0.7945802969589721,0.9143929142938565,3,0.8491553001197812,0.030145051147240746,0.017404253394594484,0.7742708417432059,0.9240397584963566,3,0.4299168403604867,0.06496899386370891,0.03750986609619149,0.2685249126111716,0.5913087681098018,3,0.41923845975929463,0.07974170944182674,0.04603889741187959,0.22114907213787027,0.617327847380719,3,0.024096708480754802,0.0025870626410251793,0.0014936413122063116,0.017670088611603386,0.030523328349906217,3,0.5342553363425976,0.0663756738412402,0.03832201315988283,0.36936902181277625,0.6991416508724189,3,0.7313189051855024,0.15289440098730034,0.08827362356760445,0.3515081577821794,1.1111296525888252,3,0.9424534982602473,0.02955169246607316,0.017061677600296376,0.8690430245601366,1.015863971960358,3,0.9714079171605471,0.006588006556361736,0.003803587358738468,0.9550424016288332,0.9877734326922609,3,0.017684601333106304,0.0004291745530115134,0.0002477840437105346,0.016618472641060023,0.018750730025152585,3,69.15402913800017,0.3896006674572345,0.2249360502328922,68.18620742745854,70.1218508485418,3,3911.9461540573247,97.71884664604056,56.41800241599128,3669.1990819581565,4154.693226156493,3,0.003079518261347142,0.0025631628769243477,0.0014798427769691278,-0.003287731302500194,0.009446767825194479,3,0.5700895628131836,0.0760085260296441,0.0438835429639217,0.381273916890728,0.7589052087356392,3,0.4846198174276224,0.2743262518094547,0.15838233532796975,-0.19684437000691635,1.166084004862161
mlp,NF-BoT-IoT,dc_ssd,3,3,0.20070745554436029,0.058552659313232544,0.03380539361626326,0.05525458642289266,0.3461603246658279,3,0.3126433752831628,0.08058154642029632,0.046523777517474406,0.11246771695182559,0.5128190336145001,3,0.21540756076351938,0.021781374530493038,0.012575482448500215,0.16129962687923402,0.2695154946478048,0,,,,,,3,0.7575511392255075,0.004547118816089311,0.002625280272506376,0.7462554698947905,0.7688468085562246,3,0.4894826434054776,0.13313068482600646,0.07686303672169406,0.15876768864214585,0.8201975981688093,3,0.7135048751625899,0.043248500098168,0.02496953317372485,0.6060696450934243,0.8209401052317554,3,0.8124563499304335,0.022891058406973006,0.013216158733301312,0.7555918084804971,0.8693208913803698,3,0.760100863658332,0.02629733568704091,0.015182773837883022,0.6947746603604054,0.8254270669562586,3,0.8033436648089091,0.04646040385930709,0.026823926674829676,0.687929623480284,0.9187577061375342,3,0.9938037577670676,0.0007928488640338711,0.0004577515050766445,0.9918342120042271,0.9957733035299082,3,0.605406874051872,0.5202190849430511,0.3003486287294514,-0.6868889732113951,1.897702721315139,3,0.02242304829130269,0.007198010429863102,0.004155773259311196,0.00454219913312914,0.04030389744947624,3,0.9894120243612915,0.0006406055887904732,0.00036985380913255844,0.9878206718598388,0.9910033768627442,3,0.6388173082085146,0.21737507653578775,0.12550155895305257,0.09882768299804168,1.1788069334189875,3,0.1990435031584975,0.14785281589673085,0.08536286305842174,-0.16824325259449874,0.5663302589114938,3,0.8544866056264143,0.02411553449103047,0.013923110330048147,0.7945802969589721,0.9143929142938565,3,0.6213448527641398,0.2742645130043222,0.15834669041220706,-0.05996596697629286,1.3026556725045724,3,0.4299168403604867,0.06496899386370891,0.03750986609619149,0.2685249126111716,0.5913087681098018,3,0.2552058851585865,0.15218090619138377,0.08786168715511661,-0.12283244291508444,0.6332442132322574,3,0.44418087273507023,0.4929655058299188,0.28461376749210365,-0.7804133308739325,1.668775076344073,3,0.2335400358770496,0.26998074712473474,0.1558734570284819,-0.43712931949372236,0.9042093912478216,3,0.9027361846001273,0.020452660111358153,0.011808348820936551,0.8519289603125204,0.9535434088877341,3,0.7837198219253946,0.0592957399652913,0.03423441143075898,0.6364210381332986,0.9310186057174905,3,0.591138618909753,0.509988413223715,0.294441947658302,-0.6757428309192887,1.8580200687387949,3,0.02509818266662478,0.00020108447713110663,0.00011609617700149957,0.02459866113374199,0.02559770419950757,3,69.15402913800017,0.3896006674572345,0.2249360502328922,68.18620742745854,70.1218508485418,3,2755.5324391823365,36.583324907781304,21.121392483359077,2664.654422158828,2846.410456205845,3,0.2790985053548311,0.018481606674161467,0.010670360588383908,0.23318764924237895,0.32500936146728326,3,0.36342164662772364,0.18942145519955506,0.10936252814975375,-0.1071273336422855,0.8339706268977327,3,9.169779811712127,0.3875896027987053,0.22377496151093265,8.206953862729463,10.13260576069479
mlp,NF-BoT-IoT,scrub_r,3,3,0.20070745554436029,0.058552659313232544,0.03380539361626326,0.05525458642289266,0.3461603246658279,3,0.32168889301317916,0.05320289279495481,0.030716704476833962,0.18952558064865982,0.4538522053776985,3,0.21540756076351938,0.021781374530493038,0.012575482448500215,0.16129962687923402,0.2695154946478048,0,,,,,,3,0.7575511392255075,0.004547118816089311,0.002625280272506376,0.7462554698947905,0.7688468085562246,3,0.7148982235416709,0.01663522413611024,0.00960435113301301,0.6735740359222522,0.7562224111610896,3,0.7135048751625899,0.043248500098168,0.02496953317372485,0.6060696450934243,0.8209401052317554,3,0.8124563499304335,0.022891058406973006,0.013216158733301312,0.7555918084804971,0.8693208913803698,3,0.7411539777950863,0.008081393940121168,0.004665794966756367,0.7210786823451695,0.7612292732450031,3,0.8033436648089091,0.04646040385930709,0.026823926674829676,0.687929623480284,0.9187577061375342,3,0.9938037577670676,0.0007928488640338711,0.0004577515050766445,0.9918342120042271,0.9957733035299082,3,0.44332160128173115,0.09096592605342485,0.05251920189402843,0.21734971389092694,0.6692934886725354,3,0.02242304829130269,0.007198010429863102,0.004155773259311196,0.00454219913312914,0.04030389744947624,3,0.9894120243612915,0.0006406055887904732,0.00036985380913255844,0.9878206718598388,0.9910033768627442,3,0.3741880066570033,0.11957995613402343,0.06903951986366208,0.07713492805870664,0.6712410852552999,3,0.1990435031584975,0.14785281589673085,0.08536286305842174,-0.16824325259449874,0.5663302589114938,3,0.8544866056264143,0.02411553449103047,0.013923110330048147,0.7945802969589721,0.9143929142938565,3,0.5089717653487434,0.05956019901006828,0.0343870969314506,0.3610160288703117,0.6569275018271752,3,0.4299168403604867,0.06496899386370891,0.03750986609619149,0.2685249126111716,0.5913087681098018,3,0.07905492498825677,0.01096219667996352,0.00632902720408656,0.05182331881227259,0.10628653116424094,3,0.7210249812372682,0.07553456283400888,0.043609900185335726,0.5333867251630572,0.9086632373114792,3,0.08391314320226063,0.028950567878074422,0.016714618157598803,0.011995945760639448,0.15583034064388182,3,0.8537693139819046,0.06975754443477375,0.040274537057423905,0.6804819671745312,1.027056660789278,3,0.7801961354344605,0.0068839163213945545,0.003974430941236004,0.7630955392961626,0.7972967315727585,3,0.4208985529904285,0.08626381666470583,0.04980443777269244,0.20660735285677173,0.6351897531240853,3,56.224137502000154,0.14957567434234953,0.0863575558457753,55.85257092861044,56.59570407538987,3,69.15402913800017,0.3896006674572345,0.2249360502328922,68.18620742745854,70.1218508485418,3,1.2299698238520513,0.005911309671448149,0.003412896230073827,1.2152853165715545,1.2446543311325482,0,,,,,,0,,,,,,3,100.03164645870645,42.79361712901009,24.706906369031756,-6.273591672355039,206.33688458976792
mlp,NF-BoT-IoT,scrub_r@lr=0.001,3,3,0.20070745554436029,0.058552659313232544,0.03380539361626326,0.05525458642289266,0.3461603246658279,3,0.303021328517949,0.04077593246785516,0.023541995586774177,0.20172829694402056,0.40431436009187743,3,0.21540756076351938,0.021781374530493038,0.012575482448500215,0.16129962687923402,0.2695154946478048,0,,,,,,3,0.7575511392255075,0.004547118816089311,0.002625280272506376,0.7462554698947905,0.7688468085562246,3,0.7333321256227475,0.013015434819832689,0.007514464796850431,0.7009999931523735,0.7656642580931216,3,0.7135048751625899,0.043248500098168,0.02496953317372485,0.6060696450934243,0.8209401052317554,3,0.8124563499304335,0.022891058406973006,0.013216158733301312,0.7555918084804971,0.8693208913803698,3,0.7308775801518671,0.008917238805946134,0.005148370225041178,0.7087259309496073,0.7530292293541269,3,0.8033436648089091,0.04646040385930709,0.026823926674829676,0.687929623480284,0.9187577061375342,3,0.9938037577670676,0.0007928488640338711,0.0004577515050766445,0.9918342120042271,0.9957733035299082,3,0.24298765506221018,0.3078634266679695,0.17774503226039282,-0.5217874931828977,1.007762803307318,3,0.02242304829130269,0.007198010429863102,0.004155773259311196,0.00454219913312914,0.04030389744947624,3,0.9894120243612915,0.0006406055887904732,0.00036985380913255844,0.9878206718598388,0.9910033768627442,3,0.24723109524406028,0.1878763191385523,0.10847044342899921,-0.2194795542670741,0.7139417447551947,3,0.1990435031584975,0.14785281589673085,0.08536286305842174,-0.16824325259449874,0.5663302589114938,3,0.8544866056264143,0.02411553449103047,0.013923110330048147,0.7945802969589721,0.9143929142938565,3,0.5317176667385217,0.3657091421463905,0.2111422716633257,-0.37675420478793087,1.4401895382649743,3,0.4299168403604867,0.06496899386370891,0.03750986609619149,0.2685249126111716,0.5913087681098018,3,0.3648793812846359,0.026795581219405052,0.015470436030115988,0.29831546747006776,0.431443295099204,3,0.8391899860619706,0.22201529248099688,0.12818058887811706,0.28767342543148133,1.39070654669246,3,0.03429893145566896,0.026701833141566395,0.01541631055213983,-0.03203209922333892,0.10062996213467684,3,0.7560526026586963,0.0971311865557779,0.056078716704686137,0.5147653591514219,0.9973398461659708,3,0.7436159646308441,0.03677053495548673,0.021229478254796808,0.6522728920678178,0.8349590371938704,3,0.22056460677090747,0.3029913414720429,0.17493213256100978,-0.5321076109042886,0.9732368244461036,3,56.24396506700001,0.29159426066229993,0.1683520248875288,55.51960476756781,56.96832536643221,3,69.15402913800017,0.3896006674572345,0.2249360502328922,68.18620742745854,70.1218508485418,3,1.2295485128706185,0.007102857651054214,0.004100836776851744,1.211904036318659,1.247192989422578,0,,,,,,0,,,,,,3,295.52082592364576,0.14146739617862697,0.08167623926528572,295.1694014298197,295.87225041747183
mlp,NF-CSE-CIC-IDS2018,rollback_repair,3,3,0.04755179938323862,0.002833521856852323,0.001635934606808377,0.040512940881650174,0.05459065788482707,3,5.7831309013058165,0.02298776312593413,0.013271991228825422,5.7260261320166075,5.840235670595026,3,0.058976580778096206,0.0016226845733098214,0.0009368573752102785,0.054945608835311736,0.06300755272088067,0,,,,,,3,0.8900415953032429,0.00217981087956223,0.0012585143980977285,0.8846266448929058,0.89545654571358,3,0.6649624946369137,0.0,0.0,0.6649624946369137,0.6649624946369137,3,0.962704598490487,0.006244833805479434,0.0036054564786380263,0.9471915713308744,0.9782176256500995,3,0.891019377409644,0.021518482578152594,0.012423701709048673,0.837564503338275,0.9444742514810129,3,0.41907348305830405,0.30804628086705993,0.17785060318146012,-0.3461559001985107,1.184302866315119,3,0.9373869873304876,0.016567128781989512,0.009565036261980842,0.8962319579482332,0.9785420167127421,3,0.5963323895338619,0.01864475265124343,0.010764552962169384,0.5500162563472252,0.6426485227204987,3,0.2476140574123283,0.0,0.0,0.2476140574123283,0.2476140574123283,3,0.26192238061304196,0.02955628813993891,0.017064330913839874,0.18850049062617058,0.33534427059991334,3,0.7537229419236599,0.08998103580818823,0.05195057524581883,0.5301976575329527,0.977248226314367,3,0.4216846646662072,0.33522988751663024,0.19354506579813444,-0.41107254100935536,1.2544418703417697,3,0.5668165281929863,0.09045285416061351,0.052222979698600173,0.3421191820399381,0.7915138743460346,3,0.7394324200953258,0.04711169370688071,0.027199949043646778,0.6224004850950831,0.8564643550955686,3,0.5609663922016906,0.22446462651927682,0.1295947125444533,0.003365348518111877,1.1185674358852693,3,0.3950552629120668,0.04828348418066905,0.027876482589122314,0.2751124390056527,0.5149980868184809,3,0.19799583911114316,0.13125004151972358,0.07577724680256197,-0.1280473386927583,0.5240390169150446,3,0.5411701052211922,0.034526067159696916,0.019933634168710114,0.45540259975242736,0.6269376106899571,3,0.2845860985129402,0.019566556132070756,0.011296756449964975,0.2359800785367859,0.33319211848909447,3,0.4223351928975669,0.12847390364150837,0.07417444285126691,0.10318832388987281,0.7414820619052609,3,0.292579044066141,0.05041397381271784,0.02910652135169139,0.167343790520327,0.417814297611955,3,0.025358175257586758,0.014700706079759769,0.00848745661242687,-0.011160403104049286,0.061876753619222805,3,1.662462481000451,0.014262671948349959,0.008234557488743173,1.6270320397436704,1.6978929222572314,3,67.37862334533368,0.2993929703302986,0.17285461201367955,66.63488997711245,68.12235671355491,3,40.53181074487149,0.4508616958279959,0.26030512145358464,39.41180820349534,41.651813286247645,0,,,,,,0,,,,,,3,52.961733689366476,1.8403610944330833,1.062532973277055,48.390023291503795,57.53344408722916
mlp,NF-CSE-CIC-IDS2018,ssd_canonical,3,3,0.04755179938323862,0.002833521856852323,0.001635934606808377,0.040512940881650174,0.05459065788482707,3,0.04755179938323862,0.002833521856852323,0.001635934606808377,0.040512940881650174,0.05459065788482707,3,0.058976580778096206,0.0016226845733098214,0.0009368573752102785,0.054945608835311736,0.06300755272088067,3,3.1962673088500906,5.438959822042073e-16,3.14018491736755e-16,3.1962673088500893,3.196267308850092,3,0.8900415953032429,0.00217981087956223,0.0012585143980977285,0.8846266448929058,0.89545654571358,3,0.8900415953032429,0.00217981087956223,0.0012585143980977285,0.8846266448929058,0.89545654571358,3,0.962704598490487,0.006244833805479434,0.0036054564786380263,0.9471915713308744,0.9782176256500995,3,0.891019377409644,0.021518482578152594,0.012423701709048673,0.837564503338275,0.9444742514810129,3,0.891019377409644,0.021518482578152594,0.012423701709048673,0.837564503338275,0.9444742514810129,3,0.9373869873304876,0.016567128781989512,0.009565036261980842,0.8962319579482332,0.9785420167127421,3,0.5963323895338619,0.01864475265124343,0.010764552962169384,0.5500162563472252,0.6426485227204987,3,0.5963323895338619,0.01864475265124343,0.010764552962169384,0.5500162563472252,0.6426485227204987,3,0.26192238061304196,0.02955628813993891,0.017064330913839874,0.18850049062617058,0.33534427059991334,3,0.7537229419236599,0.08998103580818823,0.05195057524581883,0.5301976575329527,0.977248226314367,3,0.7537229419236599,0.08998103580818823,0.05195057524581883,0.5301976575329527,0.977248226314367,3,0.5668165281929863,0.09045285416061351,0.052222979698600173,0.3421191820399381,0.7915138743460346,3,0.7394324200953258,0.04711169370688071,0.027199949043646778,0.6224004850950831,0.8564643550955686,3,0.7394324200953258,0.04711169370688071,0.027199949043646778,0.6224004850950831,0.8564643550955686,3,0.3950552629120668,0.04828348418066905,0.027876482589122314,0.2751124390056527,0.5149980868184809,3,0.344377157183259,0.015375432281138085,0.008877009966421935,0.3061824660196938,0.38257184834682423,3,0.5581421838736776,0.00996132109845059,0.0057511714176747475,0.5333968904744689,0.5828874772728864,3,0.16542031878491473,0.02213619767350111,0.012780339685630634,0.11043095535009215,0.2204096822197373,3,0.7591430868965734,0.06374684378929872,0.03680425742174064,0.6007871482364815,0.9174990255566653,3,0.8072932315736131,0.027595138537184958,0.01593206066276875,0.7387431072732666,0.8758433558739596,3,0.33441000892081996,0.03199593167263232,0.018472859764167147,0.25492770843123214,0.4138923094104078,3,3.3954939209993427,0.020094683021018706,0.011601670651465354,3.3455759611017797,3.4454118808969056,3,67.37862334533368,0.2993929703302986,0.17285461201367955,66.63488997711245,68.12235671355491,3,19.843943775850445,0.13371991515322298,0.07720322900972722,19.511765091810386,20.176122459890504,3,0.0,0.0,0.0,0.0,0.0,3,0.9246941214798031,0.027879188387213753,0.01609605692014615,0.8554383782349918,0.9939498647246144,3,0.0,0.0,0.0,0.0,0.0
mlp,NF-CSE-CIC-IDS2018,ssd_canonical@alpha=1,3,3,0.04755179938323862,0.002833521856852323,0.001635934606808377,0.040512940881650174,0.05459065788482707,3,0.08918731040202167,0.02798310035716259,0.016156050523968134,0.01967343551396139,0.15870118529008195,3,0.058976580778096206,0.0016226845733098214,0.0009368573752102785,0.054945608835311736,0.06300755272088067,3,3.1962673088500906,5.438959822042073e-16,3.14018491736755e-16,3.1962673088500893,3.196267308850092,3,0.8900415953032429,0.00217981087956223,0.0012585143980977285,0.8846266448929058,0.89545654571358,3,0.9291759275676968,0.0334473633059653,0.01931084420838228,0.8460880710217639,1.0122637841136297,3,0.962704598490487,0.006244833805479434,0.0036054564786380263,0.9471915713308744,0.9782176256500995,3,0.891019377409644,0.021518482578152594,0.012423701709048673,0.837564503338275,0.9444742514810129,3,0.887516919911028,0.029137878786800797,0.016822762161174128,0.8151344163772232,0.9598994234448328,3,0.9373869873304876,0.016567128781989512,0.009565036261980842,0.8962319579482332,0.9785420167127421,3,0.5963323895338619,0.01864475265124343,0.010764552962169384,0.5500162563472252,0.6426485227204987,3,0.49414776132291344,0.1026568009449972,0.05926893165973996,0.23913413073095918,0.7491613919148676,3,0.26192238061304196,0.02955628813993891,0.017064330913839874,0.18850049062617058,0.33534427059991334,3,0.7537229419236599,0.08998103580818823,0.05195057524581883,0.5301976575329527,0.977248226314367,3,0.7163103542551909,0.12332006194040555,0.07119887095777447,0.4099663377774392,1.0226543707329425,3,0.5668165281929863,0.09045285416061351,0.052222979698600173,0.3421191820399381,0.7915138743460346,3,0.7394324200953258,0.04711169370688071,0.027199949043646778,0.6224004850950831,0.8564643550955686,3,0.6090187875222616,0.15254530883178768,0.08807207511764722,0.2300752331073131,0.9879623419372101,3,0.3950552629120668,0.04828348418066905,0.027876482589122314,0.2751124390056527,0.5149980868184809,3,0.21396352461019488,0.1090492174775481,0.06295959506558044,-0.05692974895928851,0.4848567981796783,3,0.6599177025045205,0.11852005526325955,0.06842758581061223,0.3654975636299728,0.9543378413790682,3,0.09212396616971552,0.04974177184486686,0.028718425364602833,-0.03144144511786777,0.21568937745729883,3,0.7413911666995375,0.08450791111021046,0.048790665228132975,0.5314618777720206,0.9513204556270545,3,0.784649510174288,0.02198045787421893,0.012690423270591528,0.7300470258480779,0.839251994500498,3,0.2322253807098715,0.116851158826705,0.06746404800371786,-0.058048989589676664,0.5224997510094197,3,3.4700681116667815,0.05948522062035145,0.034343808137964185,3.3222986318338092,3.617837591499754,3,67.37862334533368,0.2993929703302986,0.17285461201367955,66.63488997711245,68.12235671355491,3,19.421397169522084,0.38410787050752904,0.2217647824353758,18.467220323026044,20.375574016018124,3,0.5023341571535052,0.057536494980796854,0.03321871086539062,0.35940558017154534,0.645262734135465,3,0.9246941214798031,0.027879188387213753,0.01609605692014615,0.8554383782349918,0.9939498647246144,3,4.530524442729196,0.3724385701837625,0.21502750875219462,3.605335745236805,5.4557131402215875
mlp,NF-CSE-CIC-IDS2018,ssd_canonical@alpha=2,3,3,0.04755179938323862,0.002833521856852323,0.001635934606808377,0.040512940881650174,0.05459065788482707,3,0.04871039701313757,0.001676400463150299,0.0009678702586694384,0.0445459874026818,0.05287480662359334,3,0.058976580778096206,0.0016226845733098214,0.0009368573752102785,0.054945608835311736,0.06300755272088067,3,3.1962673088500906,5.438959822042073e-16,3.14018491736755e-16,3.1962673088500893,3.196267308850092,3,0.8900415953032429,0.00217981087956223,0.0012585143980977285,0.8846266448929058,0.89545654571358,3,0.8895003415222833,0.005207882089916239,0.0030067721265209717,0.8765632452245335,0.902437437820033,3,0.962704598490487,0.006244833805479434,0.0036054564786380263,0.9471915713308744,0.9782176256500995,3,0.891019377409644,0.021518482578152594,0.012423701709048673,0.837564503338275,0.9444742514810129,3,0.8815710411017724,0.025972201937555752,0.014995057780095133,0.8170525148122947,0.9460895673912502,3,0.9373869873304876,0.016567128781989512,0.009565036261980842,0.8962319579482332,0.9785420167127421,3,0.5963323895338619,0.01864475265124343,0.010764552962169384,0.5500162563472252,0.6426485227204987,3,0.6000681892113846,0.02420723434288596,0.013976053264201564,0.5399340854837891,0.6602022929389801,3,0.26192238061304196,0.02955628813993891,0.017064330913839874,0.18850049062617058,0.33534427059991334,3,0.7537229419236599,0.08998103580818823,0.05195057524581883,0.5301976575329527,0.977248226314367,3,0.7417570346051171,0.0884123951836213,0.051044920158963336,0.5221284695460319,0.9613855996642023,3,0.5668165281929863,0.09045285416061351,0.052222979698600173,0.3421191820399381,0.7915138743460346,3,0.7394324200953258,0.04711169370688071,0.027199949043646778,0.6224004850950831,0.8564643550955686,3,0.6897167296327104,0.05915008452588542,0.03415031722360907,0.5427797740105597,0.8366536852548611,3,0.3950552629120668,0.04828348418066905,0.027876482589122314,0.2751124390056527,0.5149980868184809,3,0.2946614667206436,0.05886209504443405,0.033984046418969335,0.14843991662994477,0.4408830168113424,3,0.5552802813492234,0.0072321280713810955,0.004175471088825725,0.5373146792711201,0.5732458834273266,3,0.15343382143952536,0.0035089278768644263,0.0020258804542746586,0.14471716137290244,0.16215048150614828,3,0.7872084845901087,0.07079162305610276,0.04087156262781145,0.611352344082609,0.9630646250976085,3,0.8097814242050226,0.017386097762471135,0.010037868223319861,0.7665919630936253,0.85297088531642,3,0.33814580859834265,0.022479628185499555,0.012978619384180868,0.28230331647730955,0.39398830071937574,3,3.4324075466665818,0.031046117563360006,0.01792448433249867,3.3552847152249607,3.509530378108203,3,67.37862334533368,0.2993929703302986,0.17285461201367955,66.63488997711245,68.12235671355491,3,19.631592689893843,0.24896134385774304,0.14373789889407892,19.013138426856447,20.25004695293124,3,0.050253030481346356,0.0034733093005469453,0.00200531605964961,0.041624851863391446,0.058881209099301265,3,0.9246941214798031,0.027879188387213753,0.01609605692014615,0.8554383782349918,0.9939498647246144,3,2.4737718351999156,0.1556967166185524,0.0898915412516621,2.0869997498568584,2.860543920542973
mlp,NF-CSE-CIC-IDS2018,ssd_canonical@alpha=3,3,3,0.04755179938323862,0.002833521856852323,0.001635934606808377,0.040512940881650174,0.05459065788482707,3,0.04757234904813601,0.002831048354199838,0.0016345065293861235,0.04053963506776664,0.05460506302850538,3,0.058976580778096206,0.0016226845733098214,0.0009368573752102785,0.054945608835311736,0.06300755272088067,3,3.1962673088500906,5.438959822042073e-16,3.14018491736755e-16,3.1962673088500893,3.196267308850092,3,0.8900415953032429,0.00217981087956223,0.0012585143980977285,0.8846266448929058,0.89545654571358,3,0.8900328235976098,0.0021828581893300904,0.0012602737632125068,0.8846103032501591,0.8954553439450605,3,0.962704598490487,0.006244833805479434,0.0036054564786380263,0.9471915713308744,0.9782176256500995,3,0.891019377409644,0.021518482578152594,0.012423701709048673,0.837564503338275,0.9444742514810129,3,0.8906423284865407,0.021706846809492933,0.012532453848718714,0.8367195317245602,0.9445651252485212,3,0.9373869873304876,0.016567128781989512,0.009565036261980842,0.8962319579482332,0.9785420167127421,3,0.5963323895338619,0.01864475265124343,0.010764552962169384,0.5500162563472252,0.6426485227204987,3,0.5963764620525159,0.01862279538291827,0.010751875927391184,0.550114873744172,0.6426380503608599,3,0.26192238061304196,0.02955628813993891,0.017064330913839874,0.18850049062617058,0.33534427059991334,3,0.7537229419236599,0.08998103580818823,0.05195057524581883,0.5301976575329527,0.977248226314367,3,0.7533556176019979,0.0892696077511003,0.05153983206555006,0.5315976184770782,0.9751136167269175,3,0.5668165281929863,0.09045285416061351,0.052222979698600173,0.3421191820399381,0.7915138743460346,3,0.7394324200953258,0.04711169370688071,0.027199949043646778,0.6224004850950831,0.8564643550955686,3,0.7501468638022702,0.051527677908323403,0.02974951871108685,0.622145015912866,0.8781487116916745,3,0.3950552629120668,0.04828348418066905,0.027876482589122314,0.2751124390056527,0.5149980868184809,3,0.3550916008902035,0.015661292736736478,0.009042051577412337,0.316186792988597,0.39399640879180997,3,0.5581706605157121,0.009977518056839585,0.005760522735960686,0.5333851316413541,0.58295618939007,3,0.1655062278903785,0.02213261759077159,0.012778272723903026,0.1105257578740754,0.2204866979066816,3,0.757131013453026,0.06508715488888395,0.03757808639588402,0.5954455574450181,0.9188164694610339,3,0.807136939988093,0.027570595872817245,0.015917890948889422,0.7386477830458484,0.8756260969303375,3,0.33445408143947386,0.03183882102935182,0.018382151891976593,0.25536206542377166,0.41354609745517606,3,3.4229102109998166,0.039025245369355595,0.02253123591918865,3.325966127268692,3.5198542947309415,3,67.37862334533368,0.2993929703302986,0.17285461201367955,66.63488997711245,68.12235671355491,3,19.68668733923826,0.28356390874800186,0.16371569904812136,18.98227553983475,20.391099138641774,3,0.00027460672394178336,0.00017977229982958065,0.00010379158569944651,-0.00017197242558743124,0.000721185873470998,3,0.9246941214798031,0.027879188387213753,0.01609605692014615,0.8554383782349918,0.9939498647246144,3,0.1792922772549216,0.07596550924591654,0.04385870721225692,-0.009416509052839472,0.3680010635626827
mlp,NF-CSE-CIC-IDS2018,ssd_canonical@alpha=5,3,3,0.04755179938323862,0.002833521856852323,0.001635934606808377,0.040512940881650174,0.05459065788482707,3,0.04755179938323862,0.002833521856852323,0.001635934606808377,0.040512940881650174,0.05459065788482707,3,0.058976580778096206,0.0016226845733098214,0.0009368573752102785,0.054945608835311736,0.06300755272088067,3,3.1962673088500906,5.438959822042073e-16,3.14018491736755e-16,3.1962673088500893,3.196267308850092,3,0.8900415953032429,0.00217981087956223,0.0012585143980977285,0.8846266448929058,0.89545654571358,3,0.8900415953032429,0.00217981087956223,0.0012585143980977285,0.8846266448929058,0.89545654571358,3,0.962704598490487,0.006244833805479434,0.0036054564786380263,0.9471915713308744,0.9782176256500995,3,0.891019377409644,0.021518482578152594,0.012423701709048673,0.837564503338275,0.9444742514810129,3,0.891019377409644,0.021518482578152594,0.012423701709048673,0.837564503338275,0.9444742514810129,3,0.9373869873304876,0.016567128781989512,0.009565036261980842,0.8962319579482332,0.9785420167127421,3,0.5963323895338619,0.01864475265124343,0.010764552962169384,0.5500162563472252,0.6426485227204987,3,0.5963323895338619,0.01864475265124343,0.010764552962169384,0.5500162563472252,0.6426485227204987,3,0.26192238061304196,0.02955628813993891,0.017064330913839874,0.18850049062617058,0.33534427059991334,3,0.7537229419236599,0.08998103580818823,0.05195057524581883,0.5301976575329527,0.977248226314367,3,0.7537229419236599,0.08998103580818823,0.05195057524581883,0.5301976575329527,0.977248226314367,3,0.5668165281929863,0.09045285416061351,0.052222979698600173,0.3421191820399381,0.7915138743460346,3,0.7394324200953258,0.04711169370688071,0.027199949043646778,0.6224004850950831,0.8564643550955686,3,0.7394324200953258,0.04711169370688071,0.027199949043646778,0.6224004850950831,0.8564643550955686,3,0.3950552629120668,0.04828348418066905,0.027876482589122314,0.2751124390056527,0.5149980868184809,3,0.344377157183259,0.015375432281138085,0.008877009966421935,0.3061824660196938,0.38257184834682423,3,0.5581421838736776,0.00996132109845059,0.0057511714176747475,0.5333968904744689,0.5828874772728864,3,0.16542031878491473,0.02213619767350111,0.012780339685630634,0.11043095535009215,0.2204096822197373,3,0.7591430868965734,0.06374684378929872,0.03680425742174064,0.6007871482364815,0.9174990255566653,3,0.8072932315736131,0.027595138537184958,0.01593206066276875,0.7387431072732666,0.8758433558739596,3,0.33441000892081996,0.03199593167263232,0.018472859764167147,0.25492770843123214,0.4138923094104078,3,3.4245356946660954,0.02704541830038466,0.015614679536073116,3.35735115113688,3.491720238195311,3,67.37862334533368,0.2993929703302986,0.17285461201367955,66.63488997711245,68.12235671355491,3,19.67572535562967,0.10517675265054191,0.06072382645528106,19.41445181797426,19.93699889328508,3,0.0,0.0,0.0,0.0,0.0,3,0.9246941214798031,0.027879188387213753,0.01609605692014615,0.8554383782349918,0.9939498647246144,3,0.0,0.0,0.0,0.0,0.0
mlp,NF-CSE-CIC-IDS2018,dc_ssd_no_contrast,3,3,0.04755179938323862,0.002833521856852323,0.001635934606808377,0.040512940881650174,0.05459065788482707,3,0.05069079678819352,0.004337833610112216,0.002504449402498094,0.03991502073014923,0.06146657284623781,3,0.058976580778096206,0.0016226845733098214,0.0009368573752102785,0.054945608835311736,0.06300755272088067,0,,,,,,3,0.8900415953032429,0.00217981087956223,0.0012585143980977285,0.8846266448929058,0.89545654571358,3,0.8940333435929633,0.0003866096094422187,0.00022320916208276107,0.8930729520824346,0.8949937351034919,3,0.962704598490487,0.006244833805479434,0.0036054564786380263,0.9471915713308744,0.9782176256500995,3,0.891019377409644,0.021518482578152594,0.012423701709048673,0.837564503338275,0.9444742514810129,3,0.904175441263294,0.010763294277026074,0.006214190848208162,0.8774379360473983,0.9309129464791897,3,0.9373869873304876,0.016567128781989512,0.009565036261980842,0.8962319579482332,0.9785420167127421,3,0.5963323895338619,0.01864475265124343,0.010764552962169384,0.5500162563472252,0.6426485227204987,3,0.6098043824070585,0.01579472342002284,0.009119087818325874,0.5705681143131999,0.6490406505009171,3,0.26192238061304196,0.02955628813993891,0.017064330913839874,0.18850049062617058,0.33534427059991334,3,0.7537229419236599,0.08998103580818823,0.05195057524581883,0.5301976575329527,0.977248226314367,3,0.7504530276492428,0.0884183149758669,0.05104833795260988,0.5308097570109948,0.9700962982874909,3,0.5668165281929863,0.09045285416061351,0.052222979698600173,0.3421191820399381,0.7915138743460346,3,0.7394324200953258,0.04711169370688071,0.027199949043646778,0.6224004850950831,0.8564643550955686,3,0.6509254314863404,0.07258679349337983,0.04190800476301462,0.47060984039663667,0.8312410225760442,3,0.3950552629120668,0.04828348418066905,0.027876482589122314,0.2751124390056527,0.5149980868184809,3,0.2558701685742737,0.039110518802791754,0.02258046855893774,0.1587142538913423,0.3530260832572051,3,0.5565047769567012,0.011299487064397741,0.006523761898334731,0.5284352950169435,0.5845742588964589,3,0.1467675048945257,0.009187193228775517,0.005304228483730652,0.12394525173006998,0.1695897580589814,3,0.754919966490875,0.07163795896818828,0.04136019489447887,0.5769614110273811,0.9328785219543689,3,0.803829702430201,0.0058439708627280535,0.0033740181507323714,0.789312474023908,0.818346930836494,3,0.3478820017940165,0.01392536067771019,0.008039810735838608,0.3132894881852202,0.38247451540281285,3,0.024036428666628733,0.000303641766284787,0.0001753076555017352,0.023282140704147563,0.024790716629109904,3,67.37862334533368,0.2993929703302986,0.17285461201367955,66.63488997711245,68.12235671355491,3,2803.415760919974,28.561642820210963,16.490072170746743,2732.4647068816244,2874.366814958324,3,0.053430622572672705,0.010199433130315719,0.005888645463369368,0.02809382609549369,0.07876741904985171,3,0.6083457446426154,0.03508851639318536,0.020258364385070164,0.5211810378220141,0.6955104514632167,3,2.7647479493529246,0.24835124758069219,0.14338565964429204,2.1478092494851295,3.3816866492207196
mlp,NF-CSE-CIC-IDS2018,dc_ssd_no_class_balance,3,3,0.04755179938323862,0.002833521856852323,0.001635934606808377,0.040512940881650174,0.05459065788482707,3,0.053886040795817304,0.0030381284022233794,0.0017540642508563158,0.04633891145880796,0.06143317013282665,3,0.058976580778096206,0.0016226845733098214,0.0009368573752102785,0.054945608835311736,0.06300755272088067,0,,,,,,3,0.8900415953032429,0.00217981087956223,0.0012585143980977285,0.8846266448929058,0.89545654571358,3,0.8946922641966112,0.01113416939136841,0.006428315695309443,0.8670334541228395,0.9223510742703829,3,0.962704598490487,0.006244833805479434,0.0036054564786380263,0.9471915713308744,0.9782176256500995,3,0.891019377409644,0.021518482578152594,0.012423701709048673,0.837564503338275,0.9444742514810129,3,0.8902453849411417,0.032312330506622855,0.018655532716142863,0.8099771061760939,0.9705136637061895,3,0.9373869873304876,0.016567128781989512,0.009565036261980842,0.8962319579482332,0.9785420167127421,3,0.5963323895338619,0.01864475265124343,0.010764552962169384,0.5500162563472252,0.6426485227204987,3,0.5707957630196022,0.0641244655386631,0.037022277440388024,0.4115017599311488,0.7300897661080556,3,0.26192238061304196,0.02955628813993891,0.017064330913839874,0.18850049062617058,0.33534427059991334,3,0.7537229419236599,0.08998103580818823,0.05195057524581883,0.5301976575329527,0.977248226314367,3,0.7475364102802851,0.11612973670251585,0.0670475347461179,0.45905415188550397,1.036018668675066,3,0.5668165281929863,0.09045285416061351,0.052222979698600173,0.3421191820399381,0.7915138743460346,3,0.7394324200953258,0.04711169370688071,0.027199949043646778,0.6224004850950831,0.8564643550955686,3,0.69364609484802,0.11334185226657038,0.06543794891655522,0.412089325316487,0.975202864379553,3,0.3950552629120668,0.04828348418066905,0.027876482589122314,0.2751124390056527,0.5149980868184809,3,0.29859083193595337,0.07490861839690717,0.04324851099607731,0.11250750804338774,0.484674155828519,3,0.5554796178434639,0.006951698932745733,0.004013565250145983,0.5382106403641097,0.5727485953228181,3,0.14269127843728194,0.00601311236844458,0.0034716720445889465,0.1277538792380215,0.15762867763654237,3,0.7491728646701353,0.10491989542653335,0.060575529867856415,0.48853739573141275,1.009808333608858,3,0.8037931521068132,0.014902157377050137,0.008603764573146065,0.7667741409805033,0.8408121632331231,3,0.3088733824065603,0.0401266391875969,0.02316712593663406,0.2091932847560875,0.4085534800570331,3,0.024766547000429757,0.0020256895403637327,0.0011695324014236105,0.019734455220976374,0.02979863877988314,3,67.37862334533368,0.2993929703302986,0.17285461201367955,66.63488997711245,68.12235671355491,3,2731.7010995372543,204.73256791982553,118.20240320039461,2223.1172067504326,3240.284992324076,3,0.06106076654505512,0.001656373789458699,0.0009563078532226205,0.05694610594995696,0.06517542714015329,3,0.6419862465612439,0.04609084777956773,0.026610563372711494,0.5274902334268946,0.7564822596955932,3,3.3325256310948332,0.05505289755221726,0.031784805221441524,3.1957666521459376,3.469284610043729
mlp,NF-CSE-CIC-IDS2018,dc_ssd,3,3,0.04755179938323862,0.002833521856852323,0.001635934606808377,0.040512940881650174,0.05459065788482707,3,0.05894189987797277,0.012995424980696085,0.0075029121108384726,0.02665947460360337,0.09122432515234216,3,0.058976580778096206,0.0016226845733098214,0.0009368573752102785,0.054945608835311736,0.06300755272088067,0,,,,,,3,0.8900415953032429,0.00217981087956223,0.0012585143980977285,0.8846266448929058,0.89545654571358,3,0.8853936425593302,0.027842842008367168,0.016075072328535004,0.8162281887248961,0.9545590963937642,3,0.962704598490487,0.006244833805479434,0.0036054564786380263,0.9471915713308744,0.9782176256500995,3,0.891019377409644,0.021518482578152594,0.012423701709048673,0.837564503338275,0.9444742514810129,3,0.9061499278520445,0.007992477635582244,0.004614459114395473,0.8862955127474196,0.9260043429566694,3,0.9373869873304876,0.016567128781989512,0.009565036261980842,0.8962319579482332,0.9785420167127421,3,0.5963323895338619,0.01864475265124343,0.010764552962169384,0.5500162563472252,0.6426485227204987,3,0.6292632174162817,0.025732490102157484,0.014856660087400005,0.5653401683370624,0.693186266495501,3,0.26192238061304196,0.02955628813993891,0.017064330913839874,0.18850049062617058,0.33534427059991334,3,0.7537229419236599,0.08998103580818823,0.05195057524581883,0.5301976575329527,0.977248226314367,3,0.785264538373046,0.10219064580678817,0.058999796865210855,0.5314089013394286,1.0391201754066635,3,0.5668165281929863,0.09045285416061351,0.052222979698600173,0.3421191820399381,0.7915138743460346,3,0.7394324200953258,0.04711169370688071,0.027199949043646778,0.6224004850950831,0.8564643550955686,3,0.6009024582083174,0.07340749070504918,0.042381834519095093,0.41854814222520276,0.7832567741914321,3,0.3950552629120668,0.04828348418066905,0.027876482589122314,0.2751124390056527,0.5149980868184809,3,0.20584719529625076,0.02512465825176331,0.014505728204952899,0.14343408423897985,0.26826030635352166,3,0.5514501729956004,0.012429467086876674,0.0071761561684918415,0.5205736650685132,0.5823266809226876,3,0.14165235128534354,0.009835985068674334,0.005678808627144267,0.11721840984433926,0.1660862927263478,3,0.7382936158359478,0.06352338190015355,0.036675241639889056,0.5804927872818135,0.896094444390082,3,0.793761326151182,0.020739632351090123,0.011974032320795754,0.7422412233006404,0.8452814290017236,3,0.36734083680323965,0.02019350963141105,0.011658728221578471,0.3171773779958796,0.4175042956105997,3,0.024783066666410985,5.0918770363501115e-05,2.939796577617211e-05,0.024656577428716624,0.024909555904105346,3,67.37862334533368,0.2993929703302986,0.17285461201367955,66.63488997711245,68.12235671355491,3,2718.7319417472277,8.87906836435114,5.1263325103112205,2696.675113178407,2740.788770316048,3,0.08563806833784472,0.01621759243489241,0.009363231357892772,0.04535133537703087,0.12592480129865857,3,0.5599844783175518,0.037403882607574906,0.021595141692220536,0.46706808296734414,0.6529008736677595,3,4.247307364734614,0.3159246034556089,0.1823991548487216,3.462507143230493,5.032107586238736
mlp,NF-CSE-CIC-IDS2018,scrub_r,3,3,0.04755179938323862,0.002833521856852323,0.001635934606808377,0.040512940881650174,0.05459065788482707,3,0.10195150971073093,0.0024394642325533075,0.001408425331343116,0.09589154461425428,0.10801147480720757,3,0.058976580778096206,0.0016226845733098214,0.0009368573752102785,0.054945608835311736,0.06300755272088067,0,,,,,,3,0.8900415953032429,0.00217981087956223,0.0012585143980977285,0.8846266448929058,0.89545654571358,3,0.8358951821791086,0.025326691710722073,0.014622372276868053,0.7729801921874091,0.8988101721708082,3,0.962704598490487,0.006244833805479434,0.0036054564786380263,0.9471915713308744,0.9782176256500995,3,0.891019377409644,0.021518482578152594,0.012423701709048673,0.837564503338275,0.9444742514810129,3,0.8433600145656971,0.01596374813614605,0.009216674283679309,0.8037038658003041,0.8830161633310901,3,0.9373869873304876,0.016567128781989512,0.009565036261980842,0.8962319579482332,0.9785420167127421,3,0.5963323895338619,0.01864475265124343,0.010764552962169384,0.5500162563472252,0.6426485227204987,3,0.37224340918633675,0.029874616752414606,0.01724811802394348,0.2980307470884951,0.4464560712841784,3,0.26192238061304196,0.02955628813993891,0.017064330913839874,0.18850049062617058,0.33534427059991334,3,0.7537229419236599,0.08998103580818823,0.05195057524581883,0.5301976575329527,0.977248226314367,3,0.6847070492044568,0.0784518540470996,0.04529419905251819,0.489821840011739,0.8795922583971746,3,0.5668165281929863,0.09045285416061351,0.052222979698600173,0.3421191820399381,0.7915138743460346,3,0.7394324200953258,0.04711169370688071,0.027199949043646778,0.6224004850950831,0.8564643550955686,3,0.35301470618792474,0.03923095557704619,0.02265000276297387,0.25555960997219007,0.4504698024036594,3,0.3950552629120668,0.04828348418066905,0.027876482589122314,0.2751124390056527,0.5149980868184809,3,0.042040556724141996,0.03594985527790859,0.020755658622028612,-0.04726383450257068,0.13134494795085466,3,0.6848774792476471,0.04645817966093962,0.026822642533303485,0.569468963134065,0.8002859953612291,3,0.06567273813907726,0.017562332792691458,0.010139617565458206,0.022045484942983556,0.10929999133517096,3,0.5767766662927131,0.23084815784151688,0.133280246071729,0.0033180517176147895,1.1502352808678113,3,0.5619462289937855,0.026953020496991206,0.015561333639411375,0.4949912143324598,0.6289012436551114,3,0.11032102857329479,0.030127819376730994,0.017394304627252062,0.03547937628768247,0.1851626808589071,3,57.27352868199993,0.2769893775112633,0.15991989166879475,56.585448923578475,57.96160844042138,3,67.37862334533368,0.2993929703302986,0.17285461201367955,66.63488997711245,68.12235671355491,3,1.176438966651447,0.0025432194575343045,0.0014683284384157248,1.1701212592878072,1.1827566740150868,0,,,,,,0,,,,,,3,104.98593370807117,44.350535270777954,25.605793477287644,-5.186903493016175,215.15877090915853
mlp,NF-CSE-CIC-IDS2018,scrub_r@lr=0.001,3,3,0.04755179938323862,0.002833521856852323,0.001635934606808377,0.040512940881650174,0.05459065788482707,3,0.08795195373245213,0.0017297075559592286,0.0009986471230523904,0.08365512196244757,0.09224878550245669,3,0.058976580778096206,0.0016226845733098214,0.0009368573752102785,0.054945608835311736,0.06300755272088067,0,,,,,,3,0.8900415953032429,0.00217981087956223,0.0012585143980977285,0.8846266448929058,0.89545654571358,3,0.8968523721244249,0.03706670787336155,0.02140047376865851,0.8047735652469157,0.9889311790019342,3,0.962704598490487,0.006244833805479434,0.0036054564786380263,0.9471915713308744,0.9782176256500995,3,0.891019377409644,0.021518482578152594,0.012423701709048673,0.837564503338275,0.9444742514810129,3,0.8537614267527989,0.002844441650716417,0.001642239152735307,0.8466954419794684,0.8608274115261293,3,0.9373869873304876,0.016567128781989512,0.009565036261980842,0.8962319579482332,0.9785420167127421,3,0.5963323895338619,0.01864475265124343,0.010764552962169384,0.5500162563472252,0.6426485227204987,3,0.43057628283499133,0.06544688930639721,0.03778577915867207,0.2679971969942354,0.5931553686757473,3,0.26192238061304196,0.02955628813993891,0.017064330913839874,0.18850049062617058,0.33534427059991334,3,0.7537229419236599,0.08998103580818823,0.05195057524581883,0.5301976575329527,0.977248226314367,3,0.7526933516292745,0.11191653502374001,0.06461504162272648,0.4746772664118206,1.0307094368467284,3,0.5668165281929863,0.09045285416061351,0.052222979698600173,0.3421191820399381,0.7915138743460346,3,0.7394324200953258,0.04711169370688071,0.027199949043646778,0.6224004850950831,0.8564643550955686,3,0.3263088083092773,0.04914205993023501,0.028372181529253904,0.20423316400499852,0.44838445261355603,3,0.3950552629120668,0.04828348418066905,0.027876482589122314,0.2751124390056527,0.5149980868184809,3,0.06874645460278948,0.05945951367239904,0.03432896622464382,-0.0789591656313209,0.21645207483689988,3,0.7127988267623483,0.058349098154826994,0.03368786752666126,0.5678516315911172,0.8577460219335794,3,0.05010452085220616,0.00988912836943347,0.00570949092614318,0.025538564133660853,0.07467047757075146,3,0.5463289028396608,0.09961802251400224,0.0575144921145974,0.29886401634570114,0.7937937893336205,3,0.5649961502979619,0.04168624685533267,0.024067565843431508,0.46144177242457973,0.6685505281713441,3,0.1686539022219494,0.06084494587323564,0.03512884587874081,0.017506677610710203,0.3198011268331886,3,57.09232811033356,0.34865728182477235,0.20129737551645555,56.226215408087015,57.95844081258011,3,67.37862334533368,0.2993929703302986,0.17285461201367955,66.63488997711245,68.12235671355491,3,1.1801894669345294,0.006786668835004599,0.00391828507879075,1.1633304469445427,1.1970484869245162,0,,,,,,0,,,,,,3,159.52929501019906,0.23394770083346517,0.13506976805249515,158.94813670398858,160.11045331640955
numerical_feature_transformer,NF-UNSW-NB15,rollback_repair,3,3,0.12063192660613765,0.018357112697764643,0.010598483957598714,0.07503033067533478,0.16623352253694051,3,0.6437665576044869,0.03623816046331609,0.0209221116984324,0.5537459765942191,0.7337871386147546,3,0.18444740921726357,0.06105606399306046,0.03525073498205247,0.03277573812294021,0.33611908031158694,0,,,,,,3,0.8543609447088958,0.04867451259445826,0.028102242949084307,0.733446752373434,0.9752751370443575,3,0.5818652020671414,0.20488489408144678,0.11829034875081126,0.07290291011775474,1.0908274940165281,3,0.764972230628055,0.03263889551578192,0.01884407511208876,0.6838927194084271,0.8460517418476828,3,0.8878247542637524,0.0023689923268569975,0.0013677383576190456,0.8819398510858327,0.8937096574416721,3,0.6285103415705013,0.06752831013296318,0.03898748803318682,0.46076071976051436,0.7962599633804883,3,0.8242420911727445,0.0463763272230477,0.02677538500625276,0.7090369077869259,0.9394472745585631,3,0.9920480014173672,0.0042214866142835875,0.0024372764331370314,0.981561247319306,1.0025347555154283,3,0.15464467704402907,0.021840793791466084,0.012609788174818051,0.10038913753275805,0.20890021655530008,3,0.1674287071731216,0.12694513946897273,0.073291810444726,-0.14792050110125096,0.48277791544749415,3,0.9998612715810844,1.573985324090001e-05,9.087408505638824e-06,0.9998221716180717,0.999900371544097,3,0.9132200279481569,0.04981813841353125,0.028762515623578302,0.7894649115874398,1.036975144308874,3,0.5417272960046645,0.2476605776973951,0.1429869012012493,-0.07349568475968327,1.1569502767690123,3,0.4826996599907722,0.0015224393097900617,0.0008789807453321602,0.4789177110875184,0.486481608894026,3,0.49466492900279685,0.01257150135600374,0.007258159692006504,0.4634355883914146,0.5258942696141792,3,0.512092061755817,0.011962779728331653,0.006906714096408479,0.48237486949567426,0.5418092540159598,3,0.017427132753020196,0.012530681003233814,0.007234592050346373,-0.013700804480640632,0.04855506998668102,3,0.35058621675722046,0.06471735205489784,0.03736458063013505,0.1898194019150183,0.5113530315994226,3,0.1033693113453602,0.03446384992877759,0.019897713033690607,0.017756362046240814,0.1889822606444796,3,0.2437245102766085,0.07147510762843373,0.04126617262963369,0.06617049996760288,0.4212785205856141,3,0.3877566187205001,0.05465965511987678,0.03155776659727297,0.25197450812762984,0.5235387293133704,3,0.10186026205144227,0.06314671428076546,0.03645777248844032,-0.05500487226458639,0.25872539636747094,3,4.063894172666399,0.06622627070626949,0.03823575521968972,3.8993789960984073,4.22840934923439,3,162.74037929466613,0.3744189198070964,0.21617086414031603,161.81027113599202,163.67048745334023,3,40.052075497081745,0.6166565195472063,0.35602680755811733,38.520215781696805,41.583935212466685,0,,,,,,0,,,,,,3,17.90429348004261,2.572692092897685,1.4853444723765004,11.513372031432787,24.295214928652435
numerical_feature_transformer,NF-UNSW-NB15,ssd_canonical,3,3,0.12063192660613765,0.018357112697764643,0.010598483957598714,0.07503033067533478,0.16623352253694051,3,0.12063192660613765,0.018357112697764643,0.010598483957598714,0.07503033067533478,0.16623352253694051,3,0.18444740921726357,0.06105606399306046,0.03525073498205247,0.03277573812294021,0.33611908031158694,3,3.52523240371846,5.438959822042073e-16,3.14018491736755e-16,3.5252324037184586,3.5252324037184612,3,0.8543609447088958,0.04867451259445826,0.028102242949084307,0.733446752373434,0.9752751370443575,3,0.8543609447088958,0.04867451259445826,0.028102242949084307,0.733446752373434,0.9752751370443575,3,0.764972230628055,0.03263889551578192,0.01884407511208876,0.6838927194084271,0.8460517418476828,3,0.8878247542637524,0.0023689923268569975,0.0013677383576190456,0.8819398510858327,0.8937096574416721,3,0.8878247542637524,0.0023689923268569975,0.0013677383576190456,0.8819398510858327,0.8937096574416721,3,0.8242420911727445,0.0463763272230477,0.02677538500625276,0.7090369077869259,0.9394472745585631,3,0.9920480014173672,0.0042214866142835875,0.0024372764331370314,0.981561247319306,1.0025347555154283,3,0.9920480014173672,0.0042214866142835875,0.0024372764331370314,0.981561247319306,1.0025347555154283,3,0.1674287071731216,0.12694513946897273,0.073291810444726,-0.14792050110125096,0.48277791544749415,3,0.9998612715810844,1.573985324090001e-05,9.087408505638824e-06,0.9998221716180717,0.999900371544097,3,0.9998612715810844,1.573985324090001e-05,9.087408505638824e-06,0.9998221716180717,0.999900371544097,3,0.5417272960046645,0.2476605776973951,0.1429869012012493,-0.07349568475968327,1.1569502767690123,3,0.4826996599907722,0.0015224393097900617,0.0008789807453321602,0.4789177110875184,0.486481608894026,3,0.4826996599907722,0.0015224393097900617,0.0008789807453321602,0.4789177110875184,0.486481608894026,3,0.512092061755817,0.011962779728331653,0.006906714096408479,0.48237486949567426,0.5418092540159598,3,0.02939240176504491,0.013456399519498218,0.007769055884905447,-0.004035147745305386,0.0628199512753952,3,0.5559368347472436,0.19782087385415362,0.1142119347710226,0.06452254184082556,1.0473511276536618,3,0.2220575022821929,0.09390150100373129,0.05421405688181418,-0.011206757548246793,0.4553217621126326,3,0.10730123618658242,0.03907626542305863,0.022560692360928166,0.010230411615999954,0.2043720607571649,3,0.6222615939203334,0.01426036489730779,0.008233225512202944,0.5868368836960495,0.6576863041446174,3,0.8246192942442455,0.13096329399485884,0.07561169304189186,0.49928843678060275,1.1499501517078883,3,10.57570447966691,0.04237314279278239,0.024464145397823364,10.470443757691283,10.680965201642538,3,162.74037929466613,0.3744189198070964,0.21617086414031603,161.81027113599202,163.67048745334023,3,15.38827307538576,0.06140146547885071,0.03545015262285198,15.2357433794349,15.540802771336619,3,0.0,0.0,0.0,0.0,0.0,3,0.5337527662336995,0.08903540304407896,0.05140461391490582,0.31257656385375365,0.7549289686136453,3,0.0,0.0,0.0,0.0,0.0
numerical_feature_transformer,NF-UNSW-NB15,ssd_canonical@alpha=1,3,3,0.12063192660613765,0.018357112697764643,0.010598483957598714,0.07503033067533478,0.16623352253694051,3,0.13214038699214112,0.02602495598170324,0.015025515341684528,0.06749081239215093,0.1967899615921313,3,0.18444740921726357,0.06105606399306046,0.03525073498205247,0.03277573812294021,0.33611908031158694,3,3.52523240371846,5.438959822042073e-16,3.14018491736755e-16,3.5252324037184586,3.5252324037184612,3,0.8543609447088958,0.04867451259445826,0.028102242949084307,0.733446752373434,0.9752751370443575,3,0.8429448626169757,0.023764272314310473,0.013720309017762724,0.7839111375694243,0.901978587664527,3,0.764972230628055,0.03263889551578192,0.01884407511208876,0.6838927194084271,0.8460517418476828,3,0.8878247542637524,0.0023689923268569975,0.0013677383576190456,0.8819398510858327,0.8937096574416721,3,0.8880561662672597,0.018498426264555973,0.010680071383425836,0.8421035279760128,0.9340088045585065,3,0.8242420911727445,0.0463763272230477,0.02677538500625276,0.7090369077869259,0.9394472745585631,3,0.9920480014173672,0.0042214866142835875,0.0024372764331370314,0.981561247319306,1.0025347555154283,3,0.9946823985531311,0.0024631385943705837,0.001422093730511213,0.9885636230816632,1.000801174024599,3,0.1674287071731216,0.12694513946897273,0.073291810444726,-0.14792050110125096,0.48277791544749415,3,0.9998612715810844,1.573985324090001e-05,9.087408505638824e-06,0.9998221716180717,0.999900371544097,3,0.9998640491522425,3.9255001191202244e-05,2.2663885504779697e-05,0.9997665343234098,0.9999615639810752,3,0.5417272960046645,0.2476605776973951,0.1429869012012493,-0.07349568475968327,1.1569502767690123,3,0.4826996599907722,0.0015224393097900617,0.0008789807453321602,0.4789177110875184,0.486481608894026,3,0.48292690737340394,0.0027424941621912485,0.0015833797427920945,0.47611417420093394,0.48973964054587393,3,0.512092061755817,0.011962779728331653,0.006906714096408479,0.48237486949567426,0.5418092540159598,3,0.029165154382413128,0.014649669815423033,0.008457990811473625,-0.007226642870318753,0.06555695163514501,3,0.5564293203698408,0.19855733384659544,0.11463713014590628,0.06318555942302534,1.0496730813166564,3,0.22098549327677686,0.09465847466454486,0.05465109582865434,-0.014159193371268197,0.4561301799248219,3,0.10694213540824671,0.030023112514479103,0.017333852092144934,0.032360589387830124,0.1815236814286633,3,0.6053704031801773,0.03551475356110804,0.020504452528708948,0.5171468645366029,0.6935939418237518,3,0.8272536913800095,0.1258492658243155,0.07265910750098532,0.5146267841536096,1.1398805986064093,3,10.593380892333698,0.13303369664375203,0.07680704056856125,10.262906869571497,10.9238549150959,3,162.74037929466613,0.3744189198070964,0.21617086414031603,161.81027113599202,163.67048745334023,3,15.36408348562309,0.19709060655777308,0.11379031475087692,14.874483277247245,15.853683693998933,3,0.03078677309007982,0.020479806873976457,0.011824022011641856,-0.020087887494298278,0.08166143367445791,3,0.5337527662336995,0.08903540304407896,0.05140461391490582,0.31257656385375365,0.7549289686136453,3,0.6093576677261162,0.39381006351369074,0.22736634617921297,-0.3689207623029125,1.587636097755145
numerical_feature_transformer,NF-UNSW-NB15,ssd_canonical@alpha=2,3,3,0.12063192660613765,0.018357112697764643,0.010598483957598714,0.07503033067533478,0.16623352253694051,3,0.1231958398497998,0.019274579464933966,0.011128183642596459,0.0753151301234222,0.1710765495761774,3,0.18444740921726357,0.06105606399306046,0.03525073498205247,0.03277573812294021,0.33611908031158694,3,3.52523240371846,5.438959822042073e-16,3.14018491736755e-16,3.5252324037184586,3.5252324037184612,3,0.8543609447088958,0.04867451259445826,0.028102242949084307,0.733446752373434,0.9752751370443575,3,0.8453132508970578,0.04128160402850111,0.023833945198434656,0.7427640615295846,0.9478624402645309,3,0.764972230628055,0.03263889551578192,0.01884407511208876,0.6838927194084271,0.8460517418476828,3,0.8878247542637524,0.0023689923268569975,0.0013677383576190456,0.8819398510858327,0.8937096574416721,3,0.8879738361407462,0.002026547496824115,0.001170027742816965,0.8829396130792946,0.8930080592021978,3,0.8242420911727445,0.0463763272230477,0.02677538500625276,0.7090369077869259,0.9394472745585631,3,0.9920480014173672,0.0042214866142835875,0.0024372764331370314,0.981561247319306,1.0025347555154283,3,0.995103252932807,0.00209527931388464,0.0012097100758987514,0.9898982905726003,1.0003082152930136,3,0.1674287071731216,0.12694513946897273,0.073291810444726,-0.14792050110125096,0.48277791544749415,3,0.9998612715810844,1.573985324090001e-05,9.087408505638824e-06,0.9998221716180717,0.999900371544097,3,0.9998615182379825,1.359674998498784e-05,7.85008726393677e-06,0.999827742038588,0.999895294437377,3,0.5417272960046645,0.2476605776973951,0.1429869012012493,-0.07349568475968327,1.1569502767690123,3,0.4826996599907722,0.0015224393097900617,0.0008789807453321602,0.4789177110875184,0.486481608894026,3,0.4830352675283078,0.002577455219335069,0.0014880944647073081,0.4766325138176892,0.4894380212389264,3,0.512092061755817,0.011962779728331653,0.006906714096408479,0.48237486949567426,0.5418092540159598,3,0.02905679422750927,0.014523634229790153,0.008385224132181008,-0.007021913273933308,0.06513550172895184,3,0.5563657738378929,0.19843765602261745,0.11456803412201656,0.0634193090868776,1.0493122385889082,3,0.22192543364054965,0.09391590497714424,0.05422237301974154,-0.011374607643443724,0.455225474924543,3,0.11062903665246522,0.034263362302882815,0.01978196144891107,0.025514126225564163,0.19574394707936627,3,0.6254140712420261,0.020256765879852347,0.011695249233643979,0.575093475202411,0.6757346672816411,3,0.8276745457596854,0.12539792523926174,0.07239852589270834,0.5161688307014469,1.1391802608179238,3,10.574218821333337,0.0974668103434336,0.056272489188835595,10.332097842118197,10.816339800548478,3,162.74037929466613,0.3744189198070964,0.21617086414031603,161.81027113599202,163.67048745334023,3,15.391028579665162,0.12174041847482753,0.07028686337769936,15.088608615091324,15.693448544239,3,0.004789053591790194,0.002949262749458965,0.0017027576423110694,-0.0025373212259104955,0.012115428409490883,3,0.5337527662336995,0.08903540304407896,0.05140461391490582,0.31257656385375365,0.7549289686136453,3,0.29430363323119446,0.2237182946912501,0.12916381766263726,-0.2614434194129265,0.8500506858753154
numerical_feature_transformer,NF-UNSW-NB15,ssd_canonical@alpha=3,3,3,0.12063192660613765,0.018357112697764643,0.010598483957598714,0.07503033067533478,0.16623352253694051,3,0.12068236001605648,0.01835568683535816,0.010597660735554505,0.07508430612382927,0.1662804139082837,3,0.18444740921726357,0.06105606399306046,0.03525073498205247,0.03277573812294021,0.33611908031158694,3,3.52523240371846,5.438959822042073e-16,3.14018491736755e-16,3.5252324037184586,3.5252324037184612,3,0.8543609447088958,0.04867451259445826,0.028102242949084307,0.733446752373434,0.9752751370443575,3,0.8512705204083372,0.05184822483706538,0.02993458656668394,0.722472389804869,0.9800686510118053,3,0.764972230628055,0.03263889551578192,0.01884407511208876,0.6838927194084271,0.8460517418476828,3,0.8878247542637524,0.0023689923268569975,0.0013677383576190456,0.8819398510858327,0.8937096574416721,3,0.886748413361115,0.0005744839477056223,0.0003316784618529599,0.885321316121842,0.888175510600388,3,0.8242420911727445,0.0463763272230477,0.02677538500625276,0.7090369077869259,0.9394472745585631,3,0.9920480014173672,0.0042214866142835875,0.0024372764331370314,0.981561247319306,1.0025347555154283,3,0.9936349904520266,0.002057218110576422,0.0011877354299230708,0.9885245773623114,0.9987454035417419,3,0.1674287071731216,0.12694513946897273,0.073291810444726,-0.14792050110125096,0.48277791544749415,3,0.9998612715810844,1.573985324090001e-05,9.087408505638824e-06,0.9998221716180717,0.999900371544097,3,0.9998608640609917,1.5320471915513502e-05,8.845278584533823e-06,0.999822805898945,0.9998989222230384,3,0.5417272960046645,0.2476605776973951,0.1429869012012493,-0.07349568475968327,1.1569502767690123,3,0.4826996599907722,0.0015224393097900617,0.0008789807453321602,0.4789177110875184,0.486481608894026,3,0.4827190307949693,0.0014728571786287801,0.000850354488559199,0.4790602507335607,0.48637781085637793,3,0.512092061755817,0.011962779728331653,0.006906714096408479,0.48237486949567426,0.5418092540159598,3,0.029373030960847757,0.01337508164170114,0.0077221069862693755,-0.0038525137426298206,0.06259857566432533,3,0.5561115877101007,0.198128627905693,0.11438961665552305,0.0639327913583192,1.0482903840618822,3,0.22203834666378788,0.09397518360287395,0.05425659755026378,-0.011408950889879588,0.45548564421745535,3,0.10787239625148233,0.03837265885170461,0.02215446491755333,0.01254942729901408,0.2031953652039506,3,0.6215891058400489,0.013677511526429815,0.007896714961628463,0.5876122836547658,0.655565928025332,3,0.8262062832789051,0.1287616694579184,0.0743405845228348,0.5063445643545232,1.146068002203287,3,10.597905553000297,0.057755421437693216,0.033345108114212464,10.454433132550667,10.741377973449927,3,162.74037929466613,0.3744189198070964,0.21617086414031603,161.81027113599202,163.67048745334023,3,15.356083756748014,0.0519967834565223,0.03002035692561783,15.226916586075552,15.485250927420475,3,0.0003800836183960471,0.000474724287221467,0.0002740821950181672,-0.0007991968861599803,0.0015593641229520745,3,0.5337527662336995,0.08903540304407896,0.05140461391490582,0.31257656385375365,0.7549289686136453,3,0.028504836794795357,0.02832601250912188,0.016354030947210225,-0.0418608791017539,0.09887055269134462
numerical_feature_transformer,NF-UNSW-NB15,ssd_canonical@alpha=5,3,3,0.12063192660613765,0.018357112697764643,0.010598483957598714,0.07503033067533478,0.16623352253694051,3,0.12063192660613765,0.018357112697764643,0.010598483957598714,0.07503033067533478,0.16623352253694051,3,0.18444740921726357,0.06105606399306046,0.03525073498205247,0.03277573812294021,0.33611908031158694,3,3.52523240371846,5.438959822042073e-16,3.14018491736755e-16,3.5252324037184586,3.5252324037184612,3,0.8543609447088958,0.04867451259445826,0.028102242949084307,0.733446752373434,0.9752751370443575,3,0.8543609447088958,0.04867451259445826,0.028102242949084307,0.733446752373434,0.9752751370443575,3,0.764972230628055,0.03263889551578192,0.01884407511208876,0.6838927194084271,0.8460517418476828,3,0.8878247542637524,0.0023689923268569975,0.0013677383576190456,0.8819398510858327,0.8937096574416721,3,0.8878247542637524,0.0023689923268569975,0.0013677383576190456,0.8819398510858327,0.8937096574416721,3,0.8242420911727445,0.0463763272230477,0.02677538500625276,0.7090369077869259,0.9394472745585631,3,0.9920480014173672,0.0042214866142835875,0.0024372764331370314,0.981561247319306,1.0025347555154283,3,0.9920480014173672,0.0042214866142835875,0.0024372764331370314,0.981561247319306,1.0025347555154283,3,0.1674287071731216,0.12694513946897273,0.073291810444726,-0.14792050110125096,0.48277791544749415,3,0.9998612715810844,1.573985324090001e-05,9.087408505638824e-06,0.9998221716180717,0.999900371544097,3,0.9998612715810844,1.573985324090001e-05,9.087408505638824e-06,0.9998221716180717,0.999900371544097,3,0.5417272960046645,0.2476605776973951,0.1429869012012493,-0.07349568475968327,1.1569502767690123,3,0.4826996599907722,0.0015224393097900617,0.0008789807453321602,0.4789177110875184,0.486481608894026,3,0.4826996599907722,0.0015224393097900617,0.0008789807453321602,0.4789177110875184,0.486481608894026,3,0.512092061755817,0.011962779728331653,0.006906714096408479,0.48237486949567426,0.5418092540159598,3,0.02939240176504491,0.013456399519498218,0.007769055884905447,-0.004035147745305386,0.0628199512753952,3,0.5559368347472436,0.19782087385415362,0.1142119347710226,0.06452254184082556,1.0473511276536618,3,0.2220575022821929,0.09390150100373129,0.05421405688181418,-0.011206757548246793,0.4553217621126326,3,0.10730123618658242,0.03907626542305863,0.022560692360928166,0.010230411615999954,0.2043720607571649,3,0.6222615939203334,0.01426036489730779,0.008233225512202944,0.5868368836960495,0.6576863041446174,3,0.8246192942442455,0.13096329399485884,0.07561169304189186,0.49928843678060275,1.1499501517078883,3,10.589287231667337,0.040180412191432376,0.023198171794873605,10.489473554470164,10.689100908864509,3,162.74037929466613,0.3744189198070964,0.21617086414031603,161.81027113599202,163.67048745334023,3,15.368467447316965,0.0324733867904149,0.01874851860494488,15.28779908256364,15.44913581207029,3,0.0,0.0,0.0,0.0,0.0,3,0.5337527662336995,0.08903540304407896,0.05140461391490582,0.31257656385375365,0.7549289686136453,3,0.0,0.0,0.0,0.0,0.0
numerical_feature_transformer,NF-UNSW-NB15,dc_ssd_no_contrast,3,3,0.12063192660613765,0.018357112697764643,0.010598483957598714,0.07503033067533478,0.16623352253694051,3,0.129926493830577,0.02827595173774521,0.016325128347380063,0.0596851357840823,0.2001678518770717,3,0.18444740921726357,0.06105606399306046,0.03525073498205247,0.03277573812294021,0.33611908031158694,0,,,,,,3,0.8543609447088958,0.04867451259445826,0.028102242949084307,0.733446752373434,0.9752751370443575,3,0.8597414180369566,0.02456900700888229,0.014184922810299993,0.7987086211866903,0.9207742148872229,3,0.764972230628055,0.03263889551578192,0.01884407511208876,0.6838927194084271,0.8460517418476828,3,0.8878247542637524,0.0023689923268569975,0.0013677383576190456,0.8819398510858327,0.8937096574416721,3,0.8839280262130739,0.020826518107394554,0.012024195835586862,0.8321920871786851,0.9356639652474626,3,0.8242420911727445,0.0463763272230477,0.02677538500625276,0.7090369077869259,0.9394472745585631,3,0.9920480014173672,0.0042214866142835875,0.0024372764331370314,0.981561247319306,1.0025347555154283,3,0.8603032796225899,0.22211073100612835,0.12823569033629276,0.30854963655267076,1.412056922692509,3,0.1674287071731216,0.12694513946897273,0.073291810444726,-0.14792050110125096,0.48277791544749415,3,0.9998612715810844,1.573985324090001e-05,9.087408505638824e-06,0.9998221716180717,0.999900371544097,3,0.9998305574351526,7.261227277979627e-05,4.1922715235885915e-05,0.9996501785500066,1.0000109363202985,3,0.5417272960046645,0.2476605776973951,0.1429869012012493,-0.07349568475968327,1.1569502767690123,3,0.4826996599907722,0.0015224393097900617,0.0008789807453321602,0.4789177110875184,0.486481608894026,3,0.4837687625238128,0.0037148648214182928,0.0021447782046489223,0.4745405267269873,0.49299699832063826,3,0.512092061755817,0.011962779728331653,0.006906714096408479,0.48237486949567426,0.5418092540159598,3,0.0283232992320042,0.015010739659532828,0.00866645458316667,-0.008965445237045514,0.06561204370105392,3,0.5636736250119151,0.19876751563225237,0.11475847865643406,0.06990774356503265,1.0574395064587976,3,0.2154259446752805,0.09476321219667243,0.054711566071022455,-0.019978924426155092,0.4508308137767161,3,0.12780323370960053,0.03434645647931478,0.019829935894042156,0.04248190590540055,0.21312456151380052,3,0.5978903711118809,0.06243470803174043,0.03604669548890103,0.4427939583700353,0.7529867838537265,3,0.6928745724494682,0.196083575895867,0.11320890532714323,0.20577596691772326,1.179973177981213,3,0.040752074333492296,0.003745401085137708,0.0021624083247273724,0.0314479822523864,0.05005616641459819,3,162.74037929466613,0.3744189198070964,0.21617086414031603,161.81027113599202,163.67048745334023,3,4016.685993365745,379.9252446537565,219.34994227278077,3072.8993654870737,4960.472621244417,3,0.012276700874192322,0.006214454335305767,0.003587916883355422,-0.0031608594978997564,0.0277142612462844,3,0.2888653199781692,0.042792644721669014,0.024706344949391626,0.18256249744085484,0.3951681425154836,3,0.6829777805509475,0.2635905536338004,0.15218407709631715,0.028182545816190396,1.3377730152857046
numerical_feature_transformer,NF-UNSW-NB15,dc_ssd_no_class_balance,3,3,0.12063192660613765,0.018357112697764643,0.010598483957598714,0.07503033067533478,0.16623352253694051,3,0.13054100098727175,0.02379878919826323,0.013740237350004434,0.07142153124660229,0.18966047072794123,3,0.18444740921726357,0.06105606399306046,0.03525073498205247,0.03277573812294021,0.33611908031158694,0,,,,,,3,0.8543609447088958,0.04867451259445826,0.028102242949084307,0.733446752373434,0.9752751370443575,3,0.8263206278331722,0.023176221333075557,0.01338079762544952,0.7687477024045202,0.8838935532618242,3,0.764972230628055,0.03263889551578192,0.01884407511208876,0.6838927194084271,0.8460517418476828,3,0.8878247542637524,0.0023689923268569975,0.0013677383576190456,0.8819398510858327,0.8937096574416721,3,0.8863529024320115,0.003987157579424502,0.0023019865017821933,0.8764482539263947,0.8962575509376283,3,0.8242420911727445,0.0463763272230477,0.02677538500625276,0.7090369077869259,0.9394472745585631,3,0.9920480014173672,0.0042214866142835875,0.0024372764331370314,0.981561247319306,1.0025347555154283,3,0.956555390309967,0.06046901744408982,0.034911803498977434,0.8063420236864763,1.1067687569334574,3,0.1674287071731216,0.12694513946897273,0.073291810444726,-0.14792050110125096,0.48277791544749415,3,0.9998612715810844,1.573985324090001e-05,9.087408505638824e-06,0.9998221716180717,0.999900371544097,3,0.9992686462105308,0.0010578090048919617,0.0006107263137255843,0.9966409029696821,1.0018963894513795,3,0.5417272960046645,0.2476605776973951,0.1429869012012493,-0.07349568475968327,1.1569502767690123,3,0.4826996599907722,0.0015224393097900617,0.0008789807453321602,0.4789177110875184,0.486481608894026,3,0.48271718407037745,0.003119361619813101,0.0018009642708988812,0.47496826023410915,0.49046610790664574,3,0.512092061755817,0.011962779728331653,0.006906714096408479,0.48237486949567426,0.5418092540159598,3,0.029374877685439598,0.014782757258435373,0.008534828882522556,-0.007347527103435548,0.06609728247431475,3,0.560400978616592,0.1980296521994525,0.11433247300488188,0.06846805154922653,1.0523339056839576,3,0.2182509978205683,0.09364010215913915,0.05406313818852305,-0.014363911282220115,0.4508659069233567,3,0.11631166217303635,0.029623167764756094,0.017102943883231376,0.042723633988010934,0.18989969035806176,3,0.6203210004634193,0.03683075759036521,0.021264247809255205,0.5288283265819922,0.7118136743448464,3,0.7891266831368453,0.11415458472272318,0.06590718021889418,0.5055509742614448,1.0727023920122458,3,0.03998902933274925,0.003816864192198704,0.0022036675688261653,0.030507413052396487,0.04947064561310201,3,162.74037929466613,0.3744189198070964,0.21617086414031603,161.81027113599202,163.67048745334023,3,4093.2421876742155,371.6168183708926,214.55307012182712,3170.094834849848,5016.389540498582,3,0.0072595971113645005,0.0035261846730806463,0.0020358436702154438,-0.0014999312135225915,0.016019125436251593,3,0.3378615785505949,0.038671811773014333,0.022327180937200364,0.2417954725447301,0.4339276845564597,3,0.5556833814798793,0.23396905120577288,0.13508209469569432,-0.025527961995622572,1.1368947249553811
numerical_feature_transformer,NF-UNSW-NB15,dc_ssd,3,3,0.12063192660613765,0.018357112697764643,0.010598483957598714,0.07503033067533478,0.16623352253694051,3,0.1351713435443057,0.026375811134125866,0.015228081658382298,0.06965019642883137,0.20069249065978007,3,0.18444740921726357,0.06105606399306046,0.03525073498205247,0.03277573812294021,0.33611908031158694,0,,,,,,3,0.8543609447088958,0.04867451259445826,0.028102242949084307,0.733446752373434,0.9752751370443575,3,0.8510274719407546,0.034047303920058926,0.019657220083427022,0.7664492802905595,0.9356056635909497,3,0.764972230628055,0.03263889551578192,0.01884407511208876,0.6838927194084271,0.8460517418476828,3,0.8878247542637524,0.0023689923268569975,0.0013677383576190456,0.8819398510858327,0.8937096574416721,3,0.8869197470427247,0.013857551720034767,0.008000661215871235,0.8524956802228822,0.9213438138625671,3,0.8242420911727445,0.0463763272230477,0.02677538500625276,0.7090369077869259,0.9394472745585631,3,0.9920480014173672,0.0042214866142835875,0.0024372764331370314,0.981561247319306,1.0025347555154283,3,0.899210841001664,0.16673319364378245,0.0962634542330838,0.4850226268757064,1.3133990551276216,3,0.1674287071731216,0.12694513946897273,0.073291810444726,-0.14792050110125096,0.48277791544749415,3,0.9998612715810844,1.573985324090001e-05,9.087408505638824e-06,0.9998221716180717,0.999900371544097,3,0.9988285191483396,0.0018249269705765208,0.0010536220777137627,0.9942951492395964,1.0033618890570828,3,0.5417272960046645,0.2476605776973951,0.1429869012012493,-0.07349568475968327,1.1569502767690123,3,0.4826996599907722,0.0015224393097900617,0.0008789807453321602,0.4789177110875184,0.486481608894026,3,0.4846386106523511,0.003068879552806593,0.001771818435923425,0.4770150912224992,0.492262130082203,3,0.512092061755817,0.011962779728331653,0.006906714096408479,0.48237486949567426,0.5418092540159598,3,0.027453451103465976,0.013968433164594445,0.008064678647735898,-0.007246060494337077,0.06215296270126903,3,0.5660248466939917,0.19950987793997696,0.11518708173463509,0.07041483504273144,1.061634858345252,3,0.21411468940257805,0.09450069725244191,0.054560002997304666,-0.020638056426004553,0.4488674352311607,3,0.14881392462565848,0.04181291702786446,0.024140698901641035,0.04494488059974003,0.2526829686515769,3,0.5933084325277179,0.06200087865438934,0.035796223981105005,0.439289711702602,0.7473271533528338,3,0.7317821338285424,0.15014340112765837,0.08668533305809953,0.35880524892149124,1.1047590187355936,3,0.0415046716661891,0.0048643086149261685,0.002808409888249039,0.02942105919440873,0.05358828413796946,3,162.74037929466613,0.3744189198070964,0.21617086414031603,161.81027113599202,163.67048745334023,3,3958.4120308866527,479.4714263373383,276.8229570645961,2767.3389790301107,5149.485082743195,3,0.01797795515013303,0.009766522040244615,0.005638704128981642,-0.006283430562378737,0.0422393408626448,3,0.2540003853569891,0.025238745547933282,0.01457159653610775,0.19130386574487424,0.31669690496910397,3,1.0274783843398836,0.433917358277352,0.25052230360748046,-0.050432089126607904,2.105388857806375
numerical_feature_transformer,NF-UNSW-NB15,scrub_r,3,3,0.12063192660613765,0.018357112697764643,0.010598483957598714,0.07503033067533478,0.16623352253694051,3,0.23145720960250035,0.06860322991414085,0.03960809325820701,0.06103733902701661,0.40187708017798407,3,0.18444740921726357,0.06105606399306046,0.03525073498205247,0.03277573812294021,0.33611908031158694,0,,,,,,3,0.8543609447088958,0.04867451259445826,0.028102242949084307,0.733446752373434,0.9752751370443575,3,0.7575923179265275,0.03383987278654218,0.019537459662652818,0.673529413777686,0.8416552220753689,3,0.764972230628055,0.03263889551578192,0.01884407511208876,0.6838927194084271,0.8460517418476828,3,0.8878247542637524,0.0023689923268569975,0.0013677383576190456,0.8819398510858327,0.8937096574416721,3,0.8090767542636783,0.03153051553711825,0.018204151633042898,0.7307506115479638,0.8874028969793928,3,0.8242420911727445,0.0463763272230477,0.02677538500625276,0.7090369077869259,0.9394472745585631,3,0.9920480014173672,0.0042214866142835875,0.0024372764331370314,0.981561247319306,1.0025347555154283,3,0.24978524440007507,0.03214728676160943,0.0185602446655313,0.16992695702609856,0.3296435317740516,3,0.1674287071731216,0.12694513946897273,0.073291810444726,-0.14792050110125096,0.48277791544749415,3,0.9998612715810844,1.573985324090001e-05,9.087408505638824e-06,0.9998221716180717,0.999900371544097,3,0.608727379524835,0.05995862357081626,0.03461712745885021,0.4597819015697739,0.7576728574798961,3,0.5417272960046645,0.2476605776973951,0.1429869012012493,-0.07349568475968327,1.1569502767690123,3,0.4826996599907722,0.0015224393097900617,0.0008789807453321602,0.4789177110875184,0.486481608894026,3,0.4990831532257001,0.009960722062890283,0.00575082556433275,0.47433934791331744,0.5238269585380828,3,0.512092061755817,0.011962779728331653,0.006906714096408479,0.48237486949567426,0.5418092540159598,3,0.013008908530116936,0.005832629787804018,0.0033674703780720797,-0.0014801470842657968,0.02749796414449967,3,0.6681441235344581,0.14961026823608664,0.08637752863963674,0.2964916141487184,1.0397966329201977,3,0.10714416149537377,0.06886663731810819,0.039760171593794094,-0.06393004934585138,0.2782183723365989,3,0.3596950830705208,0.3051666375442948,0.17618804033389157,-0.39838086961191177,1.1177710357529533,3,0.567055070708446,0.024630547843106927,0.014220453427505742,0.5058693979510716,0.6282407434658204,3,0.12786623994352841,0.061540566485025414,0.035530462626211484,-0.02500900206250717,0.280741481949564,3,123.21058402000001,0.7440364066153099,0.429569619646231,121.36229512343462,125.0588729165654,3,162.74037929466613,0.3744189198070964,0.21617086414031603,161.81027113599202,163.67048745334023,3,1.3208510702282268,0.0049547546017735845,0.002860628903102516,1.308542777469645,1.3331593629868086,0,,,,,,0,,,,,,3,140.48310952247445,2.039913236288115,1.1777444560944241,135.4156841235753,145.5505349213736
numerical_feature_transformer,NF-UNSW-NB15,scrub_r@lr=0.001,3,3,0.12063192660613765,0.018357112697764643,0.010598483957598714,0.07503033067533478,0.16623352253694051,3,0.2327533938623966,0.043394022168110724,0.025053550379979316,0.12495666693139879,0.3405501207933944,3,0.18444740921726357,0.06105606399306046,0.03525073498205247,0.03277573812294021,0.33611908031158694,0,,,,,,3,0.8543609447088958,0.04867451259445826,0.028102242949084307,0.733446752373434,0.9752751370443575,3,0.7346615955059469,0.08225138568227429,0.0474878596648808,0.5303378264914203,0.9389853645204735,3,0.764972230628055,0.03263889551578192,0.01884407511208876,0.6838927194084271,0.8460517418476828,3,0.8878247542637524,0.0023689923268569975,0.0013677383576190456,0.8819398510858327,0.8937096574416721,3,0.7941212024711531,0.04362893783932489,0.025189179005991675,0.6857409126622183,0.902501492280088,3,0.8242420911727445,0.0463763272230477,0.02677538500625276,0.7090369077869259,0.9394472745585631,3,0.9920480014173672,0.0042214866142835875,0.0024372764331370314,0.981561247319306,1.0025347555154283,3,0.2765533527497785,0.12967467835606525,0.07486771045595242,-0.04557640600962559,0.5986831115091826,3,0.1674287071731216,0.12694513946897273,0.073291810444726,-0.14792050110125096,0.48277791544749415,3,0.9998612715810844,1.573985324090001e-05,9.087408505638824e-06,0.9998221716180717,0.999900371544097,3,0.5857498148786358,0.25648080771430015,0.14807926337582383,-0.05138383189674656,1.222883461654018,3,0.5417272960046645,0.2476605776973951,0.1429869012012493,-0.07349568475968327,1.1569502767690123,3,0.4826996599907722,0.0015224393097900617,0.0008789807453321602,0.4789177110875184,0.486481608894026,3,0.5040508337134715,0.010578024153041304,0.00610722509225276,0.47777356499942136,0.5303281024275216,3,0.512092061755817,0.011962779728331653,0.006906714096408479,0.48237486949567426,0.5418092540159598,3,0.01355770631141745,0.007535748508141464,0.004350766429720795,-0.005162130743691068,0.03227754336652597,3,0.6617576970736821,0.1193603039004009,0.068912703587452,0.3652502648723907,0.9582651292749735,3,0.11457619604287157,0.0335996505792393,0.019398767306601176,0.031110036938383753,0.1980423551473594,3,0.20917958008909499,0.0807557579101248,0.04662435856802281,0.008571156426059962,0.40978800375213,3,0.5033668732857004,0.07195336584664237,0.0415422951406586,0.32462480370090285,0.682108942870498,3,0.17878100802017735,0.13397072607022448,0.07734803476017373,-0.1540207248773162,0.5115827409176709,3,123.65008210633323,0.2417711649131159,0.13958664714487687,123.0494892379662,124.25067497470026,3,162.74037929466613,0.3744189198070964,0.21617086414031603,161.81027113599202,163.67048745334023,3,1.3161358663535072,0.000514468123790468,0.00029702830975990844,1.3148578566857216,1.3174138760212928,0,,,,,,0,,,,,,3,276.64591763548714,6.356332075187083,3.6698300346679154,260.85591341930234,292.43592185167194
numerical_feature_transformer,NF-ToN-IoT,rollback_repair,3,3,0.07426827364486245,0.012865850992197362,0.007428102533698761,0.04230772800178065,0.10622881928794425,3,0.8059271101967681,0.09151556641347874,0.05283653690386303,0.5785898404596709,1.0332643799338652,3,0.08993295376344579,0.0482155004534183,0.02783723216589358,-0.029840989202321463,0.20970689672921305,0,,,,,,3,0.9346194667692469,0.016293749670709345,0.009407200758492417,0.8941435487469199,0.9750953847915739,3,0.0,0.0,0.0,0.0,0.0,3,0.9718357023776348,0.0043082001342939725,0.002487340507257407,0.9611335399544,0.9825378648008697,3,0.9769226676483882,0.01036984555741828,0.00598703312403029,0.951162543234498,1.0026827920622783,3,0.4677906756233459,0.154623110506163,0.08927169447367048,0.08368557571160767,0.8518957755350842,3,0.9573535929157478,0.027802324732644736,0.01605167966848983,0.888288789573912,1.0264183962575837,3,0.7512724352363142,0.12043014664091511,0.06953037758167845,0.45210736633770193,1.0504375041349263,3,0.0,0.0,0.0,0.0,0.0,3,0.8796769045992862,0.043972796284712144,0.025387705771999135,0.7704424230586716,0.9889113861399007,3,0.7325675314271769,0.028977865250537437,0.01673037830293849,0.6605825235531895,0.8045525393011643,3,0.4920896989900367,0.24944587898862072,0.144017645382323,-0.1275682160386264,1.1117476140186997,3,0.7166447552756918,0.04031861771697846,0.023277964792251127,0.6164877565205418,0.8168017540308419,3,0.7779633326957618,0.03206458136495205,0.018512494682507725,0.6983104969165846,0.8576161684749389,3,0.5611284712655072,0.10635407707362239,0.061403555027870094,0.29693029761179474,0.8253266449192198,3,0.5429475688636483,0.043706588231137176,0.02523401048060718,0.4343743847880827,0.6515207529392137,3,0.08489605585849112,0.060404568973351745,0.034874594157047946,-0.06515721188837635,0.23494932360535858,3,0.19401787760715106,0.09117951556639198,0.05264251785683608,-0.0324845955476426,0.4205203507619447,3,0.24137325420910796,0.06896179667018576,0.039815111871331986,0.07006265443276413,0.4126838539854518,3,0.20859449898270896,0.15379505509336894,0.08879361645818988,-0.173453597250714,0.5906425952161319,3,0.3011494209267768,0.07308704326474931,0.04219682410317684,0.11959114051473502,0.48270770133881863,3,0.8796769045992862,0.043972796284712144,0.025387705771999135,0.7704424230586716,0.9889113861399007,3,5.1044759989999875,0.056433107661810276,0.0325816698997533,4.9642883880677555,5.2446636099322195,3,203.41624139400633,0.41820699217250407,0.24145191950777894,202.37735763344583,204.45512515456684,3,39.853363037431755,0.3836555775837129,0.221503650994058,38.90030974884451,40.806416326019,0,,,,,,0,,,,,,3,37.47215624001135,1.4790909189774744,0.8539535402275759,33.79789070911749,41.146421770905214
numerical_feature_transformer,NF-ToN-IoT,ssd_canonical,3,3,0.07426827364486245,0.012865850992197362,0.007428102533698761,0.04230772800178065,0.10622881928794425,3,0.07426827364486245,0.012865850992197362,0.007428102533698761,0.04230772800178065,0.10622881928794425,3,0.08993295376344579,0.0482155004534183,0.02783723216589358,-0.029840989202321463,0.20970689672921305,3,9.21701388888889,0.0,0.0,9.21701388888889,9.21701388888889,3,0.9346194667692469,0.016293749670709345,0.009407200758492417,0.8941435487469199,0.9750953847915739,3,0.9346194667692469,0.016293749670709345,0.009407200758492417,0.8941435487469199,0.9750953847915739,3,0.9718357023776348,0.0043082001342939725,0.002487340507257407,0.9611335399544,0.9825378648008697,3,0.9769226676483882,0.01036984555741828,0.00598703312403029,0.951162543234498,1.0026827920622783,3,0.9769226676483882,0.01036984555741828,0.00598703312403029,0.951162543234498,1.0026827920622783,3,0.9573535929157478,0.027802324732644736,0.01605167966848983,0.888288789573912,1.0264183962575837,3,0.7512724352363142,0.12043014664091511,0.06953037758167845,0.45210736633770193,1.0504375041349263,3,0.7512724352363142,0.12043014664091511,0.06953037758167845,0.45210736633770193,1.0504375041349263,3,0.8796769045992862,0.043972796284712144,0.025387705771999135,0.7704424230586716,0.9889113861399007,3,0.7325675314271769,0.028977865250537437,0.01673037830293849,0.6605825235531895,0.8045525393011643,3,0.7325675314271769,0.028977865250537437,0.01673037830293849,0.6605825235531895,0.8045525393011643,3,0.7166447552756918,0.04031861771697846,0.023277964792251127,0.6164877565205418,0.8168017540308419,3,0.7779633326957618,0.03206458136495205,0.018512494682507725,0.6983104969165846,0.8576161684749389,3,0.7779633326957618,0.03206458136495205,0.018512494682507725,0.6983104969165846,0.8576161684749389,3,0.5429475688636483,0.043706588231137176,0.02523401048060718,0.4343743847880827,0.6515207529392137,3,0.23501576383211345,0.0744369343571015,0.04297618408872306,0.05010416805084528,0.4199273596133816,3,0.6885552754221101,0.10414901933447498,0.060130464348594675,0.4298347688547327,0.9472757819894876,3,0.11779505246171253,0.06510151242612298,0.037586375723873876,-0.0439260696459982,0.27951617456942324,3,0.5035574049104817,0.10804518561670384,0.06237991700044705,0.23515828475028944,0.771956525070674,3,0.7858384058900553,0.02920180352461052,0.016859669125756448,0.7132971045043455,0.8583797072757651,3,0.16503841897775906,0.09807680471375162,0.05662466960274286,-0.07859787025662465,0.4086747082121428,3,4.089373420667471,0.011432862180467225,0.006600766057500644,4.06097261657208,4.1177742247628615,3,203.41624139400633,0.41820699217250407,0.24145191950777894,202.37735763344583,204.45512515456684,3,49.74297731124154,0.20245198159116568,0.11688570606963267,49.24005870895857,50.24589591352451,3,0.0,0.0,0.0,0.0,0.0,3,0.9176686313960866,0.011688582409203611,0.00674840620039883,0.8886325830368422,0.9467046797553309,3,0.0,0.0,0.0,0.0,0.0
numerical_feature_transformer,NF-ToN-IoT,ssd_canonical@alpha=1,3,3,0.07426827364486245,0.012865850992197362,0.007428102533698761,0.04230772800178065,0.10622881928794425,3,0.6925815223940534,0.012573373045493547,0.0072592403124372845,0.6613475322482248,0.7238155125398819,3,0.08993295376344579,0.0482155004534183,0.02783723216589358,-0.029840989202321463,0.20970689672921305,3,9.21701388888889,0.0,0.0,9.21701388888889,9.21701388888889,3,0.9346194667692469,0.016293749670709345,0.009407200758492417,0.8941435487469199,0.9750953847915739,3,0.15432496853125086,0.26729868637259463,0.15432496853125088,-0.509681778580007,0.8183317156425087,3,0.9718357023776348,0.0043082001342939725,0.002487340507257407,0.9611335399544,0.9825378648008697,3,0.9769226676483882,0.01036984555741828,0.00598703312403029,0.951162543234498,1.0026827920622783,3,0.49816744176991096,0.1471092303693335,0.08493355375401336,0.1327278548674114,0.8636070286724105,3,0.9573535929157478,0.027802324732644736,0.01605167966848983,0.888288789573912,1.0264183962575837,3,0.7512724352363142,0.12043014664091511,0.06953037758167845,0.45210736633770193,1.0504375041349263,3,0.2845256081806039,0.49281280942324096,0.2845256081806039,-0.9396892765261263,1.508740492887334,3,0.8796769045992862,0.043972796284712144,0.025387705771999135,0.7704424230586716,0.9889113861399007,3,0.7325675314271769,0.028977865250537437,0.01673037830293849,0.6605825235531895,0.8045525393011643,3,0.3931837240728539,0.3240150539418922,0.18707017861484257,-0.41171429058904335,1.198081738734751,3,0.7166447552756918,0.04031861771697846,0.023277964792251127,0.6164877565205418,0.8168017540308419,3,0.7779633326957618,0.03206458136495205,0.018512494682507725,0.6983104969165846,0.8576161684749389,3,0.5363405728447325,0.15933321027622266,0.0919910718438244,0.14053493646822746,0.9321462092212375,3,0.5429475688636483,0.043706588231137176,0.02523401048060718,0.4343743847880827,0.6515207529392137,3,0.09611675875383159,0.05178975302507496,0.029900827850291262,-0.03253611981639852,0.2247696373240617,3,0.32916953166781265,0.3240011103824782,0.18706212829706145,-0.4756938452723087,1.134032908607934,3,0.15929638625755058,0.07464062871751583,0.04309378708254068,-0.026121214366087414,0.3447139868811886,3,0.2779671683424802,0.10998986637380827,0.06350267895904918,0.004737193376309512,0.5511971433086509,3,0.45250814917905585,0.07010811121433706,0.04047693688197373,0.27834994621409315,0.6266663521440186,3,0.6107672975345553,0.5087467358165791,0.2937250648730454,-0.6530296546216299,1.8745642496907404,3,4.112426325665183,0.03711707333953259,0.021429552284110222,4.02022240403379,4.204630247296576,3,203.41624139400633,0.41820699217250407,0.24145191950777894,202.37735763344583,204.45512515456684,3,49.465905621022905,0.3515036053632695,0.20294070117760765,48.592722259134625,50.339088982911186,3,0.9771189661725579,0.014274708114214815,0.008241506572345259,0.9416586254222479,1.012579306922868,3,0.9176686313960866,0.011688582409203611,0.00674840620039883,0.8886325830368422,0.9467046797553309,3,12.607935179506368,0.5387054253144625,0.3110217223192168,11.269716716974795,13.946153642037942
numerical_feature_transformer,NF-ToN-IoT,ssd_canonical@alpha=2,3,3,0.07426827364486245,0.012865850992197362,0.007428102533698761,0.04230772800178065,0.10622881928794425,3,0.6826790815982889,0.027207298551740967,0.015708141142770162,0.6150924052318967,0.7502657579646812,3,0.08993295376344579,0.0482155004534183,0.02783723216589358,-0.029840989202321463,0.20970689672921305,3,9.21701388888889,0.0,0.0,9.21701388888889,9.21701388888889,3,0.9346194667692469,0.016293749670709345,0.009407200758492417,0.8941435487469199,0.9750953847915739,3,0.22458341172854693,0.3889898796510034,0.22458341172854696,-0.7417210177897582,1.190887841246852,3,0.9718357023776348,0.0043082001342939725,0.002487340507257407,0.9611335399544,0.9825378648008697,3,0.9769226676483882,0.01036984555741828,0.00598703312403029,0.951162543234498,1.0026827920622783,3,0.5413869899318368,0.112584060979892,0.0650004379132019,0.26171267831315403,0.8210613015505195,3,0.9573535929157478,0.027802324732644736,0.01605167966848983,0.888288789573912,1.0264183962575837,3,0.7512724352363142,0.12043014664091511,0.06953037758167845,0.45210736633770193,1.0504375041349263,3,0.15179926779176714,0.2629240443670945,0.1517992677917671,-0.5013402661383553,0.8049388017218895,3,0.8796769045992862,0.043972796284712144,0.025387705771999135,0.7704424230586716,0.9889113861399007,3,0.7325675314271769,0.028977865250537437,0.01673037830293849,0.6605825235531895,0.8045525393011643,3,0.34141946407769064,0.28252417435940413,0.16311540811897876,-0.3604094919209335,1.0432484200763148,3,0.7166447552756918,0.04031861771697846,0.023277964792251127,0.6164877565205418,0.8168017540308419,3,0.7779633326957618,0.03206458136495205,0.018512494682507725,0.6983104969165846,0.8576161684749389,3,0.5504339860571608,0.1456672550157785,0.08410102889547359,0.1885764645097972,0.9122915076045244,3,0.5429475688636483,0.043706588231137176,0.02523401048060718,0.4343743847880827,0.6515207529392137,3,0.07978966903482242,0.04663871036368338,0.02692687198312959,-0.03606731020556868,0.1956466482752135,3,0.2356558942623577,0.16252025342898652,0.09383111206599157,-0.16806679619880552,0.6393785847235209,3,0.16483528680227366,0.077878900238794,0.04496340401705973,-0.02862662622815884,0.35829719983270614,3,0.3021386986774854,0.11053654369845077,0.06381830325959138,0.027550701953028334,0.5767266954019424,3,0.40265785064425846,0.1506127628784866,0.08695631919128752,0.02851500651153621,0.7768006947769808,3,0.727877636807519,0.3059670210235938,0.17665014195111978,-0.032186578659677445,1.4879418522747154,3,4.1122391283333855,0.022628094825483842,0.013064336638741476,4.056027824633035,4.168450432033736,3,203.41624139400633,0.41820699217250407,0.24145191950777894,202.37735763344583,204.45512515456684,3,49.46697289903809,0.2693027353525109,0.15548200674927473,48.79798781827969,50.135957979796494,3,0.9093120486507033,0.05791322007741873,0.033436213201335746,0.7654476346492738,1.0531764626521327,3,0.9176686313960866,0.011688582409203611,0.00674840620039883,0.8886325830368422,0.9467046797553309,3,12.520862695106482,0.6045377464668946,0.34903003065795135,11.01910768095012,14.022617709262844
numerical_feature_transformer,NF-ToN-IoT,ssd_canonical@alpha=3,3,3,0.07426827364486245,0.012865850992197362,0.007428102533698761,0.04230772800178065,0.10622881928794425,3,0.698162152380581,0.05545485508494196,0.03201687551116293,0.5604046555661343,0.8359196491950277,3,0.08993295376344579,0.0482155004534183,0.02783723216589358,-0.029840989202321463,0.20970689672921305,3,9.21701388888889,0.0,0.0,9.21701388888889,9.21701388888889,3,0.9346194667692469,0.016293749670709345,0.009407200758492417,0.8941435487469199,0.9750953847915739,3,0.30853322849952086,0.26719769523901643,0.15426666127309374,-0.35522264272826604,0.9722890997273077,3,0.9718357023776348,0.0043082001342939725,0.002487340507257407,0.9611335399544,0.9825378648008697,3,0.9769226676483882,0.01036984555741828,0.00598703312403029,0.951162543234498,1.0026827920622783,3,0.5527528525766637,0.1143083547673048,0.06599595939552667,0.2687951577345851,0.8367105474187424,3,0.9573535929157478,0.027802324732644736,0.01605167966848983,0.888288789573912,1.0264183962575837,3,0.7512724352363142,0.12043014664091511,0.06953037758167845,0.45210736633770193,1.0504375041349263,3,0.5684981538464592,0.49233454217731976,0.28424948045742676,-0.6545286491583983,1.7915249568513167,3,0.8796769045992862,0.043972796284712144,0.025387705771999135,0.7704424230586716,0.9889113861399007,3,0.7325675314271769,0.028977865250537437,0.01673037830293849,0.6605825235531895,0.8045525393011643,3,0.3674827868582476,0.27252596273120144,0.15734293794402107,-0.3095092345850053,1.0444748083015005,3,0.7166447552756918,0.04031861771697846,0.023277964792251127,0.6164877565205418,0.8168017540308419,3,0.7779633326957618,0.03206458136495205,0.018512494682507725,0.6983104969165846,0.8576161684749389,3,0.5807346028416293,0.11273198969813165,0.06508584459849844,0.3006928159153211,0.8607763897679375,3,0.5429475688636483,0.043706588231137176,0.02523401048060718,0.4343743847880827,0.6515207529392137,3,0.0771428426838618,0.015983310189336065,0.009227968440354466,0.03743809908442081,0.1168475862833028,3,0.5548552219420888,0.3786609979237605,0.21862002908289546,-0.3857908429576813,1.495501286841859,3,0.168574357745236,0.09460595353563007,0.054620772740737254,-0.06643985918580977,0.40358857467628173,3,0.2761137597559847,0.18025880971268543,0.10407247231142047,-0.17167394732097474,0.7239014668329441,3,0.3952694879503256,0.058863139116051344,0.03398464921399864,0.24904534424194855,0.5414936316587027,3,0.32679475186869994,0.4922347122600831,0.28419184362783695,-0.8959840598739917,1.5495735636113916,3,4.087973759666359,0.03426499352488655,0.019782903235374034,4.002854797059363,4.173092722273355,3,203.41624139400633,0.41820699217250407,0.24145191950777894,202.37735763344583,204.45512515456684,3,49.7615124474292,0.3334796690922967,0.19253457671970484,48.93310302534527,50.58992186951313,3,0.7873812238692514,0.10821192883745964,0.062476186243835954,0.5185678905862061,1.0561945571522966,3,0.9176686313960866,0.011688582409203611,0.00674840620039883,0.8886325830368422,0.9467046797553309,3,12.035686506986465,0.8217421718456305,0.4744330641195425,9.994365788594411,14.07700722537852
numerical_feature_transformer,NF-ToN-IoT,ssd_canonical@alpha=5,3,3,0.07426827364486245,0.012865850992197362,0.007428102533698761,0.04230772800178065,0.10622881928794425,3,0.5044882286759056,0.11202741078459338,0.06467905577310178,0.22619671279960024,0.7827797445522109,3,0.08993295376344579,0.0482155004534183,0.02783723216589358,-0.029840989202321463,0.20970689672921305,3,9.21701388888889,0.0,0.0,9.21701388888889,9.21701388888889,3,0.9346194667692469,0.016293749670709345,0.009407200758492417,0.8941435487469199,0.9750953847915739,3,0.46432667873232175,0.33496367775053104,0.19339136951801617,-0.3677692252240457,1.2964225826886893,3,0.9718357023776348,0.0043082001342939725,0.002487340507257407,0.9611335399544,0.9825378648008697,3,0.9769226676483882,0.01036984555741828,0.00598703312403029,0.951162543234498,1.0026827920622783,3,0.8349101217615572,0.06926355761961348,0.039989333636714995,0.6628499062308157,1.0069703372922987,3,0.9573535929157478,0.027802324732644736,0.01605167966848983,0.888288789573912,1.0264183962575837,3,0.7512724352363142,0.12043014664091511,0.06953037758167845,0.45210736633770193,1.0504375041349263,3,0.3734971622303596,0.2634712476562551,0.15211519575806545,-0.28100170002634367,1.027996024487063,3,0.8796769045992862,0.043972796284712144,0.025387705771999135,0.7704424230586716,0.9889113861399007,3,0.7325675314271769,0.028977865250537437,0.01673037830293849,0.6605825235531895,0.8045525393011643,3,0.555829117067962,0.19005350939344273,0.10972744480873724,0.083710027139066,1.027948206996858,3,0.7166447552756918,0.04031861771697846,0.023277964792251127,0.6164877565205418,0.8168017540308419,3,0.7779633326957618,0.03206458136495205,0.018512494682507725,0.6983104969165846,0.8576161684749389,3,0.6017414724178817,0.14329017875818134,0.08272862327826559,0.2457889356456484,0.9576940091901149,3,0.5429475688636483,0.043706588231137176,0.02523401048060718,0.4343743847880827,0.6515207529392137,3,0.11459086137611076,0.04717013913199281,0.027233692525568152,-0.002586260108730462,0.23176798286095196,3,0.3973947589579036,0.2756484727725011,0.15914571995691273,-0.2873540074341648,1.082143525349972,3,0.20117261378924114,0.14129232615021972,0.08157516253725776,-0.1498169819770974,0.5521622095555797,3,0.24545548933197903,0.19878612582234229,0.11476922325469215,-0.24835662238992806,0.7392676010538861,3,0.4193928467692594,0.008827617541570179,0.005096627363928605,0.397463829129608,0.44132186440891086,3,0.5061797423689266,0.30719015765115143,0.17735632021229586,-0.25692291292137115,1.2692823976592242,3,4.126881969999583,0.04468004801651792,0.025796037749742026,4.01589057776031,4.237873362238855,3,203.41624139400633,0.41820699217250407,0.24145191950777894,202.37735763344583,204.45512515456684,3,49.29365078576444,0.43128073944015843,0.24900005101207634,48.222290036582855,50.36501153494603,3,0.3877613074876473,0.11548564763557709,0.0666756697499387,0.1008790550337551,0.6746435599415395,3,0.9176686313960866,0.011688582409203611,0.00674840620039883,0.8886325830368422,0.9467046797553309,3,9.263819599239213,1.0473219468829624,0.6046716079610813,6.662127654675711,11.865511543802715
numerical_feature_transformer,NF-ToN-IoT,dc_ssd_no_contrast,3,3,0.07426827364486245,0.012865850992197362,0.007428102533698761,0.04230772800178065,0.10622881928794425,3,0.5048432470743812,0.2636692949324905,0.15222953840631223,-0.15014759188992177,1.1598340860386842,3,0.08993295376344579,0.0482155004534183,0.02783723216589358,-0.029840989202321463,0.20970689672921305,0,,,,,,3,0.9346194667692469,0.016293749670709345,0.009407200758492417,0.8941435487469199,0.9750953847915739,3,0.5416668922804454,0.11781167431208747,0.06801860187776422,0.24900646924096803,0.8343273153199228,3,0.9718357023776348,0.0043082001342939725,0.002487340507257407,0.9611335399544,0.9825378648008697,3,0.9769226676483882,0.01036984555741828,0.00598703312403029,0.951162543234498,1.0026827920622783,3,0.5825333164592214,0.12287938903307528,0.07094444833610276,0.2772839921691019,0.8877826407493408,3,0.9573535929157478,0.027802324732644736,0.01605167966848983,0.888288789573912,1.0264183962575837,3,0.7512724352363142,0.12043014664091511,0.06953037758167845,0.45210736633770193,1.0504375041349263,3,0.23899234602056077,0.328145818566978,0.18945507668309486,-0.5761670568247492,1.0541517488658707,3,0.8796769045992862,0.043972796284712144,0.025387705771999135,0.7704424230586716,0.9889113861399007,3,0.7325675314271769,0.028977865250537437,0.01673037830293849,0.6605825235531895,0.8045525393011643,3,0.2727411270950674,0.10887111446121535,0.06285676724115724,0.0022902859450271706,0.5431919682451076,3,0.7166447552756918,0.04031861771697846,0.023277964792251127,0.6164877565205418,0.8168017540308419,3,0.7779633326957618,0.03206458136495205,0.018512494682507725,0.6983104969165846,0.8576161684749389,3,0.6609463325770203,0.04287154528983029,0.024751898213658752,0.5544475101628604,0.7674451549911802,3,0.5429475688636483,0.043706588231137176,0.02523401048060718,0.4343743847880827,0.6515207529392137,3,0.11799876371337203,0.07598723562501578,0.04387125094307838,-0.0707639939120486,0.30676152133879264,3,0.3172129268851708,0.2563867355236538,0.14802495077123093,-0.31968703161380296,0.9541128853841445,3,0.30731462898974715,0.1885416055350853,0.10885454670912574,-0.16104868354810892,0.7756779415276032,3,0.2737201837310292,0.12981267070992555,0.07494738037859977,-0.0487523670385282,0.5961927345005866,3,0.49959188615563216,0.021900406798501002,0.012644205760476864,0.4451882597254767,0.5539955125857876,3,0.6406845585787254,0.3700053848726371,0.21362270855782814,-0.2784597715226972,1.5598288886801481,3,0.05940197933341551,0.0003623784354535108,0.0002092192872575999,0.05850178139599152,0.0603021772708395,3,203.41624139400633,0.41820699217250407,0.24145191950777894,202.37735763344583,204.45512515456684,3,3424.4929646842934,23.452615756184787,13.540374020034147,3366.233437445887,3482.7524919227,3,0.3652223489167617,0.10018510319585233,0.057841896298915785,0.11634875591543054,0.6140959419180929,3,0.6769238313116558,0.0969264305937524,0.05596050079489253,0.4361452298113483,0.9177024328119633,3,6.653149321112758,0.9194788358809197,0.5308613534100127,4.369037269772978,8.937261372452538
numerical_feature_transformer,NF-ToN-IoT,dc_ssd_no_class_balance,3,3,0.07426827364486245,0.012865850992197362,0.007428102533698761,0.04230772800178065,0.10622881928794425,3,0.7288209597477869,0.03877879480197656,0.022388947617770428,0.6324890931651631,0.8251528263304108,3,0.08993295376344579,0.0482155004534183,0.02783723216589358,-0.029840989202321463,0.20970689672921305,0,,,,,,3,0.9346194667692469,0.016293749670709345,0.009407200758492417,0.8941435487469199,0.9750953847915739,3,0.26545992458188034,0.23884896340561063,0.13789951331789238,-0.3278737928191188,0.8587936419828794,3,0.9718357023776348,0.0043082001342939725,0.002487340507257407,0.9611335399544,0.9825378648008697,3,0.9769226676483882,0.01036984555741828,0.00598703312403029,0.951162543234498,1.0026827920622783,3,0.37624544209567484,0.12009291037759177,0.06933567413426822,0.07791811451654351,0.6745727696748062,3,0.9573535929157478,0.027802324732644736,0.01605167966848983,0.888288789573912,1.0264183962575837,3,0.7512724352363142,0.12043014664091511,0.06953037758167845,0.45210736633770193,1.0504375041349263,3,0.5691072989383787,0.4928613855391064,0.284553653614175,-0.6552282555296618,1.7934428534064193,3,0.8796769045992862,0.043972796284712144,0.025387705771999135,0.7704424230586716,0.9889113861399007,3,0.7325675314271769,0.028977865250537437,0.01673037830293849,0.6605825235531895,0.8045525393011643,3,0.5564620488700781,0.11961393567927871,0.06905913796326214,0.25932456040198576,0.8535995373381704,3,0.7166447552756918,0.04031861771697846,0.023277964792251127,0.6164877565205418,0.8168017540308419,3,0.7779633326957618,0.03206458136495205,0.018512494682507725,0.6983104969165846,0.8576161684749389,3,0.39843076911331154,0.061167620760001755,0.03531514231147596,0.2464819756472318,0.5503795625793912,3,0.5429475688636483,0.043706588231137176,0.02523401048060718,0.4343743847880827,0.6515207529392137,3,0.14451679975033674,0.09815100142848565,0.05666750709596754,-0.09930380434120348,0.388337403841877,3,0.6707922683169074,0.32397123519805304,0.1870448798512915,-0.13399689455093888,1.4755814311847537,3,0.1336669445466778,0.0426864565261132,0.024645037166102713,0.027627908110483088,0.2397059809828725,3,0.24795551220262335,0.11078705256789688,0.06396293462280049,-0.02725478305154505,0.5231658074567918,3,0.3472997968242972,0.04823282397786482,0.02784723390739609,0.22748281983815244,0.4671167738104419,3,0.3105696056609074,0.4500750440004439,0.25985094780918894,-0.807478784244429,1.4286179955662437,3,0.059357130667194724,0.0003348583388184288,0.0001933305520572108,0.058525296439652104,0.060188964894737344,3,203.41624139400633,0.41820699217250407,0.24145191950777894,202.37735763344583,204.45512515456684,3,3427.0356839984993,12.443350541276352,7.184171784626778,3396.124687658769,3457.9466803382297,3,0.9460661345496009,0.027615030158276703,0.015943545095560688,0.8774665967231532,1.0146656723760485,3,0.6190907631494964,0.042386303526242286,0.02447174375082917,0.5137973480995668,0.724384178199426,3,15.119378236446046,0.3587924830343478,0.20714893666309495,14.228088298658928,16.010668174233164
numerical_feature_transformer,NF-ToN-IoT,dc_ssd,3,3,0.07426827364486245,0.012865850992197362,0.007428102533698761,0.04230772800178065,0.10622881928794425,3,1.1255540731497795,0.5013600406195082,0.2894603544125948,-0.11989331090238431,2.3710014572019436,3,0.08993295376344579,0.0482155004534183,0.02783723216589358,-0.029840989202321463,0.20970689672921305,0,,,,,,3,0.9346194667692469,0.016293749670709345,0.009407200758492417,0.8941435487469199,0.9750953847915739,3,0.32293630730754236,0.28049085506719273,0.16194147067827205,-0.3738416035573326,1.0197142181724173,3,0.9718357023776348,0.0043082001342939725,0.002487340507257407,0.9611335399544,0.9825378648008697,3,0.9769226676483882,0.01036984555741828,0.00598703312403029,0.951162543234498,1.0026827920622783,3,0.667251297084548,0.16904951830242435,0.09760078489828126,0.2473090135214721,1.0871935806476238,3,0.9573535929157478,0.027802324732644736,0.01605167966848983,0.888288789573912,1.0264183962575837,3,0.7512724352363142,0.12043014664091511,0.06953037758167845,0.45210736633770193,1.0504375041349263,3,0.5690261118375916,0.49279106970681696,0.2845130567494744,-0.6551347684197278,1.793186992094911,3,0.8796769045992862,0.043972796284712144,0.025387705771999135,0.7704424230586716,0.9889113861399007,3,0.7325675314271769,0.028977865250537437,0.01673037830293849,0.6605825235531895,0.8045525393011643,3,0.44974569137165354,0.13469354610889095,0.07776535510407347,0.11514837395732203,0.7843430087859851,3,0.7166447552756918,0.04031861771697846,0.023277964792251127,0.6164877565205418,0.8168017540308419,3,0.7779633326957618,0.03206458136495205,0.018512494682507725,0.6983104969165846,0.8576161684749389,3,0.476687309033851,0.12913508609261523,0.07455617671739691,0.15589797176503523,0.7974766463026668,3,0.5429475688636483,0.043706588231137176,0.02523401048060718,0.4343743847880827,0.6515207529392137,3,0.1386185615441471,0.062130141546839664,0.035870853946857434,-0.015721266106830667,0.29295838919512485,3,0.5794942317976927,0.3732231674300564,0.21548049618354784,-0.34764351330272847,1.5066319768981138,3,0.21403169778144615,0.2531248614245716,0.14614170688206313,-0.4147653162571162,0.8428287118200085,3,0.22782892866127522,0.11738010608853483,0.06776943584772242,-0.06375941947889521,0.5194172768014457,3,0.3568175401257157,0.027657686574273713,0.015968172788819228,0.288112037887643,0.4255230423637884,3,0.32621658483033517,0.5092353997774401,0.29400719514239176,-0.938794275899383,1.5912274455600532,3,0.059655105334059044,0.00025591612424499317,0.00014775324322281253,0.05901937443878495,0.060290836229333136,3,203.41624139400633,0.41820699217250407,0.24145191950777894,202.37735763344583,204.45512515456684,3,3409.9277671880354,20.28892488822853,11.71381624578684,3359.5272837429416,3460.3282506331293,3,0.4826681870011402,0.08213044147979454,0.047418032497022186,0.27864486004100736,0.686691513961273,3,0.4517988037770939,0.10744255065225547,0.0620319855414997,0.18489671185848866,0.7187008956956992,3,9.58403746697729,1.061971816083621,0.6131297138876743,6.945953229860672,12.222121704093906
numerical_feature_transformer,NF-ToN-IoT,scrub_r,3,3,0.07426827364486245,0.012865850992197362,0.007428102533698761,0.04230772800178065,0.10622881928794425,3,0.07895756375819594,0.025245222956634353,0.014575336269764965,0.016244953370852536,0.14167017414553934,3,0.08993295376344579,0.0482155004534183,0.02783723216589358,-0.029840989202321463,0.20970689672921305,0,,,,,,3,0.9346194667692469,0.016293749670709345,0.009407200758492417,0.8941435487469199,0.9750953847915739,3,0.9720415924562382,0.0019307727359525039,0.0011147321588461684,0.9672452870900987,0.9768378978223777,3,0.9718357023776348,0.0043082001342939725,0.002487340507257407,0.9611335399544,0.9825378648008697,3,0.9769226676483882,0.01036984555741828,0.00598703312403029,0.951162543234498,1.0026827920622783,3,0.915230452615781,0.05591511821142343,0.032282608551135065,0.7763295988115276,1.0541313064200342,3,0.9573535929157478,0.027802324732644736,0.01605167966848983,0.888288789573912,1.0264183962575837,3,0.7512724352363142,0.12043014664091511,0.06953037758167845,0.45210736633770193,1.0504375041349263,3,0.7576962912807251,0.1228590623516781,0.07093271272112636,0.45249746126641854,1.0628951212950317,3,0.8796769045992862,0.043972796284712144,0.025387705771999135,0.7704424230586716,0.9889113861399007,3,0.7325675314271769,0.028977865250537437,0.01673037830293849,0.6605825235531895,0.8045525393011643,3,0.6775644964710795,0.13712235103033923,0.07916762627928071,0.33693369315696836,1.0181952997851906,3,0.7166447552756918,0.04031861771697846,0.023277964792251127,0.6164877565205418,0.8168017540308419,3,0.7779633326957618,0.03206458136495205,0.018512494682507725,0.6983104969165846,0.8576161684749389,3,0.49636676310091105,0.14072950314730256,0.08125021652501743,0.14677529718114224,0.8459582290206799,3,0.5429475688636483,0.043706588231137176,0.02523401048060718,0.4343743847880827,0.6515207529392137,3,0.07504109544160431,0.09345165692893433,0.053954339284136794,-0.15710568975823866,0.3071878806414473,3,0.7654519061807624,0.16496812268538685,0.09524439004011531,0.35564837138641625,1.1752554409751086,3,0.08259769199890012,0.04720043353592443,0.02725118300783301,-0.0346546849572017,0.19985006895500193,3,0.5655018132099704,0.1885426800950078,0.10885516710658626,0.09713583131728737,1.0338677951026534,3,0.6870378432563949,0.010717854575307046,0.006187956224188785,0.6604132165171488,0.7136624699956411,3,0.12198061331856096,0.10894418771082304,0.06289895610148881,-0.14865175184654766,0.3926129784836696,3,100.03044060833327,0.23712702281028503,0.13690535045165259,99.44138442850246,100.61949678816407,3,203.41624139400633,0.41820699217250407,0.24145191950777894,202.37735763344583,204.45512515456684,3,2.033544664164028,0.0014201859886602383,0.0008199447628523235,2.030016726591941,2.0370726017361145,0,,,,,,0,,,,,,3,39.623781836340775,20.33133202257924,11.738300016219783,-10.882046770439544,90.1296104431211
numerical_feature_transformer,NF-ToN-IoT,scrub_r@lr=0.001,3,3,0.07426827364486245,0.012865850992197362,0.007428102533698761,0.04230772800178065,0.10622881928794425,3,0.30443450089571156,0.27998851176098744,0.1616514426352088,-0.39109552001798886,0.999964521809412,3,0.08993295376344579,0.0482155004534183,0.02783723216589358,-0.029840989202321463,0.20970689672921305,0,,,,,,3,0.9346194667692469,0.016293749670709345,0.009407200758492417,0.8941435487469199,0.9750953847915739,3,0.8349428482149036,0.0882551086714935,0.05095411074884645,0.6157050045121399,1.0541806919176673,3,0.9718357023776348,0.0043082001342939725,0.002487340507257407,0.9611335399544,0.9825378648008697,3,0.9769226676483882,0.01036984555741828,0.00598703312403029,0.951162543234498,1.0026827920622783,3,0.9102812611753572,0.06816545904844495,0.039355346131054104,0.7409488737164408,1.0796136486342736,3,0.9573535929157478,0.027802324732644736,0.01605167966848983,0.888288789573912,1.0264183962575837,3,0.7512724352363142,0.12043014664091511,0.06953037758167845,0.45210736633770193,1.0504375041349263,3,0.6684490013824087,0.38202215398433065,0.22056059343925397,-0.2805466380423983,1.6174446408072156,3,0.8796769045992862,0.043972796284712144,0.025387705771999135,0.7704424230586716,0.9889113861399007,3,0.7325675314271769,0.028977865250537437,0.01673037830293849,0.6605825235531895,0.8045525393011643,3,0.5615075152077529,0.16076172582818365,0.09281582568229065,0.16215324947684379,0.9608617809386619,3,0.7166447552756918,0.04031861771697846,0.023277964792251127,0.6164877565205418,0.8168017540308419,3,0.7779633326957618,0.03206458136495205,0.018512494682507725,0.6983104969165846,0.8576161684749389,3,0.6213162594937282,0.1024005342760641,0.05912097602944711,0.3669392305983274,0.8756932883891289,3,0.5429475688636483,0.043706588231137176,0.02523401048060718,0.4343743847880827,0.6515207529392137,3,0.07836869063007994,0.11533765953448953,0.06659022877993895,-0.20814593900101497,0.36488332026117487,3,0.6784322713729085,0.2991959640009296,0.1727408703563863,-0.06481170599608432,1.4216762487419015,3,0.17237303684737768,0.15197850170911095,0.08774482887279121,-0.2051624906188583,0.5499085643136137,3,0.49218516541367885,0.014218963197092177,0.008209322229438551,0.45686330271422987,0.5275070281131279,3,0.5919965873154031,0.07865165408864647,0.04540955366028937,0.39661504730467556,0.7873781273261306,3,0.26857834887653526,0.36212599622656544,0.20907354140196896,-0.6309924947438859,1.1681491924969563,3,100.38400409466733,0.48801755743726905,0.281757068155671,99.17170127625616,101.59630691307851,3,203.41624139400633,0.41820699217250407,0.24145191950777894,202.37735763344583,204.45512515456684,3,2.0264101028739314,0.00984197676466591,0.005682267934437905,2.0019612772349573,2.0508589285129055,0,,,,,,0,,,,,,3,64.2382233113157,20.77061229074595,11.991918597295525,12.641162024368185,115.83528459826323
numerical_feature_transformer,NF-BoT-IoT,rollback_repair,3,3,0.13335813563223925,0.02310993487868836,0.013342527123165446,0.07594987488470663,0.19076639637977189,3,0.5307142932807666,0.007546778992528768,0.004357134882851097,0.511967054983413,0.5494615315781202,3,0.12558309605285434,0.01273889734822911,0.007354805813179086,0.09393792074439429,0.1572282713613144,0,,,,,,3,0.8532598315580553,0.046998322344037315,0.027134494056790748,0.7365095266356808,0.9700101364804298,3,0.0,0.0,0.0,0.0,0.0,3,0.8405283570221527,0.08924254993084199,0.05152421022574025,0.6188375732489335,1.0622191407953718,3,0.8969741434452626,0.00949383223109791,0.005481266594265524,0.8733901567712538,0.9205581301192715,3,0.3827300517625647,0.1375160358096467,0.07939492029258974,0.041121281241645824,0.7243388222834836,3,0.8845266276059056,0.041434606669589515,0.023922281314453772,0.7815973586077121,0.9874558966040992,3,0.9953513408698894,0.0010990866595165225,0.0006345579787345909,0.9926210582505366,0.9980816234892422,3,0.0,0.0,0.0,0.0,0.0,3,0.027621662225461474,0.012193717461030103,0.007040046058547971,-0.0026692111655365162,0.05791253561645947,3,0.9724131040365539,0.03130106615935693,0.01807167897302701,0.8946569451730668,1.050169262900041,3,0.3593422853921726,0.18173315998906656,0.10492368884036891,-0.09210791080662933,0.8107924815909746,3,0.06013410938720972,0.06913168927232874,0.039913199410912564,-0.11159852700905967,0.23186674578347913,3,0.8921078087266339,0.027274800952263336,0.0157471136718827,0.8243534471014723,0.9598621703517954,3,0.29849894405647837,0.20514088473139,0.11843814502146602,-0.2110992639202799,0.8080971520332366,3,0.673656352012521,0.21518968273749636,0.12423982125532369,0.13909554595134177,1.2082171580737002,3,0.37515740795604274,0.10223808570631958,0.059027186303975646,0.1211839236789592,0.6291308922331262,3,0.985391873056717,0.0063601967292427645,0.0036720612937272876,0.9695922685076498,1.0011914776057842,3,0.0351994756971339,0.017076531372981166,0.009859139985015766,-0.007220979871850566,0.07761993126611837,3,0.48951897896814395,0.15288724306089044,0.08826949093686484,0.10972601283975358,0.8693119450965343,3,0.2837959489716681,0.11445130929628854,0.06607849423131731,-0.000516864606920131,0.5681087625502563,3,0.027621662225461474,0.012193717461030103,0.007040046058547971,-0.0026692111655365162,0.05791253561645947,3,3.9913378420005756,0.030102567716365575,0.017379725574342603,3.9165589183167606,4.066116765684391,3,160.7621915756666,0.23331654718298714,0.13470537132249166,160.18260114204116,161.34178200929205,3,40.27947293005105,0.3416083308491228,0.19722766177315978,39.43087079275118,41.12807506735092,0,,,,,,0,,,,,,3,30.238202505266354,5.707146124446431,3.2950223512536763,16.060865591234922,44.41553941929779
numerical_feature_transformer,NF-BoT-IoT,ssd_canonical,3,3,0.13335813563223925,0.02310993487868836,0.013342527123165446,0.07594987488470663,0.19076639637977189,3,0.13335813563223925,0.02310993487868836,0.013342527123165446,0.07594987488470663,0.19076639637977189,3,0.12558309605285434,0.01273889734822911,0.007354805813179086,0.09393792074439429,0.1572282713613144,3,3.3901660280970627,0.0,0.0,3.3901660280970627,3.3901660280970627,3,0.8532598315580553,0.046998322344037315,0.027134494056790748,0.7365095266356808,0.9700101364804298,3,0.8532598315580553,0.046998322344037315,0.027134494056790748,0.7365095266356808,0.9700101364804298,3,0.8405283570221527,0.08924254993084199,0.05152421022574025,0.6188375732489335,1.0622191407953718,3,0.8969741434452626,0.00949383223109791,0.005481266594265524,0.8733901567712538,0.9205581301192715,3,0.8969741434452626,0.00949383223109791,0.005481266594265524,0.8733901567712538,0.9205581301192715,3,0.8845266276059056,0.041434606669589515,0.023922281314453772,0.7815973586077121,0.9874558966040992,3,0.9953513408698894,0.0010990866595165225,0.0006345579787345909,0.9926210582505366,0.9980816234892422,3,0.9953513408698894,0.0010990866595165225,0.0006345579787345909,0.9926210582505366,0.9980816234892422,3,0.027621662225461474,0.012193717461030103,0.007040046058547971,-0.0026692111655365162,0.05791253561645947,3,0.9724131040365539,0.03130106615935693,0.01807167897302701,0.8946569451730668,1.050169262900041,3,0.9724131040365539,0.03130106615935693,0.01807167897302701,0.8946569451730668,1.050169262900041,3,0.06013410938720972,0.06913168927232874,0.039913199410912564,-0.11159852700905967,0.23186674578347913,3,0.8921078087266339,0.027274800952263336,0.0157471136718827,0.8243534471014723,0.9598621703517954,3,0.8921078087266339,0.027274800952263336,0.0157471136718827,0.8243534471014723,0.9598621703517954,3,0.673656352012521,0.21518968273749636,0.12423982125532369,0.13909554595134177,1.2082171580737002,3,0.22278791799237108,0.2341791461986362,0.13520339309637935,-0.35894533037794607,0.8045211663626882,3,0.020585397233837247,0.009577014161351309,0.005529291704089037,-0.003205224810047678,0.04437601927772217,3,0.570346753404912,0.061993161254177725,0.03579176833801539,0.4163472036646982,0.7243463031451258,3,0.6420802444673981,0.10548456168018351,0.06090154008140364,0.3800420667934477,0.9041184221413485,3,0.7876219180813707,0.03611075723744529,0.020848555411680268,0.6979178242290833,0.8773260119336581,3,0.9677296786444279,0.012983028317712862,0.007495754894128056,0.9354780483880747,0.9999813089007812,3,11.048008338666781,0.05211476518015294,0.03008847370551544,10.918548085145355,11.177468592188207,3,160.7621915756666,0.23331654718298714,0.13470537132249166,160.18260114204116,161.34178200929205,3,14.551436627889629,0.06663526349875629,0.03847188731852859,14.385905456902,14.716967798877258,3,0.0,0.0,0.0,0.0,0.0,3,0.7408861038796681,0.04228612993847769,0.02441390850296759,0.6358415338168228,0.8459306739425134,3,0.0,0.0,0.0,0.0,0.0
numerical_feature_transformer,NF-BoT-IoT,ssd_canonical@alpha=1,3,3,0.13335813563223925,0.02310993487868836,0.013342527123165446,0.07594987488470663,0.19076639637977189,3,0.13347394010030392,0.023176416938595262,0.013380910558348977,0.07590052876060377,0.19104735144000407,3,0.12558309605285434,0.01273889734822911,0.007354805813179086,0.09393792074439429,0.1572282713613144,3,3.3901660280970627,0.0,0.0,3.3901660280970627,3.3901660280970627,3,0.8532598315580553,0.046998322344037315,0.027134494056790748,0.7365095266356808,0.9700101364804298,3,0.8565921049912094,0.04358753165207109,0.02516527313263458,0.7483146738535302,0.9648695361288886,3,0.8405283570221527,0.08924254993084199,0.05152421022574025,0.6188375732489335,1.0622191407953718,3,0.8969741434452626,0.00949383223109791,0.005481266594265524,0.8733901567712538,0.9205581301192715,3,0.8993139779543659,0.00920744094373882,0.00531591850741519,0.8764414266775936,0.9221865292311381,3,0.8845266276059056,0.041434606669589515,0.023922281314453772,0.7815973586077121,0.9874558966040992,3,0.9953513408698894,0.0010990866595165225,0.0006345579787345909,0.9926210582505366,0.9980816234892422,3,0.9948901858551317,0.0015736678570159998,0.000908557560863249,0.9909809781857973,0.998799393524466,3,0.027621662225461474,0.012193717461030103,0.007040046058547971,-0.0026692111655365162,0.05791253561645947,3,0.9724131040365539,0.03130106615935693,0.01807167897302701,0.8946569451730668,1.050169262900041,3,0.9698932403977499,0.029623747113881153,0.017103278370604685,0.8963037730297148,1.0434827077657851,3,0.06013410938720972,0.06913168927232874,0.039913199410912564,-0.11159852700905967,0.23186674578347913,3,0.8921078087266339,0.027274800952263336,0.0157471136718827,0.8243534471014723,0.9598621703517954,3,0.8442102171388529,0.05593507728513799,0.03229413192771694,0.7052597822468942,0.9831606520308116,3,0.673656352012521,0.21518968273749636,0.12423982125532369,0.13909554595134177,1.2082171580737002,3,0.17535794681063943,0.1607727021680297,0.09282216287505547,-0.2240235856600179,0.5747394792812968,3,0.02130910260533934,0.009101188079205007,0.005254573387474424,-0.0012995019236661937,0.043917707134344876,3,0.5561447678071257,0.08436241800735966,0.04870666474603683,0.3465769037831955,0.765712631831056,3,0.6885769772590912,0.1641790626770776,0.0947888260319112,0.2807335761881957,1.0964203783299866,3,0.7883213393619743,0.036348436283615455,0.020985779472967345,0.6980268180278102,0.8786158606961385,3,0.9672685236296704,0.012763787936529826,0.007369176401034794,0.9355615166721457,0.9989755305871951,3,11.051771141000549,0.09444824537448804,0.054529719891448496,10.81714869286004,11.286393589141056,3,160.7621915756666,0.23331654718298714,0.13470537132249166,160.18260114204116,161.34178200929205,3,14.547008791887059,0.12912145665602445,0.07454830775851232,14.226253312015668,14.86776427175845,3,0.008665906499429873,0.00974430921572508,0.0056258795487658265,-0.01554029949800911,0.03287211249686886,3,0.7408861038796681,0.04228612993847769,0.02441390850296759,0.6358415338168228,0.8459306739425134,3,0.19149800928458607,0.18306600225362074,0.10569320568059658,-0.2632631506473686,0.6462591692165407
numerical_feature_transformer,NF-BoT-IoT,ssd_canonical@alpha=2,3,3,0.13335813563223925,0.02310993487868836,0.013342527123165446,0.07594987488470663,0.19076639637977189,3,0.1333016538536235,0.023022523741494334,0.013292060279576304,0.07611053440841885,0.19049277329882813,3,0.12558309605285434,0.01273889734822911,0.007354805813179086,0.09393792074439429,0.1572282713613144,3,3.3901660280970627,0.0,0.0,3.3901660280970627,3.3901660280970627,3,0.8532598315580553,0.046998322344037315,0.027134494056790748,0.7365095266356808,0.9700101364804298,3,0.8521068131045691,0.048106356169902234,0.02777421768442507,0.7326039995695027,0.9716096266396356,3,0.8405283570221527,0.08924254993084199,0.05152421022574025,0.6188375732489335,1.0622191407953718,3,0.8969741434452626,0.00949383223109791,0.005481266594265524,0.8733901567712538,0.9205581301192715,3,0.8973352386499989,0.0093361723300947,0.005390241607980911,0.8741429008816981,0.9205275764182996,3,0.8845266276059056,0.041434606669589515,0.023922281314453772,0.7815973586077121,0.9874558966040992,3,0.9953513408698894,0.0010990866595165225,0.0006345579787345909,0.9926210582505366,0.9980816234892422,3,0.9952564040564708,0.001172039805369241,0.000676677497130888,0.9923448957763166,0.9981679123366249,3,0.027621662225461474,0.012193717461030103,0.007040046058547971,-0.0026692111655365162,0.05791253561645947,3,0.9724131040365539,0.03130106615935693,0.01807167897302701,0.8946569451730668,1.050169262900041,3,0.9723329485871762,0.03123518529676492,0.01803364263927507,0.8947404468589346,1.0499254503154178,3,0.06013410938720972,0.06913168927232874,0.039913199410912564,-0.11159852700905967,0.23186674578347913,3,0.8921078087266339,0.027274800952263336,0.0157471136718827,0.8243534471014723,0.9598621703517954,3,0.8903813532476125,0.024286871850294038,0.014022032000541208,0.8300494189845972,0.9507132875106278,3,0.673656352012521,0.21518968273749636,0.12423982125532369,0.13909554595134177,1.2082171580737002,3,0.2210614625133497,0.23143188484286265,0.13361726101308924,-0.35384721031914057,0.7959701353458399,3,0.020719416747078372,0.009466949071055776,0.005465745594578531,-0.0027977884552596033,0.04423662194941635,3,0.5692985471261599,0.06372834065350487,0.03679357463130921,0.4109885728034786,0.7276085214488413,3,0.6641213818532051,0.1312937298704677,0.07580247028362454,0.33796967616965734,0.9902730875367529,3,0.7883636085401978,0.03645616394010996,0.021047976064443617,0.6978014768719405,0.8789257402084552,3,0.9676347418310094,0.012928177431448666,0.007464086720178132,0.9355193687297463,0.9997501149322725,3,11.04026782299934,0.09363135376127993,0.05405808729866405,10.80767464612159,11.27286099987709,3,160.7621915756666,0.23331654718298714,0.13470537132249166,160.18260114204116,161.34178200929205,3,14.562151955241221,0.12779869576342565,0.07378461140109689,14.244682395586723,14.87962151489572,3,0.0004561003420752566,0.0006033640390113092,0.00034835239034251923,-0.0010427390211281595,0.001954939705278673,3,0.7408861038796681,0.04228612993847769,0.02441390850296759,0.6358415338168228,0.8459306739425134,3,0.05074747756951987,0.07666734818336335,0.0442639141117196,-0.13970477331030606,0.24119972844934578
numerical_feature_transformer,NF-BoT-IoT,ssd_canonical@alpha=3,3,3,0.13335813563223925,0.02310993487868836,0.013342527123165446,0.07594987488470663,0.19076639637977189,3,0.13335813563223925,0.02310993487868836,0.013342527123165446,0.07594987488470663,0.19076639637977189,3,0.12558309605285434,0.01273889734822911,0.007354805813179086,0.09393792074439429,0.1572282713613144,3,3.3901660280970627,0.0,0.0,3.3901660280970627,3.3901660280970627,3,0.8532598315580553,0.046998322344037315,0.027134494056790748,0.7365095266356808,0.9700101364804298,3,0.8532598315580553,0.046998322344037315,0.027134494056790748,0.7365095266356808,0.9700101364804298,3,0.8405283570221527,0.08924254993084199,0.05152421022574025,0.6188375732489335,1.0622191407953718,3,0.8969741434452626,0.00949383223109791,0.005481266594265524,0.8733901567712538,0.9205581301192715,3,0.8969741434452626,0.00949383223109791,0.005481266594265524,0.8733901567712538,0.9205581301192715,3,0.8845266276059056,0.041434606669589515,0.023922281314453772,0.7815973586077121,0.9874558966040992,3,0.9953513408698894,0.0010990866595165225,0.0006345579787345909,0.9926210582505366,0.9980816234892422,3,0.9953513408698894,0.0010990866595165225,0.0006345579787345909,0.9926210582505366,0.9980816234892422,3,0.027621662225461474,0.012193717461030103,0.007040046058547971,-0.0026692111655365162,0.05791253561645947,3,0.9724131040365539,0.03130106615935693,0.01807167897302701,0.8946569451730668,1.050169262900041,3,0.9724131040365539,0.03130106615935693,0.01807167897302701,0.8946569451730668,1.050169262900041,3,0.06013410938720972,0.06913168927232874,0.039913199410912564,-0.11159852700905967,0.23186674578347913,3,0.8921078087266339,0.027274800952263336,0.0157471136718827,0.8243534471014723,0.9598621703517954,3,0.8921078087266339,0.027274800952263336,0.0157471136718827,0.8243534471014723,0.9598621703517954,3,0.673656352012521,0.21518968273749636,0.12423982125532369,0.13909554595134177,1.2082171580737002,3,0.22278791799237108,0.2341791461986362,0.13520339309637935,-0.35894533037794607,0.8045211663626882,3,0.020585397233837247,0.009577014161351309,0.005529291704089037,-0.003205224810047678,0.04437601927772217,3,0.570346753404912,0.061993161254177725,0.03579176833801539,0.4163472036646982,0.7243463031451258,3,0.6420802444673981,0.10548456168018351,0.06090154008140364,0.3800420667934477,0.9041184221413485,3,0.7876219180813707,0.03611075723744529,0.020848555411680268,0.6979178242290833,0.8773260119336581,3,0.9677296786444279,0.012983028317712862,0.007495754894128056,0.9354780483880747,0.9999813089007812,3,11.05265142999906,0.007943103383023937,0.004585952876389897,11.032919667337202,11.072383192660917,3,160.7621915756666,0.23331654718298714,0.13470537132249166,160.18260114204116,161.34178200929205,3,14.545131458324564,0.02526833073136633,0.014588677549726845,14.482361445042574,14.607901471606553,3,0.0,0.0,0.0,0.0,0.0,3,0.7408861038796681,0.04228612993847769,0.02441390850296759,0.6358415338168228,0.8459306739425134,3,0.0,0.0,0.0,0.0,0.0
numerical_feature_transformer,NF-BoT-IoT,ssd_canonical@alpha=5,3,3,0.13335813563223925,0.02310993487868836,0.013342527123165446,0.07594987488470663,0.19076639637977189,3,0.13335813563223925,0.02310993487868836,0.013342527123165446,0.07594987488470663,0.19076639637977189,3,0.12558309605285434,0.01273889734822911,0.007354805813179086,0.09393792074439429,0.1572282713613144,3,3.3901660280970627,0.0,0.0,3.3901660280970627,3.3901660280970627,3,0.8532598315580553,0.046998322344037315,0.027134494056790748,0.7365095266356808,0.9700101364804298,3,0.8532598315580553,0.046998322344037315,0.027134494056790748,0.7365095266356808,0.9700101364804298,3,0.8405283570221527,0.08924254993084199,0.05152421022574025,0.6188375732489335,1.0622191407953718,3,0.8969741434452626,0.00949383223109791,0.005481266594265524,0.8733901567712538,0.9205581301192715,3,0.8969741434452626,0.00949383223109791,0.005481266594265524,0.8733901567712538,0.9205581301192715,3,0.8845266276059056,0.041434606669589515,0.023922281314453772,0.7815973586077121,0.9874558966040992,3,0.9953513408698894,0.0010990866595165225,0.0006345579787345909,0.9926210582505366,0.9980816234892422,3,0.9953513408698894,0.0010990866595165225,0.0006345579787345909,0.9926210582505366,0.9980816234892422,3,0.027621662225461474,0.012193717461030103,0.007040046058547971,-0.0026692111655365162,0.05791253561645947,3,0.9724131040365539,0.03130106615935693,0.01807167897302701,0.8946569451730668,1.050169262900041,3,0.9724131040365539,0.03130106615935693,0.01807167897302701,0.8946569451730668,1.050169262900041,3,0.06013410938720972,0.06913168927232874,0.039913199410912564,-0.11159852700905967,0.23186674578347913,3,0.8921078087266339,0.027274800952263336,0.0157471136718827,0.8243534471014723,0.9598621703517954,3,0.8921078087266339,0.027274800952263336,0.0157471136718827,0.8243534471014723,0.9598621703517954,3,0.673656352012521,0.21518968273749636,0.12423982125532369,0.13909554595134177,1.2082171580737002,3,0.22278791799237108,0.2341791461986362,0.13520339309637935,-0.35894533037794607,0.8045211663626882,3,0.020585397233837247,0.009577014161351309,0.005529291704089037,-0.003205224810047678,0.04437601927772217,3,0.570346753404912,0.061993161254177725,0.03579176833801539,0.4163472036646982,0.7243463031451258,3,0.6420802444673981,0.10548456168018351,0.06090154008140364,0.3800420667934477,0.9041184221413485,3,0.7876219180813707,0.03611075723744529,0.020848555411680268,0.6979178242290833,0.8773260119336581,3,0.9677296786444279,0.012983028317712862,0.007495754894128056,0.9354780483880747,0.9999813089007812,3,11.08045603466629,0.10038840452247856,0.05795927237457005,10.831077413172643,11.329834656159935,3,160.7621915756666,0.23331654718298714,0.13470537132249166,160.18260114204116,161.34178200929205,3,14.509465525850265,0.1403935896793371,0.08105627679386314,14.160708515244144,14.858222536456386,3,0.0,0.0,0.0,0.0,0.0,3,0.7408861038796681,0.04228612993847769,0.02441390850296759,0.6358415338168228,0.8459306739425134,3,0.0,0.0,0.0,0.0,0.0
numerical_feature_transformer,NF-BoT-IoT,dc_ssd_no_contrast,3,3,0.13335813563223925,0.02310993487868836,0.013342527123165446,0.07594987488470663,0.19076639637977189,3,1.050818764577712,0.6043457580180933,0.3489191860753546,-0.45045932383276854,2.5520968529881927,3,0.12558309605285434,0.01273889734822911,0.007354805813179086,0.09393792074439429,0.1572282713613144,0,,,,,,3,0.8532598315580553,0.046998322344037315,0.027134494056790748,0.7365095266356808,0.9700101364804298,3,0.34331986286246874,0.27089477410215107,0.15640117074993978,-0.32962006139243205,1.0162597871173695,3,0.8405283570221527,0.08924254993084199,0.05152421022574025,0.6188375732489335,1.0622191407953718,3,0.8969741434452626,0.00949383223109791,0.005481266594265524,0.8733901567712538,0.9205581301192715,3,0.5940498796738075,0.10539793552091574,0.06085152644503152,0.3322268933089157,0.8558728660386994,3,0.8845266276059056,0.041434606669589515,0.023922281314453772,0.7815973586077121,0.9874558966040992,3,0.9953513408698894,0.0010990866595165225,0.0006345579787345909,0.9926210582505366,0.9980816234892422,3,0.35328254328349146,0.5599864692315467,0.3233083387533816,-1.0378009629872709,1.7443660495542537,3,0.027621662225461474,0.012193717461030103,0.007040046058547971,-0.0026692111655365162,0.05791253561645947,3,0.9724131040365539,0.03130106615935693,0.01807167897302701,0.8946569451730668,1.050169262900041,3,0.4353721524310588,0.06159133210602019,0.035559772171158396,0.28237080163145123,0.5883735032306664,3,0.06013410938720972,0.06913168927232874,0.039913199410912564,-0.11159852700905967,0.23186674578347913,3,0.8921078087266339,0.027274800952263336,0.0157471136718827,0.8243534471014723,0.9598621703517954,3,0.48976143866668814,0.2752467675729055,0.15891379535179137,-0.19398943669007102,1.1735123140234474,3,0.673656352012521,0.21518968273749636,0.12423982125532369,0.13909554595134177,1.2082171580737002,3,0.379542028529895,0.09952090304550423,0.057458420163316516,0.13231840017017335,0.6267656568896166,3,0.6641202959150853,0.5561809681634222,0.3211112316872985,-0.7175098216403598,2.04575041347053,3,0.2212004895948049,0.29734102846187704,0.1716699228235849,-0.5174355724488187,0.9598365516384284,3,0.7676207407416876,0.10048614223334403,0.0580157012682482,0.5179993253146236,1.0172421561687517,3,0.3989407931468912,0.017869297569086603,0.010316843761741676,0.35455099717358474,0.4433305891201976,3,0.33466628188773173,0.5396233182535942,0.31155166805471174,-1.0058323531092601,1.6751649168847236,3,0.05883638899983149,0.0014431862021190057,0.0008332239422841616,0.05525131573011436,0.062421462269548623,3,160.7621915756666,0.23331654718298714,0.13470537132249166,160.18260114204116,161.34178200929205,3,2733.439572220786,66.19442191426123,38.21736731105038,2569.0035124380947,2897.875632003477,3,0.3926643861649563,0.042187638005108,0.02435704415872359,0.2878644836280948,0.4974642887018178,3,0.9427234814190101,0.024122248015683075,0.01392698638531354,0.8828004954317997,1.0026464674062203,3,6.430816082879956,0.41702097513612396,0.24076717225256142,5.394878551966252,7.466753613793661
numerical_feature_transformer,NF-BoT-IoT,dc_ssd_no_class_balance,3,3,0.13335813563223925,0.02310993487868836,0.013342527123165446,0.07594987488470663,0.19076639637977189,3,0.13306186926021288,0.022686142710374994,0.01309785060070927,0.07670636661991889,0.18941737190050686,3,0.12558309605285434,0.01273889734822911,0.007354805813179086,0.09393792074439429,0.1572282713613144,0,,,,,,3,0.8532598315580553,0.046998322344037315,0.027134494056790748,0.7365095266356808,0.9700101364804298,3,0.855970553968393,0.04496594315463751,0.025961099384695378,0.7442689588349206,0.9676721491018655,3,0.8405283570221527,0.08924254993084199,0.05152421022574025,0.6188375732489335,1.0622191407953718,3,0.8969741434452626,0.00949383223109791,0.005481266594265524,0.8733901567712538,0.9205581301192715,3,0.8973805998283758,0.010334878368422186,0.00596684480805059,0.8717073387273437,0.9230538609294079,3,0.8845266276059056,0.041434606669589515,0.023922281314453772,0.7815973586077121,0.9874558966040992,3,0.9953513408698894,0.0010990866595165225,0.0006345579787345909,0.9926210582505366,0.9980816234892422,3,0.994945252241696,0.0015084426934165848,0.0008708997951011894,0.9911980728610121,0.99869243162238,3,0.027621662225461474,0.012193717461030103,0.007040046058547971,-0.0026692111655365162,0.05791253561645947,3,0.9724131040365539,0.03130106615935693,0.01807167897302701,0.8946569451730668,1.050169262900041,3,0.9622568493763534,0.02260064416248306,0.01304848799106854,0.906113736903175,1.0183999618495316,3,0.06013410938720972,0.06913168927232874,0.039913199410912564,-0.11159852700905967,0.23186674578347913,3,0.8921078087266339,0.027274800952263336,0.0157471136718827,0.8243534471014723,0.9598621703517954,3,0.8739818339906984,0.0494631370566205,0.0285575554946032,0.7511085898883949,0.9968550780930019,3,0.673656352012521,0.21518968273749636,0.12423982125532369,0.13909554595134177,1.2082171580737002,3,0.20451128991297604,0.2394387312662094,0.13824001595096846,-0.39028749207169655,0.7993100718976487,3,0.02133590650798756,0.010569501400412242,0.006102304478728135,-0.00492019051484904,0.047592003530824156,3,0.5542195868948497,0.061400390658309836,0.03544953207492337,0.40169256094622974,0.7067466128434697,3,0.6746495081345323,0.07606487080709343,0.0439160736363495,0.4856938940255563,0.8636051222435083,3,0.7870420458626212,0.03752692794867759,0.021666181953028697,0.6938199889403289,0.8802641027849134,3,0.9673235900162346,0.013470095924657002,0.007776963508110801,0.9338620167493143,1.0007851632831548,3,0.03741481233434266,0.00017421306702387714,0.00010058196114258579,0.03698204308467432,0.037847581584011004,3,160.7621915756666,0.23331654718298714,0.13470537132249166,160.18260114204116,161.34178200929205,3,4296.801628875296,16.45018138636688,9.497516651637088,4255.937112928796,4337.6661448217965,3,0.002204484986697073,0.00046082689673060195,0.0002660585328772329,0.0010597275139538963,0.00334924245944025,3,0.6247037945825059,0.10538538579332599,0.060844280856429324,0.36291198346919157,0.8864956056958202,3,0.21003037118228188,0.03693745924134053,0.021325852036168786,0.11827263570576423,0.3017881066587995
numerical_feature_transformer,NF-BoT-IoT,dc_ssd,3,3,0.13335813563223925,0.02310993487868836,0.013342527123165446,0.07594987488470663,0.19076639637977189,3,1.3341852943357762,0.39332684466929646,0.22708735964932444,0.3571072464611208,2.3112633422104314,3,0.12558309605285434,0.01273889734822911,0.007354805813179086,0.09393792074439429,0.1572282713613144,0,,,,,,3,0.8532598315580553,0.046998322344037315,0.027134494056790748,0.7365095266356808,0.9700101364804298,3,0.4887353745615633,0.12983389320454908,0.07495963319158354,0.16621010419277488,0.8112606449303517,3,0.8405283570221527,0.08924254993084199,0.05152421022574025,0.6188375732489335,1.0622191407953718,3,0.8969741434452626,0.00949383223109791,0.005481266594265524,0.8733901567712538,0.9205581301192715,3,0.6185956275367458,0.15258562516093954,0.08809535176113578,0.2395519218081531,0.9976393332653385,3,0.8845266276059056,0.041434606669589515,0.023922281314453772,0.7815973586077121,0.9874558966040992,3,0.9953513408698894,0.0010990866595165225,0.0006345579787345909,0.9926210582505366,0.9980816234892422,3,0.9991213532894369,0.00026745845377059693,0.00015441721028149522,0.9984569496581072,0.9997857569207665,3,0.027621662225461474,0.012193717461030103,0.007040046058547971,-0.0026692111655365162,0.05791253561645947,3,0.9724131040365539,0.03130106615935693,0.01807167897302701,0.8946569451730668,1.050169262900041,3,0.4807328668658995,0.07357705126130015,0.04247973035189054,0.29795733911058164,0.6635083946212174,3,0.06013410938720972,0.06913168927232874,0.039913199410912564,-0.11159852700905967,0.23186674578347913,3,0.8921078087266339,0.027274800952263336,0.0157471136718827,0.8243534471014723,0.9598621703517954,3,0.3944469433091224,0.4219998902375072,0.24364175022661733,-0.6538588983713782,1.4427527849896231,3,0.673656352012521,0.21518968273749636,0.12423982125532369,0.13909554595134177,1.2082171580737002,3,0.56561849144594,0.1554825136927868,0.08976787113481013,0.1793785156687377,0.9518584672231423,3,0.014862764018441084,0.006798991001050835,0.003925399284674543,-0.0020268659289111226,0.03175239396579329,3,0.347454928319109,0.1805039521690844,0.10421400537461223,-0.1009417463785347,0.7958516030167527,3,0.808408035834817,0.07107919672151548,0.04103759336094933,0.6318375227401681,0.9849785489294659,3,0.3395914096112742,0.15629899133352812,0.09023926472047945,-0.04867680906406946,0.7278596282866179,3,0.9714996910639755,0.012459394543924057,0.0071934347938743095,0.940548839212221,1.00245054291573,3,0.058717959333080216,0.0006189845189302732,0.00035737087862860426,0.05718031654663494,0.06025560211952549,3,160.7621915756666,0.23331654718298714,0.13470537132249166,160.18260114204116,161.34178200929205,3,2738.0635276395437,27.683631653447723,15.983152187264489,2669.293574251861,2806.8334810272263,3,0.4981375902698593,0.06975319376234346,0.04027202519552512,0.32486105113194136,0.6714141294077773,3,0.42010129283272973,0.11549141560495763,0.06667899988861324,0.13320471194857925,0.7069978737168803,3,9.141463497507837,0.5956479196134788,0.3438974867310826,7.661792037488702,10.621134957526973
numerical_feature_transformer,NF-BoT-IoT,scrub_r,3,3,0.13335813563223925,0.02310993487868836,0.013342527123165446,0.07594987488470663,0.19076639637977189,3,0.2186013149641838,0.043442448749361366,0.02508150947970031,0.11068428973645161,0.326518340191916,3,0.12558309605285434,0.01273889734822911,0.007354805813179086,0.09393792074439429,0.1572282713613144,0,,,,,,3,0.8532598315580553,0.046998322344037315,0.027134494056790748,0.7365095266356808,0.9700101364804298,3,0.7648236631183251,0.07122965990922028,0.041124463322873825,0.5878793787448731,0.9417679474917771,3,0.8405283570221527,0.08924254993084199,0.05152421022574025,0.6188375732489335,1.0622191407953718,3,0.8969741434452626,0.00949383223109791,0.005481266594265524,0.8733901567712538,0.9205581301192715,3,0.8717943804386535,0.05061905057653923,0.029224922476488207,0.7460496879700335,0.9975390729072736,3,0.8845266276059056,0.041434606669589515,0.023922281314453772,0.7815973586077121,0.9874558966040992,3,0.9953513408698894,0.0010990866595165225,0.0006345579787345909,0.9926210582505366,0.9980816234892422,3,0.027658907005331555,0.018990473541697108,0.010964155011337292,-0.01951604448301048,0.07483385849367359,3,0.027621662225461474,0.012193717461030103,0.007040046058547971,-0.0026692111655365162,0.05791253561645947,3,0.9724131040365539,0.03130106615935693,0.01807167897302701,0.8946569451730668,1.050169262900041,3,0.18201997697488115,0.12983887773150316,0.07496251100956226,-0.140517675645289,0.5045576295950513,3,0.06013410938720972,0.06913168927232874,0.039913199410912564,-0.11159852700905967,0.23186674578347913,3,0.8921078087266339,0.027274800952263336,0.0157471136718827,0.8243534471014723,0.9598621703517954,3,0.7960359296806506,0.0749895570753168,0.04329524096384497,0.6097515429647109,0.9823203163965903,3,0.673656352012521,0.21518968273749636,0.12423982125532369,0.13909554595134177,1.2082171580737002,3,0.22183828598339986,0.09144885414740218,0.05279802055908548,-0.005333261297702313,0.44900983326450206,3,0.9836630213359064,0.005276370533127108,0.0030463139476451452,0.9705557903135597,0.9967702523582532,3,0.026184608438231897,0.0014951124606314527,0.0008632035816143331,0.0224705431915155,0.029898673684948293,3,0.4437008905079432,0.15608182986689978,0.09011388648926397,0.055972130821383304,0.8314296501945031,3,0.6922336117050092,0.009212475090601652,0.005318824973461586,0.6693485549141687,0.7151186684958497,3,0.01997303547840981,0.010762210186469372,0.006213564948233425,-0.006761776707251005,0.04670784766407062,3,125.25718743966718,0.04903760284805456,0.02831187320473826,125.13537128114,125.37900359819436,3,160.7621915756666,0.23331654718298714,0.13470537132249166,160.18260114204116,161.34178200929205,3,1.2834572125308785,0.0021739679074748094,0.0012551409565901886,1.2780567768678524,1.2888576481939047,0,,,,,,0,,,,,,3,146.87105585402455,1.5782149749559813,0.9111828406299344,142.95055251753587,150.79155919051323
numerical_feature_transformer,NF-BoT-IoT,scrub_r@lr=0.001,3,3,0.13335813563223925,0.02310993487868836,0.013342527123165446,0.07594987488470663,0.19076639637977189,3,0.23134316406746783,0.05448025780729646,0.03145419151056283,0.09600670110415946,0.36667962703077617,3,0.12558309605285434,0.01273889734822911,0.007354805813179086,0.09393792074439429,0.1572282713613144,0,,,,,,3,0.8532598315580553,0.046998322344037315,0.027134494056790748,0.7365095266356808,0.9700101364804298,3,0.7042706525156266,0.06201014965375226,0.035801576595082846,0.5502289012513679,0.8583124037798853,3,0.8405283570221527,0.08924254993084199,0.05152421022574025,0.6188375732489335,1.0622191407953718,3,0.8969741434452626,0.00949383223109791,0.005481266594265524,0.8733901567712538,0.9205581301192715,3,0.822486501283636,0.027969228733694413,0.016148041738424684,0.7530070854185558,0.8919659171487162,3,0.8845266276059056,0.041434606669589515,0.023922281314453772,0.7815973586077121,0.9874558966040992,3,0.9953513408698894,0.0010990866595165225,0.0006345579787345909,0.9926210582505366,0.9980816234892422,3,0.014932102721813544,0.0058178414381768176,0.0033589323204339452,0.0004797834044338329,0.029384422039193253,3,0.027621662225461474,0.012193717461030103,0.007040046058547971,-0.0026692111655365162,0.05791253561645947,3,0.9724131040365539,0.03130106615935693,0.01807167897302701,0.8946569451730668,1.050169262900041,3,0.2901205985337891,0.2271531784690057,0.13114694873635954,-0.27415917843802834,0.8544003755056064,3,0.06013410938720972,0.06913168927232874,0.039913199410912564,-0.11159852700905967,0.23186674578347913,3,0.8921078087266339,0.027274800952263336,0.0157471136718827,0.8243534471014723,0.9598621703517954,3,0.8189715062840336,0.09931684404666848,0.05734060664540813,0.5722547885787356,1.0656882239893317,3,0.673656352012521,0.21518968273749636,0.12423982125532369,0.13909554595134177,1.2082171580737002,3,0.2558454172392699,0.1791473538412157,0.10343077296483502,-0.1891812803924594,0.7008721148709992,3,0.9856867159858475,0.006442352990898236,0.0037194942335096876,0.9696830239689479,1.001690408002747,3,0.01802159757219381,0.0039035642791828656,0.002253723887385235,0.008324606336154328,0.02771858880823329,3,0.3910838439234527,0.11999247699440876,0.06927768889345189,0.09300600669900183,0.6891616811479035,3,0.5666670306389077,0.04902745539809095,0.02830601457177018,0.44487607977486193,0.6884579815029535,3,0.012960460098959353,0.012232989029472143,0.007062719509159481,-0.017427969276203888,0.04334888947412259,3,125.63544301233378,0.4765865206551578,0.2751573559924025,124.4515364634771,126.81934956119046,3,160.7621915756666,0.23331654718298714,0.13470537132249166,160.18260114204116,161.34178200929205,3,1.2796096091780143,0.006700020409954115,0.0038682585872629955,1.2629658358083566,1.2962533825476719,0,,,,,,0,,,,,,3,244.3200415680257,82.23320254000609,47.47736162279754,40.04144198292502,448.5986411531263
numerical_feature_transformer,NF-CSE-CIC-IDS2018,rollback_repair,3,3,0.04572258667392378,0.0054427673249885355,0.0031423831802186303,0.032202003105804844,0.05924317024204272,3,0.5774070199538109,0.18913916414541393,0.10919954733365556,0.10755928953707483,1.0472547503705472,3,0.06354295319258844,0.015272789769028546,0.008817749284425193,0.025603240164180183,0.1014826662209967,0,,,,,,3,0.912890592507857,0.03909944675664776,0.022574076110116026,0.8157621823122978,1.0100190027034162,3,0.673333349082752,0.014498745202955743,0.008370854445838294,0.6373164693514768,0.7093502288140272,3,0.9723863876309821,0.0017810726626314875,0.0010283027812165728,0.9679619578624264,0.9768108173995377,3,0.9016139690149384,0.003348073552681607,0.0019330111669073927,0.8932968932411112,0.9099310447887656,3,0.5743499473128857,0.054023008934858126,0.0311901987509739,0.4401493535172426,0.7085505411085288,3,0.9506779303493057,0.0038628348715748443,0.00223020875293881,0.9410821165706813,0.9602737441279301,3,0.8164590580204841,0.049581708347170336,0.02862601266112031,0.6932912665037985,0.9396268495371698,3,0.22540483691581548,0.0384674982964603,0.022209220496512826,0.12984627372207108,0.32096340010955987,3,0.2954043734643153,0.020349248369719054,0.01174864402406385,0.2448540381839487,0.3459547087446819,3,0.9584936273275261,0.0031050706344663017,0.0017927133666619213,0.9507802042668954,0.9662070503881568,3,0.5379834837086386,0.3819867371473562,0.22054014551889295,-0.4109241754158105,1.4868911428330875,3,0.7296638404518223,0.04297432897173587,0.02481124040007524,0.6229096892172914,0.8364179916863532,3,0.7272075236833361,0.008347802510598749,0.004819606026636021,0.7064704326567707,0.7479446147099015,3,0.5027882091919944,0.24815534936519412,0.14327255775684047,-0.1136638525310234,1.1192402709150122,3,0.37991815780761923,0.02985256797716776,0.017235388157619408,0.3057602679038655,0.45407604771137294,3,0.15622969447480725,0.19713976835957822,0.11381869833038297,-0.3334926385868767,0.6459520275364913,3,0.46765765380946284,0.09356835587499156,0.05402171545205708,0.2352209723568012,0.7000943352621245,3,0.17801286973944852,0.04057748449120513,0.023427421594035148,0.07721281026813086,0.27881292921076617,3,0.27644900506692044,0.1689588659157103,0.09754844671840923,-0.1432680854836617,0.6961660956175026,3,0.23468496225750582,0.07843479091315997,0.04528434764754492,0.03984214023928759,0.429527784275724,3,0.0699995365484998,0.05817830054170949,0.033589257478750925,-0.07452337383091442,0.21452244692791403,3,3.9337383239996293,0.02465671750919507,0.014235562491266333,3.872487642187822,3.9949890058114366,3,156.43183106366965,0.07722686666031937,0.04458695225500673,156.23998889184082,156.62367323549847,3,39.767773556586114,0.25515805656044355,0.14731557264107384,39.13392580583525,40.40162130733698,0,,,,,,0,,,,,,3,63.726995734515974,2.6002314674798375,1.50124433770482,57.26766268694946,70.1863287820825
numerical_feature_transformer,NF-CSE-CIC-IDS2018,ssd_canonical,3,3,0.04572258667392378,0.0054427673249885355,0.0031423831802186303,0.032202003105804844,0.05924317024204272,3,0.04572258667392378,0.0054427673249885355,0.0031423831802186303,0.032202003105804844,0.05924317024204272,3,0.06354295319258844,0.015272789769028546,0.008817749284425193,0.025603240164180183,0.1014826662209967,3,3.1962673088500906,5.438959822042073e-16,3.14018491736755e-16,3.1962673088500893,3.196267308850092,3,0.912890592507857,0.03909944675664776,0.022574076110116026,0.8157621823122978,1.0100190027034162,3,0.912890592507857,0.03909944675664776,0.022574076110116026,0.8157621823122978,1.0100190027034162,3,0.9723863876309821,0.0017810726626314875,0.0010283027812165728,0.9679619578624264,0.9768108173995377,3,0.9016139690149384,0.003348073552681607,0.0019330111669073927,0.8932968932411112,0.9099310447887656,3,0.9016139690149384,0.003348073552681607,0.0019330111669073927,0.8932968932411112,0.9099310447887656,3,0.9506779303493057,0.0038628348715748443,0.00223020875293881,0.9410821165706813,0.9602737441279301,3,0.8164590580204841,0.049581708347170336,0.02862601266112031,0.6932912665037985,0.9396268495371698,3,0.8164590580204841,0.049581708347170336,0.02862601266112031,0.6932912665037985,0.9396268495371698,3,0.2954043734643153,0.020349248369719054,0.01174864402406385,0.2448540381839487,0.3459547087446819,3,0.9584936273275261,0.0031050706344663017,0.0017927133666619213,0.9507802042668954,0.9662070503881568,3,0.9584936273275261,0.0031050706344663017,0.0017927133666619213,0.9507802042668954,0.9662070503881568,3,0.7296638404518223,0.04297432897173587,0.02481124040007524,0.6229096892172914,0.8364179916863532,3,0.7272075236833361,0.008347802510598749,0.004819606026636021,0.7064704326567707,0.7479446147099015,3,0.7272075236833361,0.008347802510598749,0.004819606026636021,0.7064704326567707,0.7479446147099015,3,0.37991815780761923,0.02985256797716776,0.017235388157619408,0.3057602679038655,0.45407604771137294,3,0.34728936587571696,0.03430496039558027,0.019805978118927724,0.26207112005801053,0.4325076116934234,3,0.5887260974185925,0.032619086063300405,0.01883263811936606,0.5076957956069225,0.6697563992302625,3,0.1452786109047576,0.03252953693625088,0.01878093690675832,0.0644707614566429,0.2260864603528723,3,0.4905613983998351,0.1285522846805335,0.07421969616524743,0.17121982009721498,0.8099029767024553,3,0.7007957449292928,0.03887247338292344,0.02244303297169741,0.6042311678509584,0.7973603220076271,3,0.5210546845561689,0.035407687120886384,0.0204426376906258,0.43309711369440856,0.6090122554179292,3,11.693540046666385,0.068991230643115,0.03983210558352601,11.522156328847881,11.864923764484889,3,156.43183106366965,0.07722686666031937,0.04458695225500673,156.23998889184082,156.62367323549847,3,13.377938968581015,0.07926604822921075,0.04576427428273269,13.181031188915853,13.574846748246177,3,0.0,0.0,0.0,0.0,0.0,3,0.8918861618938719,0.026371594226894907,0.015225647025857356,0.8263754901566769,0.957396833631067,3,0.0,0.0,0.0,0.0,0.0
numerical_feature_transformer,NF-CSE-CIC-IDS2018,ssd_canonical@alpha=1,3,3,0.04572258667392378,0.0054427673249885355,0.0031423831802186303,0.032202003105804844,0.05924317024204272,3,0.5539978068029541,0.659929036304897,0.3810102067566826,-1.0853567993407778,2.1933524129466857,3,0.06354295319258844,0.015272789769028546,0.008817749284425193,0.025603240164180183,0.1014826662209967,3,3.1962673088500906,5.438959822042073e-16,3.14018491736755e-16,3.1962673088500893,3.196267308850092,3,0.912890592507857,0.03909944675664776,0.022574076110116026,0.8157621823122978,1.0100190027034162,3,0.6452103441635056,0.07867846928384103,0.04542503542045333,0.4497621915151482,0.8406584968118631,3,0.9723863876309821,0.0017810726626314875,0.0010283027812165728,0.9679619578624264,0.9768108173995377,3,0.9016139690149384,0.003348073552681607,0.0019330111669073927,0.8932968932411112,0.9099310447887656,3,0.7381815737741447,0.1622984696616076,0.09370306514819346,0.3350098247333747,1.1413533228149149,3,0.9506779303493057,0.0038628348715748443,0.00223020875293881,0.9410821165706813,0.9602737441279301,3,0.8164590580204841,0.049581708347170336,0.02862601266112031,0.6932912665037985,0.9396268495371698,3,0.35671353925644406,0.1361873558425959,0.07862780655594609,0.018405392748482408,0.6950216857644057,3,0.2954043734643153,0.020349248369719054,0.01174864402406385,0.2448540381839487,0.3459547087446819,3,0.9584936273275261,0.0031050706344663017,0.0017927133666619213,0.9507802042668954,0.9662070503881568,3,0.7284845049205778,0.22187767514719983,0.12810113547340418,0.17730980469876,1.2796592051423956,3,0.7296638404518223,0.04297432897173587,0.02481124040007524,0.6229096892172914,0.8364179916863532,3,0.7272075236833361,0.008347802510598749,0.004819606026636021,0.7064704326567707,0.7479446147099015,3,0.537403237589653,0.16194315421090866,0.09349792367708519,0.1351141410595209,0.9396923341197851,3,0.37991815780761923,0.02985256797716776,0.017235388157619408,0.3057602679038655,0.45407604771137294,3,0.1574850797820338,0.1363942461926931,0.07874725475526746,-0.1813370108467952,0.4963071704108628,3,0.4677857986986174,0.06692989463889679,0.03864199268660035,0.3015227233847181,0.6340488740125167,3,0.2627582213529451,0.10004646779428804,0.057761855112503424,0.01422901778081917,0.511287424925071,3,0.545621737021347,0.26624724920560194,0.15371792099985165,-0.11577309537188063,1.2070165694145745,3,0.4827193315547798,0.05627417216608829,0.032489908448514425,0.34292653828120145,0.6225121248283582,3,0.10808684756768465,0.10934023611923273,0.06312761475669626,-0.16352935638442095,0.3797030515197903,3,11.808772237333264,0.01416675628374952,0.008179180553966608,11.77358006379606,11.843964410870466,3,156.43183106366965,0.07722686666031937,0.04458695225500673,156.23998889184082,156.62367323549847,3,13.247103971314777,0.021721959306310514,0.012541179052824473,13.193143633029534,13.30106430960002,3,0.5916381603952869,0.12253492070537259,0.07074556945437631,0.2872445428685067,0.8960317779220672,3,0.8918861618938719,0.026371594226894907,0.015225647025857356,0.8263754901566769,0.957396833631067,3,4.449221290193893,1.2056876392312441,0.6961040830687633,1.4541271570254484,7.444315423362337
numerical_feature_transformer,NF-CSE-CIC-IDS2018,ssd_canonical@alpha=2,3,3,0.04572258667392378,0.0054427673249885355,0.0031423831802186303,0.032202003105804844,0.05924317024204272,3,0.09939089927121024,0.03635644923834972,0.020990405754540177,0.009076472654008336,0.18970532588841216,3,0.06354295319258844,0.015272789769028546,0.008817749284425193,0.025603240164180183,0.1014826662209967,3,3.1962673088500906,5.438959822042073e-16,3.14018491736755e-16,3.1962673088500893,3.196267308850092,3,0.912890592507857,0.03909944675664776,0.022574076110116026,0.8157621823122978,1.0100190027034162,3,0.8191222630717658,0.1282830440871877,0.07406425003620244,0.5004495154806019,1.1377950106629298,3,0.9723863876309821,0.0017810726626314875,0.0010283027812165728,0.9679619578624264,0.9768108173995377,3,0.9016139690149384,0.003348073552681607,0.0019330111669073927,0.8932968932411112,0.9099310447887656,3,0.8427960148214565,0.05115233255632693,0.029532812971072613,0.7157265764758654,0.9698654531670476,3,0.9506779303493057,0.0038628348715748443,0.00223020875293881,0.9410821165706813,0.9602737441279301,3,0.8164590580204841,0.049581708347170336,0.02862601266112031,0.6932912665037985,0.9396268495371698,3,0.667777506837735,0.0470710734733319,0.027176496940872825,0.5508464780915097,0.7847085355839603,3,0.2954043734643153,0.020349248369719054,0.01174864402406385,0.2448540381839487,0.3459547087446819,3,0.9584936273275261,0.0031050706344663017,0.0017927133666619213,0.9507802042668954,0.9662070503881568,3,0.9219203438045778,0.014589467563011367,0.008423233024837927,0.8856780972373922,0.9581625903717633,3,0.7296638404518223,0.04297432897173587,0.02481124040007524,0.6229096892172914,0.8364179916863532,3,0.7272075236833361,0.008347802510598749,0.004819606026636021,0.7064704326567707,0.7479446147099015,3,0.49612157128450884,0.24333294672743483,0.14048834229578938,-0.10835097818495532,1.1005941207539731,3,0.37991815780761923,0.02985256797716776,0.017235388157619408,0.3057602679038655,0.45407604771137294,3,0.156891304328841,0.19004745415008242,0.10972394881235316,-0.31521274354167006,0.6289953521993521,3,0.5962012159526149,0.04549826017357562,0.026268432758873514,0.4831772720378082,0.7092251598674215,3,0.12698848519376563,0.021647426683039515,0.012498147622715552,0.0732132962087432,0.18076367417878805,3,0.5097904417138054,0.03082619603575271,0.017797512579334002,0.4332139256325325,0.5863669577950783,3,0.5556407313483946,0.1583269043919873,0.09141008087067401,0.16233489736844403,0.9489465653283453,3,0.37237313337341965,0.05212638802005872,0.03009518415526379,0.24288400711706584,0.5018622596297735,3,11.778636191666616,0.038690093502978105,0.022337735898916203,11.682524671325913,11.874747712007318,3,156.43183106366965,0.07722686666031937,0.04458695225500673,156.23998889184082,156.62367323549847,3,13.281072412782725,0.04269962130883437,0.024652637856950606,13.175000673213306,13.387144152352144,3,0.11896617255796275,0.1086020751821687,0.06270143734097708,-0.15081633797306387,0.3887486830889894,3,0.8918861618938719,0.026371594226894907,0.015225647025857356,0.8263754901566769,0.957396833631067,3,2.846393399413417,1.610669874057942,0.9299206853629735,-1.154732375864488,6.847519174691322
numerical_feature_transformer,NF-CSE-CIC-IDS2018,ssd_canonical@alpha=3,3,3,0.04572258667392378,0.0054427673249885355,0.0031423831802186303,0.032202003105804844,0.05924317024204272,3,0.045661776674291,0.005515985707246776,0.0031846558329250547,0.031959308561613275,0.05936424478696872,3,0.06354295319258844,0.015272789769028546,0.008817749284425193,0.025603240164180183,0.1014826662209967,3,3.1962673088500906,5.438959822042073e-16,3.14018491736755e-16,3.1962673088500893,3.196267308850092,3,0.912890592507857,0.03909944675664776,0.022574076110116026,0.8157621823122978,1.0100190027034162,3,0.9135852756995737,0.04334498951724495,0.02502524136580288,0.8059103526256971,1.0212601987734502,3,0.9723863876309821,0.0017810726626314875,0.0010283027812165728,0.9679619578624264,0.9768108173995377,3,0.9016139690149384,0.003348073552681607,0.0019330111669073927,0.8932968932411112,0.9099310447887656,3,0.9025163085450449,0.003074530765402871,0.0017750811650371339,0.8948787507248657,0.9101538663652242,3,0.9506779303493057,0.0038628348715748443,0.00223020875293881,0.9410821165706813,0.9602737441279301,3,0.8164590580204841,0.049581708347170336,0.02862601266112031,0.6932912665037985,0.9396268495371698,3,0.8119263559727311,0.045510509105743835,0.02627550468315812,0.6988719840235971,0.9249807279218651,3,0.2954043734643153,0.020349248369719054,0.01174864402406385,0.2448540381839487,0.3459547087446819,3,0.9584936273275261,0.0031050706344663017,0.0017927133666619213,0.9507802042668954,0.9662070503881568,3,0.9583814330602878,0.0037374463304325127,0.00215781564495699,0.9490971016853326,0.967665764435243,3,0.7296638404518223,0.04297432897173587,0.02481124040007524,0.6229096892172914,0.8364179916863532,3,0.7272075236833361,0.008347802510598749,0.004819606026636021,0.7064704326567707,0.7479446147099015,3,0.7035721878557538,0.04277270206185798,0.024694831049381367,0.597318905631748,0.8098254700797596,3,0.37991815780761923,0.02985256797716776,0.017235388157619408,0.3057602679038655,0.45407604771137294,3,0.3236540300481345,0.0597397719635079,0.034490773424458145,0.1752522096240585,0.47205585047221044,3,0.5903492660145516,0.035212712228307234,0.02033006888391001,0.5028760396362856,0.6778224923928177,3,0.14312686594109095,0.03488630815895011,0.020141619406602085,0.05646447222077371,0.22978925966140817,3,0.4950826322731148,0.12141024188901298,0.07009623583699923,0.19348287180762552,0.796682392738604,3,0.700604269263494,0.03847906049857372,0.022215895937015433,0.6050169839674491,0.7961915545595388,3,0.5165219825084159,0.0345541396981536,0.019949841856344918,0.4306847409882071,0.6023592240286246,3,11.734425129333127,0.015661734410890665,0.009042306578104151,11.695519224252099,11.773331034414156,3,156.43183106366965,0.07722686666031937,0.04458695225500673,156.23998889184082,156.62367323549847,3,13.331035047250486,0.020337291828592827,0.011741740911826046,13.280514413664832,13.38155568083614,3,0.0020524515393386543,0.0027151381755508913,0.0015675857565413366,-0.0046923255950767195,0.008797228673754027,3,0.8918861618938719,0.026371594226894907,0.015225647025857356,0.8263754901566769,0.957396833631067,3,0.3193466586577094,0.2965361871279167,0.17120524746276794,-0.41729006667627255,1.0559833839916912
numerical_feature_transformer,NF-CSE-CIC-IDS2018,ssd_canonical@alpha=5,3,3,0.04572258667392378,0.0054427673249885355,0.0031423831802186303,0.032202003105804844,0.05924317024204272,3,0.04572258667392378,0.0054427673249885355,0.0031423831802186303,0.032202003105804844,0.05924317024204272,3,0.06354295319258844,0.015272789769028546,0.008817749284425193,0.025603240164180183,0.1014826662209967,3,3.1962673088500906,5.438959822042073e-16,3.14018491736755e-16,3.1962673088500893,3.196267308850092,3,0.912890592507857,0.03909944675664776,0.022574076110116026,0.8157621823122978,1.0100190027034162,3,0.912890592507857,0.03909944675664776,0.022574076110116026,0.8157621823122978,1.0100190027034162,3,0.9723863876309821,0.0017810726626314875,0.0010283027812165728,0.9679619578624264,0.9768108173995377,3,0.9016139690149384,0.003348073552681607,0.0019330111669073927,0.8932968932411112,0.9099310447887656,3,0.9016139690149384,0.003348073552681607,0.0019330111669073927,0.8932968932411112,0.9099310447887656,3,0.9506779303493057,0.0038628348715748443,0.00223020875293881,0.9410821165706813,0.9602737441279301,3,0.8164590580204841,0.049581708347170336,0.02862601266112031,0.6932912665037985,0.9396268495371698,3,0.8164590580204841,0.049581708347170336,0.02862601266112031,0.6932912665037985,0.9396268495371698,3,0.2954043734643153,0.020349248369719054,0.01174864402406385,0.2448540381839487,0.3459547087446819,3,0.9584936273275261,0.0031050706344663017,0.0017927133666619213,0.9507802042668954,0.9662070503881568,3,0.9584936273275261,0.0031050706344663017,0.0017927133666619213,0.9507802042668954,0.9662070503881568,3,0.7296638404518223,0.04297432897173587,0.02481124040007524,0.6229096892172914,0.8364179916863532,3,0.7272075236833361,0.008347802510598749,0.004819606026636021,0.7064704326567707,0.7479446147099015,3,0.7272075236833361,0.008347802510598749,0.004819606026636021,0.7064704326567707,0.7479446147099015,3,0.37991815780761923,0.02985256797716776,0.017235388157619408,0.3057602679038655,0.45407604771137294,3,0.34728936587571696,0.03430496039558027,0.019805978118927724,0.26207112005801053,0.4325076116934234,3,0.5887260974185925,0.032619086063300405,0.01883263811936606,0.5076957956069225,0.6697563992302625,3,0.1452786109047576,0.03252953693625088,0.01878093690675832,0.0644707614566429,0.2260864603528723,3,0.4905613983998351,0.1285522846805335,0.07421969616524743,0.17121982009721498,0.8099029767024553,3,0.7007957449292928,0.03887247338292344,0.02244303297169741,0.6042311678509584,0.7973603220076271,3,0.5210546845561689,0.035407687120886384,0.0204426376906258,0.43309711369440856,0.6090122554179292,3,11.716655020333747,0.04975640278352643,0.02872687254097643,11.593053263779682,11.840256776887811,3,156.43183106366965,0.07722686666031937,0.04458695225500673,156.23998889184082,156.62367323549847,3,13.351405929883827,0.06015887594739407,0.034732743222373276,13.201962997448247,13.500848862319407,3,0.0,0.0,0.0,0.0,0.0,3,0.8918861618938719,0.026371594226894907,0.015225647025857356,0.8263754901566769,0.957396833631067,3,0.0,0.0,0.0,0.0,0.0
numerical_feature_transformer,NF-CSE-CIC-IDS2018,dc_ssd_no_contrast,3,3,0.04572258667392378,0.0054427673249885355,0.0031423831802186303,0.032202003105804844,0.05924317024204272,3,0.06498671482890354,0.010627506484179565,0.006135793729455565,0.03858652519000909,0.091386904467798,3,0.06354295319258844,0.015272789769028546,0.008817749284425193,0.025603240164180183,0.1014826662209967,0,,,,,,3,0.912890592507857,0.03909944675664776,0.022574076110116026,0.8157621823122978,1.0100190027034162,3,0.8727912324514361,0.07802714752852073,0.04504899462969009,0.6789610527379332,1.0666214121649389,3,0.9723863876309821,0.0017810726626314875,0.0010283027812165728,0.9679619578624264,0.9768108173995377,3,0.9016139690149384,0.003348073552681607,0.0019330111669073927,0.8932968932411112,0.9099310447887656,3,0.8594668193998141,0.021546800838158794,0.012440051264086234,0.8059415988708335,0.9129920399287946,3,0.9506779303493057,0.0038628348715748443,0.00223020875293881,0.9410821165706813,0.9602737441279301,3,0.8164590580204841,0.049581708347170336,0.02862601266112031,0.6932912665037985,0.9396268495371698,3,0.724275764800057,0.05472196720006888,0.03159374249354564,0.5883388624188858,0.8602126671812281,3,0.2954043734643153,0.020349248369719054,0.01174864402406385,0.2448540381839487,0.3459547087446819,3,0.9584936273275261,0.0031050706344663017,0.0017927133666619213,0.9507802042668954,0.9662070503881568,3,0.9377484271198813,0.020476660543712055,0.011822205477016744,0.8868815824531665,0.988615271786596,3,0.7296638404518223,0.04297432897173587,0.02481124040007524,0.6229096892172914,0.8364179916863532,3,0.7272075236833361,0.008347802510598749,0.004819606026636021,0.7064704326567707,0.7479446147099015,3,0.47924262628901726,0.19633939000789596,0.11335659967358566,-0.008491456725608859,0.9669767093036434,3,0.37991815780761923,0.02985256797716776,0.017235388157619408,0.3057602679038655,0.45407604771137294,3,0.13821361748277544,0.14269691588561786,0.08238610279909087,-0.2162651726147598,0.4926924075803107,3,0.6026796520154343,0.048666091765958604,0.028097381181483232,0.48178637817761244,0.7235729258532562,3,0.1267874137520358,0.02810124362894158,0.01622426057373268,0.0569800547071634,0.19659477279690823,3,0.5270661043474495,0.08942495524402544,0.051629521982408326,0.3049222006569333,0.7492100080379657,3,0.6485138030670998,0.06714184116686896,0.03876436007157889,0.48172422339019677,0.8153033827440028,3,0.42887139133574165,0.07027023397380906,0.04057053850079665,0.2543104531100465,0.6034323295614368,3,0.04914139566668988,0.004730880379688155,0.0027313750607168754,0.03738923730587245,0.06089355402750731,3,156.43183106366965,0.07722686666031937,0.04458695225500673,156.23998889184082,156.62367323549847,3,3204.192981262795,325.52636238945723,187.94273295387282,2395.540668292261,4012.845294233329,3,0.040440896997339416,0.023754557193165528,0.01371469998995448,-0.018568694351401877,0.09945048834608071,3,0.44568174348731787,0.05588338639849122,0.032264288180396776,0.30685971587623073,0.584503771098405,3,2.0282260205713194,0.7080682163908842,0.40880337533789524,0.26928706176472805,3.787164979377911
numerical_feature_transformer,NF-CSE-CIC-IDS2018,dc_ssd_no_class_balance,3,3,0.04572258667392378,0.0054427673249885355,0.0031423831802186303,0.032202003105804844,0.05924317024204272,3,0.09704801981783673,0.04685972434151954,0.027054474462727966,-0.01935798857971431,0.21345402821538778,3,0.06354295319258844,0.015272789769028546,0.008817749284425193,0.025603240164180183,0.1014826662209967,0,,,,,,3,0.912890592507857,0.03909944675664776,0.022574076110116026,0.8157621823122978,1.0100190027034162,3,0.7912500103354589,0.01014940816231115,0.005859763534625727,0.7660374827678277,0.8164625379030902,3,0.9723863876309821,0.0017810726626314875,0.0010283027812165728,0.9679619578624264,0.9768108173995377,3,0.9016139690149384,0.003348073552681607,0.0019330111669073927,0.8932968932411112,0.9099310447887656,3,0.8679844886559057,0.029280313067754294,0.01690499663162446,0.7952481587533426,0.9407208185584688,3,0.9506779303493057,0.0038628348715748443,0.00223020875293881,0.9410821165706813,0.9602737441279301,3,0.8164590580204841,0.049581708347170336,0.02862601266112031,0.6932912665037985,0.9396268495371698,3,0.7014433542373727,0.0894793185117407,0.051660908629657755,0.4791644047033928,0.9237223037713527,3,0.2954043734643153,0.020349248369719054,0.01174864402406385,0.2448540381839487,0.3459547087446819,3,0.9584936273275261,0.0031050706344663017,0.0017927133666619213,0.9507802042668954,0.9662070503881568,3,0.9302697315997142,0.028045735686064315,0.016192213047970326,0.8606002619290432,0.9999392012703852,3,0.7296638404518223,0.04297432897173587,0.02481124040007524,0.6229096892172914,0.8364179916863532,3,0.7272075236833361,0.008347802510598749,0.004819606026636021,0.7064704326567707,0.7479446147099015,3,0.40743645361564185,0.26830975175110033,0.15490870739969945,-0.2590819191313759,1.0739548263626597,3,0.37991815780761923,0.02985256797716776,0.017235388157619408,0.3057602679038655,0.45407604771137294,3,0.18326245324487425,0.12404329497094048,0.07161642974264064,-0.12487817367839046,0.49140308016813894,3,0.5577435108851964,0.031590201249452415,0.018238611195125806,0.47926910064062167,0.636217921129771,3,0.14705137147407368,0.017543100941102747,0.010128514050766448,0.10347189284577771,0.19063085010236966,3,0.49175551245309584,0.01794103338032442,0.010358260451670365,0.44718751484581276,0.5363235100603789,3,0.569403513879294,0.11895794687616869,0.06868040265120119,0.273895591935473,0.8649114358231149,3,0.4060389807730574,0.10960854426959311,0.0632825225395326,0.1337562624262798,0.678321699119835,3,0.0529260390003401,0.005408633478375037,0.0031226759946878496,0.039490248607839805,0.06636182939284038,3,156.43183106366965,0.07722686666031937,0.04458695225500673,156.23998889184082,156.62367323549847,3,2977.4193854674613,319.44074241015517,184.429198620637,2183.8845905867056,3770.954180348217,3,0.08202204484986697,0.05474324445072187,0.03160602691993776,-0.05396771315205298,0.21801180285178692,3,0.5882677696816769,0.04714666583558367,0.027220140211567566,0.471148959097664,0.7053865802656898,3,3.257779692440151,1.4173698921265814,0.8183188887605526,-0.26316230804735374,6.778721692927656
numerical_feature_transformer,NF-CSE-CIC-IDS2018,dc_ssd,3,3,0.04572258667392378,0.0054427673249885355,0.0031423831802186303,0.032202003105804844,0.05924317024204272,3,0.09438143338686004,0.033234949892091976,0.019188207266703027,0.01182124101280492,0.17694162576091516,3,0.06354295319258844,0.015272789769028546,0.008817749284425193,0.025603240164180183,0.1014826662209967,0,,,,,,3,0.912890592507857,0.03909944675664776,0.022574076110116026,0.8157621823122978,1.0100190027034162,3,0.8577669271162168,0.03310277500371073,0.019111896059316003,0.7755350753669319,0.9399987788655018,3,0.9723863876309821,0.0017810726626314875,0.0010283027812165728,0.9679619578624264,0.9768108173995377,3,0.9016139690149384,0.003348073552681607,0.0019330111669073927,0.8932968932411112,0.9099310447887656,3,0.8370963752526431,0.061169207080372816,0.03531605817396921,0.6851436411483067,0.9890491093569795,3,0.9506779303493057,0.0038628348715748443,0.00223020875293881,0.9410821165706813,0.9602737441279301,3,0.8164590580204841,0.049581708347170336,0.02862601266112031,0.6932912665037985,0.9396268495371698,3,0.7233306154894529,0.0902422949153132,0.05210141326164568,0.4991563274982064,0.9475049034806994,3,0.2954043734643153,0.020349248369719054,0.01174864402406385,0.2448540381839487,0.3459547087446819,3,0.9584936273275261,0.0031050706344663017,0.0017927133666619213,0.9507802042668954,0.9662070503881568,3,0.9272620876528602,0.039038722329836135,0.022539016845949948,0.8302845252959663,1.0242396500097541,3,0.7296638404518223,0.04297432897173587,0.02481124040007524,0.6229096892172914,0.8364179916863532,3,0.7272075236833361,0.008347802510598749,0.004819606026636021,0.7064704326567707,0.7479446147099015,3,0.4467948920351734,0.21729865177993474,0.12545743509968807,-0.09300488355717607,0.9865946676275229,3,0.37991815780761923,0.02985256797716776,0.017235388157619408,0.3057602679038655,0.45407604771137294,3,0.13140538389787607,0.1477141993521274,0.0852828327590808,-0.23553702926920247,0.4983477970649546,3,0.574815257784802,0.026783610256169484,0.015463524591269474,0.508281081491453,0.641349434078151,3,0.12317380908325241,0.027215063982052524,0.015712624516050915,0.05556784231857542,0.1907797758479294,3,0.5569570688818196,0.13995790098430805,0.08080473180850524,0.20928236899358987,0.9046317687700494,3,0.5946483578209933,0.06430488815296778,0.037126444485324726,0.43490616011229866,0.754390555529688,3,0.42792624202513757,0.1105182857920781,0.06380776205243228,0.15338360045443789,0.7024688835958373,3,0.05086794500008788,0.003495881631307758,0.0020183482008906024,0.04218369360404863,0.059552196396127126,3,156.43183106366965,0.07722686666031937,0.04458695225500673,156.23998889184082,156.62367323549847,3,3085.321746687363,219.75495880668677,126.87558462279574,2539.420166178297,3631.2233271964287,3,0.0669707335613835,0.03679325255518459,0.021242594267097712,-0.024428772647772087,0.1583702397705391,3,0.3855919193080453,0.06805239832402339,0.03929007049137454,0.21654039025837882,0.5546434483577118,3,3.170723337284514,0.9916237569546508,0.5725142430125957,0.7073933667964485,5.634053307772579
numerical_feature_transformer,NF-CSE-CIC-IDS2018,scrub_r,3,3,0.04572258667392378,0.0054427673249885355,0.0031423831802186303,0.032202003105804844,0.05924317024204272,3,0.0879736642199444,0.011042939088597237,0.006375643855446256,0.06054148278173814,0.11540584565815067,3,0.06354295319258844,0.015272789769028546,0.008817749284425193,0.025603240164180183,0.1014826662209967,0,,,,,,3,0.912890592507857,0.03909944675664776,0.022574076110116026,0.8157621823122978,1.0100190027034162,3,0.9574890464140199,0.005243967801722998,0.0030276062219465032,0.9444623082387167,0.9705157845893231,3,0.9723863876309821,0.0017810726626314875,0.0010283027812165728,0.9679619578624264,0.9768108173995377,3,0.9016139690149384,0.003348073552681607,0.0019330111669073927,0.8932968932411112,0.9099310447887656,3,0.9017731217090136,0.024917099885099308,0.01438589432608688,0.8398756142177556,0.9636706292002716,3,0.9506779303493057,0.0038628348715748443,0.00223020875293881,0.9410821165706813,0.9602737441279301,3,0.8164590580204841,0.049581708347170336,0.02862601266112031,0.6932912665037985,0.9396268495371698,3,0.30654644169222417,0.04975915707010909,0.028728462729076355,0.18293784311098993,0.4301550402734584,3,0.2954043734643153,0.020349248369719054,0.01174864402406385,0.2448540381839487,0.3459547087446819,3,0.9584936273275261,0.0031050706344663017,0.0017927133666619213,0.9507802042668954,0.9662070503881568,3,0.743818728950981,0.04628628722375849,0.026723400388425304,0.6288372173229599,0.8588002405790021,3,0.7296638404518223,0.04297432897173587,0.02481124040007524,0.6229096892172914,0.8364179916863532,3,0.7272075236833361,0.008347802510598749,0.004819606026636021,0.7064704326567707,0.7479446147099015,3,0.374269176132578,0.1000314208701589,0.057753167766806994,0.12577735119212663,0.6227610010730293,3,0.37991815780761923,0.02985256797716776,0.017235388157619408,0.3057602679038655,0.45407604771137294,3,0.09471736624955614,0.05137816984978615,0.029663200193244352,-0.03291308303342978,0.22234781553254207,3,0.7608389218743327,0.19261224554833142,0.11120473181654746,0.28236357896873737,1.239314264779928,3,0.11023145293174959,0.06521144904031206,0.03764984765766974,-0.051762766865166995,0.27222567272866616,3,0.6041268609455225,0.18692294350030927,0.10792001174762077,0.13978452781078227,1.0684691940802626,3,0.5108870172048428,0.03468510123081379,0.02002545253247976,0.4247244492025682,0.5970495852071174,3,0.027365671557514754,0.0063593187592286896,0.003671554397503321,0.011568248006869217,0.04316309510816029,3,127.83083417333334,0.2660789905330818,0.15362077680997868,127.16985731865385,128.49181102801285,3,156.43183106366965,0.07722686666031937,0.04458695225500673,156.23998889184082,156.62367323549847,3,1.2237436942464879,0.0019546417461545396,0.0011285129383116037,1.218888094971964,1.2285992935210117,0,,,,,,0,,,,,,3,156.54535650434016,1.8945623850034945,1.093826102978307,151.83900263654766,161.25171037213266
numerical_feature_transformer,NF-CSE-CIC-IDS2018,scrub_r@lr=0.001,3,3,0.04572258667392378,0.0054427673249885355,0.0031423831802186303,0.032202003105804844,0.05924317024204272,3,0.08206756895050171,0.013962420234203242,0.00806120708075592,0.047382994299841386,0.11675214360116204,3,0.06354295319258844,0.015272789769028546,0.008817749284425193,0.025603240164180183,0.1014826662209967,0,,,,,,3,0.912890592507857,0.03909944675664776,0.022574076110116026,0.8157621823122978,1.0100190027034162,3,0.9455702425154833,0.03768594303547747,0.02175798935619782,0.8519531702193391,1.0391873148116275,3,0.9723863876309821,0.0017810726626314875,0.0010283027812165728,0.9679619578624264,0.9768108173995377,3,0.9016139690149384,0.003348073552681607,0.0019330111669073927,0.8932968932411112,0.9099310447887656,3,0.8986718255850463,0.04443002193243424,0.025651685122791888,0.7883015325701599,1.0090421185999328,3,0.9506779303493057,0.0038628348715748443,0.00223020875293881,0.9410821165706813,0.9602737441279301,3,0.8164590580204841,0.049581708347170336,0.02862601266112031,0.6932912665037985,0.9396268495371698,3,0.2439752026273286,0.035971377743725996,0.020768084623461917,0.15461734663162974,0.3333330586230275,3,0.2954043734643153,0.020349248369719054,0.01174864402406385,0.2448540381839487,0.3459547087446819,3,0.9584936273275261,0.0031050706344663017,0.0017927133666619213,0.9507802042668954,0.9662070503881568,3,0.7038811236601473,0.08836216195416534,0.05101591799041467,0.48437734486073514,0.9233849024595595,3,0.7296638404518223,0.04297432897173587,0.02481124040007524,0.6229096892172914,0.8364179916863532,3,0.7272075236833361,0.008347802510598749,0.004819606026636021,0.7064704326567707,0.7479446147099015,3,0.41590367034757075,0.04648648419779846,0.026838984165278225,0.3004248418665649,0.5313824988285767,3,0.37991815780761923,0.02985256797716776,0.017235388157619408,0.3057602679038655,0.45407604771137294,3,0.05097588747444912,0.06189563339375801,0.03573546060154858,-0.1027813896297528,0.20473316457865104,3,0.7178961456865006,0.1610526676067523,0.09298380099646576,0.31781914051153437,1.117973150861467,3,0.10248256062103524,0.05700897562469706,0.032914147423143664,-0.03913558563477508,0.24410070687684554,3,0.51110187945348,0.126618658792163,0.07310331673808469,0.19656369414051822,0.8256400647664417,3,0.611338219489269,0.05162872053815064,0.029807855700617232,0.48308536779261957,0.7395910711859185,3,0.0514291708369867,0.032354599421720344,0.01867993668565275,-0.028944109734088216,0.13180245140806163,3,127.90187422600108,0.5053751067536251,0.2917784539259413,126.64645286475012,129.15729558725207,3,156.43183106366965,0.07722686666031937,0.04458695225500673,156.23998889184082,156.62367323549847,3,1.2230724215953992,0.004227134474645221,0.002440537226837166,1.2125716374344233,1.233573205756375,0,,,,,,0,,,,,,3,309.126311101338,3.405192972334821,1.9659890792201309,300.6673428230787,317.5852793795973
