architecture,seed,forgotten_domain,method,device,parameter_count,checkpoint_bytes,original_training_optimizer_steps,original_training_samples_seen,online_optimizer_steps,online_gradient_sample_exposures,online_unique_forget_samples,online_unique_retain_samples,online_selection_inference_samples,online_temporary_storage_bytes,online_seconds,online_optimization_seconds,full_retraining_optimizer_steps,full_retraining_samples_seen,full_retraining_optimization_seconds,full_retraining_validation_seconds,offline_preparation_seconds,offline_preparation_samples,offline_preparation_batches,offline_preparation_storage_bytes,offline_preparation_kind,offline_preparation_wall_seconds,offline_preparation_rss_start_bytes,offline_preparation_rss_peak_bytes,offline_preparation_rss_peak_increment_bytes,offline_preparation_accelerator_start_bytes,offline_preparation_accelerator_peak_bytes,offline_preparation_accelerator_peak_increment_bytes,offline_preparation_accelerator_memory_status,original_training_wall_seconds,original_training_rss_start_bytes,original_training_rss_peak_bytes,original_training_rss_peak_increment_bytes,original_training_accelerator_start_bytes,original_training_accelerator_peak_bytes,original_training_accelerator_peak_increment_bytes,original_training_accelerator_memory_status,online_unlearning_wall_seconds,online_unlearning_rss_start_bytes,online_unlearning_rss_peak_bytes,online_unlearning_rss_peak_increment_bytes,online_unlearning_accelerator_start_bytes,online_unlearning_accelerator_peak_bytes,online_unlearning_accelerator_peak_increment_bytes,online_unlearning_accelerator_memory_status,full_retraining_wall_seconds,full_retraining_rss_start_bytes,full_retraining_rss_peak_bytes,full_retraining_rss_peak_increment_bytes,full_retraining_accelerator_start_bytes,full_retraining_accelerator_peak_bytes,full_retraining_accelerator_peak_increment_bytes,full_retraining_accelerator_memory_status,online_speedup_vs_retraining_optimization,monitor_scope_speedup_vs_retraining,gradient_exposure_reduction_fraction
mlp,42,NF-UNSW-NB15,rollback_repair,cuda,16994,67976,26580,6793480,476,121656,0,106495,0,271904,1.703467575999639,1.7017776919992684,19040,4866240,67.66015835000053,0.16267100000004575,,0,0,271904,domain update trace; incremental tracing time not separately measured,,,,,,,,not_measured,111.38146764900011,1927950336,1973936128,45985792,0,19344896,19344896,measured,1.7382867919995988,2037493760,2044600320,7106560,18087936,18989568,901632,measured,67.82804466200014,2329292800,2329305088,12288,18087936,18991616,903680,measured,39.71907613815061,39.020054098193825,0.975
mlp,42,NF-UNSW-NB15,ssd_canonical,cuda,16994,67976,26580,6793480,0,96362,96362,0,0,67976,3.0885861219994695,0.0,19040,4866240,67.66015835000053,0.16267100000004575,10.470179566999832,339674,5309,67976,full-training Fisher cache,10.472967857000185,1972998144.0,2036629504.0,63631360.0,18087936.0,18436608.0,348672.0,measured,111.38146764900011,1927950336,1973936128,45985792,0,19344896,19344896,measured,3.0908869400000185,2044596224,2063585280,18989056,18087936,18454528,366592,measured,67.82804466200014,2329292800,2329305088,12288,18087936,18991616,903680,measured,21.90651504520752,21.944524655437487,0.9801978529624515
mlp,42,NF-UNSW-NB15,ssd_canonical@alpha=1,cuda,16994,67976,26580,6793480,0,96362,96362,0,0,67976,3.206770134999715,0.0,19040,4866240,67.66015835000053,0.16267100000004575,10.470179566999832,339674,5309,67976,full-training Fisher cache,10.472967857000185,1972998144.0,2036629504.0,63631360.0,18087936.0,18436608.0,348672.0,measured,111.38146764900011,1927950336,1973936128,45985792,0,19344896,19344896,measured,3.209068577000835,2063585280,2248806400,185221120,18087936,18454528,366592,measured,67.82804466200014,2329292800,2329305088,12288,18087936,18991616,903680,measured,21.09916068243742,21.136364971480784,0.9801978529624515
mlp,42,NF-UNSW-NB15,ssd_canonical@alpha=2,cuda,16994,67976,26580,6793480,0,96362,96362,0,0,67976,3.0522360140003,0.0,19040,4866240,67.66015835000053,0.16267100000004575,10.470179566999832,339674,5309,67976,full-training Fisher cache,10.472967857000185,1972998144.0,2036629504.0,63631360.0,18087936.0,18436608.0,348672.0,measured,111.38146764900011,1927950336,1973936128,45985792,0,19344896,19344896,measured,3.054893432999961,2248806400,2249445376,638976,18087936,18454528,366592,measured,67.82804466200014,2329292800,2329305088,12288,18087936,18991616,903680,measured,22.167407120435698,22.203080450957586,0.9801978529624515
mlp,42,NF-UNSW-NB15,ssd_canonical@alpha=3,cuda,16994,67976,26580,6793480,0,96362,96362,0,0,67976,3.019889874999535,0.0,19040,4866240,67.66015835000053,0.16267100000004575,10.470179566999832,339674,5309,67976,full-training Fisher cache,10.472967857000185,1972998144.0,2036629504.0,63631360.0,18087936.0,18436608.0,348672.0,measured,111.38146764900011,1927950336,1973936128,45985792,0,19344896,19344896,measured,3.022399237999707,2249441280,2249445376,4096,18087936,18454528,366592,measured,67.82804466200014,2329292800,2329305088,12288,18087936,18991616,903680,measured,22.404842941503272,22.441788566255163,0.9801978529624515
mlp,42,NF-UNSW-NB15,ssd_canonical@alpha=5,cuda,16994,67976,26580,6793480,0,96362,96362,0,0,67976,2.9601282519997767,0.0,19040,4866240,67.66015835000053,0.16267100000004575,10.470179566999832,339674,5309,67976,full-training Fisher cache,10.472967857000185,1972998144.0,2036629504.0,63631360.0,18087936.0,18436608.0,348672.0,measured,111.38146764900011,1927950336,1973936128,45985792,0,19344896,19344896,measured,2.9626230309995663,2249441280,2249445376,4096,18087936,18454528,366592,measured,67.82804466200014,2329292800,2329305088,12288,18087936,18991616,903680,measured,22.857171240567464,22.894591702109153,0.9801978529624515
mlp,42,NF-UNSW-NB15,dc_ssd_no_contrast,cuda,16994,67976,26580,6793480,0,0,0,0,0,271904,0.023100032000002102,0.0,19040,4866240,67.66015835000053,0.16267100000004575,10.572277534000023,339674,5310,271904,class-balanced per-domain Fisher bank,10.572403512000164,2036629504.0,2037440512.0,811008.0,18087936.0,18436608.0,348672.0,measured,111.38146764900011,1927950336,1973936128,45985792,0,19344896,19344896,measured,0.025601318000553874,2249441280,2249445376,4096,18087936,18454528,366592,measured,67.82804466200014,2329292800,2329305088,12288,18087936,18991616,903680,measured,2929.0071264833905,2649.3965920243913,1.0
mlp,42,NF-UNSW-NB15,dc_ssd_no_class_balance,cuda,16994,67976,26580,6793480,0,0,0,0,0,271904,0.017818659999647934,0.0,19040,4866240,67.66015835000053,0.16267100000004575,10.63357546899988,339674,5310,271904,empirical-weighted class-conditional per-domain Fisher bank,10.633692892999534,2037436416.0,2037497856.0,61440.0,18087936.0,18436608.0,348672.0,measured,111.38146764900011,1927950336,1973936128,45985792,0,19344896,19344896,measured,0.02058747699993546,2249441280,2249445376,4096,18087936,18454528,366592,measured,67.82804466200014,2329292800,2329305088,12288,18087936,18991616,903680,measured,3797.1518818663903,3294.6263722462336,1.0
mlp,42,NF-UNSW-NB15,dc_ssd,cuda,16994,67976,26580,6793480,0,0,0,0,0,271904,0.018980324000040127,0.0,19040,4866240,67.66015835000053,0.16267100000004575,10.572277534000023,339674,5310,271904,class-balanced per-domain Fisher bank,10.572403512000164,2036629504.0,2037440512.0,811008.0,18087936.0,18436608.0,348672.0,measured,111.38146764900011,1927950336,1973936128,45985792,0,19344896,19344896,measured,0.02160955900035333,2249441280,2249445376,4096,18087936,18454528,366592,measured,67.82804466200014,2329292800,2329305088,12288,18087936,18991616,903680,measured,3564.7525484737503,3138.7981893055344,1.0
mlp,42,NF-UNSW-NB15,scrub_r,cuda,16994,67976,26580,6793480,11730,922660,96362,243312,310061,271904,56.10056493600041,55.74156017699897,19040,4866240,67.66015835000053,0.16267100000004575,0.0,0,0,0,none,,,,,,,,not_measured,111.38146764900011,1927950336,1973936128,45985792,0,19344896,19344896,measured,56.10623570900043,2249441280,2329010176,79568896,18087936,19028480,940544,measured,67.82804466200014,2329292800,2329305088,12288,18087936,18991616,903680,measured,1.206051283568843,1.2089216787559198,0.810395705924903
mlp,42,NF-UNSW-NB15,scrub_r@lr=0.0001,cuda,16994,67976,26580,6793480,11730,922660,96362,243312,310061,271904,55.71634096799971,55.352980192999894,19040,4866240,67.66015835000053,0.16267100000004575,0.0,0,0,0,none,,,,,,,,not_measured,111.38146764900011,1927950336,1973936128,45985792,0,19344896,19344896,measured,55.72217310399992,2329006080,2329010176,4096,18087936,19028480,940544,measured,67.82804466200014,2329292800,2329305088,12288,18087936,18991616,903680,measured,1.2143683015519748,1.2172541177711393,0.810395705924903
mlp,42,NF-UNSW-NB15,scrub_r@lr=0.001,cuda,16994,67976,26580,6793480,11730,922660,96362,243312,310061,271904,56.1837036729994,55.82216184200115,19040,4866240,67.66015835000053,0.16267100000004575,0.0,0,0,0,none,,,,,,,,not_measured,111.38146764900011,1927950336,1973936128,45985792,0,19344896,19344896,measured,56.18941962500048,2329006080,2329296896,290816,18087936,19028480,940544,measured,67.82804466200014,2329292800,2329305088,12288,18087936,18991616,903680,measured,1.204266609830431,1.2071319674535534,0.810395705924903
mlp,42,NF-ToN-IoT,rollback_repair,cuda,16994,67976,26580,6793480,594,151418,0,132702,0,271904,2.1409015369999906,2.1389131840005575,23700,6056680,85.13688417799949,0.19562324000071385,,0,0,271904,domain update trace; incremental tracing time not separately measured,,,,,,,,not_measured,111.38146764900011,1927950336,1973936128,45985792,0,19344896,19344896,measured,2.1804788209992694,2389667840,2389676032,8192,18087936,18989568,901632,measured,85.33779498400054,2389794816,2389815296,20480,18087936,18991616,903680,measured,39.76683780483449,39.13718132097791,0.9749998348930438
mlp,42,NF-ToN-IoT,ssd_canonical,cuda,16994,67976,26580,6793480,0,36840,36840,0,0,67976,1.1484504440004457,0.0,23700,6056680,85.13688417799949,0.19562324000071385,10.470179566999832,339674,5309,67976,full-training Fisher cache,10.472967857000185,1972998144.0,2036629504.0,63631360.0,18087936.0,18436608.0,348672.0,measured,111.38146764900011,1927950336,1973936128,45985792,0,19344896,19344896,measured,1.1509034210002937,2389671936,2389676032,4096,18087936,18454528,366592,measured,85.33779498400054,2389794816,2389815296,20480,18087936,18991616,903680,measured,74.13196156852759,74.148528388099,0.9939174597304133
mlp,42,NF-ToN-IoT,ssd_canonical@alpha=1,cuda,16994,67976,26580,6793480,0,36840,36840,0,0,67976,1.1742294610003228,0.0,23700,6056680,85.13688417799949,0.19562324000071385,10.470179566999832,339674,5309,67976,full-training Fisher cache,10.472967857000185,1972998144.0,2036629504.0,63631360.0,18087936.0,18436608.0,348672.0,measured,111.38146764900011,1927950336,1973936128,45985792,0,19344896,19344896,measured,1.1765576599991618,2389671936,2389790720,118784,18087936,18728960,641024,measured,85.33779498400054,2389794816,2389815296,20480,18087936,18991616,903680,measured,72.50446953142499,72.53175758854124,0.9939174597304133
mlp,42,NF-ToN-IoT,ssd_canonical@alpha=2,cuda,16994,67976,26580,6793480,0,36840,36840,0,0,67976,1.1857963500006008,0.0,23700,6056680,85.13688417799949,0.19562324000071385,10.470179566999832,339674,5309,67976,full-training Fisher cache,10.472967857000185,1972998144.0,2036629504.0,63631360.0,18087936.0,18436608.0,348672.0,measured,111.38146764900011,1927950336,1973936128,45985792,0,19344896,19344896,measured,1.188170837999678,2389786624,2389790720,4096,18087936,18704896,616960,measured,85.33779498400054,2389794816,2389815296,20480,18087936,18991616,903680,measured,71.79722232907561,71.82283242001573,0.9939174597304133
mlp,42,NF-ToN-IoT,ssd_canonical@alpha=3,cuda,16994,67976,26580,6793480,0,36840,36840,0,0,67976,1.189983921000021,0.0,23700,6056680,85.13688417799949,0.19562324000071385,10.470179566999832,339674,5309,67976,full-training Fisher cache,10.472967857000185,1972998144.0,2036629504.0,63631360.0,18087936.0,18436608.0,348672.0,measured,111.38146764900011,1927950336,1973936128,45985792,0,19344896,19344896,measured,1.1927667909994852,2389786624,2389790720,4096,18087936,18668032,580096,measured,85.33779498400054,2389794816,2389815296,20480,18087936,18991616,903680,measured,71.54456684293132,71.5460856455362,0.9939174597304133
mlp,42,NF-ToN-IoT,ssd_canonical@alpha=5,cuda,16994,67976,26580,6793480,0,36840,36840,0,0,67976,1.160471002000122,0.0,23700,6056680,85.13688417799949,0.19562324000071385,10.470179566999832,339674,5309,67976,full-training Fisher cache,10.472967857000185,1972998144.0,2036629504.0,63631360.0,18087936.0,18436608.0,348672.0,measured,111.38146764900011,1927950336,1973936128,45985792,0,19344896,19344896,measured,1.1627745380001215,2389786624,2389790720,4096,18087936,18541568,453632,measured,85.33779498400054,2389794816,2389815296,20480,18087936,18991616,903680,measured,73.36407719905313,73.391523631722,0.9939174597304133
mlp,42,NF-ToN-IoT,dc_ssd_no_contrast,cuda,16994,67976,26580,6793480,0,0,0,0,0,271904,0.0249375860003056,0.0,23700,6056680,85.13688417799949,0.19562324000071385,10.572277534000023,339674,5310,271904,class-balanced per-domain Fisher bank,10.572403512000164,2036629504.0,2037440512.0,811008.0,18087936.0,18436608.0,348672.0,measured,111.38146764900011,1927950336,1973936128,45985792,0,19344896,19344896,measured,0.027251683999566012,2389786624,2389790720,4096,18087936,18514944,427008,measured,85.33779498400054,2389794816,2389815296,20480,18087936,18991616,903680,measured,3413.9986194716753,3131.4686822788476,1.0
mlp,42,NF-ToN-IoT,dc_ssd_no_class_balance,cuda,16994,67976,26580,6793480,0,0,0,0,0,271904,0.024873070000467123,0.0,23700,6056680,85.13688417799949,0.19562324000071385,10.63357546899988,339674,5310,271904,empirical-weighted class-conditional per-domain Fisher bank,10.633692892999534,2037436416.0,2037497856.0,61440.0,18087936.0,18436608.0,348672.0,measured,111.38146764900011,1927950336,1973936128,45985792,0,19344896,19344896,measured,0.027144830999532132,2389786624,2389790720,4096,18087936,18712064,624128,measured,85.33779498400054,2389794816,2389815296,20480,18087936,18991616,903680,measured,3422.8538807795176,3143.7954056693675,1.0
mlp,42,NF-ToN-IoT,dc_ssd,cuda,16994,67976,26580,6793480,0,0,0,0,0,271904,0.024930681999649096,0.0,23700,6056680,85.13688417799949,0.19562324000071385,10.572277534000023,339674,5310,271904,class-balanced per-domain Fisher bank,10.572403512000164,2036629504.0,2037440512.0,811008.0,18087936.0,18436608.0,348672.0,measured,111.38146764900011,1927950336,1973936128,45985792,0,19344896,19344896,measured,0.027263398000286543,2389786624,2389790720,4096,18087936,18555392,467456,measured,85.33779498400054,2389794816,2389815296,20480,18087936,18991616,903680,measured,3414.944050836548,3130.1232143954917,1.0
mlp,42,NF-ToN-IoT,scrub_r,cuda,16994,67976,26580,6793480,9405,982182,36840,302834,119347,271904,45.95365069199943,45.80536449199917,23700,6056680,85.13688417799949,0.19562324000071385,0.0,0,0,0,none,,,,,,,,not_measured,111.38146764900011,1927950336,1973936128,45985792,0,19344896,19344896,measured,45.959526433000065,2389786624,2389790720,4096,18087936,19028480,940544,measured,85.33779498400054,2389794816,2389815296,20480,18087936,18991616,903680,measured,1.8526685670442697,1.8568031833053422,0.8378349194608268
mlp,42,NF-ToN-IoT,scrub_r@lr=0.0001,cuda,16994,67976,26580,6793480,9405,982182,36840,302834,119347,271904,45.850870590999875,45.708865542999774,23700,6056680,85.13688417799949,0.19562324000071385,0.0,0,0,0,none,,,,,,,,not_measured,111.38146764900011,1927950336,1973936128,45985792,0,19344896,19344896,measured,45.85670999299964,2389786624,2389798912,12288,18087936,19028480,940544,measured,85.33779498400054,2389794816,2389815296,20480,18087936,18991616,903680,measured,1.8568215408043116,1.8609663666893672,0.8378349194608268
mlp,42,NF-ToN-IoT,scrub_r@lr=0.001,cuda,16994,67976,26580,6793480,9405,982182,36840,302834,119347,271904,46.15907461699953,46.009591258999535,23700,6056680,85.13688417799949,0.19562324000071385,0.0,0,0,0,none,,,,,,,,not_measured,111.38146764900011,1927950336,1973936128,45985792,0,19344896,19344896,measured,46.164901118999296,2389794816,2389798912,4096,18087936,19028480,940544,measured,85.33779498400054,2389794816,2389815296,20480,18087936,18991616,903680,measured,1.844423548011189,1.8485427871712592,0.8378349194608268
mlp,42,NF-BoT-IoT,rollback_repair,cuda,16994,67976,26580,6793480,470,119730,0,104839,0,271904,1.693123234000268,1.6911353440000312,18740,4789140,67.30027126200002,0.1335889580004732,,0,0,271904,domain update trace; incremental tracing time not separately measured,,,,,,,,not_measured,111.38146764900011,1927950336,1973936128,45985792,0,19344896,19344896,measured,1.7269027309994271,2389835776,2389839872,4096,18087936,18989568,901632,measured,67.4390361779997,2389860352,2389872640,12288,18087936,18991616,903680,measured,39.7491865391231,39.052017793133054,0.9749996867913655
mlp,42,NF-BoT-IoT,ssd_canonical,cuda,16994,67976,26580,6793480,0,100217,100217,0,0,67976,3.159129329999814,0.0,18740,4789140,67.30027126200002,0.1335889580004732,10.470179566999832,339674,5309,67976,full-training Fisher cache,10.472967857000185,1972998144.0,2036629504.0,63631360.0,18087936.0,18436608.0,348672.0,measured,111.38146764900011,1927950336,1973936128,45985792,0,19344896,19344896,measured,3.1616648480003278,2389835776,2389839872,4096,18087936,18454528,366592,measured,67.4390361779997,2389860352,2389872640,12288,18087936,18991616,903680,measured,21.303423896863375,21.330229300127485,0.9790741135151614
mlp,42,NF-BoT-IoT,ssd_canonical@alpha=1,cuda,16994,67976,26580,6793480,0,100217,100217,0,0,67976,3.176392624000073,0.0,18740,4789140,67.30027126200002,0.1335889580004732,10.470179566999832,339674,5309,67976,full-training Fisher cache,10.472967857000185,1972998144.0,2036629504.0,63631360.0,18087936.0,18436608.0,348672.0,measured,111.38146764900011,1927950336,1973936128,45985792,0,19344896,19344896,measured,3.1789357190000374,2389835776,2389848064,12288,18087936,18454528,366592,measured,67.4390361779997,2389860352,2389872640,12288,18087936,18991616,903680,measured,21.187642470107463,21.214344088471613,0.9790741135151614
mlp,42,NF-BoT-IoT,ssd_canonical@alpha=2,cuda,16994,67976,26580,6793480,0,100217,100217,0,0,67976,3.2186367220001557,0.0,18740,4789140,67.30027126200002,0.1335889580004732,10.470179566999832,339674,5309,67976,full-training Fisher cache,10.472967857000185,1972998144.0,2036629504.0,63631360.0,18087936.0,18436608.0,348672.0,measured,111.38146764900011,1927950336,1973936128,45985792,0,19344896,19344896,measured,3.2211458320007296,2389843968,2389848064,4096,18087936,18454528,366592,measured,67.4390361779997,2389860352,2389872640,12288,18087936,18991616,903680,measured,20.90955801317573,20.936349887676997,0.9790741135151614
mlp,42,NF-BoT-IoT,ssd_canonical@alpha=3,cuda,16994,67976,26580,6793480,0,100217,100217,0,0,67976,3.2204073070006416,0.0,18740,4789140,67.30027126200002,0.1335889580004732,10.470179566999832,339674,5309,67976,full-training Fisher cache,10.472967857000185,1972998144.0,2036629504.0,63631360.0,18087936.0,18436608.0,348672.0,measured,111.38146764900011,1927950336,1973936128,45985792,0,19344896,19344896,measured,3.222944398999971,2389843968,2389848064,4096,18087936,18454528,366592,measured,67.4390361779997,2389860352,2389872640,12288,18087936,18991616,903680,measured,20.898061905306257,20.924666338930628,0.9790741135151614
mlp,42,NF-BoT-IoT,ssd_canonical@alpha=5,cuda,16994,67976,26580,6793480,0,100217,100217,0,0,67976,3.1687391989999014,0.0,18740,4789140,67.30027126200002,0.1335889580004732,10.470179566999832,339674,5309,67976,full-training Fisher cache,10.472967857000185,1972998144.0,2036629504.0,63631360.0,18087936.0,18436608.0,348672.0,measured,111.38146764900011,1927950336,1973936128,45985792,0,19344896,19344896,measured,3.171238376000474,2389843968,2389848064,4096,18087936,18454528,366592,measured,67.4390361779997,2389860352,2389872640,12288,18087936,18991616,903680,measured,21.238816777108365,21.26583630179607,0.9790741135151614
mlp,42,NF-BoT-IoT,dc_ssd_no_contrast,cuda,16994,67976,26580,6793480,0,0,0,0,0,271904,0.02474064499983797,0.0,18740,4789140,67.30027126200002,0.1335889580004732,10.572277534000023,339674,5310,271904,class-balanced per-domain Fisher bank,10.572403512000164,2036629504.0,2037440512.0,811008.0,18087936.0,18436608.0,348672.0,measured,111.38146764900011,1927950336,1973936128,45985792,0,19344896,19344896,measured,0.02725097399979859,2389843968,2389848064,4096,18087936,18454528,366592,measured,67.4390361779997,2389860352,2389872640,12288,18087936,18991616,903680,measured,2720.2310716814695,2474.7385608491695,1.0
mlp,42,NF-BoT-IoT,dc_ssd_no_class_balance,cuda,16994,67976,26580,6793480,0,0,0,0,0,271904,0.018011051999565098,0.0,18740,4789140,67.30027126200002,0.1335889580004732,10.63357546899988,339674,5310,271904,empirical-weighted class-conditional per-domain Fisher bank,10.633692892999534,2037436416.0,2037497856.0,61440.0,18087936.0,18436608.0,348672.0,measured,111.38146764900011,1927950336,1973936128,45985792,0,19344896,19344896,measured,0.020724446999338397,2389843968,2389848064,4096,18087936,18454528,366592,measured,67.4390361779997,2389860352,2389872640,12288,18087936,18991616,903680,measured,3736.609680746304,3254.0813359291374,1.0
mlp,42,NF-BoT-IoT,dc_ssd,cuda,16994,67976,26580,6793480,0,0,0,0,0,271904,0.024196818000746134,0.0,18740,4789140,67.30027126200002,0.1335889580004732,10.572277534000023,339674,5310,271904,class-balanced per-domain Fisher bank,10.572403512000164,2036629504.0,2037440512.0,811008.0,18087936.0,18436608.0,348672.0,measured,111.38146764900011,1927950336,1973936128,45985792,0,19344896,19344896,measured,0.026704897999479726,2389843968,2389848064,4096,18087936,18454528,366592,measured,67.4390361779997,2389860352,2389872640,12288,18087936,18991616,903680,measured,2781.3686601240192,2525.343335118283,1.0
mlp,42,NF-BoT-IoT,scrub_r,cuda,16994,67976,26580,6793480,11880,918805,100217,239457,330351,271904,57.10029636299987,56.70971988899964,18740,4789140,67.30027126200002,0.1335889580004732,0.0,0,0,0,none,,,,,,,,not_measured,111.38146764900011,1927950336,1973936128,45985792,0,19344896,19344896,measured,57.10606249299963,2389843968,2389848064,4096,18087936,19028480,940544,measured,67.4390361779997,2389860352,2389872640,12288,18087936,18991616,903680,measured,1.1786326087373793,1.180943550192534,0.8081482270303227
mlp,42,NF-BoT-IoT,scrub_r@lr=0.0001,cuda,16994,67976,26580,6793480,11880,918805,100217,239457,330351,271904,57.21640621200004,56.82632136400025,18740,4789140,67.30027126200002,0.1335889580004732,0.0,0,0,0,none,,,,,,,,not_measured,111.38146764900011,1927950336,1973936128,45985792,0,19344896,19344896,measured,57.2222211039998,2389843968,2389864448,20480,18087936,19028480,940544,measured,67.4390361779997,2389860352,2389872640,12288,18087936,18991616,903680,measured,1.1762407973097249,1.1785462863357072,0.8081482270303227
mlp,42,NF-BoT-IoT,scrub_r@lr=0.001,cuda,16994,67976,26580,6793480,11880,918805,100217,239457,330351,271904,56.727242573000694,56.35119812699941,18740,4789140,67.30027126200002,0.1335889580004732,0.0,0,0,0,none,,,,,,,,not_measured,111.38146764900011,1927950336,1973936128,45985792,0,19344896,19344896,measured,56.73299692399996,2389860352,2389864448,4096,18087936,19028480,940544,measured,67.4390361779997,2389860352,2389872640,12288,18087936,18991616,903680,measured,1.1863836176312148,1.1887092139401985,0.8081482270303227
mlp,42,NF-CSE-CIC-IDS2018,rollback_repair,cuda,16994,67976,26580,6793480,458,116710,0,101958,0,271904,1.6262448559991753,1.624275375000252,18260,4668380,66.40502489300161,0.15147760899981222,,0,0,271904,domain update trace; incremental tracing time not separately measured,,,,,,,,not_measured,111.38146764900011,1927950336,1973936128,45985792,0,19344896,19344896,measured,1.6584019869997064,2393575424,2393579520,4096,18087936,18989568,901632,measured,66.56176548699932,2393604096,2393616384,12288,18087936,18991616,903680,measured,40.83334969394995,40.1360864306605,0.9749998928964652
mlp,42,NF-CSE-CIC-IDS2018,ssd_canonical,cuda,16994,67976,26580,6793480,0,106255,106255,0,0,67976,3.3480895559996497,0.0,18260,4668380,66.40502489300161,0.15147760899981222,10.470179566999832,339674,5309,67976,full-training Fisher cache,10.472967857000185,1972998144.0,2036629504.0,63631360.0,18087936.0,18436608.0,348672.0,measured,111.38146764900011,1927950336,1973936128,45985792,0,19344896,19344896,measured,3.350584110999989,2393575424,2393579520,4096,18087936,18454528,366592,measured,66.56176548699932,2393604096,2393616384,12288,18087936,18991616,903680,measured,19.833706291997572,19.865719910888558,0.9772394278100754
mlp,42,NF-CSE-CIC-IDS2018,ssd_canonical@alpha=1,cuda,16994,67976,26580,6793480,0,106255,106255,0,0,67976,3.4054521580001165,0.0,18260,4668380,66.40502489300161,0.15147760899981222,10.470179566999832,339674,5309,67976,full-training Fisher cache,10.472967857000185,1972998144.0,2036629504.0,63631360.0,18087936.0,18436608.0,348672.0,measured,111.38146764900011,1927950336,1973936128,45985792,0,19344896,19344896,measured,3.407953692000774,2393575424,2393579520,4096,18087936,18484224,396288,measured,66.56176548699932,2393604096,2393616384,12288,18087936,18991616,903680,measured,19.49962055317746,19.531299865733093,0.9772394278100754
mlp,42,NF-CSE-CIC-IDS2018,ssd_canonical@alpha=2,cuda,16994,67976,26580,6793480,0,106255,106255,0,0,67976,3.3990194589996463,0.0,18260,4668380,66.40502489300161,0.15147760899981222,10.470179566999832,339674,5309,67976,full-training Fisher cache,10.472967857000185,1972998144.0,2036629504.0,63631360.0,18087936.0,18436608.0,348672.0,measured,111.38146764900011,1927950336,1973936128,45985792,0,19344896,19344896,measured,3.4015384190006444,2393575424,2393579520,4096,18087936,18454528,366592,measured,66.56176548699932,2393604096,2393616384,12288,18087936,18991616,903680,measured,19.53652389873197,19.56813573387622,0.9772394278100754
mlp,42,NF-CSE-CIC-IDS2018,ssd_canonical@alpha=3,cuda,16994,67976,26580,6793480,0,106255,106255,0,0,67976,3.3367635799995696,0.0,18260,4668380,66.40502489300161,0.15147760899981222,10.470179566999832,339674,5309,67976,full-training Fisher cache,10.472967857000185,1972998144.0,2036629504.0,63631360.0,18087936.0,18436608.0,348672.0,measured,111.38146764900011,1927950336,1973936128,45985792,0,19344896,19344896,measured,3.3392453009992096,2393575424,2393587712,12288,18087936,18454528,366592,measured,66.56176548699932,2393604096,2393616384,12288,18087936,18991616,903680,measured,19.90102783758212,19.933176357868017,0.9772394278100754
mlp,42,NF-CSE-CIC-IDS2018,ssd_canonical@alpha=5,cuda,16994,67976,26580,6793480,0,106255,106255,0,0,67976,3.2814189290002105,0.0,18260,4668380,66.40502489300161,0.15147760899981222,10.470179566999832,339674,5309,67976,full-training Fisher cache,10.472967857000185,1972998144.0,2036629504.0,63631360.0,18087936.0,18436608.0,348672.0,measured,111.38146764900011,1927950336,1973936128,45985792,0,19344896,19344896,measured,3.28391098999964,2393583616,2393587712,4096,18087936,18454528,366592,measured,66.56176548699932,2393604096,2393616384,12288,18087936,18991616,903680,measured,20.236680024648372,20.269052873143377,0.9772394278100754
mlp,42,NF-CSE-CIC-IDS2018,dc_ssd_no_contrast,cuda,16994,67976,26580,6793480,0,0,0,0,0,271904,0.023938725999869348,0.0,18260,4668380,66.40502489300161,0.15147760899981222,10.572277534000023,339674,5310,271904,class-balanced per-domain Fisher bank,10.572403512000164,2036629504.0,2037440512.0,811008.0,18087936.0,18436608.0,348672.0,measured,111.38146764900011,1927950336,1973936128,45985792,0,19344896,19344896,measured,0.0264413049999348,2393583616,2393587712,4096,18087936,18454528,366592,measured,66.56176548699932,2393604096,2393616384,12288,18087936,18991616,903680,measured,2773.958183629489,2517.340406880956,1.0
mlp,42,NF-CSE-CIC-IDS2018,dc_ssd_no_class_balance,cuda,16994,67976,26580,6793480,0,0,0,0,0,271904,0.023318802999710897,0.0,18260,4668380,66.40502489300161,0.15147760899981222,10.63357546899988,339674,5310,271904,empirical-weighted class-conditional per-domain Fisher bank,10.633692892999534,2037436416.0,2037497856.0,61440.0,18087936.0,18436608.0,348672.0,measured,111.38146764900011,1927950336,1973936128,45985792,0,19344896,19344896,measured,0.025810678000198095,2393583616,2393587712,4096,18087936,18454528,366592,measured,66.56176548699932,2393604096,2393616384,12288,18087936,18991616,903680,measured,2847.702984318058,2578.846068533669,1.0
mlp,42,NF-CSE-CIC-IDS2018,dc_ssd,cuda,16994,67976,26580,6793480,0,0,0,0,0,271904,0.02352552999946056,0.0,18260,4668380,66.40502489300161,0.15147760899981222,10.572277534000023,339674,5310,271904,class-balanced per-domain Fisher bank,10.572403512000164,2036629504.0,2037440512.0,811008.0,18087936.0,18436608.0,348672.0,measured,111.38146764900011,1927950336,1973936128,45985792,0,19344896,19344896,measured,0.026057035999656364,2393583616,2393587712,4096,18087936,18454528,366592,measured,66.56176548699932,2393604096,2393616384,12288,18087936,18991616,903680,measured,2822.6792295231726,2554.464194925207,1.0
mlp,42,NF-CSE-CIC-IDS2018,scrub_r,cuda,16994,67976,26580,6793480,12114,912767,106255,233419,342154,271904,58.098743194000235,57.703097189999426,18260,4668380,66.40502489300161,0.15147760899981222,0.0,0,0,0,none,,,,,,,,not_measured,111.38146764900011,1927950336,1973936128,45985792,0,19344896,19344896,measured,58.10452996799995,2393583616,2393587712,4096,18087936,19028480,940544,measured,66.56176548699932,2393604096,2393616384,12288,18087936,18991616,903680,measured,1.1429683542596694,1.1455520855888008,0.8044788556201509
mlp,42,NF-CSE-CIC-IDS2018,scrub_r@lr=0.0001,cuda,16994,67976,26580,6793480,12114,912767,106255,233419,342154,271904,58.139838860000054,57.743372254999485,18260,4668380,66.40502489300161,0.15147760899981222,0.0,0,0,0,none,,,,,,,,not_measured,111.38146764900011,1927950336,1973936128,45985792,0,19344896,19344896,measured,58.145632320000004,2393583616,2393595904,12288,18087936,19028480,940544,measured,66.56176548699932,2393604096,2393616384,12288,18087936,18991616,903680,measured,1.1421604564970331,1.1447423104917283,0.8044788556201509
mlp,42,NF-CSE-CIC-IDS2018,scrub_r@lr=0.001,cuda,16994,67976,26580,6793480,12114,912767,106255,233419,342154,271904,58.26894891899974,57.860992655999326,18260,4668380,66.40502489300161,0.15147760899981222,0.0,0,0,0,none,,,,,,,,not_measured,111.38146764900011,1927950336,1973936128,45985792,0,19344896,19344896,measured,58.27538497600017,2393591808,2393608192,16384,18087936,19028480,940544,measured,66.56176548699932,2393604096,2393616384,12288,18087936,18991616,903680,measured,1.1396297020101034,1.1421934924052715,0.8044788556201509
numerical_feature_transformer,42,NF-UNSW-NB15,rollback_repair,cuda,8770,35080,26580,6793480,476,121656,0,106495,0,140320,3.921247764999862,3.9180520699992485,19040,4866240,158.49364074900222,0.3401718670011178,,0,0,140320,domain update trace; incremental tracing time not separately measured,,,,,,,,not_measured,258.70849881600043,2395308032,2403344384,8036352,18087936,60563968,42476032,measured,3.955416692999279,2404896768,2404913152,16384,18087936,60339200,42251264,measured,158.84228114800135,2405011456,2405031936,20480,18087936,60341248,42253312,measured,40.419185485722,40.15816625063485,0.975
numerical_feature_transformer,42,NF-UNSW-NB15,ssd_canonical,cuda,8770,35080,26580,6793480,0,96362,96362,0,0,35080,10.121009929000138,0.0,19040,4866240,158.49364074900222,0.3401718670011178,35.805495444999906,339674,5309,35080,full-training Fisher cache,35.81071484000131,2403340288.0,2404864000.0,1523712.0,18087936.0,28242432.0,10154496.0,measured,258.70849881600043,2395308032,2403344384,8036352,18087936,60563968,42476032,measured,10.1257171440011,2404909056,2404913152,4096,18087936,28242432,10154496,measured,158.84228114800135,2405011456,2405031936,20480,18087936,60341248,42253312,measured,15.659864169766696,15.687015436936846,0.9801978529624515
numerical_feature_transformer,42,NF-UNSW-NB15,ssd_canonical@alpha=1,cuda,8770,35080,26580,6793480,0,96362,96362,0,0,35080,10.17804045199955,0.0,19040,4866240,158.49364074900222,0.3401718670011178,35.805495444999906,339674,5309,35080,full-training Fisher cache,35.81071484000131,2403340288.0,2404864000.0,1523712.0,18087936.0,28242432.0,10154496.0,measured,258.70849881600043,2395308032,2403344384,8036352,18087936,60563968,42476032,measured,10.182845957000609,2404909056,2404913152,4096,18087936,28242432,10154496,measured,158.84228114800135,2405011456,2405031936,20480,18087936,60341248,42253312,measured,15.572117392976661,15.599006586051594,0.9801978529624515
numerical_feature_transformer,42,NF-UNSW-NB15,ssd_canonical@alpha=2,cuda,8770,35080,26580,6793480,0,96362,96362,0,0,35080,10.199738406998222,0.0,19040,4866240,158.49364074900222,0.3401718670011178,35.805495444999906,339674,5309,35080,full-training Fisher cache,35.81071484000131,2403340288.0,2404864000.0,1523712.0,18087936.0,28242432.0,10154496.0,measured,258.70849881600043,2395308032,2403344384,8036352,18087936,60563968,42476032,measured,10.204698436000399,2404909056,2404913152,4096,18087936,28242432,10154496,measured,158.84228114800135,2405011456,2405031936,20480,18087936,60341248,42253312,measured,15.53899074904283,15.565602662753212,0.9801978529624515
numerical_feature_transformer,42,NF-UNSW-NB15,ssd_canonical@alpha=3,cuda,8770,35080,26580,6793480,0,96362,96362,0,0,35080,10.25690709599985,0.0,19040,4866240,158.49364074900222,0.3401718670011178,35.805495444999906,339674,5309,35080,full-training Fisher cache,35.81071484000131,2403340288.0,2404864000.0,1523712.0,18087936.0,28242432.0,10154496.0,measured,258.70849881600043,2395308032,2403344384,8036352,18087936,60563968,42476032,measured,10.261557980000362,2404909056,2404913152,4096,18087936,28242432,10154496,measured,158.84228114800135,2405011456,2405031936,20480,18087936,60341248,42253312,measured,15.45238143093,15.479353277307677,0.9801978529624515
numerical_feature_transformer,42,NF-UNSW-NB15,ssd_canonical@alpha=5,cuda,8770,35080,26580,6793480,0,96362,96362,0,0,35080,10.222082337000757,0.0,19040,4866240,158.49364074900222,0.3401718670011178,35.805495444999906,339674,5309,35080,full-training Fisher cache,35.81071484000131,2403340288.0,2404864000.0,1523712.0,18087936.0,28242432.0,10154496.0,measured,258.70849881600043,2395308032,2403344384,8036352,18087936,60563968,42476032,measured,10.22672267300004,2404909056,2404913152,4096,18087936,28242432,10154496,measured,158.84228114800135,2405011456,2405031936,20480,18087936,60341248,42253312,measured,15.505024859299418,15.532080631008691,0.9801978529624515
numerical_feature_transformer,42,NF-UNSW-NB15,dc_ssd_no_contrast,cuda,8770,35080,26580,6793480,0,0,0,0,0,140320,0.03563877599845,0.0,19040,4866240,158.49364074900222,0.3401718670011178,36.13860522399955,339674,5310,140320,class-balanced per-domain Fisher bank,36.13878327299972,2404859904.0,2404892672.0,32768.0,18087936.0,28242432.0,10154496.0,measured,258.70849881600043,2395308032,2403344384,8036352,18087936,60563968,42476032,measured,0.0402205310001591,2404909056,2404913152,4096,18087936,18170368,82432,measured,158.84228114800135,2405011456,2405031936,20480,18087936,60341248,42253312,measured,4447.224583579847,3949.2835424617597,1.0
numerical_feature_transformer,42,NF-UNSW-NB15,dc_ssd_no_class_balance,cuda,8770,35080,26580,6793480,0,0,0,0,0,140320,0.03526594799950544,0.0,19040,4866240,158.49364074900222,0.3401718670011178,35.875234985000134,339674,5310,140320,empirical-weighted class-conditional per-domain Fisher bank,35.875388316999306,2404888576.0,2404900864.0,12288.0,18087936.0,28242432.0,10154496.0,measured,258.70849881600043,2395308032,2403344384,8036352,18087936,60563968,42476032,measured,0.0399587479987531,2404909056,2404913152,4096,18087936,18170368,82432,measured,158.84228114800135,2405011456,2405031936,20480,18087936,60341248,42253312,measured,4494.240187481275,3975.156607833608,1.0
numerical_feature_transformer,42,NF-UNSW-NB15,dc_ssd,cuda,8770,35080,26580,6793480,0,0,0,0,0,140320,0.03511753599923395,0.0,19040,4866240,158.49364074900222,0.3401718670011178,36.13860522399955,339674,5310,140320,class-balanced per-domain Fisher bank,36.13878327299972,2404859904.0,2404892672.0,32768.0,18087936.0,28242432.0,10154496.0,measured,258.70849881600043,2395308032,2403344384,8036352,18087936,60563968,42476032,measured,0.039691603000392206,2404909056,2404913152,4096,18087936,18170368,82432,measured,158.84228114800135,2405011456,2405031936,20480,18087936,60341248,42253312,measured,4513.23352391408,4001.9114659196753,1.0
numerical_feature_transformer,42,NF-UNSW-NB15,scrub_r,cuda,8770,35080,26580,6793480,11730,922660,96362,243312,310061,140320,122.86488163600006,121.96242438400441,19040,4866240,158.49364074900222,0.3401718670011178,0.0,0,0,0,none,,,,,,,,not_measured,258.70849881600043,2395308032,2403344384,8036352,18087936,60563968,42476032,measured,122.87528931900124,2404909056,2404986880,77824,18087936,46584320,28496384,measured,158.84228114800135,2405011456,2405031936,20480,18087936,60341248,42253312,measured,1.289983261600789,1.2927113500878507,0.810395705924903
numerical_feature_transformer,42,NF-UNSW-NB15,scrub_r@lr=0.0001,cuda,8770,35080,26580,6793480,11730,922660,96362,243312,310061,140320,123.09866740300095,122.23673310499726,19040,4866240,158.49364074900222,0.3401718670011178,0.0,0,0,0,none,,,,,,,,not_measured,258.70849881600043,2395308032,2403344384,8036352,18087936,60563968,42476032,measured,123.10910053899897,2404982784,2405007360,24576,18087936,46584320,28496384,measured,158.84228114800135,2405011456,2405031936,20480,18087936,60341248,42253312,measured,1.2875333591559124,1.2902562073198047,0.810395705924903
numerical_feature_transformer,42,NF-UNSW-NB15,scrub_r@lr=0.001,cuda,8770,35080,26580,6793480,11730,922660,96362,243312,310061,140320,122.2765122339988,121.39847874500083,19040,4866240,158.49364074900222,0.3401718670011178,0.0,0,0,0,none,,,,,,,,not_measured,258.70849881600043,2395308032,2403344384,8036352,18087936,60563968,42476032,measured,122.28667538899936,2405003264,2405015552,12288,18087936,46584320,28496384,measured,158.84228114800135,2405011456,2405031936,20480,18087936,60341248,42253312,measured,1.296190395467735,1.2989336789369486,0.810395705924903
numerical_feature_transformer,42,NF-ToN-IoT,rollback_repair,cuda,8770,35080,26580,6793480,594,151418,0,132702,0,140320,4.906249810999725,4.902683922000506,23700,6056680,198.73532968399923,0.39657870799965167,,0,0,140320,domain update trace; incremental tracing time not separately measured,,,,,,,,not_measured,258.70849881600043,2395308032,2403344384,8036352,18087936,60563968,42476032,measured,4.947696510000242,2426568704,2426589184,20480,18087936,60339200,42251264,measured,199.14040999499957,2426626048,2426654720,28672,18087936,60341248,42253312,measured,40.506565572433374,40.24911584461551,0.9749998348930438
numerical_feature_transformer,42,NF-ToN-IoT,ssd_canonical,cuda,8770,35080,26580,6793480,0,36840,36840,0,0,35080,3.938435842999752,0.0,23700,6056680,198.73532968399923,0.39657870799965167,35.805495444999906,339674,5309,35080,full-training Fisher cache,35.81071484000131,2403340288.0,2404864000.0,1523712.0,18087936.0,28242432.0,10154496.0,measured,258.70849881600043,2395308032,2403344384,8036352,18087936,60563968,42476032,measured,3.943435056000453,2426585088,2426589184,4096,18087936,28242432,10154496,measured,199.14040999499957,2426626048,2426654720,28672,18087936,60341248,42253312,measured,50.46047151872108,50.4992239423295,0.9939174597304133
numerical_feature_transformer,42,NF-ToN-IoT,ssd_canonical@alpha=1,cuda,8770,35080,26580,6793480,0,36840,36840,0,0,35080,3.9919982260016695,0.0,23700,6056680,198.73532968399923,0.39657870799965167,35.805495444999906,339674,5309,35080,full-training Fisher cache,35.81071484000131,2403340288.0,2404864000.0,1523712.0,18087936.0,28242432.0,10154496.0,measured,258.70849881600043,2395308032,2403344384,8036352,18087936,60563968,42476032,measured,3.99672506800016,2426585088,2426589184,4096,18087936,28242432,10154496,measured,199.14040999499957,2426626048,2426654720,28672,18087936,60341248,42253312,measured,49.78342134261162,49.82589660455264,0.9939174597304133
numerical_feature_transformer,42,NF-ToN-IoT,ssd_canonical@alpha=2,cuda,8770,35080,26580,6793480,0,36840,36840,0,0,35080,3.934413871000288,0.0,23700,6056680,198.73532968399923,0.39657870799965167,35.805495444999906,339674,5309,35080,full-training Fisher cache,35.81071484000131,2403340288.0,2404864000.0,1523712.0,18087936.0,28242432.0,10154496.0,measured,258.70849881600043,2395308032,2403344384,8036352,18087936,60563968,42476032,measured,3.9393438269999024,2426585088,2426589184,4096,18087936,28242432,10154496,measured,199.14040999499957,2426626048,2426654720,28672,18087936,60341248,42253312,measured,50.512054959147605,50.5516702122088,0.9939174597304133
numerical_feature_transformer,42,NF-ToN-IoT,ssd_canonical@alpha=3,cuda,8770,35080,26580,6793480,0,36840,36840,0,0,35080,3.9256281670004682,0.0,23700,6056680,198.73532968399923,0.39657870799965167,35.805495444999906,339674,5309,35080,full-training Fisher cache,35.81071484000131,2403340288.0,2404864000.0,1523712.0,18087936.0,28242432.0,10154496.0,measured,258.70849881600043,2395308032,2403344384,8036352,18087936,60563968,42476032,measured,3.9301742400002695,2426585088,2426589184,4096,18087936,28242432,10154496,measured,199.14040999499957,2426626048,2426654720,28672,18087936,60341248,42253312,measured,50.62510284458521,50.66961356781625,0.9939174597304133
numerical_feature_transformer,42,NF-ToN-IoT,ssd_canonical@alpha=5,cuda,8770,35080,26580,6793480,0,36840,36840,0,0,35080,3.95899879100034,0.0,23700,6056680,198.73532968399923,0.39657870799965167,35.805495444999906,339674,5309,35080,full-training Fisher cache,35.81071484000131,2403340288.0,2404864000.0,1523712.0,18087936.0,28242432.0,10154496.0,measured,258.70849881600043,2395308032,2403344384,8036352,18087936,60563968,42476032,measured,3.9639674270001706,2426585088,2426589184,4096,18087936,28242432,10154496,measured,199.14040999499957,2426626048,2426654720,28672,18087936,60341248,42253312,measured,50.1983809986928,50.23765045054973,0.9939174597304133
numerical_feature_transformer,42,NF-ToN-IoT,dc_ssd_no_contrast,cuda,8770,35080,26580,6793480,0,0,0,0,0,140320,0.058125560000917176,0.0,23700,6056680,198.73532968399923,0.39657870799965167,36.13860522399955,339674,5310,140320,class-balanced per-domain Fisher bank,36.13878327299972,2404859904.0,2404892672.0,32768.0,18087936.0,28242432.0,10154496.0,measured,258.70849881600043,2395308032,2403344384,8036352,18087936,60563968,42476032,measured,0.0634177379997709,2426585088,2426589184,4096,18087936,18178560,90624,measured,199.14040999499957,2426626048,2426654720,28672,18087936,60341248,42253312,measured,3419.069505409726,3140.137385469645,1.0
numerical_feature_transformer,42,NF-ToN-IoT,dc_ssd_no_class_balance,cuda,8770,35080,26580,6793480,0,0,0,0,0,140320,0.05840019400056917,0.0,23700,6056680,198.73532968399923,0.39657870799965167,35.875234985000134,339674,5310,140320,empirical-weighted class-conditional per-domain Fisher bank,35.875388316999306,2404888576.0,2404900864.0,12288.0,18087936.0,28242432.0,10154496.0,measured,258.70849881600043,2395308032,2403344384,8036352,18087936,60563968,42476032,measured,0.06363704799878178,2426585088,2426589184,4096,18087936,18195456,107520,measured,199.14040999499957,2426626048,2426654720,28672,18087936,60341248,42253312,measured,3402.990916127134,3129.315646426776,1.0
numerical_feature_transformer,42,NF-ToN-IoT,dc_ssd,cuda,8770,35080,26580,6793480,0,0,0,0,0,140320,0.05756203800046933,0.0,23700,6056680,198.73532968399923,0.39657870799965167,36.13860522399955,339674,5310,140320,class-balanced per-domain Fisher bank,36.13878327299972,2404859904.0,2404892672.0,32768.0,18087936.0,28242432.0,10154496.0,measured,258.70849881600043,2395308032,2403344384,8036352,18087936,60563968,42476032,measured,0.06283135900048364,2426585088,2426589184,4096,18087936,18182144,94208,measured,199.14040999499957,2426626048,2426654720,28672,18087936,60341248,42253312,measured,3452.541581004808,3169.4429845686877,1.0
numerical_feature_transformer,42,NF-ToN-IoT,scrub_r,cuda,8770,35080,26580,6793480,9405,982182,36840,302834,119347,140320,99.19745058399894,98.83577097399939,23700,6056680,198.73532968399923,0.39657870799965167,0.0,0,0,0,none,,,,,,,,not_measured,258.70849881600043,2395308032,2403344384,8036352,18087936,60563968,42476032,measured,99.20803256799991,2426585088,2426605568,20480,18087936,46584320,28496384,measured,199.14040999499957,2426626048,2426654720,28672,18087936,60341248,42253312,measured,2.0034318272697247,2.0073012722886454,0.8378349194608268
numerical_feature_transformer,42,NF-ToN-IoT,scrub_r@lr=0.0001,cuda,8770,35080,26580,6793480,9405,982182,36840,302834,119347,140320,100.00998385999992,99.64249930799997,23700,6056680,198.73532968399923,0.39657870799965167,0.0,0,0,0,none,,,,,,,,not_measured,258.70849881600043,2395308032,2403344384,8036352,18087936,60563968,42476032,measured,100.02019153299989,2426601472,2426613760,12288,18087936,46584320,28496384,measured,199.14040999499957,2426626048,2426654720,28672,18087936,60341248,42253312,measured,1.9871549020765873,1.991002086106751,0.8378349194608268
numerical_feature_transformer,42,NF-ToN-IoT,scrub_r@lr=0.001,cuda,8770,35080,26580,6793480,9405,982182,36840,302834,119347,140320,99.52289312500034,99.15443336200042,23700,6056680,198.73532968399923,0.39657870799965167,0.0,0,0,0,none,,,,,,,,not_measured,258.70849881600043,2395308032,2403344384,8036352,18087936,60563968,42476032,measured,99.53356832200006,2426609664,2426630144,20480,18087936,46584320,28496384,measured,199.14040999499957,2426626048,2426654720,28672,18087936,60341248,42253312,measured,1.996880551235468,2.000736167227145,0.8378349194608268
numerical_feature_transformer,42,NF-BoT-IoT,rollback_repair,cuda,8770,35080,26580,6793480,470,119730,0,104839,0,140320,3.9246524649988714,3.92117017900091,18740,4789140,156.54404548700586,0.28075132699996175,,0,0,140320,domain update trace; incremental tracing time not separately measured,,,,,,,,not_measured,258.70849881600043,2395308032,2403344384,8036352,18087936,60563968,42476032,measured,3.958848869000576,2426703872,2426707968,4096,18087936,60339200,42251264,measured,156.83388514599937,2426744832,2426765312,20480,18087936,60341248,42253312,measured,39.887365029925235,39.61603242146311,0.9749996867913655
numerical_feature_transformer,42,NF-BoT-IoT,ssd_canonical,cuda,8770,35080,26580,6793480,0,100217,100217,0,0,35080,10.764199193999957,0.0,18740,4789140,156.54404548700586,0.28075132699996175,35.805495444999906,339674,5309,35080,full-training Fisher cache,35.81071484000131,2403340288.0,2404864000.0,1523712.0,18087936.0,28242432.0,10154496.0,measured,258.70849881600043,2395308032,2403344384,8036352,18087936,60563968,42476032,measured,10.769292648999908,2426703872,2426707968,4096,18087936,28242432,10154496,measured,156.83388514599937,2426744832,2426765312,20480,18087936,60341248,42253312,measured,14.543027555107365,14.563062798796148,0.9790741135151614
numerical_feature_transformer,42,NF-BoT-IoT,ssd_canonical@alpha=1,cuda,8770,35080,26580,6793480,0,100217,100217,0,0,35080,10.709089826001218,0.0,18740,4789140,156.54404548700586,0.28075132699996175,35.805495444999906,339674,5309,35080,full-training Fisher cache,35.81071484000131,2403340288.0,2404864000.0,1523712.0,18087936.0,28242432.0,10154496.0,measured,258.70849881600043,2395308032,2403344384,8036352,18087936,60563968,42476032,measured,10.713779628000339,2426703872,2426707968,4096,18087936,28242432,10154496,measured,156.83388514599937,2426744832,2426765312,20480,18087936,60341248,42253312,measured,14.617866506911122,14.638520726720554,0.9790741135151614
numerical_feature_transformer,42,NF-BoT-IoT,ssd_canonical@alpha=2,cuda,8770,35080,26580,6793480,0,100217,100217,0,0,35080,10.555215005999344,0.0,18740,4789140,156.54404548700586,0.28075132699996175,35.805495444999906,339674,5309,35080,full-training Fisher cache,35.81071484000131,2403340288.0,2404864000.0,1523712.0,18087936.0,28242432.0,10154496.0,measured,258.70849881600043,2395308032,2403344384,8036352,18087936,60563968,42476032,measured,10.559742657998868,2426703872,2426707968,4096,18087936,28242432,10154496,measured,156.83388514599937,2426744832,2426765312,20480,18087936,60341248,42253312,measured,14.830967005222517,14.852055606411938,0.9790741135151614
numerical_feature_transformer,42,NF-BoT-IoT,ssd_canonical@alpha=3,cuda,8770,35080,26580,6793480,0,100217,100217,0,0,35080,10.732087462998606,0.0,18740,4789140,156.54404548700586,0.28075132699996175,35.805495444999906,339674,5309,35080,full-training Fisher cache,35.81071484000131,2403340288.0,2404864000.0,1523712.0,18087936.0,28242432.0,10154496.0,measured,258.70849881600043,2395308032,2403344384,8036352,18087936,60563968,42476032,measured,10.73706098799994,2426703872,2426707968,4096,18087936,28242432,10154496,measured,156.83388514599937,2426744832,2426765312,20480,18087936,60341248,42253312,measured,14.586542089479632,14.606779762290781,0.9790741135151614
numerical_feature_transformer,42,NF-BoT-IoT,ssd_canonical@alpha=5,cuda,8770,35080,26580,6793480,0,100217,100217,0,0,35080,10.7222324939994,0.0,18740,4789140,156.54404548700586,0.28075132699996175,35.805495444999906,339674,5309,35080,full-training Fisher cache,35.81071484000131,2403340288.0,2404864000.0,1523712.0,18087936.0,28242432.0,10154496.0,measured,258.70849881600043,2395308032,2403344384,8036352,18087936,60563968,42476032,measured,10.727820901000086,2426703872,2426716160,12288,18087936,28242432,10154496,measured,156.83388514599937,2426744832,2426765312,20480,18087936,60341248,42253312,measured,14.599948804935382,14.619360874246022,0.9790741135151614
numerical_feature_transformer,42,NF-BoT-IoT,dc_ssd_no_contrast,cuda,8770,35080,26580,6793480,0,0,0,0,0,140320,0.05661471099847404,0.0,18740,4789140,156.54404548700586,0.28075132699996175,36.13860522399955,339674,5310,140320,class-balanced per-domain Fisher bank,36.13878327299972,2404859904.0,2404892672.0,32768.0,18087936.0,28242432.0,10154496.0,measured,258.70849881600043,2395308032,2403344384,8036352,18087936,60563968,42476032,measured,0.061799953000445385,2426712064,2426716160,4096,18087936,18170368,82432,measured,156.83388514599937,2426744832,2426765312,20480,18087936,60341248,42253312,measured,2765.0771809331545,2537.767061811019,1.0
numerical_feature_transformer,42,NF-BoT-IoT,dc_ssd_no_class_balance,cuda,8770,35080,26580,6793480,0,0,0,0,0,140320,0.03664647799996601,0.0,18740,4789140,156.54404548700586,0.28075132699996175,35.875234985000134,339674,5310,140320,empirical-weighted class-conditional per-domain Fisher bank,35.875388316999306,2404888576.0,2404900864.0,12288.0,18087936.0,28242432.0,10154496.0,measured,258.70849881600043,2395308032,2403344384,8036352,18087936,60563968,42476032,measured,0.041849822000585846,2426712064,2426716160,4096,18087936,18170368,82432,measured,156.83388514599937,2426744832,2426765312,20480,18087936,60341248,42253312,measured,4271.73507607337,3747.5400766054368,1.0
numerical_feature_transformer,42,NF-BoT-IoT,dc_ssd,cuda,8770,35080,26580,6793480,0,0,0,0,0,140320,0.0579957240006479,0.0,18740,4789140,156.54404548700586,0.28075132699996175,36.13860522399955,339674,5310,140320,class-balanced per-domain Fisher bank,36.13878327299972,2404859904.0,2404892672.0,32768.0,18087936.0,28242432.0,10154496.0,measured,258.70849881600043,2395308032,2403344384,8036352,18087936,60563968,42476032,measured,0.06308873499983747,2426712064,2426716160,4096,18087936,18173440,85504,measured,156.83388514599937,2426744832,2426765312,20480,18087936,60341248,42253312,measured,2699.2342657065033,2485.92534224063,1.0
numerical_feature_transformer,42,NF-BoT-IoT,scrub_r,cuda,8770,35080,26580,6793480,11880,918805,100217,239457,330351,140320,124.61615846600034,123.68622853700253,18740,4789140,156.54404548700586,0.28075132699996175,0.0,0,0,0,none,,,,,,,,not_measured,258.70849881600043,2395308032,2403344384,8036352,18087936,60563968,42476032,measured,124.62644174100024,2426712064,2426732544,20480,18087936,46584320,28496384,measured,156.83388514599937,2426744832,2426765312,20480,18087936,60341248,42253312,measured,1.2562098480167527,1.2584318620917776,0.8081482270303227
numerical_feature_transformer,42,NF-BoT-IoT,scrub_r@lr=0.0001,cuda,8770,35080,26580,6793480,11880,918805,100217,239457,330351,140320,125.16183704899959,124.23359352799707,18740,4789140,156.54404548700586,0.28075132699996175,0.0,0,0,0,none,,,,,,,,not_measured,258.70849881600043,2395308032,2403344384,8036352,18087936,60563968,42476032,measured,125.1721649939991,2426728448,2426732544,4096,18087936,46584320,28496384,measured,156.83388514599937,2426744832,2426765312,20480,18087936,60341248,42253312,measured,1.2507330443361937,1.2529453745049322,0.8081482270303227
numerical_feature_transformer,42,NF-BoT-IoT,scrub_r@lr=0.001,cuda,8770,35080,26580,6793480,11880,918805,100217,239457,330351,140320,125.03557270300007,124.11562793200028,18740,4789140,156.54404548700586,0.28075132699996175,0.0,0,0,0,none,,,,,,,,not_measured,258.70849881600043,2395308032,2403344384,8036352,18087936,60563968,42476032,measured,125.04590609200022,2426728448,2426748928,20480,18087936,46584320,28496384,measured,156.83388514599937,2426744832,2426765312,20480,18087936,60341248,42253312,measured,1.2519960688215392,1.2542104739567541,0.8081482270303227
numerical_feature_transformer,42,NF-CSE-CIC-IDS2018,rollback_repair,cuda,8770,35080,26580,6793480,458,116710,0,101958,0,140320,3.797738680999828,3.794286108999586,18260,4668380,152.40381527499812,0.3256019250002282,,0,0,140320,domain update trace; incremental tracing time not separately measured,,,,,,,,not_measured,258.70849881600043,2395308032,2403344384,8036352,18087936,60563968,42476032,measured,3.8300636280000617,2428338176,2428342272,4096,18087936,60339200,42251264,measured,152.73788946899913,2428379136,2428407808,28672,18087936,60341248,42253312,measured,40.130147984504,39.87868200214575,0.9749998928964652
numerical_feature_transformer,42,NF-CSE-CIC-IDS2018,ssd_canonical,cuda,8770,35080,26580,6793480,0,106255,106255,0,0,35080,11.276505732999794,0.0,18260,4668380,152.40381527499812,0.3256019250002282,35.805495444999906,339674,5309,35080,full-training Fisher cache,35.81071484000131,2403340288.0,2404864000.0,1523712.0,18087936.0,28242432.0,10154496.0,measured,258.70849881600043,2395308032,2403344384,8036352,18087936,60563968,42476032,measured,11.281015168999147,2428338176,2428342272,4096,18087936,28242432,10154496,measured,152.73788946899913,2428379136,2428407808,28672,18087936,60341248,42253312,measured,13.51516319714187,13.539374531534298,0.9772394278100754
numerical_feature_transformer,42,NF-CSE-CIC-IDS2018,ssd_canonical@alpha=1,cuda,8770,35080,26580,6793480,0,106255,106255,0,0,35080,11.33768407199932,0.0,18260,4668380,152.40381527499812,0.3256019250002282,35.805495444999906,339674,5309,35080,full-training Fisher cache,35.81071484000131,2403340288.0,2404864000.0,1523712.0,18087936.0,28242432.0,10154496.0,measured,258.70849881600043,2395308032,2403344384,8036352,18087936,60563968,42476032,measured,11.34228873399843,2428338176,2428342272,4096,18087936,28242432,10154496,measured,152.73788946899913,2428379136,2428407808,28672,18087936,60341248,42253312,measured,13.442235143188533,13.466231820670231,0.9772394278100754
numerical_feature_transformer,42,NF-CSE-CIC-IDS2018,ssd_canonical@alpha=2,cuda,8770,35080,26580,6793480,0,106255,106255,0,0,35080,11.469088145999194,0.0,18260,4668380,152.40381527499812,0.3256019250002282,35.805495444999906,339674,5309,35080,full-training Fisher cache,35.81071484000131,2403340288.0,2404864000.0,1523712.0,18087936.0,28242432.0,10154496.0,measured,258.70849881600043,2395308032,2403344384,8036352,18087936,60563968,42476032,measured,11.47431339600007,2428338176,2428350464,12288,18087936,28242432,10154496,measured,152.73788946899913,2428379136,2428407808,28672,18087936,60341248,42253312,measured,13.288224254180287,13.311287934861824,0.9772394278100754
numerical_feature_transformer,42,NF-CSE-CIC-IDS2018,ssd_canonical@alpha=3,cuda,8770,35080,26580,6793480,0,106255,106255,0,0,35080,11.353129273999002,0.0,18260,4668380,152.40381527499812,0.3256019250002282,35.805495444999906,339674,5309,35080,full-training Fisher cache,35.81071484000131,2403340288.0,2404864000.0,1523712.0,18087936.0,28242432.0,10154496.0,measured,258.70849881600043,2395308032,2403344384,8036352,18087936,60563968,42476032,measured,11.358171555999434,2428346368,2428350464,4096,18087936,28242432,10154496,measured,152.73788946899913,2428379136,2428407808,28672,18087936,60341248,42253312,measured,13.423947847051664,13.44740116980557,0.9772394278100754
numerical_feature_transformer,42,NF-CSE-CIC-IDS2018,ssd_canonical@alpha=5,cuda,8770,35080,26580,6793480,0,106255,106255,0,0,35080,11.294269377000091,0.0,18260,4668380,152.40381527499812,0.3256019250002282,35.805495444999906,339674,5309,35080,full-training Fisher cache,35.81071484000131,2403340288.0,2404864000.0,1523712.0,18087936.0,28242432.0,10154496.0,measured,258.70849881600043,2395308032,2403344384,8036352,18087936,60563968,42476032,measured,11.299277445999905,2428346368,2428350464,4096,18087936,28242432,10154496,measured,152.73788946899913,2428379136,2428407808,28672,18087936,60341248,42253312,measured,13.493906527973978,13.517491733338256,0.9772394278100754
numerical_feature_transformer,42,NF-CSE-CIC-IDS2018,dc_ssd_no_contrast,cuda,8770,35080,26580,6793480,0,0,0,0,0,140320,0.050559500999952434,0.0,18260,4668380,152.40381527499812,0.3256019250002282,36.13860522399955,339674,5310,140320,class-balanced per-domain Fisher bank,36.13878327299972,2404859904.0,2404892672.0,32768.0,18087936.0,28242432.0,10154496.0,measured,258.70849881600043,2395308032,2403344384,8036352,18087936,60563968,42476032,measured,0.05557565699928091,2428346368,2428350464,4096,18087936,18170368,82432,measured,152.73788946899913,2428379136,2428407808,28672,18087936,60341248,42253312,measured,3014.34571664664,2748.2876085653006,1.0
numerical_feature_transformer,42,NF-CSE-CIC-IDS2018,dc_ssd_no_class_balance,cuda,8770,35080,26580,6793480,0,0,0,0,0,140320,0.05266461999963212,0.0,18260,4668380,152.40381527499812,0.3256019250002282,35.875234985000134,339674,5310,140320,empirical-weighted class-conditional per-domain Fisher bank,35.875388316999306,2404888576.0,2404900864.0,12288.0,18087936.0,28242432.0,10154496.0,measured,258.70849881600043,2395308032,2403344384,8036352,18087936,60563968,42476032,measured,0.05776438800057804,2428346368,2428350464,4096,18087936,18170368,82432,measured,152.73788946899913,2428379136,2428407808,28672,18087936,60341248,42253312,measured,2893.8557854601954,2644.153166955923,1.0
numerical_feature_transformer,42,NF-CSE-CIC-IDS2018,dc_ssd,cuda,8770,35080,26580,6793480,0,0,0,0,0,140320,0.051810249000482145,0.0,18260,4668380,152.40381527499812,0.3256019250002282,36.13860522399955,339674,5310,140320,class-balanced per-domain Fisher bank,36.13878327299972,2404859904.0,2404892672.0,32768.0,18087936.0,28242432.0,10154496.0,measured,258.70849881600043,2395308032,2403344384,8036352,18087936,60563968,42476032,measured,0.056808797000485356,2428346368,2428350464,4096,18087936,18170368,82432,measured,152.73788946899913,2428379136,2428407808,28672,18087936,60341248,42253312,measured,2941.5765840766344,2688.6309433324946,1.0
numerical_feature_transformer,42,NF-CSE-CIC-IDS2018,scrub_r,cuda,8770,35080,26580,6793480,12114,912767,106255,233419,342154,140320,127.15446186599911,126.19452763200206,18260,4668380,152.40381527499812,0.3256019250002282,0.0,0,0,0,none,,,,,,,,not_measured,258.70849881600043,2395308032,2403344384,8036352,18087936,60563968,42476032,measured,127.16476034799962,2428346368,2428358656,12288,18087936,46584320,28496384,measured,152.73788946899913,2428379136,2428407808,28672,18087936,60341248,42253312,measured,1.1985722957611025,1.2011023262342175,0.8044788556201509
numerical_feature_transformer,42,NF-CSE-CIC-IDS2018,scrub_r@lr=0.0001,cuda,8770,35080,26580,6793480,12114,912767,106255,233419,342154,140320,126.94039402199996,125.95979112700115,18260,4668380,152.40381527499812,0.3256019250002282,0.0,0,0,0,none,,,,,,,,not_measured,258.70849881600043,2395308032,2403344384,8036352,18087936,60563968,42476032,measured,126.95051807000164,2428354560,2428375040,20480,18087936,46584320,28496384,measured,152.73788946899913,2428379136,2428407808,28672,18087936,60341248,42253312,measured,1.2005935261913958,1.2031293120424928,0.8044788556201509
numerical_feature_transformer,42,NF-CSE-CIC-IDS2018,scrub_r@lr=0.001,cuda,8770,35080,26580,6793480,12114,912767,106255,233419,342154,140320,126.62947113200062,125.67521482700067,18260,4668380,152.40381527499812,0.3256019250002282,0.0,0,0,0,none,,,,,,,,not_measured,258.70849881600043,2395308032,2403344384,8036352,18087936,60563968,42476032,measured,126.63961025699973,2428370944,2428383232,12288,18087936,46584320,28496384,measured,152.73788946899913,2428379136,2428407808,28672,18087936,60341248,42253312,measured,1.203541434016809,1.2060830664200253,0.8044788556201509
mlp,1337,NF-UNSW-NB15,rollback_repair,cuda,16994,67976,26580,6793480,476,121656,0,106340,0,271904,1.7056655310007045,1.703987134000272,19040,4866240,68.5253327169994,0.15399700699890673,,0,0,271904,domain update trace; incremental tracing time not separately measured,,,,,,,,not_measured,111.83054958200046,2429964288,2429984768,20480,18087936,19344896,1256960,measured,1.7370585130011023,2429980672,2429984768,4096,18087936,18989568,901632,measured,68.68461839599877,2429997056,2430009344,12288,18087936,18991616,903680,measured,40.17512898721473,39.54076266396628,0.975
mlp,1337,NF-UNSW-NB15,ssd_canonical,cuda,16994,67976,26580,6793480,0,96362,96362,0,0,67976,2.9853254059999017,0.0,19040,4866240,68.5253327169994,0.15399700699890673,10.819513422000455,339674,5309,67976,full-training Fisher cache,10.82200680599999,2429980672.0,2429984768.0,4096.0,18087936.0,18436608.0,348672.0,measured,111.83054958200046,2429964288,2429984768,20480,18087936,19344896,1256960,measured,2.987817155000812,2429980672,2429984768,4096,18087936,18454528,366592,measured,68.68461839599877,2429997056,2430009344,12288,18087936,18991616,903680,measured,22.95405806659378,22.98822679996966,0.9801978529624515
mlp,1337,NF-UNSW-NB15,ssd_canonical@alpha=1,cuda,16994,67976,26580,6793480,0,96362,96362,0,0,67976,3.2685197800001333,0.0,19040,4866240,68.5253327169994,0.15399700699890673,10.819513422000455,339674,5309,67976,full-training Fisher cache,10.82200680599999,2429980672.0,2429984768.0,4096.0,18087936.0,18436608.0,348672.0,measured,111.83054958200046,2429964288,2429984768,20480,18087936,19344896,1256960,measured,3.271004637999795,2429980672,2429984768,4096,18087936,18454528,366592,measured,68.68461839599877,2429997056,2430009344,12288,18087936,18991616,903680,measured,20.9652495102834,20.998019262363112,0.9801978529624515
mlp,1337,NF-UNSW-NB15,ssd_canonical@alpha=2,cuda,16994,67976,26580,6793480,0,96362,96362,0,0,67976,3.0681844360005925,0.0,19040,4866240,68.5253327169994,0.15399700699890673,10.819513422000455,339674,5309,67976,full-training Fisher cache,10.82200680599999,2429980672.0,2429984768.0,4096.0,18087936.0,18436608.0,348672.0,measured,111.83054958200046,2429964288,2429984768,20480,18087936,19344896,1256960,measured,3.070692687000701,2429980672,2429984768,4096,18087936,18454528,366592,measured,68.68461839599877,2429997056,2430009344,12288,18087936,18991616,903680,measured,22.33416345932672,22.367793002134142,0.9801978529624515
mlp,1337,NF-UNSW-NB15,ssd_canonical@alpha=3,cuda,16994,67976,26580,6793480,0,96362,96362,0,0,67976,3.0550802079997084,0.0,19040,4866240,68.5253327169994,0.15399700699890673,10.819513422000455,339674,5309,67976,full-training Fisher cache,10.82200680599999,2429980672.0,2429984768.0,4096.0,18087936.0,18436608.0,348672.0,measured,111.83054958200046,2429964288,2429984768,20480,18087936,19344896,1256960,measured,3.0575594600013574,2429980672,2429984768,4096,18087936,18454528,366592,measured,68.68461839599877,2429997056,2430009344,12288,18087936,18991616,903680,measured,22.42996191640607,22.463870055357248,0.9801978529624515
mlp,1337,NF-UNSW-NB15,ssd_canonical@alpha=5,cuda,16994,67976,26580,6793480,0,96362,96362,0,0,67976,3.2327951830011443,0.0,19040,4866240,68.5253327169994,0.15399700699890673,10.819513422000455,339674,5309,67976,full-training Fisher cache,10.82200680599999,2429980672.0,2429984768.0,4096.0,18087936.0,18436608.0,348672.0,measured,111.83054958200046,2429964288,2429984768,20480,18087936,19344896,1256960,measured,3.2358533829992666,2429980672,2429992960,12288,18087936,18454528,366592,measured,68.68461839599877,2429997056,2430009344,12288,18087936,18991616,903680,measured,21.196929851084583,21.226121911721467,0.9801978529624515
mlp,1337,NF-UNSW-NB15,dc_ssd_no_contrast,cuda,16994,67976,26580,6793480,0,0,0,0,0,271904,0.01903560800019477,0.0,19040,4866240,68.5253327169994,0.15399700699890673,10.55775637700026,339674,5310,271904,class-balanced per-domain Fisher bank,10.557878854000592,2429980672.0,2429984768.0,4096.0,18087936.0,18436608.0,348672.0,measured,111.83054958200046,2429964288,2429984768,20480,18087936,19344896,1256960,measured,0.02233203899959335,2429988864,2429992960,4096,18087936,18454528,366592,measured,68.68461839599877,2429997056,2430009344,12288,18087936,18991616,903680,measured,3599.8499609940623,3075.608922107357,1.0
mlp,1337,NF-UNSW-NB15,dc_ssd_no_class_balance,cuda,16994,67976,26580,6793480,0,0,0,0,0,271904,0.017540643999382155,0.0,19040,4866240,68.5253327169994,0.15399700699890673,10.787108988999535,339674,5310,271904,empirical-weighted class-conditional per-domain Fisher bank,10.787235816000248,2429980672.0,2429984768.0,4096.0,18087936.0,18436608.0,348672.0,measured,111.83054958200046,2429964288,2429984768,20480,18087936,19344896,1256960,measured,0.020007977000204846,2429988864,2429988864,0,18087936,18454528,366592,measured,68.68461839599877,2429997056,2430009344,12288,18087936,18991616,903680,measured,3906.6600245357645,3432.8617228666126,1.0
mlp,1337,NF-UNSW-NB15,dc_ssd,cuda,16994,67976,26580,6793480,0,0,0,0,0,271904,0.01980208300119557,0.0,19040,4866240,68.5253327169994,0.15399700699890673,10.55775637700026,339674,5310,271904,class-balanced per-domain Fisher bank,10.557878854000592,2429980672.0,2429984768.0,4096.0,18087936.0,18436608.0,348672.0,measured,111.83054958200046,2429964288,2429984768,20480,18087936,19344896,1256960,measured,0.022992432001046836,2429988864,2429992960,4096,18087936,18454528,366592,measured,68.68461839599877,2429997056,2430009344,12288,18087936,18991616,903680,measured,3460.5113367549325,2987.270698152835,1.0
mlp,1337,NF-UNSW-NB15,scrub_r,cuda,16994,67976,26580,6793480,11730,922660,96362,243312,310061,271904,56.615014402999805,56.25110055500227,19040,4866240,68.5253327169994,0.15399700699890673,0.0,0,0,0,none,,,,,,,,not_measured,111.83054958200046,2429964288,2429984768,20480,18087936,19344896,1256960,measured,56.620784463000746,2429988864,2429992960,4096,18087936,19028480,940544,measured,68.68461839599877,2429997056,2430009344,12288,18087936,18991616,903680,measured,1.210373845870973,1.213063701738029,0.810395705924903
mlp,1337,NF-UNSW-NB15,scrub_r@lr=0.0001,cuda,16994,67976,26580,6793480,11730,922660,96362,243312,310061,271904,56.63952717600114,56.278659063000305,19040,4866240,68.5253327169994,0.15399700699890673,0.0,0,0,0,none,,,,,,,,not_measured,111.83054958200046,2429964288,2429984768,20480,18087936,19344896,1256960,measured,56.64610230700055,2429988864,2430001152,12288,18087936,19028480,940544,measured,68.68461839599877,2429997056,2430009344,12288,18087936,18991616,903680,measured,1.2098500134731778,1.2125215257310027,0.810395705924903
mlp,1337,NF-UNSW-NB15,scrub_r@lr=0.001,cuda,16994,67976,26580,6793480,11730,922660,96362,243312,310061,271904,55.99832272099957,55.641071156996986,19040,4866240,68.5253327169994,0.15399700699890673,0.0,0,0,0,none,,,,,,,,not_measured,111.83054958200046,2429964288,2429984768,20480,18087936,19344896,1256960,measured,56.004193005999696,2429997056,2430001152,4096,18087936,19028480,940544,measured,68.68461839599877,2429997056,2430009344,12288,18087936,18991616,903680,measured,1.2237033073010624,1.22641921451561,0.810395705924903
mlp,1337,NF-ToN-IoT,rollback_repair,cuda,16994,67976,26580,6793480,594,151418,0,132471,0,271904,2.1175582949999807,2.1155871739993017,23700,6056680,86.38973614199858,0.18582810900079494,,0,0,271904,domain update trace; incremental tracing time not separately measured,,,,,,,,not_measured,111.83054958200046,2429964288,2429984768,20480,18087936,19344896,1256960,measured,2.157791872999951,2430046208,2430050304,4096,18087936,18989568,901632,measured,86.58165243700023,2430054400,2430066688,12288,18087936,18991616,903680,measured,40.79686322968472,40.12511749644642,0.9749998348930438
mlp,1337,NF-ToN-IoT,ssd_canonical,cuda,16994,67976,26580,6793480,0,36840,36840,0,0,67976,1.1656557000005705,0.0,23700,6056680,86.38973614199858,0.18582810900079494,10.819513422000455,339674,5309,67976,full-training Fisher cache,10.82200680599999,2429980672.0,2429984768.0,4096.0,18087936.0,18436608.0,348672.0,measured,111.83054958200046,2429964288,2429984768,20480,18087936,19344896,1256960,measured,1.168156251000255,2430046208,2430050304,4096,18087936,18454528,366592,measured,86.58165243700023,2430054400,2430066688,12288,18087936,18991616,903680,measured,74.11256698007507,74.11821180844868,0.9939174597304133
mlp,1337,NF-ToN-IoT,ssd_canonical@alpha=1,cuda,16994,67976,26580,6793480,0,36840,36840,0,0,67976,1.1941276109992032,0.0,23700,6056680,86.38973614199858,0.18582810900079494,10.819513422000455,339674,5309,67976,full-training Fisher cache,10.82200680599999,2429980672.0,2429984768.0,4096.0,18087936.0,18436608.0,348672.0,measured,111.83054958200046,2429964288,2429984768,20480,18087936,19344896,1256960,measured,1.19677365699863,2430046208,2430050304,4096,18087936,18728960,641024,measured,86.58165243700023,2430054400,2430066688,12288,18087936,18991616,903680,measured,72.3454807897045,72.34588757086867,0.9939174597304133
mlp,1337,NF-ToN-IoT,ssd_canonical@alpha=2,cuda,16994,67976,26580,6793480,0,36840,36840,0,0,67976,1.21097003199975,0.0,23700,6056680,86.38973614199858,0.18582810900079494,10.819513422000455,339674,5309,67976,full-training Fisher cache,10.82200680599999,2429980672.0,2429984768.0,4096.0,18087936.0,18436608.0,348672.0,measured,111.83054958200046,2429964288,2429984768,20480,18087936,19344896,1256960,measured,1.213471502000175,2430046208,2430050304,4096,18087936,18704896,616960,measured,86.58165243700023,2430054400,2430066688,12288,18087936,18991616,903680,measured,71.33928491965887,71.35037971166771,0.9939174597304133
mlp,1337,NF-ToN-IoT,ssd_canonical@alpha=3,cuda,16994,67976,26580,6793480,0,36840,36840,0,0,67976,1.158077002999562,0.0,23700,6056680,86.38973614199858,0.18582810900079494,10.819513422000455,339674,5309,67976,full-training Fisher cache,10.82200680599999,2429980672.0,2429984768.0,4096.0,18087936.0,18436608.0,348672.0,measured,111.83054958200046,2429964288,2429984768,20480,18087936,19344896,1256960,measured,1.1605854449990147,2430046208,2430050304,4096,18087936,18671104,583168,measured,86.58165243700023,2430054400,2430066688,12288,18087936,18991616,903680,measured,74.59757504746104,74.6017045191134,0.9939174597304133
mlp,1337,NF-ToN-IoT,ssd_canonical@alpha=5,cuda,16994,67976,26580,6793480,0,36840,36840,0,0,67976,1.166160475999277,0.0,23700,6056680,86.38973614199858,0.18582810900079494,10.819513422000455,339674,5309,67976,full-training Fisher cache,10.82200680599999,2429980672.0,2429984768.0,4096.0,18087936.0,18436608.0,348672.0,measured,111.83054958200046,2429964288,2429984768,20480,18087936,19344896,1256960,measured,1.1690155600008438,2430046208,2430050304,4096,18087936,18528768,440832,measured,86.58165243700023,2430054400,2430066688,12288,18087936,18991616,903680,measured,74.08048713704832,74.0637296880272,0.9939174597304133
mlp,1337,NF-ToN-IoT,dc_ssd_no_contrast,cuda,16994,67976,26580,6793480,0,0,0,0,0,271904,0.025915037000231678,0.0,23700,6056680,86.38973614199858,0.18582810900079494,10.55775637700026,339674,5310,271904,class-balanced per-domain Fisher bank,10.557878854000592,2429980672.0,2429984768.0,4096.0,18087936.0,18436608.0,348672.0,measured,111.83054958200046,2429964288,2429984768,20480,18087936,19344896,1256960,measured,0.028469130000303267,2430046208,2430050304,4096,18087936,18521600,433664,measured,86.58165243700023,2430054400,2430066688,12288,18087936,18991616,903680,measured,3333.575643408353,3041.246867609861,1.0
mlp,1337,NF-ToN-IoT,dc_ssd_no_class_balance,cuda,16994,67976,26580,6793480,0,0,0,0,0,271904,0.025340256001072703,0.0,23700,6056680,86.38973614199858,0.18582810900079494,10.787108988999535,339674,5310,271904,empirical-weighted class-conditional per-domain Fisher bank,10.787235816000248,2429980672.0,2429984768.0,4096.0,18087936.0,18436608.0,348672.0,measured,111.83054958200046,2429964288,2429984768,20480,18087936,19344896,1256960,measured,0.02785671700075909,2430046208,2430050304,4096,18087936,18715648,627712,measured,86.58165243700023,2430054400,2430066688,12288,18087936,18991616,903680,measured,3409.189557451256,3108.106832353608,1.0
mlp,1337,NF-ToN-IoT,dc_ssd,cuda,16994,67976,26580,6793480,0,0,0,0,0,271904,0.025242951000109315,0.0,23700,6056680,86.38973614199858,0.18582810900079494,10.55775637700026,339674,5310,271904,class-balanced per-domain Fisher bank,10.557878854000592,2429980672.0,2429984768.0,4096.0,18087936.0,18436608.0,348672.0,measured,111.83054958200046,2429964288,2429984768,20480,18087936,19344896,1256960,measured,0.02781600799971784,2430046208,2430050304,4096,18087936,18568192,480256,measured,86.58165243700023,2430054400,2430066688,12288,18087936,18991616,903680,measured,3422.3310951886915,3112.6555772445313,1.0
mlp,1337,NF-ToN-IoT,scrub_r,cuda,16994,67976,26580,6793480,9405,982182,36840,302834,119347,271904,45.710307620000094,45.56352046200118,23700,6056680,86.38973614199858,0.18582810900079494,0.0,0,0,0,none,,,,,,,,not_measured,111.83054958200046,2429964288,2429984768,20480,18087936,19344896,1256960,measured,45.716395871000714,2430046208,2430050304,4096,18087936,19028480,940544,measured,86.58165243700023,2430054400,2430066688,12288,18087936,18991616,903680,measured,1.889939942215563,1.8938862258807585,0.8378349194608268
mlp,1337,NF-ToN-IoT,scrub_r@lr=0.0001,cuda,16994,67976,26580,6793480,9405,982182,36840,302834,119347,271904,45.93344393000007,45.78772993200073,23700,6056680,86.38973614199858,0.18582810900079494,0.0,0,0,0,none,,,,,,,,not_measured,111.83054958200046,2429964288,2429984768,20480,18087936,19344896,1256960,measured,45.939203676000034,2430046208,2430058496,12288,18087936,19028480,940544,measured,86.58165243700023,2430054400,2430066688,12288,18087936,18991616,903680,measured,1.8807589579751864,1.8847007677286531,0.8378349194608268
mlp,1337,NF-ToN-IoT,scrub_r@lr=0.001,cuda,16994,67976,26580,6793480,9405,982182,36840,302834,119347,271904,46.44486947199948,46.29017287800161,23700,6056680,86.38973614199858,0.18582810900079494,0.0,0,0,0,none,,,,,,,,not_measured,111.83054958200046,2429964288,2429984768,20480,18087936,19344896,1256960,measured,46.450523568999415,2430054400,2430058496,4096,18087936,19028480,940544,measured,86.58165243700023,2430054400,2430066688,12288,18087936,18991616,903680,measured,1.8600490672943095,1.86395428478623,0.8378349194608268
mlp,1337,NF-BoT-IoT,rollback_repair,cuda,16994,67976,26580,6793480,470,119730,0,104664,0,271904,1.6748244409991457,1.6728677870014508,18740,4789140,67.22586631100057,0.14172973099994124,,0,0,271904,domain update trace; incremental tracing time not separately measured,,,,,,,,not_measured,111.83054958200046,2429964288,2429984768,20480,18087936,19344896,1256960,measured,1.7077294339997025,2430070784,2430074880,4096,18087936,18989568,901632,measured,67.3729255090002,2430087168,2430099456,12288,18087936,18991616,903680,measured,40.13905258684654,39.451756330746676,0.9749996867913655
mlp,1337,NF-BoT-IoT,ssd_canonical,cuda,16994,67976,26580,6793480,0,100217,100217,0,0,67976,3.2956283110015647,0.0,18740,4789140,67.22586631100057,0.14172973099994124,10.819513422000455,339674,5309,67976,full-training Fisher cache,10.82200680599999,2429980672.0,2429984768.0,4096.0,18087936.0,18436608.0,348672.0,measured,111.83054958200046,2429964288,2429984768,20480,18087936,19344896,1256960,measured,3.297929899999872,2430070784,2430074880,4096,18087936,18454528,366592,measured,67.3729255090002,2430087168,2430099456,12288,18087936,18991616,903680,measured,20.398497635969804,20.428853114495496,0.9790741135151614
mlp,1337,NF-BoT-IoT,ssd_canonical@alpha=1,cuda,16994,67976,26580,6793480,0,100217,100217,0,0,67976,3.1567479570003343,0.0,18740,4789140,67.22586631100057,0.14172973099994124,10.819513422000455,339674,5309,67976,full-training Fisher cache,10.82200680599999,2429980672.0,2429984768.0,4096.0,18087936.0,18436608.0,348672.0,measured,111.83054958200046,2429964288,2429984768,20480,18087936,19344896,1256960,measured,3.159075440000379,2430070784,2430074880,4096,18087936,18454528,366592,measured,67.3729255090002,2430087168,2430099456,12288,18087936,18991616,903680,measured,21.29592454852849,21.326785886756827,0.9790741135151614
mlp,1337,NF-BoT-IoT,ssd_canonical@alpha=2,cuda,16994,67976,26580,6793480,0,100217,100217,0,0,67976,3.125980883000011,0.0,18740,4789140,67.22586631100057,0.14172973099994124,10.819513422000455,339674,5309,67976,full-training Fisher cache,10.82200680599999,2429980672.0,2429984768.0,4096.0,18087936.0,18436608.0,348672.0,measured,111.83054958200046,2429964288,2429984768,20480,18087936,19344896,1256960,measured,3.1283895380001923,2430070784,2430074880,4096,18087936,18454528,366592,measured,67.3729255090002,2430087168,2430099456,12288,18087936,18991616,903680,measured,21.50552700964817,21.535977118779144,0.9790741135151614
mlp,1337,NF-BoT-IoT,ssd_canonical@alpha=3,cuda,16994,67976,26580,6793480,0,100217,100217,0,0,67976,3.0696259119995375,0.0,18740,4789140,67.22586631100057,0.14172973099994124,10.819513422000455,339674,5309,67976,full-training Fisher cache,10.82200680599999,2429980672.0,2429984768.0,4096.0,18087936.0,18436608.0,348672.0,measured,111.83054958200046,2429964288,2429984768,20480,18087936,19344896,1256960,measured,3.072058849998939,2430070784,2430074880,4096,18087936,18454528,366592,measured,67.3729255090002,2430087168,2430099456,12288,18087936,18991616,903680,measured,21.90034494047192,21.93087072828161,0.9790741135151614
mlp,1337,NF-BoT-IoT,ssd_canonical@alpha=5,cuda,16994,67976,26580,6793480,0,100217,100217,0,0,67976,3.1225120079998305,0.0,18740,4789140,67.22586631100057,0.14172973099994124,10.819513422000455,339674,5309,67976,full-training Fisher cache,10.82200680599999,2429980672.0,2429984768.0,4096.0,18087936.0,18436608.0,348672.0,measured,111.83054958200046,2429964288,2429984768,20480,18087936,19344896,1256960,measured,3.1248534559999825,2430070784,2430074880,4096,18087936,18454528,366592,measured,67.3729255090002,2430087168,2430099456,12288,18087936,18991616,903680,measured,21.52941802586151,21.560347215527337,0.9790741135151614
mlp,1337,NF-BoT-IoT,dc_ssd_no_contrast,cuda,16994,67976,26580,6793480,0,0,0,0,0,271904,0.027220119000048726,0.0,18740,4789140,67.22586631100057,0.14172973099994124,10.55775637700026,339674,5310,271904,class-balanced per-domain Fisher bank,10.557878854000592,2429980672.0,2429984768.0,4096.0,18087936.0,18436608.0,348672.0,measured,111.83054958200046,2429964288,2429984768,20480,18087936,19344896,1256960,measured,0.029677059999812627,2430070784,2430074880,4096,18087936,18454528,366592,measured,67.3729255090002,2430087168,2430099456,12288,18087936,18991616,903680,measured,2469.712432590035,2270.202153091498,1.0
mlp,1337,NF-BoT-IoT,dc_ssd_no_class_balance,cuda,16994,67976,26580,6793480,0,0,0,0,0,271904,0.016879439001058927,0.0,18740,4789140,67.22586631100057,0.14172973099994124,10.787108988999535,339674,5310,271904,empirical-weighted class-conditional per-domain Fisher bank,10.787235816000248,2429980672.0,2429984768.0,4096.0,18087936.0,18436608.0,348672.0,measured,111.83054958200046,2429964288,2429984768,20480,18087936,19344896,1256960,measured,0.01919601800000237,2430070784,2430070784,0,18087936,18454528,366592,measured,67.3729255090002,2430087168,2430099456,12288,18087936,18991616,903680,measured,3982.7073818497865,3509.7344412258776,1.0
mlp,1337,NF-BoT-IoT,dc_ssd,cuda,16994,67976,26580,6793480,0,0,0,0,0,271904,0.024630865000290214,0.0,18740,4789140,67.22586631100057,0.14172973099994124,10.55775637700026,339674,5310,271904,class-balanced per-domain Fisher bank,10.557878854000592,2429980672.0,2429984768.0,4096.0,18087936.0,18436608.0,348672.0,measured,111.83054958200046,2429964288,2429984768,20480,18087936,19344896,1256960,measured,0.026960035998854437,2430070784,2430074880,4096,18087936,18454528,366592,measured,67.3729255090002,2430087168,2430099456,12288,18087936,18991616,903680,measured,2729.334366056916,2498.9924164738854,1.0
mlp,1337,NF-BoT-IoT,scrub_r,cuda,16994,67976,26580,6793480,11880,918805,100217,239457,330351,271904,57.12026325700026,56.73217182799999,18740,4789140,67.22586631100057,0.14172973099994124,0.0,0,0,0,none,,,,,,,,not_measured,111.83054958200046,2429964288,2429984768,20480,18087936,19344896,1256960,measured,57.12601742900006,2430070784,2430074880,4096,18087936,19028480,940544,measured,67.3729255090002,2430087168,2430099456,12288,18087936,18991616,903680,measured,1.17691800558643,1.1793737519464869,0.8081482270303227
mlp,1337,NF-BoT-IoT,scrub_r@lr=0.0001,cuda,16994,67976,26580,6793480,11880,918805,100217,239457,330351,271904,58.23378127700016,57.81334678799976,18740,4789140,67.22586631100057,0.14172973099994124,0.0,0,0,0,none,,,,,,,,not_measured,111.83054958200046,2429964288,2429984768,20480,18087936,19344896,1256960,measured,58.239516762001585,2430070784,2430083072,12288,18087936,19028480,940544,measured,67.3729255090002,2430087168,2430099456,12288,18087936,18991616,903680,measured,1.1544135523542225,1.1568249404321589,0.8081482270303227
mlp,1337,NF-BoT-IoT,scrub_r@lr=0.001,cuda,16994,67976,26580,6793480,11880,918805,100217,239457,330351,271904,57.13757950699983,56.75662603500132,18740,4789140,67.22586631100057,0.14172973099994124,0.0,0,0,0,none,,,,,,,,not_measured,111.83054958200046,2429964288,2429984768,20480,18087936,19344896,1256960,measured,57.143254361999425,2430078976,2430091264,12288,18087936,19028480,940544,measured,67.3729255090002,2430087168,2430099456,12288,18087936,18991616,903680,measured,1.1765613260317553,1.1790180006584217,0.8081482270303227
mlp,1337,NF-CSE-CIC-IDS2018,rollback_repair,cuda,16994,67976,26580,6793480,458,116710,0,102192,0,271904,1.6212159730002895,1.6192185130003054,18260,4668380,65.57485293999707,0.15148546199998236,,0,0,271904,domain update trace; incremental tracing time not separately measured,,,,,,,,not_measured,111.83054958200046,2429964288,2429984768,20480,18087936,19344896,1256960,measured,1.6541158239997458,2430906368,2430910464,4096,18087936,18989568,901632,measured,65.73150251900006,2430935040,2430939136,4096,18087936,18991616,903680,measured,40.44794403218316,39.73814987154743,0.9749998928964652
mlp,1337,NF-CSE-CIC-IDS2018,ssd_canonical,cuda,16994,67976,26580,6793480,0,106255,106255,0,0,67976,3.2467997210005706,0.0,18260,4668380,65.57485293999707,0.15148546199998236,10.819513422000455,339674,5309,67976,full-training Fisher cache,10.82200680599999,2429980672.0,2429984768.0,4096.0,18087936.0,18436608.0,348672.0,measured,111.83054958200046,2429964288,2429984768,20480,18087936,19344896,1256960,measured,3.2490857830016466,2430906368,2430910464,4096,18087936,18454528,366592,measured,65.73150251900006,2430935040,2430939136,4096,18087936,18991616,903680,measured,20.19676560763926,20.230768563541723,0.9772394278100754
mlp,1337,NF-CSE-CIC-IDS2018,ssd_canonical@alpha=1,cuda,16994,67976,26580,6793480,0,106255,106255,0,0,67976,3.3473087239999586,0.0,18260,4668380,65.57485293999707,0.15148546199998236,10.819513422000455,339674,5309,67976,full-training Fisher cache,10.82200680599999,2429980672.0,2429984768.0,4096.0,18087936.0,18436608.0,348672.0,measured,111.83054958200046,2429964288,2429984768,20480,18087936,19344896,1256960,measured,3.3496302599996852,2430906368,2430910464,4096,18087936,18514944,427008,measured,65.73150251900006,2430935040,2430939136,4096,18087936,18991616,903680,measured,19.590321164531428,19.623509885239166,0.9772394278100754
mlp,1337,NF-CSE-CIC-IDS2018,ssd_canonical@alpha=2,cuda,16994,67976,26580,6793480,0,106255,106255,0,0,67976,3.347585124000034,0.0,18260,4668380,65.57485293999707,0.15148546199998236,10.819513422000455,339674,5309,67976,full-training Fisher cache,10.82200680599999,2429980672.0,2429984768.0,4096.0,18087936.0,18436608.0,348672.0,measured,111.83054958200046,2429964288,2429984768,20480,18087936,19344896,1256960,measured,3.349930279999171,2430906368,2430910464,4096,18087936,18454528,366592,measured,65.73150251900006,2430935040,2430939136,4096,18087936,18991616,903680,measured,19.58870365083998,19.62175240226681,0.9772394278100754
mlp,1337,NF-CSE-CIC-IDS2018,ssd_canonical@alpha=3,cuda,16994,67976,26580,6793480,0,106255,106255,0,0,67976,3.3074113200000284,0.0,18260,4668380,65.57485293999707,0.15148546199998236,10.819513422000455,339674,5309,67976,full-training Fisher cache,10.82200680599999,2429980672.0,2429984768.0,4096.0,18087936.0,18436608.0,348672.0,measured,111.83054958200046,2429964288,2429984768,20480,18087936,19344896,1256960,measured,3.3099655879996135,2430906368,2430910464,4096,18087936,18454528,366592,measured,65.73150251900006,2430935040,2430939136,4096,18087936,18991616,903680,measured,19.826639808439825,19.858666433666784,0.9772394278100754
mlp,1337,NF-CSE-CIC-IDS2018,ssd_canonical@alpha=5,cuda,16994,67976,26580,6793480,0,106255,106255,0,0,67976,3.3683275759995013,0.0,18260,4668380,65.57485293999707,0.15148546199998236,10.819513422000455,339674,5309,67976,full-training Fisher cache,10.82200680599999,2429980672.0,2429984768.0,4096.0,18087936.0,18436608.0,348672.0,measured,111.83054958200046,2429964288,2429984768,20480,18087936,19344896,1256960,measured,3.3708678580005653,2430906368,2430910464,4096,18087936,18454528,366592,measured,65.73150251900006,2430935040,2430939136,4096,18087936,18991616,903680,measured,19.468074722672633,19.499875191781854,0.9772394278100754
mlp,1337,NF-CSE-CIC-IDS2018,dc_ssd_no_contrast,cuda,16994,67976,26580,6793480,0,0,0,0,0,271904,0.02335690400104795,0.0,18260,4668380,65.57485293999707,0.15148546199998236,10.55775637700026,339674,5310,271904,class-balanced per-domain Fisher bank,10.557878854000592,2429980672.0,2429984768.0,4096.0,18087936.0,18436608.0,348672.0,measured,111.83054958200046,2429964288,2429984768,20480,18087936,19344896,1256960,measured,0.026345763999415794,2430906368,2430910464,4096,18087936,18454528,366592,measured,65.73150251900006,2430935040,2430939136,4096,18087936,18991616,903680,measured,2807.514768954607,2494.9552618955227,1.0
mlp,1337,NF-CSE-CIC-IDS2018,dc_ssd_no_class_balance,cuda,16994,67976,26580,6793480,0,0,0,0,0,271904,0.022071154999139253,0.0,18260,4668380,65.57485293999707,0.15148546199998236,10.787108988999535,339674,5310,271904,empirical-weighted class-conditional per-domain Fisher bank,10.787235816000248,2429980672.0,2429984768.0,4096.0,18087936.0,18436608.0,348672.0,measured,111.83054958200046,2429964288,2429984768,20480,18087936,19344896,1256960,measured,0.024584980001236545,2430906368,2430910464,4096,18087936,18454528,366592,measured,65.73150251900006,2430935040,2430939136,4096,18087936,18991616,903680,measured,2971.0657617399,2673.6447422651545,1.0
mlp,1337,NF-CSE-CIC-IDS2018,dc_ssd,cuda,16994,67976,26580,6793480,0,0,0,0,0,271904,0.024216769999839016,0.0,18260,4668380,65.57485293999707,0.15148546199998236,10.55775637700026,339674,5310,271904,class-balanced per-domain Fisher bank,10.557878854000592,2429980672.0,2429984768.0,4096.0,18087936.0,18436608.0,348672.0,measured,111.83054958200046,2429964288,2429984768,20480,18087936,19344896,1256960,measured,0.02676960999997391,2430906368,2430910464,4096,18087936,18454528,366592,measured,65.73150251900006,2430935040,2430939136,4096,18087936,18991616,903680,measured,2707.8282091473384,2455.4523774931395,1.0
mlp,1337,NF-CSE-CIC-IDS2018,scrub_r,cuda,16994,67976,26580,6793480,12114,912767,106255,233419,342154,271904,58.25787784700151,57.835540166997816,18260,4668380,65.57485293999707,0.15148546199998236,0.0,0,0,0,none,,,,,,,,not_measured,111.83054958200046,2429964288,2429984768,20480,18087936,19344896,1256960,measured,58.26439864299937,2430906368,2430922752,16384,18087936,19028480,940544,measured,65.73150251900006,2430935040,2430939136,4096,18087936,18991616,903680,measured,1.125596320418873,1.1281589452549492,0.8044788556201509
mlp,1337,NF-CSE-CIC-IDS2018,scrub_r@lr=0.0001,cuda,16994,67976,26580,6793480,12114,912767,106255,233419,342154,271904,58.30254552600127,57.901158257000134,18260,4668380,65.57485293999707,0.15148546199998236,0.0,0,0,0,none,,,,,,,,not_measured,111.83054958200046,2429964288,2429984768,20480,18087936,19344896,1256960,measured,58.30901233900113,2430918656,2430930944,12288,18087936,19028480,940544,measured,65.73150251900006,2430935040,2430939136,4096,18087936,18991616,903680,measured,1.1247339605567062,1.1272957623916784,0.8044788556201509
mlp,1337,NF-CSE-CIC-IDS2018,scrub_r@lr=0.001,cuda,16994,67976,26580,6793480,12114,912767,106255,233419,342154,271904,58.468456679000155,58.062583472999904,18260,4668380,65.57485293999707,0.15148546199998236,0.0,0,0,0,none,,,,,,,,not_measured,111.83054958200046,2429964288,2429984768,20480,18087936,19344896,1256960,measured,58.47428296599901,2430926848,2430939136,12288,18087936,19028480,940544,measured,65.73150251900006,2430935040,2430939136,4096,18087936,18991616,903680,measured,1.121542395073159,1.1241095945925648,0.8044788556201509
numerical_feature_transformer,1337,NF-UNSW-NB15,rollback_repair,cuda,8770,35080,26580,6793480,476,121656,0,106340,0,140320,3.9576092249990324,3.9531390329993883,19040,4866240,157.57671193100032,0.331390191000537,,0,0,140320,domain update trace; incremental tracing time not separately measured,,,,,,,,not_measured,257.57842323099976,2432311296,2432323584,12288,18087936,60563968,42476032,measured,3.9920641019998584,2432319488,2432323584,4096,18087936,60339200,42251264,measured,157.91776890800065,2432319488,2432323584,4096,18087936,60341248,42253312,measured,39.81613721123233,39.5579241397678,0.975
numerical_feature_transformer,1337,NF-UNSW-NB15,ssd_canonical,cuda,8770,35080,26580,6793480,0,96362,96362,0,0,35080,10.210325929001556,0.0,19040,4866240,157.57671193100032,0.331390191000537,36.11952788900089,339674,5309,35080,full-training Fisher cache,36.12459042000046,2432319488.0,2432323584.0,4096.0,18087936.0,28242432.0,10154496.0,measured,257.57842323099976,2432311296,2432323584,12288,18087936,60563968,42476032,measured,10.21491684799912,2432319488,2432323584,4096,18087936,28242432,10154496,measured,157.91776890800065,2432319488,2432323584,4096,18087936,60341248,42253312,measured,15.433073638072333,15.459525638618713,0.9801978529624515
numerical_feature_transformer,1337,NF-UNSW-NB15,ssd_canonical@alpha=1,cuda,8770,35080,26580,6793480,0,96362,96362,0,0,35080,10.176293516999067,0.0,19040,4866240,157.57671193100032,0.331390191000537,36.11952788900089,339674,5309,35080,full-training Fisher cache,36.12459042000046,2432319488.0,2432323584.0,4096.0,18087936.0,28242432.0,10154496.0,measured,257.57842323099976,2432311296,2432323584,12288,18087936,60563968,42476032,measured,10.180847412999356,2432319488,2432323584,4096,18087936,28242432,10154496,measured,157.91776890800065,2432319488,2432323584,4096,18087936,60341248,42253312,measured,15.484686213872969,15.511259770612442,0.9801978529624515
numerical_feature_transformer,1337,NF-UNSW-NB15,ssd_canonical@alpha=2,cuda,8770,35080,26580,6793480,0,96362,96362,0,0,35080,10.126217418001033,0.0,19040,4866240,157.57671193100032,0.331390191000537,36.11952788900089,339674,5309,35080,full-training Fisher cache,36.12459042000046,2432319488.0,2432323584.0,4096.0,18087936.0,28242432.0,10154496.0,measured,257.57842323099976,2432311296,2432323584,12288,18087936,60563968,42476032,measured,10.130770487001428,2432319488,2432323584,4096,18087936,28242432,10154496,measured,157.91776890800065,2432319488,2432323584,4096,18087936,60341248,42253312,measured,15.561260974989688,15.587932735286179,0.9801978529624515
numerical_feature_transformer,1337,NF-UNSW-NB15,ssd_canonical@alpha=3,cuda,8770,35080,26580,6793480,0,96362,96362,0,0,35080,10.080506907999734,0.0,19040,4866240,157.57671193100032,0.331390191000537,36.11952788900089,339674,5309,35080,full-training Fisher cache,36.12459042000046,2432319488.0,2432323584.0,4096.0,18087936.0,28242432.0,10154496.0,measured,257.57842323099976,2432311296,2432323584,12288,18087936,60563968,42476032,measured,10.08500494799955,2432319488,2432323584,4096,18087936,28242432,10154496,measured,157.91776890800065,2432319488,2432323584,4096,18087936,60341248,42253312,measured,15.631824209747814,15.65867044411565,0.9801978529624515
numerical_feature_transformer,1337,NF-UNSW-NB15,ssd_canonical@alpha=5,cuda,8770,35080,26580,6793480,0,96362,96362,0,0,35080,10.142574601999513,0.0,19040,4866240,157.57671193100032,0.331390191000537,36.11952788900089,339674,5309,35080,full-training Fisher cache,36.12459042000046,2432319488.0,2432323584.0,4096.0,18087936.0,28242432.0,10154496.0,measured,257.57842323099976,2432311296,2432323584,12288,18087936,60563968,42476032,measured,10.147628884998994,2432319488,2432323584,4096,18087936,28242432,10154496,measured,157.91776890800065,2432319488,2432323584,4096,18087936,60341248,42253312,measured,15.536164939810801,15.562036284303504,0.9801978529624515
numerical_feature_transformer,1337,NF-UNSW-NB15,dc_ssd_no_contrast,cuda,8770,35080,26580,6793480,0,0,0,0,0,140320,0.04144587699920521,0.0,19040,4866240,157.57671193100032,0.331390191000537,36.08691185399948,339674,5310,140320,class-balanced per-domain Fisher bank,36.08708723100062,2432319488.0,2432323584.0,4096.0,18087936.0,28242432.0,10154496.0,measured,257.57842323099976,2432311296,2432323584,12288,18087936,60563968,42476032,measured,0.046444798001175513,2432319488,2432323584,4096,18087936,18170368,82432,measured,157.91776890800065,2432319488,2432323584,4096,18087936,60341248,42253312,measured,3801.9876364064417,3400.11746641688,1.0
numerical_feature_transformer,1337,NF-UNSW-NB15,dc_ssd_no_class_balance,cuda,8770,35080,26580,6793480,0,0,0,0,0,140320,0.03936711400092463,0.0,19040,4866240,157.57671193100032,0.331390191000537,35.93831099199997,339674,5310,140320,empirical-weighted class-conditional per-domain Fisher bank,35.93846503500026,2432319488.0,2432323584.0,4096.0,18087936.0,28242432.0,10154496.0,measured,257.57842323099976,2432311296,2432323584,12288,18087936,60563968,42476032,measured,0.04441215399856446,2432319488,2432323584,4096,18087936,18170368,82432,measured,157.91776890800065,2432319488,2432323584,4096,18087936,60341248,42253312,measured,4002.7499076335453,3555.733165139998,1.0
numerical_feature_transformer,1337,NF-UNSW-NB15,dc_ssd,cuda,8770,35080,26580,6793480,0,0,0,0,0,140320,0.04236294900147186,0.0,19040,4866240,157.57671193100032,0.331390191000537,36.08691185399948,339674,5310,140320,class-balanced per-domain Fisher bank,36.08708723100062,2432319488.0,2432323584.0,4096.0,18087936.0,28242432.0,10154496.0,measured,257.57842323099976,2432311296,2432323584,12288,18087936,60563968,42476032,measured,0.047377175998917664,2432319488,2432323584,4096,18087936,18170368,82432,measured,157.91776890800065,2432319488,2432323584,4096,18087936,60341248,42253312,measured,3719.6823083663385,3333.203501019316,1.0
numerical_feature_transformer,1337,NF-UNSW-NB15,scrub_r,cuda,8770,35080,26580,6793480,11730,922660,96362,243312,310061,140320,122.25361970099948,121.3899609070013,19040,4866240,157.57671193100032,0.331390191000537,0.0,0,0,0,none,,,,,,,,not_measured,257.57842323099976,2432311296,2432323584,12288,18087936,60563968,42476032,measured,122.26381674600088,2432319488,2432323584,4096,18087936,46584320,28496384,measured,157.91776890800065,2432319488,2432323584,4096,18087936,60341248,42253312,measured,1.2889328947183072,1.2916149120067935,0.810395705924903
numerical_feature_transformer,1337,NF-UNSW-NB15,scrub_r@lr=0.0001,cuda,8770,35080,26580,6793480,11730,922660,96362,243312,310061,140320,121.66931604800084,120.77483933299845,19040,4866240,157.57671193100032,0.331390191000537,0.0,0,0,0,none,,,,,,,,not_measured,257.57842323099976,2432311296,2432323584,12288,18087936,60563968,42476032,measured,121.67957146900153,2432319488,2432323584,4096,18087936,46584320,28496384,measured,157.91776890800065,2432319488,2432323584,4096,18087936,60341248,42253312,measured,1.2951228547124678,1.297816609653585,0.810395705924903
numerical_feature_transformer,1337,NF-UNSW-NB15,scrub_r@lr=0.001,cuda,8770,35080,26580,6793480,11730,922660,96362,243312,310061,140320,121.98787172199991,121.06920956000067,19040,4866240,157.57671193100032,0.331390191000537,0.0,0,0,0,none,,,,,,,,not_measured,257.57842323099976,2432311296,2432323584,12288,18087936,60563968,42476032,measured,121.99798116500097,2432319488,2432323584,4096,18087936,46584320,28496384,measured,157.91776890800065,2432319488,2432323584,4096,18087936,60341248,42253312,measured,1.2917408075624468,1.294429361863116,0.810395705924903
numerical_feature_transformer,1337,NF-ToN-IoT,rollback_repair,cuda,8770,35080,26580,6793480,594,151418,0,132471,0,140320,4.961048873999971,4.957668676001049,23700,6056680,198.81096176600477,0.41865686899836874,,0,0,140320,domain update trace; incremental tracing time not separately measured,,,,,,,,not_measured,257.57842323099976,2432311296,2432323584,12288,18087936,60563968,42476032,measured,5.001893123997434,2433871872,2433875968,4096,18087936,60339200,42251264,measured,199.2383995880009,2433871872,2433875968,4096,18087936,60341248,42253312,measured,40.07438080441816,39.83259830805276,0.9749998348930438
numerical_feature_transformer,1337,NF-ToN-IoT,ssd_canonical,cuda,8770,35080,26580,6793480,0,36840,36840,0,0,35080,3.94621234999795,0.0,23700,6056680,198.81096176600477,0.41865686899836874,36.11952788900089,339674,5309,35080,full-training Fisher cache,36.12459042000046,2432319488.0,2432323584.0,4096.0,18087936.0,28242432.0,10154496.0,measured,257.57842323099976,2432311296,2432323584,12288,18087936,60563968,42476032,measured,3.950723714002379,2433871872,2433875968,4096,18087936,28242432,10154496,measured,199.2383995880009,2433871872,2433875968,4096,18087936,60341248,42253312,measured,50.38019856334088,50.43086128292112,0.9939174597304133
numerical_feature_transformer,1337,NF-ToN-IoT,ssd_canonical@alpha=1,cuda,8770,35080,26580,6793480,0,36840,36840,0,0,35080,3.978727503999835,0.0,23700,6056680,198.81096176600477,0.41865686899836874,36.11952788900089,339674,5309,35080,full-training Fisher cache,36.12459042000046,2432319488.0,2432323584.0,4096.0,18087936.0,28242432.0,10154496.0,measured,257.57842323099976,2432311296,2432323584,12288,18087936,60563968,42476032,measured,3.983440222000354,2433871872,2433875968,4096,18087936,28242432,10154496,measured,199.2383995880009,2433871872,2433875968,4096,18087936,60341248,42253312,measured,49.96847900896432,50.016666118802675,0.9939174597304133
numerical_feature_transformer,1337,NF-ToN-IoT,ssd_canonical@alpha=2,cuda,8770,35080,26580,6793480,0,36840,36840,0,0,35080,4.040148980002414,0.0,23700,6056680,198.81096176600477,0.41865686899836874,36.11952788900089,339674,5309,35080,full-training Fisher cache,36.12459042000046,2432319488.0,2432323584.0,4096.0,18087936.0,28242432.0,10154496.0,measured,257.57842323099976,2432311296,2432323584,12288,18087936,60563968,42476032,measured,4.04525431699949,2433871872,2433875968,4096,18087936,28242432,10154496,measured,199.2383995880009,2433871872,2433875968,4096,18087936,60341248,42253312,measured,49.20881946434708,49.252379201657504,0.9939174597304133
numerical_feature_transformer,1337,NF-ToN-IoT,ssd_canonical@alpha=3,cuda,8770,35080,26580,6793480,0,36840,36840,0,0,35080,3.939916029001324,0.0,23700,6056680,198.81096176600477,0.41865686899836874,36.11952788900089,339674,5309,35080,full-training Fisher cache,36.12459042000046,2432319488.0,2432323584.0,4096.0,18087936.0,28242432.0,10154496.0,measured,257.57842323099976,2432311296,2432323584,12288,18087936,60563968,42476032,measured,3.9448696860017662,2433871872,2433875968,4096,18087936,28242432,10154496,measured,199.2383995880009,2433871872,2433875968,4096,18087936,60341248,42253312,measured,50.46071040666282,50.50569865336528,0.9939174597304133
numerical_feature_transformer,1337,NF-ToN-IoT,ssd_canonical@alpha=5,cuda,8770,35080,26580,6793480,0,36840,36840,0,0,35080,3.933772374999535,0.0,23700,6056680,198.81096176600477,0.41865686899836874,36.11952788900089,339674,5309,35080,full-training Fisher cache,36.12459042000046,2432319488.0,2432323584.0,4096.0,18087936.0,28242432.0,10154496.0,measured,257.57842323099976,2432311296,2432323584,12288,18087936,60563968,42476032,measured,3.938801672000409,2433871872,2433875968,4096,18087936,28242432,10154496,measured,199.2383995880009,2433871872,2433875968,4096,18087936,60341248,42253312,measured,50.5395185114208,50.58350640102506,0.9939174597304133
numerical_feature_transformer,1337,NF-ToN-IoT,dc_ssd_no_contrast,cuda,8770,35080,26580,6793480,0,0,0,0,0,140320,0.06111785899702227,0.0,23700,6056680,198.81096176600477,0.41865686899836874,36.08691185399948,339674,5310,140320,class-balanced per-domain Fisher bank,36.08708723100062,2432319488.0,2432323584.0,4096.0,18087936.0,28242432.0,10154496.0,measured,257.57842323099976,2432311296,2432323584,12288,18087936,60563968,42476032,measured,0.0662691299985454,2433871872,2433875968,4096,18087936,18172928,84992,measured,199.2383995880009,2433871872,2433875968,4096,18087936,60341248,42253312,measured,3252.9110971588693,3006.503927128275,1.0
numerical_feature_transformer,1337,NF-ToN-IoT,dc_ssd_no_class_balance,cuda,8770,35080,26580,6793480,0,0,0,0,0,140320,0.058287984000344295,0.0,23700,6056680,198.81096176600477,0.41865686899836874,35.93831099199997,339674,5310,140320,empirical-weighted class-conditional per-domain Fisher bank,35.93846503500026,2432319488.0,2432323584.0,4096.0,18087936.0,28242432.0,10154496.0,measured,257.57842323099976,2432311296,2432323584,12288,18087936,60563968,42476032,measured,0.06369905999963521,2433871872,2433875968,4096,18087936,18195968,108032,measured,199.2383995880009,2433871872,2433875968,4096,18087936,60341248,42253312,measured,3410.8395611148676,3127.8075310552763,1.0
numerical_feature_transformer,1337,NF-ToN-IoT,dc_ssd,cuda,8770,35080,26580,6793480,0,0,0,0,0,140320,0.057772803000261774,0.0,23700,6056680,198.81096176600477,0.41865686899836874,36.08691185399948,339674,5310,140320,class-balanced per-domain Fisher bank,36.08708723100062,2432319488.0,2432323584.0,4096.0,18087936.0,28242432.0,10154496.0,measured,257.57842323099976,2432311296,2432323584,12288,18087936,60563968,42476032,measured,0.0631035750011506,2433871872,2433875968,4096,18087936,18176512,88576,measured,199.2383995880009,2433871872,2433875968,4096,18087936,60341248,42253312,measured,3441.2552523218224,3157.3234889523783,1.0
numerical_feature_transformer,1337,NF-ToN-IoT,scrub_r,cuda,8770,35080,26580,6793480,9405,982182,36840,302834,119347,140320,99.37755283800288,99.01747356800115,23700,6056680,198.81096176600477,0.41865686899836874,0.0,0,0,0,none,,,,,,,,not_measured,257.57842323099976,2432311296,2432323584,12288,18087936,60563968,42476032,measured,99.38779671500015,2433871872,2433875968,4096,18087936,46584320,28496384,measured,199.2383995880009,2433871872,2433875968,4096,18087936,60341248,42253312,measured,2.0005620594229168,2.0046565692499225,0.8378349194608268
numerical_feature_transformer,1337,NF-ToN-IoT,scrub_r@lr=0.0001,cuda,8770,35080,26580,6793480,9405,982182,36840,302834,119347,140320,99.64573228599693,99.28233457500028,23700,6056680,198.81096176600477,0.41865686899836874,0.0,0,0,0,none,,,,,,,,not_measured,257.57842323099976,2432311296,2432323584,12288,18087936,60563968,42476032,measured,99.65657738299706,2433871872,2433875968,4096,18087936,46584320,28496384,measured,199.2383995880009,2433871872,2433875968,4096,18087936,60341248,42253312,measured,1.9951778887568412,1.9992498721112415,0.8378349194608268
numerical_feature_transformer,1337,NF-ToN-IoT,scrub_r@lr=0.001,cuda,8770,35080,26580,6793480,9405,982182,36840,302834,119347,140320,101.1155919269986,100.74989154600189,23700,6056680,198.81096176600477,0.41865686899836874,0.0,0,0,0,none,,,,,,,,not_measured,257.57842323099976,2432311296,2432323584,12288,18087936,60563968,42476032,measured,101.12599460499769,2433871872,2433875968,4096,18087936,46584320,28496384,measured,199.2383995880009,2433871872,2433875968,4096,18087936,60341248,42253312,measured,1.9661751266761935,1.9701996540675255,0.8378349194608268
numerical_feature_transformer,1337,NF-BoT-IoT,rollback_repair,cuda,8770,35080,26580,6793480,470,119730,0,104664,0,140320,3.9194595869994373,3.9158944520022487,18740,4789140,156.4944915030028,0.2981614679993072,,0,0,140320,domain update trace; incremental tracing time not separately measured,,,,,,,,not_measured,257.57842323099976,2432311296,2432323584,12288,18087936,60563968,42476032,measured,3.955022836002172,2433884160,2433888256,4096,18087936,60339200,42251264,measured,156.80113368299862,2433884160,2433888256,4096,18087936,60341248,42253312,measured,39.92756859187518,39.64607542986953,0.9749996867913655
numerical_feature_transformer,1337,NF-BoT-IoT,ssd_canonical,cuda,8770,35080,26580,6793480,0,100217,100217,0,0,35080,10.680375025000103,0.0,18740,4789140,156.4944915030028,0.2981614679993072,36.11952788900089,339674,5309,35080,full-training Fisher cache,36.12459042000046,2432319488.0,2432323584.0,4096.0,18087936.0,28242432.0,10154496.0,measured,257.57842323099976,2432311296,2432323584,12288,18087936,60563968,42476032,measured,10.6849611990001,2433884160,2433888256,4096,18087936,28242432,10154496,measured,156.80113368299862,2433884160,2433888256,4096,18087936,60341248,42253312,measured,14.652527756440021,14.67493711607227,0.9790741135151614
numerical_feature_transformer,1337,NF-BoT-IoT,ssd_canonical@alpha=1,cuda,8770,35080,26580,6793480,0,100217,100217,0,0,35080,10.78975151099803,0.0,18740,4789140,156.4944915030028,0.2981614679993072,36.11952788900089,339674,5309,35080,full-training Fisher cache,36.12459042000046,2432319488.0,2432323584.0,4096.0,18087936.0,28242432.0,10154496.0,measured,257.57842323099976,2432311296,2432323584,12288,18087936,60563968,42476032,measured,10.794418767000025,2433884160,2433888256,4096,18087936,28242432,10154496,measured,156.80113368299862,2433884160,2433888256,4096,18087936,60341248,42253312,measured,14.503994030213525,14.526130314895747,0.9790741135151614
numerical_feature_transformer,1337,NF-BoT-IoT,ssd_canonical@alpha=2,cuda,8770,35080,26580,6793480,0,100217,100217,0,0,35080,10.726618627002608,0.0,18740,4789140,156.4944915030028,0.2981614679993072,36.11952788900089,339674,5309,35080,full-training Fisher cache,36.12459042000046,2432319488.0,2432323584.0,4096.0,18087936.0,28242432.0,10154496.0,measured,257.57842323099976,2432311296,2432323584,12288,18087936,60563968,42476032,measured,10.731697063001775,2433884160,2433888256,4096,18087936,28242432,10154496,measured,156.80113368299862,2433884160,2433888256,4096,18087936,60341248,42253312,measured,14.58935913961293,14.611028690288022,0.9790741135151614
numerical_feature_transformer,1337,NF-BoT-IoT,ssd_canonical@alpha=3,cuda,8770,35080,26580,6793480,0,100217,100217,0,0,35080,10.762555946999782,0.0,18740,4789140,156.4944915030028,0.2981614679993072,36.11952788900089,339674,5309,35080,full-training Fisher cache,36.12459042000046,2432319488.0,2432323584.0,4096.0,18087936.0,28242432.0,10154496.0,measured,257.57842323099976,2432311296,2432323584,12288,18087936,60563968,42476032,measured,10.767110798999056,2433884160,2433888256,4096,18087936,28242432,10154496,measured,156.80113368299862,2433884160,2433888256,4096,18087936,60341248,42253312,measured,14.54064371638671,14.56297205537955,0.9790741135151614
numerical_feature_transformer,1337,NF-BoT-IoT,ssd_canonical@alpha=5,cuda,8770,35080,26580,6793480,0,100217,100217,0,0,35080,10.799491346999275,0.0,18740,4789140,156.4944915030028,0.2981614679993072,36.11952788900089,339674,5309,35080,full-training Fisher cache,36.12459042000046,2432319488.0,2432323584.0,4096.0,18087936.0,28242432.0,10154496.0,measured,257.57842323099976,2432311296,2432323584,12288,18087936,60563968,42476032,measured,10.80430645099841,2433884160,2433888256,4096,18087936,28242432,10154496,measured,156.80113368299862,2433884160,2433888256,4096,18087936,60341248,42253312,measured,14.490913180506972,14.51283656143508,0.9790741135151614
numerical_feature_transformer,1337,NF-BoT-IoT,dc_ssd_no_contrast,cuda,8770,35080,26580,6793480,0,0,0,0,0,140320,0.06882646000303794,0.0,18740,4789140,156.4944915030028,0.2981614679993072,36.08691185399948,339674,5310,140320,class-balanced per-domain Fisher bank,36.08708723100062,2432319488.0,2432323584.0,4096.0,18087936.0,28242432.0,10154496.0,measured,257.57842323099976,2432311296,2432323584,12288,18087936,60563968,42476032,measured,0.07457023799724993,2433884160,2433888256,4096,18087936,18172928,84992,measured,156.80113368299862,2433884160,2433888256,4096,18087936,60341248,42253312,measured,2273.7547666420046,2102.730766244588,1.0
numerical_feature_transformer,1337,NF-BoT-IoT,dc_ssd_no_class_balance,cuda,8770,35080,26580,6793480,0,0,0,0,0,140320,0.035148948001733515,0.0,18740,4789140,156.4944915030028,0.2981614679993072,35.93831099199997,339674,5310,140320,empirical-weighted class-conditional per-domain Fisher bank,35.93846503500026,2432319488.0,2432323584.0,4096.0,18087936.0,28242432.0,10154496.0,measured,257.57842323099976,2432311296,2432323584,12288,18087936,60563968,42476032,measured,0.039739492000080645,2433884160,2433888256,4096,18087936,18170368,82432,measured,156.80113368299862,2433884160,2433888256,4096,18087936,60341248,42253312,measured,4452.323622752084,3945.7256696356467,1.0
numerical_feature_transformer,1337,NF-BoT-IoT,dc_ssd,cuda,8770,35080,26580,6793480,0,0,0,0,0,140320,0.05720345300142071,0.0,18740,4789140,156.4944915030028,0.2981614679993072,36.08691185399948,339674,5310,140320,class-balanced per-domain Fisher bank,36.08708723100062,2432319488.0,2432323584.0,4096.0,18087936.0,28242432.0,10154496.0,measured,257.57842323099976,2432311296,2432323584,12288,18087936,60563968,42476032,measured,0.062030703000345966,2433884160,2433888256,4096,18087936,18176512,88576,measured,156.80113368299862,2433884160,2433888256,4096,18087936,60341248,42253312,measured,2735.752534014268,2527.7987528550834,1.0
numerical_feature_transformer,1337,NF-BoT-IoT,scrub_r,cuda,8770,35080,26580,6793480,11880,918805,100217,239457,330351,140320,124.48653545799971,123.52323229000103,18740,4789140,156.4944915030028,0.2981614679993072,0.0,0,0,0,none,,,,,,,,not_measured,257.57842323099976,2432311296,2432323584,12288,18087936,60563968,42476032,measured,124.49692761199913,2433884160,2433888256,4096,18087936,46584320,28496384,measured,156.80113368299862,2433884160,2433888256,4096,18087936,60341248,42253312,measured,1.2571198236599828,1.2594779380554448,0.8081482270303227
numerical_feature_transformer,1337,NF-BoT-IoT,scrub_r@lr=0.0001,cuda,8770,35080,26580,6793480,11880,918805,100217,239457,330351,140320,125.26798949899967,124.32762365899907,18740,4789140,156.4944915030028,0.2981614679993072,0.0,0,0,0,none,,,,,,,,not_measured,257.57842323099976,2432311296,2432323584,12288,18087936,60563968,42476032,measured,125.27827443399656,2433884160,2433888256,4096,18087936,46584320,28496384,measured,156.80113368299862,2433884160,2433888256,4096,18087936,60341248,42253312,measured,1.249277585829319,1.2516227126484731,0.8081482270303227
numerical_feature_transformer,1337,NF-BoT-IoT,scrub_r@lr=0.001,cuda,8770,35080,26580,6793480,11880,918805,100217,239457,330351,140320,124.33939418700174,123.41881264499534,18740,4789140,156.4944915030028,0.2981614679993072,0.0,0,0,0,none,,,,,,,,not_measured,257.57842323099976,2432311296,2432323584,12288,18087936,60563968,42476032,measured,124.34970481599885,2433884160,2433888256,4096,18087936,46584320,28496384,measured,156.80113368299862,2433884160,2433888256,4096,18087936,60341248,42253312,measured,1.2586074793612152,1.2609690864567664,0.8081482270303227
numerical_feature_transformer,1337,NF-CSE-CIC-IDS2018,rollback_repair,cuda,8770,35080,26580,6793480,458,116710,0,102192,0,140320,3.795203142999526,3.791743394001969,18260,4668380,151.68218782799522,0.3309466999999131,,0,0,140320,domain update trace; incremental tracing time not separately measured,,,,,,,,not_measured,257.57842323099976,2432311296,2432323584,12288,18087936,60563968,42476032,measured,3.827617595998163,2433884160,2433888256,4096,18087936,60339200,42251264,measured,152.0218420960009,2433884160,2433888256,4096,18087936,60341248,42253312,measured,39.96681656100066,39.71709249506593,0.9749998928964652
numerical_feature_transformer,1337,NF-CSE-CIC-IDS2018,ssd_canonical,cuda,8770,35080,26580,6793480,0,106255,106255,0,0,35080,11.23422987700178,0.0,18260,4668380,151.68218782799522,0.3309466999999131,36.11952788900089,339674,5309,35080,full-training Fisher cache,36.12459042000046,2432319488.0,2432323584.0,4096.0,18087936.0,28242432.0,10154496.0,measured,257.57842323099976,2432311296,2432323584,12288,18087936,60563968,42476032,measured,11.239336828999512,2433884160,2433888256,4096,18087936,28242432,10154496,measured,152.0218420960009,2433884160,2433888256,4096,18087936,60341248,42253312,measured,13.501787793973515,13.525872959315285,0.9772394278100754
numerical_feature_transformer,1337,NF-CSE-CIC-IDS2018,ssd_canonical@alpha=1,cuda,8770,35080,26580,6793480,0,106255,106255,0,0,35080,11.317581907998829,0.0,18260,4668380,151.68218782799522,0.3309466999999131,36.11952788900089,339674,5309,35080,full-training Fisher cache,36.12459042000046,2432319488.0,2432323584.0,4096.0,18087936.0,28242432.0,10154496.0,measured,257.57842323099976,2432311296,2432323584,12288,18087936,60563968,42476032,measured,11.32282966999992,2433884160,2433888256,4096,18087936,28242432,10154496,measured,152.0218420960009,2433884160,2433888256,4096,18087936,60341248,42253312,measured,13.40234946484391,13.426135208832651,0.9772394278100754
numerical_feature_transformer,1337,NF-CSE-CIC-IDS2018,ssd_canonical@alpha=2,cuda,8770,35080,26580,6793480,0,106255,106255,0,0,35080,11.383821366998745,0.0,18260,4668380,151.68218782799522,0.3309466999999131,36.11952788900089,339674,5309,35080,full-training Fisher cache,36.12459042000046,2432319488.0,2432323584.0,4096.0,18087936.0,28242432.0,10154496.0,measured,257.57842323099976,2432311296,2432323584,12288,18087936,60563968,42476032,measured,11.388832183998602,2433884160,2433888256,4096,18087936,28242432,10154496,measured,152.0218420960009,2433884160,2433888256,4096,18087936,60341248,42253312,measured,13.32436472235202,13.34832576685016,0.9772394278100754
numerical_feature_transformer,1337,NF-CSE-CIC-IDS2018,ssd_canonical@alpha=3,cuda,8770,35080,26580,6793480,0,106255,106255,0,0,35080,11.385724046998803,0.0,18260,4668380,151.68218782799522,0.3309466999999131,36.11952788900089,339674,5309,35080,full-training Fisher cache,36.12459042000046,2432319488.0,2432323584.0,4096.0,18087936.0,28242432.0,10154496.0,measured,257.57842323099976,2432311296,2432323584,12288,18087936,60563968,42476032,measured,11.390288599999622,2433884160,2433888256,4096,18087936,28242432,10154496,measured,152.0218420960009,2433884160,2433888256,4096,18087936,60341248,42253312,measured,13.322138074124288,13.346618986985629,0.9772394278100754
numerical_feature_transformer,1337,NF-CSE-CIC-IDS2018,ssd_canonical@alpha=5,cuda,8770,35080,26580,6793480,0,106255,106255,0,0,35080,11.23595536799985,0.0,18260,4668380,151.68218782799522,0.3309466999999131,36.11952788900089,339674,5309,35080,full-training Fisher cache,36.12459042000046,2432319488.0,2432323584.0,4096.0,18087936.0,28242432.0,10154496.0,measured,257.57842323099976,2432311296,2432323584,12288,18087936,60563968,42476032,measured,11.241030373003014,2433884160,2433888256,4096,18087936,28242432,10154496,measured,152.0218420960009,2433884160,2433888256,4096,18087936,60341248,42253312,measured,13.499714342047684,13.523835186950807,0.9772394278100754
numerical_feature_transformer,1337,NF-CSE-CIC-IDS2018,dc_ssd_no_contrast,cuda,8770,35080,26580,6793480,0,0,0,0,0,140320,0.04203856199819711,0.0,18260,4668380,151.68218782799522,0.3309466999999131,36.08691185399948,339674,5310,140320,class-balanced per-domain Fisher bank,36.08708723100062,2432319488.0,2432323584.0,4096.0,18087936.0,28242432.0,10154496.0,measured,257.57842323099976,2432311296,2432323584,12288,18087936,60563968,42476032,measured,0.046680687002663035,2433884160,2433888256,4096,18087936,18170368,82432,measured,152.0218420960009,2433884160,2433888256,4096,18087936,60341248,42253312,measured,3608.1678491880944,3256.6324931620734,1.0
numerical_feature_transformer,1337,NF-CSE-CIC-IDS2018,dc_ssd_no_class_balance,cuda,8770,35080,26580,6793480,0,0,0,0,0,140320,0.04617174499799148,0.0,18260,4668380,151.68218782799522,0.3309466999999131,35.93831099199997,339674,5310,140320,empirical-weighted class-conditional per-domain Fisher bank,35.93846503500026,2432319488.0,2432323584.0,4096.0,18087936.0,28242432.0,10154496.0,measured,257.57842323099976,2432311296,2432323584,12288,18087936,60563968,42476032,measured,0.0507898199975898,2433884160,2433888256,4096,18087936,18170368,82432,measured,152.0218420960009,2433884160,2433888256,4096,18087936,60341248,42253312,measured,3285.1733854675313,2993.155756472754,1.0
numerical_feature_transformer,1337,NF-CSE-CIC-IDS2018,dc_ssd,cuda,8770,35080,26580,6793480,0,0,0,0,0,140320,0.04599713800052996,0.0,18260,4668380,151.68218782799522,0.3309466999999131,36.08691185399948,339674,5310,140320,class-balanced per-domain Fisher bank,36.08708723100062,2432319488.0,2432323584.0,4096.0,18087936.0,28242432.0,10154496.0,measured,257.57842323099976,2432311296,2432323584,12288,18087936,60563968,42476032,measured,0.05064214199956041,2433884160,2433888256,4096,18087936,18170368,82432,measured,152.0218420960009,2433884160,2433888256,4096,18087936,60341248,42253312,measured,3297.644036597399,3001.8841244377168,1.0
numerical_feature_transformer,1337,NF-CSE-CIC-IDS2018,scrub_r,cuda,8770,35080,26580,6793480,12114,912767,106255,233419,342154,140320,126.55868228200052,125.58081694199791,18260,4668380,151.68218782799522,0.3309466999999131,0.0,0,0,0,none,,,,,,,,not_measured,257.57842323099976,2432311296,2432323584,12288,18087936,60563968,42476032,measured,126.5689716099987,2433884160,2433888256,4096,18087936,46584320,28496384,measured,152.0218420960009,2433884160,2433888256,4096,18087936,60341248,42253312,measured,1.1985126985599772,1.2010988172079884,0.8044788556201509
numerical_feature_transformer,1337,NF-CSE-CIC-IDS2018,scrub_r@lr=0.0001,cuda,8770,35080,26580,6793480,12114,912767,106255,233419,342154,140320,126.40664122599992,125.39531483800238,18260,4668380,151.68218782799522,0.3309466999999131,0.0,0,0,0,none,,,,,,,,not_measured,257.57842323099976,2432311296,2432323584,12288,18087936,60563968,42476032,measured,126.4198965659998,2433884160,2433888256,4096,18087936,46584320,28496384,measured,152.0218420960009,2433884160,2433888256,4096,18087936,60341248,42253312,measured,1.1999542615550212,1.2025151596025483,0.8044788556201509
numerical_feature_transformer,1337,NF-CSE-CIC-IDS2018,scrub_r@lr=0.001,cuda,8770,35080,26580,6793480,12114,912767,106255,233419,342154,140320,126.46267580999847,125.46462606699788,18260,4668380,151.68218782799522,0.3309466999999131,0.0,0,0,0,none,,,,,,,,not_measured,257.57842323099976,2432311296,2432323584,12288,18087936,60563968,42476032,measured,126.47458878399993,2433884160,2433888256,4096,18087936,46584320,28496384,measured,152.0218420960009,2433884160,2433888256,4096,18087936,60341248,42253312,measured,1.1994225715727171,1.2019951482556859,0.8044788556201509
mlp,2026,NF-UNSW-NB15,rollback_repair,cuda,16994,67976,26580,6793480,476,121656,0,106282,0,271904,1.750804032002634,1.7491114650001691,19040,4866240,67.96375247000105,0.15259212299861247,,0,0,271904,domain update trace; incremental tracing time not separately measured,,,,,,,,not_measured,111.63381028499862,2433884160,2433888256,4096,18087936,19344896,1256960,measured,1.7828766029997496,2433884160,2433888256,4096,18087936,18989568,901632,measured,68.12155737799912,2433884160,2433888256,4096,18087936,18991616,903680,measured,38.81859490137318,38.208789808213496,0.975
mlp,2026,NF-UNSW-NB15,ssd_canonical,cuda,16994,67976,26580,6793480,0,96362,96362,0,0,67976,3.0194485199972405,0.0,19040,4866240,67.96375247000105,0.15259212299861247,10.547168388999125,339674,5309,67976,full-training Fisher cache,10.549678278999636,2433884160.0,2433888256.0,4096.0,18087936.0,18436608.0,348672.0,measured,111.63381028499862,2433884160,2433888256,4096,18087936,19344896,1256960,measured,3.022252290000324,2433884160,2433888256,4096,18087936,18454528,366592,measured,68.12155737799912,2433884160,2433888256,4096,18087936,18991616,903680,measured,22.508664088786375,22.539996943138,0.9801978529624515
mlp,2026,NF-UNSW-NB15,ssd_canonical@alpha=1,cuda,16994,67976,26580,6793480,0,96362,96362,0,0,67976,2.9615878850017907,0.0,19040,4866240,67.96375247000105,0.15259212299861247,10.547168388999125,339674,5309,67976,full-training Fisher cache,10.549678278999636,2433884160.0,2433888256.0,4096.0,18087936.0,18436608.0,348672.0,measured,111.63381028499862,2433884160,2433888256,4096,18087936,19344896,1256960,measured,2.9641414569996414,2433884160,2433888256,4096,18087936,18454528,366592,measured,68.12155737799912,2433884160,2433888256,4096,18087936,18991616,903680,measured,22.948416562002503,22.9818847603019,0.9801978529624515
mlp,2026,NF-UNSW-NB15,ssd_canonical@alpha=2,cuda,16994,67976,26580,6793480,0,96362,96362,0,0,67976,3.0976260699972045,0.0,19040,4866240,67.96375247000105,0.15259212299861247,10.547168388999125,339674,5309,67976,full-training Fisher cache,10.549678278999636,2433884160.0,2433888256.0,4096.0,18087936.0,18436608.0,348672.0,measured,111.63381028499862,2433884160,2433888256,4096,18087936,19344896,1256960,measured,3.1001569489999383,2433884160,2433888256,4096,18087936,18454528,366592,measured,68.12155737799912,2433884160,2433888256,4096,18087936,18991616,903680,measured,21.94059287151544,21.973583434210987,0.9801978529624515
mlp,2026,NF-UNSW-NB15,ssd_canonical@alpha=3,cuda,16994,67976,26580,6793480,0,96362,96362,0,0,67976,2.9686985190019186,0.0,19040,4866240,67.96375247000105,0.15259212299861247,10.547168388999125,339674,5309,67976,full-training Fisher cache,10.549678278999636,2433884160.0,2433888256.0,4096.0,18087936.0,18436608.0,348672.0,measured,111.63381028499862,2433884160,2433888256,4096,18087936,19344896,1256960,measured,2.971059673000127,2433884160,2433888256,4096,18087936,18454528,366592,measured,68.12155737799912,2433884160,2433888256,4096,18087936,18991616,903680,measured,22.89345045816595,22.928370640637823,0.9801978529624515
mlp,2026,NF-UNSW-NB15,ssd_canonical@alpha=5,cuda,16994,67976,26580,6793480,0,96362,96362,0,0,67976,2.988034318001155,0.0,19040,4866240,67.96375247000105,0.15259212299861247,10.547168388999125,339674,5309,67976,full-training Fisher cache,10.549678278999636,2433884160.0,2433888256.0,4096.0,18087936.0,18436608.0,348672.0,measured,111.63381028499862,2433884160,2433888256,4096,18087936,19344896,1256960,measured,2.990374578999763,2433884160,2433888256,4096,18087936,18454528,366592,measured,68.12155737799912,2433884160,2433888256,4096,18087936,18991616,903680,measured,22.74530518627557,22.780275707394757,0.9801978529624515
mlp,2026,NF-UNSW-NB15,dc_ssd_no_contrast,cuda,16994,67976,26580,6793480,0,0,0,0,0,271904,0.019212334002077114,0.0,19040,4866240,67.96375247000105,0.15259212299861247,10.585894862000714,339674,5310,271904,class-balanced per-domain Fisher bank,10.586031786002422,2433884160.0,2433888256.0,4096.0,18087936.0,18436608.0,348672.0,measured,111.63381028499862,2433884160,2433888256,4096,18087936,19344896,1256960,measured,0.02161164000062854,2433884160,2433888256,4096,18087936,18454528,366592,measured,68.12155737799912,2433884160,2433888256,4096,18087936,18991616,903680,measured,3537.5062947923584,3152.0771850733177,1.0
mlp,2026,NF-UNSW-NB15,dc_ssd_no_class_balance,cuda,16994,67976,26580,6793480,0,0,0,0,0,271904,0.017868445000203792,0.0,19040,4866240,67.96375247000105,0.15259212299861247,10.555255840001337,339674,5310,271904,empirical-weighted class-conditional per-domain Fisher bank,10.55537887799801,2433884160.0,2433888256.0,4096.0,18087936.0,18436608.0,348672.0,measured,111.63381028499862,2433884160,2433888256,4096,18087936,19344896,1256960,measured,0.020503087998804403,2433884160,2433888256,4096,18087936,18454528,366592,measured,68.12155737799912,2433884160,2433888256,4096,18087936,18991616,903680,measured,3803.5627873173025,3322.5023168203493,1.0
mlp,2026,NF-UNSW-NB15,dc_ssd,cuda,16994,67976,26580,6793480,0,0,0,0,0,271904,0.018719908999628387,0.0,19040,4866240,67.96375247000105,0.15259212299861247,10.585894862000714,339674,5310,271904,class-balanced per-domain Fisher bank,10.586031786002422,2433884160.0,2433888256.0,4096.0,18087936.0,18436608.0,348672.0,measured,111.63381028499862,2433884160,2433888256,4096,18087936,19344896,1256960,measured,0.021222863000730285,2433884160,2433888256,4096,18087936,18454528,366592,measured,68.12155737799912,2433884160,2433888256,4096,18087936,18991616,903680,measured,3630.5599814267375,3209.8193997508743,1.0
mlp,2026,NF-UNSW-NB15,scrub_r,cuda,16994,67976,26580,6793480,11730,922660,96362,243312,310061,271904,56.71060607099935,56.34714709599939,19040,4866240,67.96375247000105,0.15259212299861247,0.0,0,0,0,none,,,,,,,,not_measured,111.63381028499862,2433884160,2433888256,4096,18087936,19344896,1256960,measured,56.71635412199976,2433884160,2433888256,4096,18087936,19028480,940544,measured,68.12155737799912,2433884160,2433888256,4096,18087936,18991616,903680,measured,1.1984310727505403,1.201091967785274,0.810395705924903
mlp,2026,NF-UNSW-NB15,scrub_r@lr=0.0001,cuda,16994,67976,26580,6793480,11730,922660,96362,243312,310061,271904,57.17959465400054,56.789913867003634,19040,4866240,67.96375247000105,0.15259212299861247,0.0,0,0,0,none,,,,,,,,not_measured,111.63381028499862,2433884160,2433888256,4096,18087936,19344896,1256960,measured,57.185760273001506,2433884160,2433888256,4096,18087936,19028480,940544,measured,68.12155737799912,2433884160,2433888256,4096,18087936,18991616,903680,measured,1.1886015086545565,1.1912328707844533,0.810395705924903
mlp,2026,NF-UNSW-NB15,scrub_r@lr=0.001,cuda,16994,67976,26580,6793480,11730,922660,96362,243312,310061,271904,56.19396870399942,55.837192337996385,19040,4866240,67.96375247000105,0.15259212299861247,0.0,0,0,0,none,,,,,,,,not_measured,111.63381028499862,2433884160,2433888256,4096,18087936,19344896,1256960,measured,56.200304096000764,2433884160,2433888256,4096,18087936,19028480,940544,measured,68.12155737799912,2433884160,2433888256,4096,18087936,18991616,903680,measured,1.2094492351661215,1.2121207967422134,0.810395705924903
mlp,2026,NF-ToN-IoT,rollback_repair,cuda,16994,67976,26580,6793480,594,151418,0,132436,0,271904,2.132962965999468,2.1309579170010693,23700,6056680,85.17641318001188,0.18251845499980845,,0,0,271904,domain update trace; incremental tracing time not separately measured,,,,,,,,not_measured,111.63381028499862,2433884160,2433888256,4096,18087936,19344896,1256960,measured,2.1728192959999433,2433884160,2433888256,4096,18087936,18989568,901632,measured,85.36446697300198,2433884160,2433888256,4096,18087936,18991616,903680,measured,39.933376499155365,39.287421245822834,0.9749998348930438
mlp,2026,NF-ToN-IoT,ssd_canonical,cuda,16994,67976,26580,6793480,0,36840,36840,0,0,67976,1.1432937080026022,0.0,23700,6056680,85.17641318001188,0.18251845499980845,10.547168388999125,339674,5309,67976,full-training Fisher cache,10.549678278999636,2433884160.0,2433888256.0,4096.0,18087936.0,18436608.0,348672.0,measured,111.63381028499862,2433884160,2433888256,4096,18087936,19344896,1256960,measured,1.145589748997736,2433884160,2433888256,4096,18087936,18454528,366592,measured,85.36446697300198,2433884160,2433888256,4096,18087936,18991616,903680,measured,74.50090259730355,74.51573920566801,0.9939174597304133
mlp,2026,NF-ToN-IoT,ssd_canonical@alpha=1,cuda,16994,67976,26580,6793480,0,36840,36840,0,0,67976,1.1678534579987172,0.0,23700,6056680,85.17641318001188,0.18251845499980845,10.547168388999125,339674,5309,67976,full-training Fisher cache,10.549678278999636,2433884160.0,2433888256.0,4096.0,18087936.0,18436608.0,348672.0,measured,111.63381028499862,2433884160,2433888256,4096,18087936,19344896,1256960,measured,1.17023285599862,2433884160,2433888256,4096,18087936,18729472,641536,measured,85.36446697300198,2433884160,2433888256,4096,18087936,18991616,903680,measured,72.93416189902264,72.94656489554473,0.9939174597304133
mlp,2026,NF-ToN-IoT,ssd_canonical@alpha=2,cuda,16994,67976,26580,6793480,0,36840,36840,0,0,67976,1.16614406699955,0.0,23700,6056680,85.17641318001188,0.18251845499980845,10.547168388999125,339674,5309,67976,full-training Fisher cache,10.549678278999636,2433884160.0,2433888256.0,4096.0,18087936.0,18436608.0,348672.0,measured,111.63381028499862,2433884160,2433888256,4096,18087936,19344896,1256960,measured,1.16850981299649,2433884160,2433888256,4096,18087936,18704384,616448,measured,85.36446697300198,2433884160,2433888256,4096,18087936,18991616,903680,measured,73.04107236009695,73.05412930516691,0.9939174597304133
mlp,2026,NF-ToN-IoT,ssd_canonical@alpha=3,cuda,16994,67976,26580,6793480,0,36840,36840,0,0,67976,1.162293575998774,0.0,23700,6056680,85.17641318001188,0.18251845499980845,10.547168388999125,339674,5309,67976,full-training Fisher cache,10.549678278999636,2433884160.0,2433888256.0,4096.0,18087936.0,18436608.0,348672.0,measured,111.63381028499862,2433884160,2433888256,4096,18087936,19344896,1256960,measured,1.1646128300017153,2433884160,2433888256,4096,18087936,18661376,573440,measured,85.36446697300198,2433884160,2433888256,4096,18087936,18991616,903680,measured,73.28304564259393,73.29858024393931,0.9939174597304133
mlp,2026,NF-ToN-IoT,ssd_canonical@alpha=5,cuda,16994,67976,26580,6793480,0,36840,36840,0,0,67976,1.1607561450000503,0.0,23700,6056680,85.17641318001188,0.18251845499980845,10.547168388999125,339674,5309,67976,full-training Fisher cache,10.549678278999636,2433884160.0,2433888256.0,4096.0,18087936.0,18436608.0,348672.0,measured,111.63381028499862,2433884160,2433888256,4096,18087936,19344896,1256960,measured,1.163092561000667,2433884160,2433888256,4096,18087936,18508800,420864,measured,85.36446697300198,2433884160,2433888256,4096,18087936,18991616,903680,measured,73.38010963535169,73.39438823300412,0.9939174597304133
mlp,2026,NF-ToN-IoT,dc_ssd_no_contrast,cuda,16994,67976,26580,6793480,0,0,0,0,0,271904,0.025314450002042577,0.0,23700,6056680,85.17641318001188,0.18251845499980845,10.585894862000714,339674,5310,271904,class-balanced per-domain Fisher bank,10.586031786002422,2433884160.0,2433888256.0,4096.0,18087936.0,18436608.0,348672.0,measured,111.63381028499862,2433884160,2433888256,4096,18087936,19344896,1256960,measured,0.02767157700145617,2433884160,2433888256,4096,18087936,18535424,447488,measured,85.36446697300198,2433884160,2433888256,4096,18087936,18991616,903680,measured,3364.7348914607724,3084.915144825675,1.0
mlp,2026,NF-ToN-IoT,dc_ssd_no_class_balance,cuda,16994,67976,26580,6793480,0,0,0,0,0,271904,0.025403493997146143,0.0,23700,6056680,85.17641318001188,0.18251845499980845,10.555255840001337,339674,5310,271904,empirical-weighted class-conditional per-domain Fisher bank,10.55537887799801,2433884160.0,2433888256.0,4096.0,18087936.0,18436608.0,348672.0,measured,111.63381028499862,2433884160,2433888256,4096,18087936,19344896,1256960,measured,0.027735417999792844,2433884160,2433888256,4096,18087936,18715648,627712,measured,85.36446697300198,2433884160,2433888256,4096,18087936,18991616,903680,measured,3352.94086670049,3077.814330169445,1.0
mlp,2026,NF-ToN-IoT,dc_ssd,cuda,16994,67976,26580,6793480,0,0,0,0,0,271904,0.025169401000312064,0.0,23700,6056680,85.17641318001188,0.18251845499980845,10.585894862000714,339674,5310,271904,class-balanced per-domain Fisher bank,10.586031786002422,2433884160.0,2433888256.0,4096.0,18087936.0,18436608.0,348672.0,measured,111.63381028499862,2433884160,2433888256,4096,18087936,19344896,1256960,measured,0.02756075400247937,2433884160,2433888256,4096,18087936,18581504,493568,measured,85.36446697300198,2433884160,2433888256,4096,18087936,18991616,903680,measured,3384.1255570188505,3097.3197237391464,1.0
mlp,2026,NF-ToN-IoT,scrub_r,cuda,16994,67976,26580,6793480,9405,982182,36840,302834,119347,271904,45.81108633199983,45.66702664400145,23700,6056680,85.17641318001188,0.18251845499980845,0.0,0,0,0,none,,,,,,,,not_measured,111.63381028499862,2433884160,2433888256,4096,18087936,19344896,1256960,measured,45.81692089299759,2433884160,2433888256,4096,18087936,19028480,940544,measured,85.36446697300198,2433884160,2433888256,4096,18087936,18991616,903680,measured,1.8592969518933824,1.8631646411238567,0.8378349194608268
mlp,2026,NF-ToN-IoT,scrub_r@lr=0.0001,cuda,16994,67976,26580,6793480,9405,982182,36840,302834,119347,271904,45.9755555360025,45.83233778900103,23700,6056680,85.17641318001188,0.18251845499980845,0.0,0,0,0,none,,,,,,,,not_measured,111.63381028499862,2433884160,2433888256,4096,18087936,19344896,1256960,measured,45.981836544000544,2433884160,2433888256,4096,18087936,19028480,940544,measured,85.36446697300198,2433884160,2433888256,4096,18087936,18991616,903680,measured,1.852645654565544,1.8564823284367025,0.8378349194608268
mlp,2026,NF-ToN-IoT,scrub_r@lr=0.001,cuda,16994,67976,26580,6793480,9405,982182,36840,302834,119347,271904,45.564738822002255,45.42186172500078,23700,6056680,85.17641318001188,0.18251845499980845,0.0,0,0,0,none,,,,,,,,not_measured,111.63381028499862,2433884160,2433888256,4096,18087936,19344896,1256960,measured,45.57049154099877,2433884160,2433888256,4096,18087936,19028480,940544,measured,85.36446697300198,2433884160,2433888256,4096,18087936,18991616,903680,measured,1.8693493122555105,1.8732399868059673,0.8378349194608268
mlp,2026,NF-BoT-IoT,rollback_repair,cuda,16994,67976,26580,6793480,470,119730,0,104709,0,271904,1.6629978499986464,1.66101137700025,18740,4789140,67.2831780320048,0.13191931700202986,,0,0,271904,domain update trace; incremental tracing time not separately measured,,,,,,,,not_measured,111.63381028499862,2433884160,2433888256,4096,18087936,19344896,1256960,measured,1.6956315019997419,2433892352,2433896448,4096,18087936,18989568,901632,measured,67.42033840099975,2433892352,2433896448,4096,18087936,18991616,903680,measured,40.458968742539,39.76119712419097,0.9749996867913655
mlp,2026,NF-BoT-IoT,ssd_canonical,cuda,16994,67976,26580,6793480,0,100217,100217,0,0,67976,3.1563151510017633,0.0,18740,4789140,67.2831780320048,0.13191931700202986,10.547168388999125,339674,5309,67976,full-training Fisher cache,10.549678278999636,2433884160.0,2433888256.0,4096.0,18087936.0,18436608.0,348672.0,measured,111.63381028499862,2433884160,2433888256,4096,18087936,19344896,1256960,measured,3.1588630079968425,2433892352,2433896448,4096,18087936,18454528,366592,measured,67.42033840099975,2433892352,2433896448,4096,18087936,18991616,903680,measured,21.317002521326238,21.34322958302443,0.9790741135151614
mlp,2026,NF-BoT-IoT,ssd_canonical@alpha=1,cuda,16994,67976,26580,6793480,0,100217,100217,0,0,67976,3.185207296999579,0.0,18740,4789140,67.2831780320048,0.13191931700202986,10.547168388999125,339674,5309,67976,full-training Fisher cache,10.549678278999636,2433884160.0,2433888256.0,4096.0,18087936.0,18436608.0,348672.0,measured,111.63381028499862,2433884160,2433888256,4096,18087936,19344896,1256960,measured,3.18774406099692,2433892352,2433896448,4096,18087936,18454528,366592,measured,67.42033840099975,2433892352,2433896448,4096,18087936,18991616,903680,measured,21.123641809870467,21.149859308314433,0.9790741135151614
mlp,2026,NF-BoT-IoT,ssd_canonical@alpha=2,cuda,16994,67976,26580,6793480,0,100217,100217,0,0,67976,3.108468967002409,0.0,18740,4789140,67.2831780320048,0.13191931700202986,10.547168388999125,339674,5309,67976,full-training Fisher cache,10.549678278999636,2433884160.0,2433888256.0,4096.0,18087936.0,18436608.0,348672.0,measured,111.63381028499862,2433884160,2433888256,4096,18087936,19344896,1256960,measured,3.110996299001272,2433892352,2433896448,4096,18087936,18454528,366592,measured,67.42033840099975,2433892352,2433896448,4096,18087936,18991616,903680,measured,21.64511814215987,21.67162282470211,0.9790741135151614
mlp,2026,NF-BoT-IoT,ssd_canonical@alpha=3,cuda,16994,67976,26580,6793480,0,100217,100217,0,0,67976,3.2413698969976394,0.0,18740,4789140,67.2831780320048,0.13191931700202986,10.547168388999125,339674,5309,67976,full-training Fisher cache,10.549678278999636,2433884160.0,2433888256.0,4096.0,18087936.0,18436608.0,348672.0,measured,111.63381028499862,2433884160,2433888256,4096,18087936,19344896,1256960,measured,3.2437488170035067,2433892352,2433896448,4096,18087936,18454528,366592,measured,67.42033840099975,2433892352,2433896448,4096,18087936,18991616,903680,measured,20.757636483983735,20.7846976460036,0.9790741135151614
mlp,2026,NF-BoT-IoT,ssd_canonical@alpha=5,cuda,16994,67976,26580,6793480,0,100217,100217,0,0,67976,3.235924939999677,0.0,18740,4789140,67.2831780320048,0.13191931700202986,10.547168388999125,339674,5309,67976,full-training Fisher cache,10.549678278999636,2433884160.0,2433888256.0,4096.0,18087936.0,18436608.0,348672.0,measured,111.63381028499862,2433884160,2433888256,4096,18087936,19344896,1256960,measured,3.2382749860007607,2433892352,2433896448,4096,18087936,18454528,366592,measured,67.42033840099975,2433892352,2433896448,4096,18087936,18991616,903680,measured,20.792564499969988,20.81983114234015,0.9790741135151614
mlp,2026,NF-BoT-IoT,dc_ssd_no_contrast,cuda,16994,67976,26580,6793480,0,0,0,0,0,271904,0.024530234000849305,0.0,18740,4789140,67.2831780320048,0.13191931700202986,10.585894862000714,339674,5310,271904,class-balanced per-domain Fisher bank,10.586031786002422,2433884160.0,2433888256.0,4096.0,18087936.0,18436608.0,348672.0,measured,111.63381028499862,2433884160,2433888256,4096,18087936,19344896,1256960,measured,0.026875784998992458,2433892352,2433896448,4096,18087936,18454528,366592,measured,67.42033840099975,2433892352,2433896448,4096,18087936,18991616,903680,measured,2742.86735420768,2508.5904803720996,1.0
mlp,2026,NF-BoT-IoT,dc_ssd_no_class_balance,cuda,16994,67976,26580,6793480,0,0,0,0,0,271904,0.01695575200210442,0.0,18740,4789140,67.2831780320048,0.13191931700202986,10.555255840001337,339674,5310,271904,empirical-weighted class-conditional per-domain Fisher bank,10.55537887799801,2433884160.0,2433888256.0,4096.0,18087936.0,18436608.0,348672.0,measured,111.63381028499862,2433884160,2433888256,4096,18087936,19344896,1256960,measured,0.019289462001324864,2433892352,2433892352,0,18087936,18454528,366592,measured,67.42033840099975,2433892352,2433896448,4096,18087936,18991616,903680,measured,3968.162427927356,3495.1901922598518,1.0
mlp,2026,NF-BoT-IoT,dc_ssd,cuda,16994,67976,26580,6793480,0,0,0,0,0,271904,0.024673204999999143,0.0,18740,4789140,67.2831780320048,0.13191931700202986,10.585894862000714,339674,5310,271904,class-balanced per-domain Fisher bank,10.586031786002422,2433884160.0,2433888256.0,4096.0,18087936.0,18436608.0,348672.0,measured,111.63381028499862,2433884160,2433888256,4096,18087936,19344896,1256960,measured,0.027000834998034406,2433892352,2433896448,4096,18087936,18454528,366592,measured,67.42033840099975,2433892352,2433896448,4096,18087936,18991616,903680,measured,2726.973574450791,2496.9723494072605,1.0
mlp,2026,NF-BoT-IoT,scrub_r,cuda,16994,67976,26580,6793480,11880,918805,100217,239457,330351,271904,56.72536972099988,56.33988180900269,18740,4789140,67.2831780320048,0.13191931700202986,0.0,0,0,0,none,,,,,,,,not_measured,111.63381028499862,2433884160,2433888256,4096,18087936,19344896,1256960,measured,56.7310629450003,2433892352,2433896448,4096,18087936,19028480,940544,measured,67.42033840099975,2433892352,2433896448,4096,18087936,18991616,903680,measured,1.1861214543498408,1.188420151167668,0.8081482270303227
mlp,2026,NF-BoT-IoT,scrub_r@lr=0.0001,cuda,16994,67976,26580,6793480,11880,918805,100217,239457,330351,271904,56.899117639000906,56.51236416200118,18740,4789140,67.2831780320048,0.13191931700202986,0.0,0,0,0,none,,,,,,,,not_measured,111.63381028499862,2433884160,2433888256,4096,18087936,19344896,1256960,measured,56.90493863499796,2433892352,2433896448,4096,18087936,19028480,940544,measured,67.42033840099975,2433892352,2433896448,4096,18087936,18991616,903680,measured,1.1824994977758012,1.1847888780523974,0.8081482270303227
mlp,2026,NF-BoT-IoT,scrub_r@lr=0.001,cuda,16994,67976,26580,6793480,11880,918805,100217,239457,330351,271904,57.186494564000895,56.802091220000875,18740,4789140,67.2831780320048,0.13191931700202986,0.0,0,0,0,none,,,,,,,,not_measured,111.63381028499862,2433884160,2433888256,4096,18087936,19344896,1256960,measured,57.19211614199958,2433892352,2433896448,4096,18087936,19028480,940544,measured,67.42033840099975,2433892352,2433896448,4096,18087936,18991616,903680,measured,1.1765571319763986,1.1788397238809107,0.8081482270303227
mlp,2026,NF-CSE-CIC-IDS2018,rollback_repair,cuda,16994,67976,26580,6793480,458,116710,0,102011,0,271904,1.6621632730020792,1.6601759870027308,18260,4668380,65.61932417000571,0.14860878500257968,,0,0,271904,domain update trace; incremental tracing time not separately measured,,,,,,,,not_measured,111.63381028499862,2433884160,2433888256,4096,18087936,19344896,1256960,measured,1.6932592400007707,2433892352,2433896448,4096,18087936,18989568,901632,measured,65.77323122099915,2433892352,2433896448,4096,18087936,18991616,903680,measured,39.47826620635699,38.84415904381494,0.9749998928964652
mlp,2026,NF-CSE-CIC-IDS2018,ssd_canonical,cuda,16994,67976,26580,6793480,0,106255,106255,0,0,67976,3.297586330998456,0.0,18260,4668380,65.61932417000571,0.14860878500257968,10.547168388999125,339674,5309,67976,full-training Fisher cache,10.549678278999636,2433884160.0,2433888256.0,4096.0,18087936.0,18436608.0,348672.0,measured,111.63381028499862,2433884160,2433888256,4096,18087936,19344896,1256960,measured,3.2999735550001787,2433892352,2433896448,4096,18087936,18454528,366592,measured,65.77323122099915,2433892352,2433896448,4096,18087936,18991616,903680,measured,19.899198256967917,19.931441911508163,0.9772394278100754
mlp,2026,NF-CSE-CIC-IDS2018,ssd_canonical@alpha=1,cuda,16994,67976,26580,6793480,0,106255,106255,0,0,67976,3.3419392010000593,0.0,18260,4668380,65.61932417000571,0.14860878500257968,10.547168388999125,339674,5309,67976,full-training Fisher cache,10.549678278999636,2433884160.0,2433888256.0,4096.0,18087936.0,18436608.0,348672.0,measured,111.63381028499862,2433884160,2433888256,4096,18087936,19344896,1256960,measured,3.344308137999178,2433892352,2433896448,4096,18087936,18534912,446976,measured,65.77323122099915,2433892352,2433896448,4096,18087936,18991616,903680,measured,19.635104118701335,19.667216209433903,0.9772394278100754
mlp,2026,NF-CSE-CIC-IDS2018,ssd_canonical@alpha=2,cuda,16994,67976,26580,6793480,0,106255,106255,0,0,67976,3.5801862590014935,0.0,18260,4668380,65.61932417000571,0.14860878500257968,10.547168388999125,339674,5309,67976,full-training Fisher cache,10.549678278999636,2433884160.0,2433888256.0,4096.0,18087936.0,18436608.0,348672.0,measured,111.63381028499862,2433884160,2433888256,4096,18087936,19344896,1256960,measured,3.582722259001457,2433892352,2433896448,4096,18087936,18454528,366592,measured,65.77323122099915,2433892352,2433896448,4096,18087936,18991616,903680,measured,18.32846657210142,18.358451050942154,0.9772394278100754
mlp,2026,NF-CSE-CIC-IDS2018,ssd_canonical@alpha=3,cuda,16994,67976,26580,6793480,0,106255,106255,0,0,67976,3.400566674001311,0.0,18260,4668380,65.61932417000571,0.14860878500257968,10.547168388999125,339674,5309,67976,full-training Fisher cache,10.549678278999636,2433884160.0,2433888256.0,4096.0,18087936.0,18436608.0,348672.0,measured,111.63381028499862,2433884160,2433888256,4096,18087936,19344896,1256960,measured,3.4030823479988612,2433892352,2433896448,4096,18087936,18454528,366592,measured,65.77323122099915,2433892352,2433896448,4096,18087936,18991616,903680,measured,19.296585087330186,19.327546175800375,0.9772394278100754
mlp,2026,NF-CSE-CIC-IDS2018,ssd_canonical@alpha=5,cuda,16994,67976,26580,6793480,0,106255,106255,0,0,67976,3.4033330390011542,0.0,18260,4668380,65.61932417000571,0.14860878500257968,10.547168388999125,339674,5309,67976,full-training Fisher cache,10.549678278999636,2433884160.0,2433888256.0,4096.0,18087936.0,18436608.0,348672.0,measured,111.63381028499862,2433884160,2433888256,4096,18087936,19344896,1256960,measured,3.4058136909989116,2433892352,2433896448,4096,18087936,18454528,366592,measured,65.77323122099915,2433892352,2433896448,4096,18087936,18991616,903680,measured,19.28090005239815,19.312046162368947,0.9772394278100754
mlp,2026,NF-CSE-CIC-IDS2018,dc_ssd_no_contrast,cuda,16994,67976,26580,6793480,0,0,0,0,0,271904,0.023611602002347354,0.0,18260,4668380,65.61932417000571,0.14860878500257968,10.585894862000714,339674,5310,271904,class-balanced per-domain Fisher bank,10.586031786002422,2433884160.0,2433888256.0,4096.0,18087936.0,18436608.0,348672.0,measured,111.63381028499862,2433884160,2433888256,4096,18087936,19344896,1256960,measured,0.025954288998036645,2433892352,2433896448,4096,18087936,18454528,366592,measured,65.77323122099915,2433892352,2433896448,4096,18087936,18991616,903680,measured,2779.113596929262,2534.1950698774554,1.0
mlp,2026,NF-CSE-CIC-IDS2018,dc_ssd_no_class_balance,cuda,16994,67976,26580,6793480,0,0,0,0,0,271904,0.02389905999734765,0.0,18260,4668380,65.61932417000571,0.14860878500257968,10.555255840001337,339674,5310,271904,empirical-weighted class-conditional per-domain Fisher bank,10.55537887799801,2433884160.0,2433888256.0,4096.0,18087936.0,18436608.0,348672.0,measured,111.63381028499862,2433884160,2433888256,4096,18087936,19344896,1256960,measured,0.026246754001476802,2433892352,2433896448,4096,18087936,18454528,366592,measured,65.77323122099915,2433892352,2433896448,4096,18087936,18991616,903680,measured,2745.686406799608,2505.9567829720336,1.0
mlp,2026,NF-CSE-CIC-IDS2018,dc_ssd,cuda,16994,67976,26580,6793480,0,0,0,0,0,271904,0.024007615000300575,0.0,18260,4668380,65.61932417000571,0.14860878500257968,10.585894862000714,339674,5310,271904,class-balanced per-domain Fisher bank,10.586031786002422,2433884160.0,2433888256.0,4096.0,18087936.0,18436608.0,348672.0,measured,111.63381028499862,2433884160,2433888256,4096,18087936,19344896,1256960,measured,0.02633648099799757,2433892352,2433896448,4096,18087936,18454528,366592,measured,65.77323122099915,2433892352,2433896448,4096,18087936,18991616,903680,measured,2733.2712628548966,2497.419120876478,1.0
mlp,2026,NF-CSE-CIC-IDS2018,scrub_r,cuda,16994,67976,26580,6793480,12114,912767,106255,233419,342154,271904,58.49732400499852,58.09845816100278,18260,4668380,65.61932417000571,0.14860878500257968,0.0,0,0,0,none,,,,,,,,not_measured,111.63381028499862,2433884160,2433888256,4096,18087936,19344896,1256960,measured,58.50303470700237,2433892352,2433896448,4096,18087936,19028480,940544,measured,65.77323122099915,2433892352,2433896448,4096,18087936,18991616,903680,measured,1.1217491617975317,1.1242704169178184,0.8044788556201509
mlp,2026,NF-CSE-CIC-IDS2018,scrub_r@lr=0.0001,cuda,16994,67976,26580,6793480,12114,912767,106255,233419,342154,271904,58.091999836997275,57.69846700299604,18260,4668380,65.61932417000571,0.14860878500257968,0.0,0,0,0,none,,,,,,,,not_measured,111.63381028499862,2433884160,2433888256,4096,18087936,19344896,1256960,measured,58.09768720899956,2433892352,2433896448,4096,18087936,19028480,940544,measured,65.77323122099915,2433892352,2433896448,4096,18087936,18991616,903680,measured,1.1295759201633557,1.132114450346151,0.8044788556201509
mlp,2026,NF-CSE-CIC-IDS2018,scrub_r@lr=0.001,cuda,16994,67976,26580,6793480,12114,912767,106255,233419,342154,271904,59.01033879299939,58.5988223250024,18260,4668380,65.61932417000571,0.14860878500257968,0.0,0,0,0,none,,,,,,,,not_measured,111.63381028499862,2433884160,2433888256,4096,18087936,19344896,1256960,measured,59.01601677800136,2433892352,2433896448,4096,18087936,19028480,940544,measured,65.77323122099915,2433892352,2433896448,4096,18087936,18991616,903680,measured,1.1119970756343187,1.114497975497333,0.8044788556201509
numerical_feature_transformer,2026,NF-UNSW-NB15,rollback_repair,cuda,8770,35080,26580,6793480,476,121656,0,106282,0,140320,4.007455424998625,4.004169488998741,19040,4866240,157.48329042000478,0.3332154090021504,,0,0,140320,domain update trace; incremental tracing time not separately measured,,,,,,,,not_measured,258.0281512260008,2433892352,2433896448,4096,18087936,60563968,42476032,measured,4.040261385001941,2433892352,2433896448,4096,18087936,60339200,42251264,measured,157.82493800700104,2433892352,2433896448,4096,18087936,60341248,42253312,measured,39.297577569452024,39.06305136416941,0.975
numerical_feature_transformer,2026,NF-UNSW-NB15,ssd_canonical,cuda,8770,35080,26580,6793480,0,96362,96362,0,0,35080,10.102342194000812,0.0,19040,4866240,157.48329042000478,0.3332154090021504,35.76124400899789,339674,5309,35080,full-training Fisher cache,35.766277613001876,2433892352.0,2433896448.0,4096.0,18087936.0,28242432.0,10154496.0,measured,258.0281512260008,2433892352,2433896448,4096,18087936,60563968,42476032,measured,10.106891081999493,2433892352,2433896448,4096,18087936,28242432,10154496,measured,157.82493800700104,2433892352,2433896448,4096,18087936,60341248,42253312,measured,15.588789945516284,15.615577206336907,0.9801978529624515
numerical_feature_transformer,2026,NF-UNSW-NB15,ssd_canonical@alpha=1,cuda,8770,35080,26580,6793480,0,96362,96362,0,0,35080,10.203735511997365,0.0,19040,4866240,157.48329042000478,0.3332154090021504,35.76124400899789,339674,5309,35080,full-training Fisher cache,35.766277613001876,2433892352.0,2433896448.0,4096.0,18087936.0,28242432.0,10154496.0,measured,258.0281512260008,2433892352,2433896448,4096,18087936,60563968,42476032,measured,10.209127899001032,2433892352,2433896448,4096,18087936,28242432,10154496,measured,157.82493800700104,2433892352,2433896448,4096,18087936,60341248,42253312,measured,15.43388597586039,15.459198823676632,0.9801978529624515
numerical_feature_transformer,2026,NF-UNSW-NB15,ssd_canonical@alpha=2,cuda,8770,35080,26580,6793480,0,96362,96362,0,0,35080,10.20368392799719,0.0,19040,4866240,157.48329042000478,0.3332154090021504,35.76124400899789,339674,5309,35080,full-training Fisher cache,35.766277613001876,2433892352.0,2433896448.0,4096.0,18087936.0,28242432.0,10154496.0,measured,258.0281512260008,2433892352,2433896448,4096,18087936,60563968,42476032,measured,10.208211209999718,2433892352,2433896448,4096,18087936,28242432,10154496,measured,157.82493800700104,2433892352,2433896448,4096,18087936,60341248,42253312,measured,15.433964000775951,15.460587047062617,0.9801978529624515
numerical_feature_transformer,2026,NF-UNSW-NB15,ssd_canonical@alpha=3,cuda,8770,35080,26580,6793480,0,96362,96362,0,0,35080,10.225831021998601,0.0,19040,4866240,157.48329042000478,0.3332154090021504,35.76124400899789,339674,5309,35080,full-training Fisher cache,35.766277613001876,2433892352.0,2433896448.0,4096.0,18087936.0,28242432.0,10154496.0,measured,258.0281512260008,2433892352,2433896448,4096,18087936,60563968,42476032,measured,10.230385237999144,2433892352,2433896448,4096,18087936,28242432,10154496,measured,157.82493800700104,2433892352,2433896448,4096,18087936,60341248,42253312,measured,15.400537137882926,15.427076726376376,0.9801978529624515
numerical_feature_transformer,2026,NF-UNSW-NB15,ssd_canonical@alpha=5,cuda,8770,35080,26580,6793480,0,96362,96362,0,0,35080,10.306499100999645,0.0,19040,4866240,157.48329042000478,0.3332154090021504,35.76124400899789,339674,5309,35080,full-training Fisher cache,35.766277613001876,2433892352.0,2433896448.0,4096.0,18087936.0,28242432.0,10154496.0,measured,258.0281512260008,2433892352,2433896448,4096,18087936,60563968,42476032,measured,10.311083401997166,2433892352,2433896448,4096,18087936,28242432,10154496,measured,157.82493800700104,2433892352,2433896448,4096,18087936,60341248,42253312,measured,15.279998462788418,15.306338999879657,0.9801978529624515
numerical_feature_transformer,2026,NF-UNSW-NB15,dc_ssd_no_contrast,cuda,8770,35080,26580,6793480,0,0,0,0,0,140320,0.04341132199988351,0.0,19040,4866240,157.48329042000478,0.3332154090021504,36.47976915799882,339674,5310,140320,class-balanced per-domain Fisher bank,36.47994616299911,2433892352.0,2433896448.0,4096.0,18087936.0,28242432.0,10154496.0,measured,258.0281512260008,2433892352,2433896448,4096,18087936,60563968,42476032,measured,0.04794518299968331,2433892352,2433896448,4096,18087936,18170368,82432,measured,157.82493800700104,2433892352,2433896448,4096,18087936,60341248,42253312,measured,3627.7008661571595,3291.7788218274923,1.0
numerical_feature_transformer,2026,NF-UNSW-NB15,dc_ssd_no_class_balance,cuda,8770,35080,26580,6793480,0,0,0,0,0,140320,0.04147702399859554,0.0,19040,4866240,157.48329042000478,0.3332154090021504,36.347758531999716,339674,5310,140320,empirical-weighted class-conditional per-domain Fisher bank,36.347925452999334,2433892352.0,2433896448.0,4096.0,18087936.0,28242432.0,10154496.0,measured,258.0281512260008,2433892352,2433896448,4096,18087936,60563968,42476032,measured,0.046039853998081526,2433892352,2433896448,4096,18087936,18170368,82432,measured,157.82493800700104,2433892352,2433896448,4096,18087936,60341248,42253312,measured,3796.8801817926314,3428.0069179536836,1.0
numerical_feature_transformer,2026,NF-UNSW-NB15,dc_ssd,cuda,8770,35080,26580,6793480,0,0,0,0,0,140320,0.04320347300017602,0.0,19040,4866240,157.48329042000478,0.3332154090021504,36.47976915799882,339674,5310,140320,class-balanced per-domain Fisher bank,36.47994616299911,2433892352.0,2433896448.0,4096.0,18087936.0,28242432.0,10154496.0,measured,258.0281512260008,2433892352,2433896448,4096,18087936,60563968,42476032,measured,0.04780834299890557,2433892352,2433896448,4096,18087936,18170368,82432,measured,157.82493800700104,2433892352,2433896448,4096,18087936,60341248,42253312,measured,3645.1534907705955,3301.200755077706,1.0
numerical_feature_transformer,2026,NF-UNSW-NB15,scrub_r,cuda,8770,35080,26580,6793480,11730,922660,96362,243312,310061,140320,121.2895089099984,120.38195205600641,19040,4866240,157.48329042000478,0.3332154090021504,0.0,0,0,0,none,,,,,,,,not_measured,258.0281512260008,2433892352,2433896448,4096,18087936,60563968,42476032,measured,121.30016985399925,2433892352,2433896448,4096,18087936,46584320,28496384,measured,157.82493800700104,2433892352,2433896448,4096,18087936,60341248,42253312,measured,1.2984081792009199,1.301110610124983,0.810395705924903
numerical_feature_transformer,2026,NF-UNSW-NB15,scrub_r@lr=0.0001,cuda,8770,35080,26580,6793480,11730,922660,96362,243312,310061,140320,121.84540938499777,120.9752631099982,19040,4866240,157.48329042000478,0.3332154090021504,0.0,0,0,0,none,,,,,,,,not_measured,258.0281512260008,2433892352,2433896448,4096,18087936,60563968,42476032,measured,121.85552201600149,2433892352,2433896448,4096,18087936,46584320,28496384,measured,157.82493800700104,2433892352,2433896448,4096,18087936,60341248,42253312,measured,1.292484396538906,1.2951808452823026,0.810395705924903
numerical_feature_transformer,2026,NF-UNSW-NB15,scrub_r@lr=0.001,cuda,8770,35080,26580,6793480,11730,922660,96362,243312,310061,140320,121.82389007000165,120.9439882580009,19040,4866240,157.48329042000478,0.3332154090021504,0.0,0,0,0,none,,,,,,,,not_measured,258.0281512260008,2433892352,2433896448,4096,18087936,60563968,42476032,measured,121.83546443699743,2433892352,2433896448,4096,18087936,46584320,28496384,measured,157.82493800700104,2433892352,2433896448,4096,18087936,60341248,42253312,measured,1.2927127046223261,1.2953940688477794,0.810395705924903
numerical_feature_transformer,2026,NF-ToN-IoT,rollback_repair,cuda,8770,35080,26580,6793480,594,151418,0,132436,0,140320,4.934833619001438,4.931422460998874,23700,6056680,196.7607843020014,0.40840365199983353,,0,0,140320,domain update trace; incremental tracing time not separately measured,,,,,,,,not_measured,258.0281512260008,2433892352,2433896448,4096,18087936,60563968,42476032,measured,4.9761489529992105,2433892352,2433896448,4096,18087936,60339200,42251264,measured,197.17780800600303,2433892352,2433896448,4096,18087936,60341248,42253312,measured,39.871817267431176,39.62457914109677,0.9749998348930438
numerical_feature_transformer,2026,NF-ToN-IoT,ssd_canonical,cuda,8770,35080,26580,6793480,0,36840,36840,0,0,35080,3.957582839000679,0.0,23700,6056680,196.7607843020014,0.40840365199983353,35.76124400899789,339674,5309,35080,full-training Fisher cache,35.766277613001876,2433892352.0,2433896448.0,4096.0,18087936.0,28242432.0,10154496.0,measured,258.0281512260008,2433892352,2433896448,4096,18087936,60563968,42476032,measured,3.9622766700013017,2433892352,2433896448,4096,18087936,28242432,10154496,measured,197.17780800600303,2433892352,2433896448,4096,18087936,60341248,42253312,measured,49.717413963641775,49.76376574075486,0.9939174597304133
numerical_feature_transformer,2026,NF-ToN-IoT,ssd_canonical@alpha=1,cuda,8770,35080,26580,6793480,0,36840,36840,0,0,35080,4.074190531999193,0.0,23700,6056680,196.7607843020014,0.40840365199983353,35.76124400899789,339674,5309,35080,full-training Fisher cache,35.766277613001876,2433892352.0,2433896448.0,4096.0,18087936.0,28242432.0,10154496.0,measured,258.0281512260008,2433892352,2433896448,4096,18087936,60563968,42476032,measured,4.079797360998782,2433892352,2433896448,4096,18087936,28242432,10154496,measured,197.17780800600303,2433892352,2433896448,4096,18087936,60341248,42253312,measured,48.29444837118393,48.33029451191458,0.9939174597304133
numerical_feature_transformer,2026,NF-ToN-IoT,ssd_canonical@alpha=2,cuda,8770,35080,26580,6793480,0,36840,36840,0,0,35080,4.045871671001805,0.0,23700,6056680,196.7607843020014,0.40840365199983353,35.76124400899789,339674,5309,35080,full-training Fisher cache,35.766277613001876,2433892352.0,2433896448.0,4096.0,18087936.0,28242432.0,10154496.0,measured,258.0281512260008,2433892352,2433896448,4096,18087936,60563968,42476032,measured,4.050883814001281,2433892352,2433896448,4096,18087936,28242432,10154496,measured,197.17780800600303,2433892352,2433896448,4096,18087936,60341248,42253312,measured,48.63248276317206,48.67525632912183,0.9939174597304133
numerical_feature_transformer,2026,NF-ToN-IoT,ssd_canonical@alpha=3,cuda,8770,35080,26580,6793480,0,36840,36840,0,0,35080,3.938423655999941,0.0,23700,6056680,196.7607843020014,0.40840365199983353,35.76124400899789,339674,5309,35080,full-training Fisher cache,35.766277613001876,2433892352.0,2433896448.0,4096.0,18087936.0,28242432.0,10154496.0,measured,258.0281512260008,2433892352,2433896448,4096,18087936,60563968,42476032,measured,3.942981280000822,2433892352,2433896448,4096,18087936,28242432,10154496,measured,197.17780800600303,2433892352,2433896448,4096,18087936,60341248,42253312,measured,49.95927342713594,50.00728991692345,0.9939174597304133
numerical_feature_transformer,2026,NF-ToN-IoT,ssd_canonical@alpha=5,cuda,8770,35080,26580,6793480,0,36840,36840,0,0,35080,4.014524717997119,0.0,23700,6056680,196.7607843020014,0.40840365199983353,35.76124400899789,339674,5309,35080,full-training Fisher cache,35.766277613001876,2433892352.0,2433896448.0,4096.0,18087936.0,28242432.0,10154496.0,measured,258.0281512260008,2433892352,2433896448,4096,18087936,60563968,42476032,measured,4.0193191270009265,2433892352,2433896448,4096,18087936,28242432,10154496,measured,197.17780800600303,2433892352,2433896448,4096,18087936,60341248,42253312,measured,49.01222389288639,49.05751491127059,0.9939174597304133
numerical_feature_transformer,2026,NF-ToN-IoT,dc_ssd_no_contrast,cuda,8770,35080,26580,6793480,0,0,0,0,0,140320,0.058505315999354934,0.0,23700,6056680,196.7607843020014,0.40840365199983353,36.47976915799882,339674,5310,140320,class-balanced per-domain Fisher bank,36.47994616299911,2433892352.0,2433896448.0,4096.0,18087936.0,28242432.0,10154496.0,measured,258.0281512260008,2433892352,2433896448,4096,18087936,60563968,42476032,measured,0.06321211000249605,2433892352,2433896448,4096,18087936,18170368,82432,measured,197.17780800600303,2433892352,2433896448,4096,18087936,60341248,42253312,measured,3363.1265969774586,3119.304323146579,1.0
numerical_feature_transformer,2026,NF-ToN-IoT,dc_ssd_no_class_balance,cuda,8770,35080,26580,6793480,0,0,0,0,0,140320,0.059355675999540836,0.0,23700,6056680,196.7607843020014,0.40840365199983353,36.347758531999716,339674,5310,140320,empirical-weighted class-conditional per-domain Fisher bank,36.347925452999334,2433892352.0,2433896448.0,4096.0,18087936.0,28242432.0,10154496.0,measured,258.0281512260008,2433892352,2433896448,4096,18087936,60563968,42476032,measured,0.0640317249999498,2433892352,2433896448,4096,18087936,18195456,107520,measured,197.17780800600303,2433892352,2433896448,4096,18087936,60341248,42253312,measured,3314.94471233928,3079.3767933966733,1.0
numerical_feature_transformer,2026,NF-ToN-IoT,dc_ssd,cuda,8770,35080,26580,6793480,0,0,0,0,0,140320,0.061286133000976406,0.0,23700,6056680,196.7607843020014,0.40840365199983353,36.47976915799882,339674,5310,140320,class-balanced per-domain Fisher bank,36.47994616299911,2433892352.0,2433896448.0,4096.0,18087936.0,28242432.0,10154496.0,measured,258.0281512260008,2433892352,2433896448,4096,18087936,60563968,42476032,measured,0.06640519000211498,2433892352,2433896448,4096,18087936,18172928,84992,measured,197.17780800600303,2433892352,2433896448,4096,18087936,60341248,42253312,measured,3210.526993094288,2969.3132118095436,1.0
numerical_feature_transformer,2026,NF-ToN-IoT,scrub_r,cuda,8770,35080,26580,6793480,9405,982182,36840,302834,119347,140320,98.98349744299776,98.62186790999476,23700,6056680,196.7607843020014,0.40840365199983353,0.0,0,0,0,none,,,,,,,,not_measured,258.0281512260008,2433892352,2433896448,4096,18087936,60563968,42476032,measured,98.99369892399773,2433892352,2433896448,4096,18087936,46584320,28496384,measured,197.17780800600303,2433892352,2433896448,4096,18087936,60341248,42253312,measured,1.9878140233962864,1.991821804308838,0.8378349194608268
numerical_feature_transformer,2026,NF-ToN-IoT,scrub_r@lr=0.0001,cuda,8770,35080,26580,6793480,9405,982182,36840,302834,119347,140320,99.30834294300075,98.9404231160006,23700,6056680,196.7607843020014,0.40840365199983353,0.0,0,0,0,none,,,,,,,,not_measured,258.0281512260008,2433892352,2433896448,4096,18087936,60563968,42476032,measured,99.31872229200235,2433892352,2433896448,4096,18087936,46584320,28496384,measured,197.17780800600303,2433892352,2433896448,4096,18087936,60341248,42253312,measured,1.9813117253898265,1.9853035103118801,0.8378349194608268
numerical_feature_transformer,2026,NF-ToN-IoT,scrub_r@lr=0.001,cuda,8770,35080,26580,6793480,9405,982182,36840,302834,119347,140320,98.30134702500072,97.93400332599776,23700,6056680,196.7607843020014,0.40840365199983353,0.0,0,0,0,none,,,,,,,,not_measured,258.0281512260008,2433892352,2433896448,4096,18087936,60563968,42476032,measured,98.31146197899943,2433892352,2433896448,4096,18087936,46584320,28496384,measured,197.17780800600303,2433892352,2433896448,4096,18087936,60341248,42253312,measured,2.001608220607188,2.0056441439973978,0.8378349194608268
numerical_feature_transformer,2026,NF-BoT-IoT,rollback_repair,cuda,8770,35080,26580,6793480,470,119730,0,104709,0,140320,3.8586073519982165,3.855163263997383,18740,4789140,155.58444475800934,0.2871081969969964,,0,0,140320,domain update trace; incremental tracing time not separately measured,,,,,,,,not_measured,258.0281512260008,2433892352,2433896448,4096,18087936,60563968,42476032,measured,3.89316264000081,2433900544,2433904640,4096,18087936,60339200,42251264,measured,155.8800732689997,2433900544,2433904640,4096,18087936,60341248,42253312,measured,40.32139851634255,40.03944547997801,0.9749996867913655
numerical_feature_transformer,2026,NF-BoT-IoT,ssd_canonical,cuda,8770,35080,26580,6793480,0,100217,100217,0,0,35080,10.749873474000196,0.0,18740,4789140,155.58444475800934,0.2871081969969964,35.76124400899789,339674,5309,35080,full-training Fisher cache,35.766277613001876,2433892352.0,2433896448.0,4096.0,18087936.0,28242432.0,10154496.0,measured,258.0281512260008,2433892352,2433896448,4096,18087936,60563968,42476032,measured,10.754544425002678,2433900544,2433904640,4096,18087936,28242432,10154496,measured,155.8800732689997,2433900544,2433904640,4096,18087936,60341248,42253312,measured,14.473141952257222,14.494344633195459,0.9790741135151614
numerical_feature_transformer,2026,NF-BoT-IoT,ssd_canonical@alpha=1,cuda,8770,35080,26580,6793480,0,100217,100217,0,0,35080,10.58807730999979,0.0,18740,4789140,155.58444475800934,0.2871081969969964,35.76124400899789,339674,5309,35080,full-training Fisher cache,35.766277613001876,2433892352.0,2433896448.0,4096.0,18087936.0,28242432.0,10154496.0,measured,258.0281512260008,2433892352,2433896448,4096,18087936,60563968,42476032,measured,10.593800184000429,2433900544,2433904640,4096,18087936,28242432,10154496,measured,155.8800732689997,2433900544,2433904640,4096,18087936,60341248,42253312,measured,14.694305699021424,14.71427349596623,0.9790741135151614
numerical_feature_transformer,2026,NF-BoT-IoT,ssd_canonical@alpha=2,cuda,8770,35080,26580,6793480,0,100217,100217,0,0,35080,10.62267496899949,0.0,18740,4789140,155.58444475800934,0.2871081969969964,35.76124400899789,339674,5309,35080,full-training Fisher cache,35.766277613001876,2433892352.0,2433896448.0,4096.0,18087936.0,28242432.0,10154496.0,measured,258.0281512260008,2433892352,2433896448,4096,18087936,60563968,42476032,measured,10.627239747998829,2433900544,2433904640,4096,18087936,28242432,10154496,measured,155.8800732689997,2433900544,2433904640,4096,18087936,60341248,42253312,measured,14.64644688951292,14.66797371333914,0.9790741135151614
numerical_feature_transformer,2026,NF-BoT-IoT,ssd_canonical@alpha=3,cuda,8770,35080,26580,6793480,0,100217,100217,0,0,35080,10.736844843002473,0.0,18740,4789140,155.58444475800934,0.2871081969969964,35.76124400899789,339674,5309,35080,full-training Fisher cache,35.766277613001876,2433892352.0,2433896448.0,4096.0,18087936.0,28242432.0,10154496.0,measured,258.0281512260008,2433892352,2433896448,4096,18087936,60563968,42476032,measured,10.741816632998962,2433900544,2433904640,4096,18087936,28242432,10154496,measured,155.8800732689997,2433900544,2433904640,4096,18087936,60341248,42253312,measured,14.490704395286892,14.511518730466376,0.9790741135151614
numerical_feature_transformer,2026,NF-BoT-IoT,ssd_canonical@alpha=5,cuda,8770,35080,26580,6793480,0,100217,100217,0,0,35080,10.573318476002896,0.0,18740,4789140,155.58444475800934,0.2871081969969964,35.76124400899789,339674,5309,35080,full-training Fisher cache,35.766277613001876,2433892352.0,2433896448.0,4096.0,18087936.0,28242432.0,10154496.0,measured,258.0281512260008,2433892352,2433896448,4096,18087936,60563968,42476032,measured,10.57823931600069,2433900544,2433904640,4096,18087936,28242432,10154496,measured,155.8800732689997,2433900544,2433904640,4096,18087936,60341248,42253312,measured,14.714816839303793,14.735918578927858,0.9790741135151614
numerical_feature_transformer,2026,NF-BoT-IoT,dc_ssd_no_contrast,cuda,8770,35080,26580,6793480,0,0,0,0,0,140320,0.05739594400074566,0.0,18740,4789140,155.58444475800934,0.2871081969969964,36.47976915799882,339674,5310,140320,class-balanced per-domain Fisher bank,36.47994616299911,2433892352.0,2433896448.0,4096.0,18087936.0,28242432.0,10154496.0,measured,258.0281512260008,2433892352,2433896448,4096,18087936,60563968,42476032,measured,0.06215874400004395,2433900544,2433904640,4096,18087936,18172928,84992,measured,155.8800732689997,2433900544,2433904640,4096,18087936,60341248,42253312,measured,2710.7219415362883,2507.773858314921,1.0
numerical_feature_transformer,2026,NF-BoT-IoT,dc_ssd_no_class_balance,cuda,8770,35080,26580,6793480,0,0,0,0,0,140320,0.03658796300078393,0.0,18740,4789140,155.58444475800934,0.2871081969969964,36.347758531999716,339674,5310,140320,empirical-weighted class-conditional per-domain Fisher bank,36.347925452999334,2433892352.0,2433896448.0,4096.0,18087936.0,28242432.0,10154496.0,measured,258.0281512260008,2433892352,2433896448,4096,18087936,60563968,42476032,measured,0.041409174002183136,2433900544,2433904640,4096,18087936,18170368,82432,measured,155.8800732689997,2433900544,2433904640,4096,18087936,60341248,42253312,measured,4252.339622041156,3764.3849949960736,1.0
numerical_feature_transformer,2026,NF-BoT-IoT,dc_ssd,cuda,8770,35080,26580,6793480,0,0,0,0,0,140320,0.05793691999861039,0.0,18740,4789140,155.58444475800934,0.2871081969969964,36.47976915799882,339674,5310,140320,class-balanced per-domain Fisher bank,36.47994616299911,2433892352.0,2433896448.0,4096.0,18087936.0,28242432.0,10154496.0,measured,258.0281512260008,2433892352,2433896448,4096,18087936,60563968,42476032,measured,0.0627515289997973,2433900544,2433904640,4096,18087936,18179072,91136,measured,155.8800732689997,2433900544,2433904640,4096,18087936,60341248,42253312,measured,2685.4110429367147,2484.0840654178037,1.0
numerical_feature_transformer,2026,NF-BoT-IoT,scrub_r,cuda,8770,35080,26580,6793480,11880,918805,100217,239457,330351,140320,124.27207042599912,123.35696356099652,18740,4789140,155.58444475800934,0.2871081969969964,0.0,0,0,0,none,,,,,,,,not_measured,258.0281512260008,2433892352,2433896448,4096,18087936,60563968,42476032,measured,124.2824580359993,2433900544,2433904640,4096,18087936,46584320,28496384,measured,155.8800732689997,2433900544,2433904640,4096,18087936,60341248,42253312,measured,1.2519663044533884,1.2542403468062076,0.8081482270303227
numerical_feature_transformer,2026,NF-BoT-IoT,scrub_r@lr=0.0001,cuda,8770,35080,26580,6793480,11880,918805,100217,239457,330351,140320,123.91644598600033,122.95339757200054,18740,4789140,155.58444475800934,0.2871081969969964,0.0,0,0,0,none,,,,,,,,not_measured,258.0281512260008,2433892352,2433896448,4096,18087936,60563968,42476032,measured,123.92665217000103,2433900544,2433904640,4096,18087936,46584320,28496384,measured,155.8800732689997,2433900544,2433904640,4096,18087936,60341248,42253312,measured,1.255559288519191,1.2578413968220925,0.8081482270303227
numerical_feature_transformer,2026,NF-BoT-IoT,scrub_r@lr=0.001,cuda,8770,35080,26580,6793480,11880,918805,100217,239457,330351,140320,124.24483958500059,123.32274008300374,18740,4789140,155.58444475800934,0.2871081969969964,0.0,0,0,0,none,,,,,,,,not_measured,258.0281512260008,2433892352,2433896448,4096,18087936,60563968,42476032,measured,124.25516621000133,2433900544,2433904640,4096,18087936,46584320,28496384,measured,155.8800732689997,2433900544,2433904640,4096,18087936,60341248,42253312,measured,1.252240698911025,1.254515832408527,0.8081482270303227
numerical_feature_transformer,2026,NF-CSE-CIC-IDS2018,rollback_repair,cuda,8770,35080,26580,6793480,458,116710,0,102011,0,140320,3.7790738499970757,3.775736218001839,18260,4668380,151.73893291400964,0.31901317899973947,,0,0,140320,domain update trace; incremental tracing time not separately measured,,,,,,,,not_measured,258.0281512260008,2433892352,2433896448,4096,18087936,60563968,42476032,measured,3.811574842999107,2433900544,2433904640,4096,18087936,60339200,42251264,measured,152.06631702999948,2433900544,2433904640,4096,18087936,60341248,42253312,measured,40.15241271723945,39.89592840064694,0.9749998928964652
numerical_feature_transformer,2026,NF-CSE-CIC-IDS2018,ssd_canonical,cuda,8770,35080,26580,6793480,0,106255,106255,0,0,35080,11.348618435997196,0.0,18260,4668380,151.73893291400964,0.31901317899973947,35.76124400899789,339674,5309,35080,full-training Fisher cache,35.766277613001876,2433892352.0,2433896448.0,4096.0,18087936.0,28242432.0,10154496.0,measured,258.0281512260008,2433892352,2433896448,4096,18087936,60563968,42476032,measured,11.353192816000956,2433900544,2433904640,4096,18087936,28242432,10154496,measured,152.06631702999948,2433900544,2433904640,4096,18087936,60341248,42253312,measured,13.37069650986785,13.394145549583229,0.9772394278100754
numerical_feature_transformer,2026,NF-CSE-CIC-IDS2018,ssd_canonical@alpha=1,cuda,8770,35080,26580,6793480,0,106255,106255,0,0,35080,11.311497358001361,0.0,18260,4668380,151.73893291400964,0.31901317899973947,35.76124400899789,339674,5309,35080,full-training Fisher cache,35.766277613001876,2433892352.0,2433896448.0,4096.0,18087936.0,28242432.0,10154496.0,measured,258.0281512260008,2433892352,2433896448,4096,18087936,60563968,42476032,measured,11.316650754000875,2433900544,2433904640,4096,18087936,28242432,10154496,measured,152.06631702999948,2433900544,2433904640,4096,18087936,60341248,42253312,measured,13.414575286681632,13.437395951822419,0.9772394278100754
numerical_feature_transformer,2026,NF-CSE-CIC-IDS2018,ssd_canonical@alpha=2,cuda,8770,35080,26580,6793480,0,106255,106255,0,0,35080,11.246002720999968,0.0,18260,4668380,151.73893291400964,0.31901317899973947,35.76124400899789,339674,5309,35080,full-training Fisher cache,35.766277613001876,2433892352.0,2433896448.0,4096.0,18087936.0,28242432.0,10154496.0,measured,258.0281512260008,2433892352,2433896448,4096,18087936,60563968,42476032,measured,11.250757542002248,2433900544,2433904640,4096,18087936,28242432,10154496,measured,152.06631702999948,2433900544,2433904640,4096,18087936,60341248,42253312,measured,13.492699288669332,13.516095823973904,0.9772394278100754
numerical_feature_transformer,2026,NF-CSE-CIC-IDS2018,ssd_canonical@alpha=3,cuda,8770,35080,26580,6793480,0,106255,106255,0,0,35080,11.25582125299843,0.0,18260,4668380,151.73893291400964,0.31901317899973947,35.76124400899789,339674,5309,35080,full-training Fisher cache,35.766277613001876,2433892352.0,2433896448.0,4096.0,18087936.0,28242432.0,10154496.0,measured,258.0281512260008,2433892352,2433896448,4096,18087936,60563968,42476032,measured,11.262354620001133,2433900544,2433904640,4096,18087936,28242432,10154496,measured,152.06631702999948,2433900544,2433904640,4096,18087936,60341248,42253312,measured,13.48092951223688,13.502178022341848,0.9772394278100754
numerical_feature_transformer,2026,NF-CSE-CIC-IDS2018,ssd_canonical@alpha=5,cuda,8770,35080,26580,6793480,0,106255,106255,0,0,35080,11.325948465000693,0.0,18260,4668380,151.73893291400964,0.31901317899973947,35.76124400899789,339674,5309,35080,full-training Fisher cache,35.766277613001876,2433892352.0,2433896448.0,4096.0,18087936.0,28242432.0,10154496.0,measured,258.0281512260008,2433892352,2433896448,4096,18087936,60563968,42476032,measured,11.331142465001903,2433900544,2433904640,4096,18087936,28242432,10154496,measured,152.06631702999948,2433900544,2433904640,4096,18087936,60341248,42253312,measured,13.39745923998431,13.4202104950742,0.9772394278100754
numerical_feature_transformer,2026,NF-CSE-CIC-IDS2018,dc_ssd_no_contrast,cuda,8770,35080,26580,6793480,0,0,0,0,0,140320,0.05015453600208275,0.0,18260,4668380,151.73893291400964,0.31901317899973947,36.47976915799882,339674,5310,140320,class-balanced per-domain Fisher bank,36.47994616299911,2433892352.0,2433896448.0,4096.0,18087936.0,28242432.0,10154496.0,measured,258.0281512260008,2433892352,2433896448,4096,18087936,60563968,42476032,measured,0.05514422800115426,2433900544,2433904640,4096,18087936,18170368,82432,measured,152.06631702999948,2433900544,2433904640,4096,18087936,60341248,42253312,measured,3025.4279076115554,2757.610769831005,1.0
numerical_feature_transformer,2026,NF-CSE-CIC-IDS2018,dc_ssd_no_class_balance,cuda,8770,35080,26580,6793480,0,0,0,0,0,140320,0.05383712199909496,0.0,18260,4668380,151.73893291400964,0.31901317899973947,36.347758531999716,339674,5310,140320,empirical-weighted class-conditional per-domain Fisher bank,36.347925452999334,2433892352.0,2433896448.0,4096.0,18087936.0,28242432.0,10154496.0,measured,258.0281512260008,2433892352,2433896448,4096,18087936,60563968,42476032,measured,0.058863706999545684,2433900544,2433904640,4096,18087936,18170368,82432,measured,152.06631702999948,2433900544,2433904640,4096,18087936,60341248,42253312,measured,2818.481510147598,2583.3629035829013,1.0
numerical_feature_transformer,2026,NF-CSE-CIC-IDS2018,dc_ssd,cuda,8770,35080,26580,6793480,0,0,0,0,0,140320,0.05132577100084745,0.0,18260,4668380,151.73893291400964,0.31901317899973947,36.47976915799882,339674,5310,140320,class-balanced per-domain Fisher bank,36.47994616299911,2433892352.0,2433896448.0,4096.0,18087936.0,28242432.0,10154496.0,measured,258.0281512260008,2433892352,2433896448,4096,18087936,60563968,42476032,measured,0.05630841299716849,2433900544,2433904640,4096,18087936,18170368,82432,measured,152.06631702999948,2433900544,2433904640,4096,18087936,60341248,42253312,measured,2956.3887683538983,2700.5967480853396,1.0
numerical_feature_transformer,2026,NF-CSE-CIC-IDS2018,scrub_r,cuda,8770,35080,26580,6793480,12114,912767,106255,233419,342154,140320,126.37420935800037,125.4318887240006,18260,4668380,151.73893291400964,0.31901317899973947,0.0,0,0,0,none,,,,,,,,not_measured,258.0281512260008,2433892352,2433896448,4096,18087936,60563968,42476032,measured,126.38436427299894,2433900544,2433904640,4096,18087936,46584320,28496384,measured,152.06631702999948,2433900544,2433904640,4096,18087936,60341248,42253312,measured,1.2007112343955766,1.2032051425406212,0.8044788556201509
numerical_feature_transformer,2026,NF-CSE-CIC-IDS2018,scrub_r@lr=0.0001,cuda,8770,35080,26580,6793480,12114,912767,106255,233419,342154,140320,126.28645802699975,125.3196890160034,18260,4668380,151.73893291400964,0.31901317899973947,0.0,0,0,0,none,,,,,,,,not_measured,258.0281512260008,2433892352,2433896448,4096,18087936,60563968,42476032,measured,126.29655394300062,2433900544,2433904640,4096,18087936,46584320,28496384,measured,152.06631702999948,2433900544,2433904640,4096,18087936,60341248,42253312,measured,1.2015455598696752,1.2040416961703413,0.8044788556201509
numerical_feature_transformer,2026,NF-CSE-CIC-IDS2018,scrub_r@lr=0.001,cuda,8770,35080,26580,6793480,12114,912767,106255,233419,342154,140320,125.83709061400077,124.89660179400744,18260,4668380,151.73893291400964,0.31901317899973947,0.0,0,0,0,none,,,,,,,,not_measured,258.0281512260008,2433892352,2433896448,4096,18087936,60563968,42476032,measured,125.84725029399851,2433900544,2433904640,4096,18087936,46584320,28496384,measured,152.06631702999948,2433900544,2433904640,4096,18087936,60341248,42253312,measured,1.2058363092600537,1.208340402152206,0.8044788556201509
