architecture,seed,forgotten_domain,model,evaluation_domain,evaluation_scope,accuracy,balanced_accuracy,precision_attack,recall_attack,f1_attack,roc_auc,average_precision,log_loss,true_negative,false_positive,false_negative,true_positive,samples,attack_rate
mlp,42,NF-UNSW-NB15,original,NF-UNSW-NB15,forgotten,0.9990468020207797,0.9971966049372389,0.9925373134328358,0.9950124688279302,0.9937733499377335,0.9998552874702499,0.9952278122517322,0.003872904088667369,19366.0,12.0,8.0,1596.0,20982.0,0.07644647793346677
mlp,42,NF-UNSW-NB15,original,NF-ToN-IoT,retained,0.6033692413476965,0.6486211705675249,0.862291169451074,0.5561028166846237,0.6761485917469823,0.7366612177632731,0.8452845123593878,0.887214090110789,1652.0,577.0,2884.0,3613.0,8726.0,0.7445564978225991
mlp,42,NF-UNSW-NB15,original,NF-BoT-IoT,retained,0.9871341267288517,0.8132639000733701,0.9994702958194116,0.9876389112578515,0.9935193811008951,0.9901017340419822,0.999985555523559,0.022686785893110715,23.0,13.0,307.0,24529.0,24872.0,0.9985525892569959
mlp,42,NF-UNSW-NB15,original,NF-CSE-CIC-IDS2018,retained,0.9080773995130494,0.748347318744981,0.7489233419465977,0.5256952841596131,0.6177619893428064,0.7606376886964419,0.636095060824365,0.393884022142935,19520.0,583.0,1569.0,1739.0,23411.0,0.14130109777455044
mlp,42,NF-UNSW-NB15,original,RETAINED_MACRO,retained_macro,0.8328602558631992,0.736744129795292,0.8702282690723612,0.6898123373673628,0.7624766540635614,0.8291335468338991,0.8271217095691039,0.43459496604894493,21195.0,1173.0,4760.0,29881.0,57009.0,0.6076408988054518
mlp,42,NF-UNSW-NB15,rollback_repair,NF-UNSW-NB15,forgotten,0.9242684205509484,0.5058194834412575,0.8260869565217391,0.011845386533665835,0.023355869698832205,0.05238912086076479,0.05627969088968019,0.5349127321032527,19374.0,4.0,1585.0,19.0,20982.0,0.07644647793346677
mlp,42,NF-UNSW-NB15,rollback_repair,NF-ToN-IoT,retained,0.212583085033234,0.3994545089071375,0.18833333333333332,0.01739264275819609,0.03184444131323094,0.24314818179187922,0.599287228036177,0.8318205114360173,1742.0,487.0,6384.0,113.0,8726.0,0.7445564978225991
mlp,42,NF-UNSW-NB15,rollback_repair,NF-BoT-IoT,retained,0.5675458346735285,0.5892968987670228,0.9990076552310746,0.5674826864229344,0.7238085456039441,0.6422263381113438,0.9986277065623839,0.6852507869629866,22.0,14.0,10742.0,14094.0,24872.0,0.9985525892569959
mlp,42,NF-UNSW-NB15,rollback_repair,NF-CSE-CIC-IDS2018,retained,0.5471359617273931,0.3534366934110372,0.035177160336477185,0.08343409915356712,0.04948897256589564,0.26664866836637746,0.09118833818899603,0.7033697024981365,12533.0,7570.0,3032.0,276.0,23411.0,0.14130109777455044
mlp,42,NF-UNSW-NB15,rollback_repair,RETAINED_MACRO,retained_macro,0.4424216271447185,0.4473960336950658,0.4075060496336284,0.22276980944489921,0.2683806531610236,0.3840077294232002,0.5630344242625189,0.7401470002990468,14297.0,8071.0,20158.0,14483.0,57009.0,0.6076408988054518
mlp,42,NF-UNSW-NB15,ssd_canonical,NF-UNSW-NB15,forgotten,0.9990468020207797,0.9971966049372389,0.9925373134328358,0.9950124688279302,0.9937733499377335,0.9998552874702499,0.9952278122517322,0.003872904088667369,19366.0,12.0,8.0,1596.0,20982.0,0.07644647793346677
mlp,42,NF-UNSW-NB15,ssd_canonical,NF-ToN-IoT,retained,0.6033692413476965,0.6486211705675249,0.862291169451074,0.5561028166846237,0.6761485917469823,0.7366612177632731,0.8452845123593878,0.887214090110789,1652.0,577.0,2884.0,3613.0,8726.0,0.7445564978225991
mlp,42,NF-UNSW-NB15,ssd_canonical,NF-BoT-IoT,retained,0.9871341267288517,0.8132639000733701,0.9994702958194116,0.9876389112578515,0.9935193811008951,0.9901017340419822,0.999985555523559,0.022686785893110715,23.0,13.0,307.0,24529.0,24872.0,0.9985525892569959
mlp,42,NF-UNSW-NB15,ssd_canonical,NF-CSE-CIC-IDS2018,retained,0.9080773995130494,0.748347318744981,0.7489233419465977,0.5256952841596131,0.6177619893428064,0.7606376886964419,0.636095060824365,0.393884022142935,19520.0,583.0,1569.0,1739.0,23411.0,0.14130109777455044
mlp,42,NF-UNSW-NB15,ssd_canonical,RETAINED_MACRO,retained_macro,0.8328602558631992,0.736744129795292,0.8702282690723612,0.6898123373673628,0.7624766540635614,0.8291335468338991,0.8271217095691039,0.43459496604894493,21195.0,1173.0,4760.0,29881.0,57009.0,0.6076408988054518
mlp,42,NF-UNSW-NB15,ssd_canonical@alpha=1,NF-UNSW-NB15,forgotten,0.9975216852540273,0.9875074608349598,0.9917617237008872,0.9756857855361596,0.9836580766813325,0.999764818009677,0.9953305006852491,0.00908113692607621,19365.0,13.0,39.0,1565.0,20982.0,0.07644647793346677
mlp,42,NF-UNSW-NB15,ssd_canonical@alpha=1,NF-ToN-IoT,retained,0.6033692413476965,0.6484738133271021,0.862118320610687,0.5562567338771741,0.676209187014688,0.7269246606070663,0.8424889061994393,0.9182691707267542,1651.0,578.0,2883.0,3614.0,8726.0,0.7445564978225991
mlp,42,NF-UNSW-NB15,ssd_canonical@alpha=1,NF-BoT-IoT,retained,0.9870939208748793,0.8132437680070148,0.9994702742349537,0.9875986471251409,0.9934989975089616,0.9904473345144146,0.9999860584299077,0.022801026559155824,23.0,13.0,308.0,24528.0,24872.0,0.9985525892569959
mlp,42,NF-UNSW-NB15,ssd_canonical@alpha=1,NF-CSE-CIC-IDS2018,retained,0.9090171287001837,0.749525884861043,0.754978354978355,0.5272067714631197,0.6208615165539337,0.7182869091771091,0.6281441025222749,0.41203676285937185,19537.0,566.0,1564.0,1744.0,23411.0,0.14130109777455044
mlp,42,NF-UNSW-NB15,ssd_canonical@alpha=1,RETAINED_MACRO,retained_macro,0.8331600969742533,0.7370811553983866,0.8721889832746652,0.6903540508218114,0.7635232336925277,0.8118863014328633,0.8235396890505408,0.4510356533817606,21211.0,1157.0,4755.0,29886.0,57009.0,0.6076408988054518
mlp,42,NF-UNSW-NB15,ssd_canonical@alpha=2,NF-UNSW-NB15,forgotten,0.9982842436374035,0.9919231555233086,0.9930817610062893,0.9844139650872819,0.9887288666249218,0.9998419358251085,0.9955970943825785,0.005963835375165283,19367.0,11.0,25.0,1579.0,20982.0,0.07644647793346677
mlp,42,NF-UNSW-NB15,ssd_canonical@alpha=2,NF-ToN-IoT,retained,0.6040568416227367,0.6492302793855991,0.8626609442060086,0.5568724026473757,0.6768309793284071,0.7429179619982663,0.8471537528972954,0.8565069048859024,1653.0,576.0,2879.0,3618.0,8726.0,0.7445564978225991
mlp,42,NF-UNSW-NB15,ssd_canonical@alpha=2,NF-BoT-IoT,retained,0.9870939208748793,0.8132437680070148,0.9994702742349537,0.9875986471251409,0.9934989975089616,0.9903668062489934,0.9999859415023349,0.022703124987850168,23.0,13.0,308.0,24528.0,24872.0,0.9985525892569959
mlp,42,NF-UNSW-NB15,ssd_canonical@alpha=2,NF-CSE-CIC-IDS2018,retained,0.9080773995130494,0.748347318744981,0.7489233419465977,0.5256952841596131,0.6177619893428064,0.7445844198628575,0.6320754593423528,0.4013967048389953,19520.0,583.0,1569.0,1739.0,23411.0,0.14130109777455044
mlp,42,NF-UNSW-NB15,ssd_canonical@alpha=2,RETAINED_MACRO,retained_macro,0.8330760540035551,0.7369404553791984,0.8703515201291867,0.6900554446440431,0.7626973220600584,0.8259563960367058,0.8264050512473277,0.42686891157091594,21196.0,1172.0,4756.0,29885.0,57009.0,0.6076408988054518
mlp,42,NF-UNSW-NB15,ssd_canonical@alpha=3,NF-UNSW-NB15,forgotten,0.9989991421218187,0.9968848842389846,0.9925326695706285,0.9943890274314214,0.9934599813142323,0.9998558987503889,0.9951473630063787,0.0040083081918303055,19366.0,12.0,9.0,1595.0,20982.0,0.07644647793346677
mlp,42,NF-UNSW-NB15,ssd_canonical@alpha=3,NF-ToN-IoT,retained,0.6030254412101765,0.6483902947786992,0.8621925005970862,0.5556410651069724,0.6757768625982778,0.7333287966085461,0.8442298814943632,0.9011782236024534,1652.0,577.0,2887.0,3610.0,8726.0,0.7445564978225991
mlp,42,NF-UNSW-NB15,ssd_canonical@alpha=3,NF-BoT-IoT,retained,0.9871341267288517,0.8132639000733701,0.9994702958194116,0.9876389112578515,0.9935193811008951,0.9901073262826363,0.9999855636418632,0.022693392115063278,23.0,13.0,307.0,24529.0,24872.0,0.9985525892569959
mlp,42,NF-UNSW-NB15,ssd_canonical@alpha=3,NF-CSE-CIC-IDS2018,retained,0.9080773995130494,0.748347318744981,0.7489233419465977,0.5256952841596131,0.6177619893428064,0.7538743112029878,0.6342068911722533,0.396995113149388,19520.0,583.0,1569.0,1739.0,23411.0,0.14130109777455044
mlp,42,NF-UNSW-NB15,ssd_canonical@alpha=3,RETAINED_MACRO,retained_macro,0.8327456558173592,0.7366671711990168,0.8701953794543652,0.6896584201748124,0.7623527443473265,0.8257701446980569,0.8261407787694931,0.44028890962230155,21195.0,1173.0,4763.0,29878.0,57009.0,0.6076408988054518
mlp,42,NF-UNSW-NB15,ssd_canonical@alpha=5,NF-UNSW-NB15,forgotten,0.9990468020207797,0.9971966049372389,0.9925373134328358,0.9950124688279302,0.9937733499377335,0.9998552874702499,0.9952278122517322,0.003872904088667369,19366.0,12.0,8.0,1596.0,20982.0,0.07644647793346677
mlp,42,NF-UNSW-NB15,ssd_canonical@alpha=5,NF-ToN-IoT,retained,0.6033692413476965,0.6486211705675249,0.862291169451074,0.5561028166846237,0.6761485917469823,0.7366612177632731,0.8452845123593878,0.887214090110789,1652.0,577.0,2884.0,3613.0,8726.0,0.7445564978225991
mlp,42,NF-UNSW-NB15,ssd_canonical@alpha=5,NF-BoT-IoT,retained,0.9871341267288517,0.8132639000733701,0.9994702958194116,0.9876389112578515,0.9935193811008951,0.9901017340419822,0.999985555523559,0.022686785893110715,23.0,13.0,307.0,24529.0,24872.0,0.9985525892569959
mlp,42,NF-UNSW-NB15,ssd_canonical@alpha=5,NF-CSE-CIC-IDS2018,retained,0.9080773995130494,0.748347318744981,0.7489233419465977,0.5256952841596131,0.6177619893428064,0.7606376886964419,0.636095060824365,0.393884022142935,19520.0,583.0,1569.0,1739.0,23411.0,0.14130109777455044
mlp,42,NF-UNSW-NB15,ssd_canonical@alpha=5,RETAINED_MACRO,retained_macro,0.8328602558631992,0.736744129795292,0.8702282690723612,0.6898123373673628,0.7624766540635614,0.8291335468338991,0.8271217095691039,0.43459496604894493,21195.0,1173.0,4760.0,29881.0,57009.0,0.6076408988054518
mlp,42,NF-UNSW-NB15,dc_ssd_no_contrast,NF-UNSW-NB15,forgotten,0.9980459441425984,0.9920800614831999,0.989355040701315,0.9850374064837906,0.9871915026554202,0.9995766724174187,0.9952975968118569,0.00721921955388605,19361.0,17.0,24.0,1580.0,20982.0,0.07644647793346677
mlp,42,NF-UNSW-NB15,dc_ssd_no_contrast,NF-ToN-IoT,retained,0.6025670410268165,0.6452826728255641,0.8588012319355602,0.5579498229952286,0.6764321701810039,0.6516683719089591,0.8182005051827069,1.1508093178546535,1633.0,596.0,2872.0,3625.0,8726.0,0.7445564978225991
mlp,42,NF-UNSW-NB15,dc_ssd_no_contrast,NF-BoT-IoT,retained,0.987174332582824,0.8132840321397254,0.9994703174021106,0.987679175390562,0.993539763867231,0.9902471322989925,0.9999857657359198,0.02259531623247546,23.0,13.0,306.0,24530.0,24872.0,0.9985525892569959
mlp,42,NF-UNSW-NB15,dc_ssd_no_contrast,NF-CSE-CIC-IDS2018,retained,0.9082055444022041,0.749684702680831,0.7477554510474562,0.5287182587666264,0.6194439525411723,0.8450153941181152,0.6695110471119013,0.3269022118090929,19513.0,590.0,1559.0,1749.0,23411.0,0.14130109777455044
mlp,42,NF-UNSW-NB15,dc_ssd_no_contrast,RETAINED_MACRO,retained_macro,0.832648972670615,0.7360838025487069,0.8686756667950423,0.6914490857174723,0.7631386288631358,0.828976966108689,0.8292324393435093,0.5001022819654073,21169.0,1199.0,4737.0,29904.0,57009.0,0.6076408988054518
mlp,42,NF-UNSW-NB15,dc_ssd_no_class_balance,NF-UNSW-NB15,forgotten,0.996854446668573,0.9831433710593986,0.9916879795396419,0.9669576059850374,0.9791666666666666,0.9997276264391143,0.9945196951435996,0.010860234378916683,19365.0,13.0,53.0,1551.0,20982.0,0.07644647793346677
mlp,42,NF-UNSW-NB15,dc_ssd_no_class_balance,NF-ToN-IoT,retained,0.6026816410726564,0.6472752755473365,0.8610581506196378,0.5561028166846237,0.6757691948003367,0.7448198647503597,0.8475442430432485,0.8361095663664767,1646.0,583.0,2884.0,3613.0,8726.0,0.7445564978225991
mlp,42,NF-UNSW-NB15,dc_ssd_no_class_balance,NF-BoT-IoT,retained,0.987053715020907,0.8132236359406596,0.9994702526487368,0.9875583829924304,0.9934786130913804,0.9908242515345109,0.9999866045668001,0.022924314454231563,23.0,13.0,309.0,24527.0,24872.0,0.9985525892569959
mlp,42,NF-UNSW-NB15,dc_ssd_no_class_balance,NF-CSE-CIC-IDS2018,retained,0.908504549143565,0.748848591483004,0.751727115716753,0.5262998790810157,0.6191322901849218,0.7722009086698063,0.6393512901460678,0.3890531758595063,19528.0,575.0,1567.0,1741.0,23411.0,0.14130109777455044
mlp,42,NF-UNSW-NB15,dc_ssd_no_class_balance,RETAINED_MACRO,retained_macro,0.8327466350790429,0.7364491676570001,0.8707518396617092,0.68998702625269,0.7627933660255463,0.8359483416515591,0.8289607125853721,0.4160290188934049,21197.0,1171.0,4760.0,29881.0,57009.0,0.6076408988054518
mlp,42,NF-UNSW-NB15,dc_ssd,NF-UNSW-NB15,forgotten,0.9966638070727291,0.9836119977175444,0.9879134860050891,0.9682044887780549,0.9779596977329975,0.9992205534774892,0.9945218953767441,0.012908618862446002,19359.0,19.0,51.0,1553.0,20982.0,0.07644647793346677
mlp,42,NF-UNSW-NB15,dc_ssd,NF-ToN-IoT,retained,0.6032546413018566,0.6455970671627924,0.858831875147789,0.5590272433430814,0.6772328920380384,0.633305270548653,0.815933582332181,1.2525433197398395,1632.0,597.0,2865.0,3632.0,8726.0,0.7445564978225991
mlp,42,NF-UNSW-NB15,dc_ssd,NF-BoT-IoT,retained,0.9874959794146028,0.7995763318480342,0.9994298049118234,0.9880415525849573,0.9937030512867238,0.9905435210536676,0.9999861971894697,0.02218273426503883,22.0,14.0,297.0,24539.0,24872.0,0.9985525892569959
mlp,42,NF-UNSW-NB15,dc_ssd,NF-CSE-CIC-IDS2018,retained,0.9088035538849258,0.7516745080850549,0.7494683113568694,0.5326481257557436,0.6227248630500088,0.8618657219431174,0.6836636365704185,0.2995377196779697,19514.0,589.0,1546.0,1762.0,23411.0,0.14130109777455044
mlp,42,NF-UNSW-NB15,dc_ssd,RETAINED_MACRO,retained_macro,0.8331847248671284,0.7322826356986272,0.8692433304721606,0.693238973894594,0.7645536021249236,0.8285715045151459,0.8331944720306899,0.524754591227616,21168.0,1200.0,4708.0,29933.0,57009.0,0.6076408988054518
mlp,42,NF-UNSW-NB15,scrub_r,NF-UNSW-NB15,forgotten,0.1792012200934134,0.5296115359758309,0.08115211328041193,0.9432668329177057,0.149446858949032,0.3607201742264218,0.05712200347192722,21.583047320323974,2247.0,17131.0,91.0,1513.0,20982.0,0.07644647793346677
mlp,42,NF-UNSW-NB15,scrub_r,NF-ToN-IoT,retained,0.5664680265872106,0.6157358543436515,0.8411261940673705,0.5150069262736647,0.638854415274463,0.5898791470377363,0.7988597880183068,1.369043955688275,1597.0,632.0,3151.0,3346.0,8726.0,0.7445564978225991
mlp,42,NF-UNSW-NB15,scrub_r,NF-BoT-IoT,retained,0.9886619491798005,0.786291404949804,0.9993898470549951,0.9892494765662747,0.994293808174828,0.9848349617938117,0.9999775141040383,0.020476859366221668,21.0,15.0,267.0,24569.0,24872.0,0.9985525892569959
mlp,42,NF-UNSW-NB15,scrub_r,NF-CSE-CIC-IDS2018,retained,0.9251633847336722,0.7625894945143755,0.8909547738693467,0.5359733978234583,0.6693091732729332,0.8043925356361534,0.6665005126494129,0.3489495950863489,19886.0,217.0,1535.0,1773.0,23411.0,0.14130109777455044
mlp,42,NF-UNSW-NB15,scrub_r,RETAINED_MACRO,retained_macro,0.8267644535002278,0.7215389179359436,0.9104902716639041,0.6800766002211326,0.767485798907408,0.7930355481559005,0.821779271590586,0.5794901367136152,21504.0,864.0,4953.0,29688.0,57009.0,0.6076408988054518
mlp,42,NF-UNSW-NB15,scrub_r@lr=0.0001,NF-UNSW-NB15,forgotten,0.08664569631112382,0.5046639709427021,0.07711203159618533,0.9981296758104738,0.1431637306626129,0.06599830797657523,0.04034922917975866,16.69130576830133,217.0,19161.0,3.0,1601.0,20982.0,0.07644647793346677
mlp,42,NF-UNSW-NB15,scrub_r@lr=0.0001,NF-ToN-IoT,retained,0.5397662159064863,0.5783533456757106,0.8094287852332253,0.4994612898260736,0.6177422425280792,0.5841826917665627,0.7636064551233939,0.9650527870607332,1465.0,764.0,3252.0,3245.0,8726.0,0.7445564978225991
mlp,42,NF-UNSW-NB15,scrub_r@lr=0.0001,NF-BoT-IoT,retained,0.9887825667417176,0.647664232923534,0.9989840289348559,0.9897729102915124,0.9943571385231479,0.9667216943147044,0.9999501037326995,0.02437882090693431,11.0,25.0,254.0,24582.0,24872.0,0.9985525892569959
mlp,42,NF-UNSW-NB15,scrub_r@lr=0.0001,NF-CSE-CIC-IDS2018,retained,0.8762547520396395,0.8464975283577364,0.5418107833163784,0.8050181378476421,0.6476954882646236,0.9167394628665997,0.7630488629898833,0.29142145714573214,17851.0,2252.0,645.0,2663.0,23411.0,0.14130109777455044
mlp,42,NF-UNSW-NB15,scrub_r@lr=0.0001,RETAINED_MACRO,retained_macro,0.8016011782292812,0.6908383689856604,0.7834078658281531,0.7647507793217426,0.7532649564386169,0.8225479496492888,0.8422018072819922,0.4269510217044665,19327.0,3041.0,4151.0,30490.0,57009.0,0.6076408988054518
mlp,42,NF-UNSW-NB15,scrub_r@lr=0.001,NF-UNSW-NB15,forgotten,0.20913163664093032,0.5283744658376764,0.08114451771543534,0.9052369077306733,0.148938352651554,0.47160698663600054,0.07111103327057146,21.435086780072396,2936.0,16442.0,152.0,1452.0,20982.0,0.07644647793346677
mlp,42,NF-UNSW-NB15,scrub_r@lr=0.001,NF-ToN-IoT,retained,0.5873252349300939,0.6166275244681035,0.8337943752881513,0.5567184854548253,0.667651130595293,0.6042460981922636,0.8076167676126388,1.2332359612702422,1508.0,721.0,2880.0,3617.0,8726.0,0.7445564978225991
mlp,42,NF-UNSW-NB15,scrub_r@lr=0.001,NF-BoT-IoT,retained,0.9900289482148601,0.786975895205884,0.9993906897392152,0.9906184570784345,0.994985238807781,0.9907795136092769,0.9999865023040826,0.017323776263236102,21.0,15.0,233.0,24603.0,24872.0,0.9985525892569959
mlp,42,NF-UNSW-NB15,scrub_r@lr=0.001,NF-CSE-CIC-IDS2018,retained,0.9262739737730127,0.7652565932966384,0.8962925851703407,0.5408101571946796,0.6745852187028658,0.8303090429511715,0.6810785679619952,0.3286372969363076,19896.0,207.0,1519.0,1789.0,23411.0,0.14130109777455044
mlp,42,NF-UNSW-NB15,scrub_r@lr=0.001,RETAINED_MACRO,retained_macro,0.8345427189726555,0.7229533376568753,0.9098258833992358,0.6960490332426464,0.7790738627019799,0.8084448849175706,0.8295606126262388,0.5263990114899286,21425.0,943.0,4632.0,30009.0,57009.0,0.6076408988054518
mlp,42,NF-UNSW-NB15,retrained,NF-UNSW-NB15,forgotten,0.45386521780573824,0.34149940326189376,0.031828978622327794,0.20885286783042395,0.0552395086157144,0.26182185224831406,0.04780645580323832,1.1479204846701634,9188.0,10190.0,1269.0,335.0,20982.0,0.07644647793346677
mlp,42,NF-UNSW-NB15,retrained,NF-ToN-IoT,retained,0.5994728397891359,0.6589720154513803,0.8771356783919598,0.5373249191934739,0.6664121408800229,0.7138511248557071,0.8432747689729301,1.0740700793113362,1740.0,489.0,3006.0,3491.0,8726.0,0.7445564978225991
mlp,42,NF-UNSW-NB15,retrained,NF-BoT-IoT,retained,0.9892650369893856,0.8143308995902006,0.9994714372840008,0.9897729102915124,0.994598531286035,0.9923788944363916,0.9999888761961312,0.021133372967417425,23.0,13.0,254.0,24582.0,24872.0,0.9985525892569959
mlp,42,NF-UNSW-NB15,retrained,NF-CSE-CIC-IDS2018,retained,0.9104694374439366,0.755043772155022,0.7578723404255319,0.538391777509069,0.6295510781194769,0.7633009378965558,0.6482867393662106,0.3685896235740604,19534.0,569.0,1527.0,1781.0,23411.0,0.14130109777455044
mlp,42,NF-UNSW-NB15,retrained,RETAINED_MACRO,retained_macro,0.8330691047408193,0.7427822290655343,0.8781598187004974,0.6884965356646852,0.7635205834285116,0.8231769857295514,0.8305167948450906,0.4879310252842714,21297.0,1071.0,4787.0,29854.0,57009.0,0.6076408988054518
mlp,42,NF-ToN-IoT,original,NF-UNSW-NB15,retained,0.9990468020207797,0.9971966049372389,0.9925373134328358,0.9950124688279302,0.9937733499377335,0.9998552874702499,0.9952278122517322,0.003872904088667369,19366.0,12.0,8.0,1596.0,20982.0,0.07644647793346677
mlp,42,NF-ToN-IoT,original,NF-ToN-IoT,forgotten,0.6033692413476965,0.6486211705675249,0.862291169451074,0.5561028166846237,0.6761485917469823,0.7366612177632731,0.8452845123593878,0.887214090110789,1652.0,577.0,2884.0,3613.0,8726.0,0.7445564978225991
mlp,42,NF-ToN-IoT,original,NF-BoT-IoT,retained,0.9871341267288517,0.8132639000733701,0.9994702958194116,0.9876389112578515,0.9935193811008951,0.9901017340419822,0.999985555523559,0.022686785893110715,23.0,13.0,307.0,24529.0,24872.0,0.9985525892569959
mlp,42,NF-ToN-IoT,original,NF-CSE-CIC-IDS2018,retained,0.9080773995130494,0.748347318744981,0.7489233419465977,0.5256952841596131,0.6177619893428064,0.7606376886964419,0.636095060824365,0.393884022142935,19520.0,583.0,1569.0,1739.0,23411.0,0.14130109777455044
mlp,42,NF-ToN-IoT,original,RETAINED_MACRO,retained_macro,0.9647527760875603,0.8529359412518632,0.913643650399615,0.8361155547484649,0.8683515734604783,0.9168649034028912,0.8771028095332186,0.14014790404157104,38909.0,608.0,1884.0,27864.0,69265.0,0.4294809788493467
mlp,42,NF-ToN-IoT,rollback_repair,NF-UNSW-NB15,retained,0.9235535220665332,0.5,0.0,0.0,0.0,0.863064385300553,0.5227144903350678,0.4164489223863031,19378.0,0.0,1604.0,0.0,20982.0,0.07644647793346677
mlp,42,NF-ToN-IoT,rollback_repair,NF-ToN-IoT,forgotten,0.25544350217740086,0.5,0.0,0.0,0.0,0.5635532650504465,0.7366800185371005,4.061786355964547,2229.0,0.0,6497.0,0.0,8726.0,0.7445564978225991
mlp,42,NF-ToN-IoT,rollback_repair,NF-BoT-IoT,retained,0.0014474107430041815,0.5,0.0,0.0,0.0,0.9879140494980405,0.9999823623384941,5.3181746779512045,36.0,0.0,24836.0,0.0,24872.0,0.9985525892569959
mlp,42,NF-ToN-IoT,rollback_repair,NF-CSE-CIC-IDS2018,retained,0.8586989022254495,0.5,0.0,0.0,0.0,0.8011423905700636,0.30654253260392816,0.7694618192398188,20103.0,0.0,3308.0,0.0,23411.0,0.14130109777455044
mlp,42,NF-ToN-IoT,rollback_repair,RETAINED_MACRO,retained_macro,0.5945666116783289,0.5,0.0,0.0,0.0,0.8840402751228856,0.6097464617591634,2.168028473192442,39517.0,0.0,29748.0,0.0,69265.0,0.4294809788493467
mlp,42,NF-ToN-IoT,ssd_canonical,NF-UNSW-NB15,retained,0.9990468020207797,0.9971966049372389,0.9925373134328358,0.9950124688279302,0.9937733499377335,0.9998552874702499,0.9952278122517322,0.003872904088667369,19366.0,12.0,8.0,1596.0,20982.0,0.07644647793346677
mlp,42,NF-ToN-IoT,ssd_canonical,NF-ToN-IoT,forgotten,0.6033692413476965,0.6486211705675249,0.862291169451074,0.5561028166846237,0.6761485917469823,0.7366612177632731,0.8452845123593878,0.887214090110789,1652.0,577.0,2884.0,3613.0,8726.0,0.7445564978225991
mlp,42,NF-ToN-IoT,ssd_canonical,NF-BoT-IoT,retained,0.9871341267288517,0.8132639000733701,0.9994702958194116,0.9876389112578515,0.9935193811008951,0.9901017340419822,0.999985555523559,0.022686785893110715,23.0,13.0,307.0,24529.0,24872.0,0.9985525892569959
mlp,42,NF-ToN-IoT,ssd_canonical,NF-CSE-CIC-IDS2018,retained,0.9080773995130494,0.748347318744981,0.7489233419465977,0.5256952841596131,0.6177619893428064,0.7606376886964419,0.636095060824365,0.393884022142935,19520.0,583.0,1569.0,1739.0,23411.0,0.14130109777455044
mlp,42,NF-ToN-IoT,ssd_canonical,RETAINED_MACRO,retained_macro,0.9647527760875603,0.8529359412518632,0.913643650399615,0.8361155547484649,0.8683515734604783,0.9168649034028912,0.8771028095332186,0.14014790404157104,38909.0,608.0,1884.0,27864.0,69265.0,0.4294809788493467
mlp,42,NF-ToN-IoT,ssd_canonical@alpha=1,NF-UNSW-NB15,retained,0.24401868268039273,0.28050014426211284,0.03393043933054393,0.32356608478802995,0.06142011834319527,0.2347299647465092,0.04638078527007125,0.8323507483190241,4601.0,14777.0,1085.0,519.0,20982.0,0.07644647793346677
mlp,42,NF-ToN-IoT,ssd_canonical@alpha=1,NF-ToN-IoT,forgotten,0.6343112537245015,0.5901217962143276,0.7985910404624278,0.6804679082653532,0.7348125986869443,0.6546665117136923,0.8231017195973597,0.7067818008103157,1114.0,1115.0,2076.0,4421.0,8726.0,0.7445564978225991
mlp,42,NF-ToN-IoT,ssd_canonical@alpha=1,NF-BoT-IoT,retained,0.7081859118687681,0.5903750827651617,0.9989214350590372,0.7085279433081011,0.8290304343729389,0.646846647339883,0.9978516313834696,0.5948402651680263,17.0,19.0,7239.0,17597.0,24872.0,0.9985525892569959
mlp,42,NF-ToN-IoT,ssd_canonical@alpha=1,NF-CSE-CIC-IDS2018,retained,0.7284182649182008,0.5742838153160558,0.21904937361827562,0.3594316807738815,0.2722069597069597,0.49445570697846836,0.1418722441000751,0.6124649662696099,15864.0,4239.0,2119.0,1189.0,23411.0,0.14130109777455044
mlp,42,NF-ToN-IoT,ssd_canonical@alpha=1,RETAINED_MACRO,retained_macro,0.5602076198224539,0.48171968078111016,0.41730041600261897,0.4638419029566709,0.38755250414103126,0.45867743968828684,0.39536822025120527,0.6798853265855535,20482.0,19035.0,10443.0,19305.0,69265.0,0.4294809788493467
mlp,42,NF-ToN-IoT,ssd_canonical@alpha=2,NF-UNSW-NB15,retained,0.9212181870174435,0.5221809754692637,0.38497652582159625,0.05112219451371571,0.09025866813428729,0.28934707302339674,0.08844848145212075,0.3506828569920197,19247.0,131.0,1522.0,82.0,20982.0,0.07644647793346677
mlp,42,NF-ToN-IoT,ssd_canonical@alpha=2,NF-ToN-IoT,forgotten,0.28019711207884485,0.4105258436909799,0.5652173913043478,0.14406649222718176,0.22960873298172452,0.5009257473494513,0.7053962163350402,1.424996391687429,1509.0,720.0,5561.0,936.0,8726.0,0.7445564978225991
mlp,42,NF-ToN-IoT,ssd_canonical@alpha=2,NF-BoT-IoT,retained,0.5731746542296559,0.6059841448792971,0.9990874631475501,0.5730794008697052,0.7283659996929532,0.7253281526815912,0.9988165326619001,0.9403618184575927,23.0,13.0,10603.0,14233.0,24872.0,0.9985525892569959
mlp,42,NF-ToN-IoT,ssd_canonical@alpha=2,NF-CSE-CIC-IDS2018,retained,0.8119687326470463,0.48112440099148396,0.053833605220228384,0.01995163240628779,0.029113365681517425,0.3170050674937013,0.09796387501626248,0.5696745838790923,18943.0,1160.0,3242.0,66.0,23411.0,0.14130109777455044
mlp,42,NF-ToN-IoT,ssd_canonical@alpha=2,RETAINED_MACRO,retained_macro,0.7687871912980486,0.5364298404466815,0.47929919806312493,0.2147177425965696,0.2825793445029193,0.44389343106622975,0.3950762963767611,0.6202397531095682,38213.0,1304.0,15367.0,14381.0,69265.0,0.4294809788493467
mlp,42,NF-ToN-IoT,ssd_canonical@alpha=3,NF-UNSW-NB15,retained,0.35211133352397295,0.3115719641447522,0.032954191336865064,0.263715710723192,0.05858725761772853,0.310640357126587,0.05152053523288738,0.7577308293625099,6965.0,12413.0,1181.0,423.0,20982.0,0.07644647793346677
mlp,42,NF-ToN-IoT,ssd_canonical@alpha=3,NF-ToN-IoT,forgotten,0.531285812514325,0.6289488753928807,0.8795332702617471,0.4292750500230876,0.5769549027720314,0.7081139978813427,0.8811795132895482,0.8083916961573107,1847.0,382.0,3708.0,2789.0,8726.0,0.7445564978225991
mlp,42,NF-ToN-IoT,ssd_canonical@alpha=3,NF-BoT-IoT,retained,0.010252492762946284,0.4766714088867415,0.9910313901345291,0.008898373329038492,0.017638373438684705,0.2732693133623235,0.9966678165992058,1.43252804924348,34.0,2.0,24615.0,221.0,24872.0,0.9985525892569959
mlp,42,NF-ToN-IoT,ssd_canonical@alpha=3,NF-CSE-CIC-IDS2018,retained,0.6184272350604417,0.36956626968452255,0.012987012987012988,0.02267230955259976,0.01651436749972476,0.3687101587044376,0.10427672343323155,0.6358966520093653,14403.0,5700.0,3233.0,75.0,23411.0,0.14130109777455044
mlp,42,NF-ToN-IoT,ssd_canonical@alpha=3,RETAINED_MACRO,retained_macro,0.32693035378245366,0.3859365475720054,0.3456575314861357,0.09842879786827674,0.030913332852046,0.3175399430644494,0.38415502508844157,0.9420518435384517,21402.0,18115.0,29029.0,719.0,69265.0,0.4294809788493467
mlp,42,NF-ToN-IoT,ssd_canonical@alpha=5,NF-UNSW-NB15,retained,0.9305118673148413,0.5475126496381608,0.95625,0.09538653366583541,0.17346938775510204,0.6222931389402435,0.3365932629416929,0.25119798084799755,19371.0,7.0,1451.0,153.0,20982.0,0.07644647793346677
mlp,42,NF-ToN-IoT,ssd_canonical@alpha=5,NF-ToN-IoT,forgotten,0.23917029566811826,0.4632843622549193,0.15865384615384615,0.00507926735416346,0.009843400447427294,0.4393593536941818,0.696093837507523,2.1350979728915624,2054.0,175.0,6464.0,33.0,8726.0,0.7445564978225991
mlp,42,NF-ToN-IoT,ssd_canonical@alpha=5,NF-BoT-IoT,retained,0.9049935670633644,0.7443965748644441,0.9993334222103719,0.9054598163955548,0.950083440714844,0.7060181457024749,0.9970799981862396,0.28172861848428443,21.0,15.0,2348.0,22488.0,24872.0,0.9985525892569959
mlp,42,NF-ToN-IoT,ssd_canonical@alpha=5,NF-CSE-CIC-IDS2018,retained,0.8560932894793046,0.5002506890000175,0.15730337078651685,0.004232164449818622,0.008242566970856638,0.4749965203386357,0.12313418468341042,0.539109147159853,20028.0,75.0,3294.0,14.0,23411.0,0.14130109777455044
mlp,42,NF-ToN-IoT,ssd_canonical@alpha=5,RETAINED_MACRO,retained_macro,0.8971995746191701,0.5973866378342074,0.7042955976656295,0.3350261715037363,0.3772651318136009,0.6011026016604514,0.4856024819371143,0.35734524883071167,39420.0,97.0,7093.0,22655.0,69265.0,0.4294809788493467
mlp,42,NF-ToN-IoT,dc_ssd_no_contrast,NF-UNSW-NB15,retained,0.9771709083976742,0.9710573653594365,0.7859684799186578,0.9638403990024937,0.8658639036684402,0.9934829494022195,0.9709128881359012,0.15545742325088108,18957.0,421.0,58.0,1546.0,20982.0,0.07644647793346677
mlp,42,NF-ToN-IoT,dc_ssd_no_contrast,NF-ToN-IoT,forgotten,0.512376804950722,0.608588130505483,0.8604501607717042,0.4118824072648915,0.5570937857812012,0.6417913972511591,0.7958005072058052,0.889172149013347,1795.0,434.0,3821.0,2676.0,8726.0,0.7445564978225991
mlp,42,NF-ToN-IoT,dc_ssd_no_contrast,NF-BoT-IoT,retained,0.9864104213573496,0.7158202251212398,0.9991849376477301,0.9871960057980351,0.9931542917324908,0.9763202161736547,0.9999645619666111,0.02875452149847706,16.0,20.0,318.0,24518.0,24872.0,0.9985525892569959
mlp,42,NF-ToN-IoT,dc_ssd_no_contrast,NF-CSE-CIC-IDS2018,retained,0.6440562128913758,0.5079881461140183,0.14766512410601598,0.3183192261185006,0.20174346201743462,0.623983334376931,0.29452235827893314,0.6833375821073312,14025.0,6078.0,2255.0,1053.0,23411.0,0.14130109777455044
mlp,42,NF-ToN-IoT,dc_ssd_no_contrast,RETAINED_MACRO,retained_macro,0.8692125142154664,0.7316219121982316,0.6442728472241347,0.7564518769730099,0.6869205524727886,0.8645954999842683,0.7551332694604819,0.28918317561889645,32998.0,6519.0,2631.0,27117.0,69265.0,0.4294809788493467
mlp,42,NF-ToN-IoT,dc_ssd_no_class_balance,NF-UNSW-NB15,retained,0.47402535506624727,0.32610936406532437,0.024500907441016333,0.15149625935162095,0.04218017705259504,0.23681468740163217,0.0462343036343331,0.644561879934227,9703.0,9675.0,1361.0,243.0,20982.0,0.07644647793346677
mlp,42,NF-ToN-IoT,dc_ssd_no_class_balance,NF-ToN-IoT,forgotten,0.8072427228970892,0.6508459955946124,0.8087726048480185,0.9706018162228721,0.8823282496152232,0.7409025720743667,0.8265980613291184,0.6221824463686043,738.0,1491.0,191.0,6306.0,8726.0,0.7445564978225991
mlp,42,NF-ToN-IoT,dc_ssd_no_class_balance,NF-BoT-IoT,retained,0.6798809906722418,0.5207270807609027,0.9986406619385343,0.6803430504106942,0.8093208161701312,0.5949875628567847,0.9989764180946342,0.9406710782656599,13.0,23.0,7939.0,16897.0,24872.0,0.9985525892569959
mlp,42,NF-ToN-IoT,dc_ssd_no_class_balance,NF-CSE-CIC-IDS2018,retained,0.5089060697962496,0.5157930461027762,0.14899271324474925,0.5253929866989118,0.23215120550323917,0.3798166543269514,0.10809752849714421,0.656998471747891,10176.0,9927.0,1570.0,1738.0,23411.0,0.14130109777455044
mlp,42,NF-ToN-IoT,dc_ssd_no_class_balance,RETAINED_MACRO,retained_macro,0.5542708051782462,0.4542098303096678,0.39071142754143334,0.45241076548707565,0.3612173995753218,0.40387296819512275,0.3844360834087038,0.7474104766492594,19892.0,19625.0,10870.0,18878.0,69265.0,0.4294809788493467
mlp,42,NF-ToN-IoT,dc_ssd,NF-UNSW-NB15,retained,0.9569631112382042,0.9586875326391422,0.6472070558588828,0.9607231920199502,0.7734002509410288,0.9758712607993896,0.8506933466693432,0.2769611830494563,18538.0,840.0,63.0,1541.0,20982.0,0.07644647793346677
mlp,42,NF-ToN-IoT,dc_ssd,NF-ToN-IoT,forgotten,0.5049278019711207,0.6003439624582917,0.8523794108125607,0.40526396798522396,0.5493427915710412,0.6334430295433314,0.818209148361212,0.8773916901152925,1773.0,456.0,3864.0,2633.0,8726.0,0.7445564978225991
mlp,42,NF-ToN-IoT,dc_ssd,NF-BoT-IoT,retained,0.9856867159858476,0.6599828206367101,0.9990215264187867,0.9866323079400869,0.9927882667530994,0.9805848588965839,0.9999714708708232,0.0321689063022466,12.0,24.0,332.0,24504.0,24872.0,0.9985525892569959
mlp,42,NF-ToN-IoT,dc_ssd,NF-CSE-CIC-IDS2018,retained,0.6162487719448123,0.4353507940755652,0.08797909407665505,0.18319226118500603,0.11887014515496273,0.5319780653816641,0.2136655983476275,0.5953242145052241,13821.0,6282.0,2702.0,606.0,23411.0,0.14130109777455044
mlp,42,NF-ToN-IoT,dc_ssd,RETAINED_MACRO,retained_macro,0.8529661997229546,0.684673715783806,0.5780692254514416,0.7101825870483477,0.6283528876163637,0.8294780616925458,0.6881101386292646,0.301484767952309,32371.0,7146.0,3097.0,26651.0,69265.0,0.4294809788493467
mlp,42,NF-ToN-IoT,scrub_r,NF-UNSW-NB15,retained,0.9985702030311696,0.9943653161965558,0.991875,0.9894014962593516,0.9906367041198502,0.9994970129635143,0.9966104393800952,0.005545081621886397,19365.0,13.0,17.0,1587.0,20982.0,0.07644647793346677
mlp,42,NF-ToN-IoT,scrub_r,NF-ToN-IoT,forgotten,0.37176254870501946,0.5321375162073975,0.8096400244051251,0.20424811451439126,0.32620452310717796,0.6103011756884307,0.7813407479500277,2.216289115105828,1917.0,312.0,5170.0,1327.0,8726.0,0.7445564978225991
mlp,42,NF-ToN-IoT,scrub_r,NF-BoT-IoT,retained,0.9832743647475073,0.852937492170863,0.9995908346972177,0.9836527621195039,0.9915577563113889,0.9862307850611121,0.9999797808711968,0.046543648571917846,26.0,10.0,406.0,24430.0,24872.0,0.9985525892569959
mlp,42,NF-ToN-IoT,scrub_r,NF-CSE-CIC-IDS2018,retained,0.929819315706292,0.754440726088937,0.9871269748390872,0.5099758162031439,0.6725134542555312,0.8826106013522499,0.7553525445520287,0.5915206014810603,20081.0,22.0,1621.0,1687.0,23411.0,0.14130109777455044
mlp,42,NF-ToN-IoT,scrub_r,RETAINED_MACRO,retained_macro,0.9705546278283229,0.8672478448187851,0.9928642698454349,0.8276766915273331,0.8849026382289235,0.956112799792292,0.9173142549344403,0.21453644389162152,39472.0,45.0,2044.0,27704.0,69265.0,0.4294809788493467
mlp,42,NF-ToN-IoT,scrub_r@lr=0.0001,NF-UNSW-NB15,retained,0.9989991421218187,0.9963130477552635,0.9937616968184654,0.993142144638404,0.9934518241347053,0.9998624619687235,0.9955389275891844,0.0039053331790133523,19368.0,10.0,11.0,1593.0,20982.0,0.07644647793346677
mlp,42,NF-ToN-IoT,scrub_r@lr=0.0001,NF-ToN-IoT,forgotten,0.4130185652074261,0.5551271791729392,0.8332525448376151,0.2645836539941511,0.4016355140186916,0.6095717435379119,0.7942042475585313,1.8958538538636778,1885.0,344.0,4778.0,1719.0,8726.0,0.7445564978225991
mlp,42,NF-ToN-IoT,scrub_r@lr=0.0001,NF-BoT-IoT,retained,0.9847217754905114,0.8120559760920527,0.9994689976309125,0.9852230632952166,0.9922949024696865,0.9877127288344876,0.9999820461422664,0.035246038997894004,23.0,13.0,367.0,24469.0,24872.0,0.9985525892569959
mlp,42,NF-ToN-IoT,scrub_r@lr=0.0001,NF-CSE-CIC-IDS2018,retained,0.9243945153987442,0.7339820691275482,0.9923175416133163,0.46856106408706166,0.6365503080082136,0.7496093952300429,0.6425793861381903,0.42058651882233516,20091.0,12.0,1758.0,1550.0,23411.0,0.14130109777455044
mlp,42,NF-ToN-IoT,scrub_r@lr=0.0001,RETAINED_MACRO,retained_macro,0.9693718110036914,0.8474503643249548,0.9951827453542315,0.8156420906735607,0.8740990115375352,0.9123948620110847,0.8793667866232138,0.15324596366641416,39482.0,35.0,2136.0,27612.0,69265.0,0.4294809788493467
mlp,42,NF-ToN-IoT,scrub_r@lr=0.001,NF-UNSW-NB15,retained,0.9971404060623391,0.9858714499745065,0.9898477157360406,0.972568578553616,0.9811320754716981,0.9994779667612885,0.994673013846249,0.008911312632275648,19362.0,16.0,44.0,1560.0,20982.0,0.07644647793346677
mlp,42,NF-ToN-IoT,scrub_r@lr=0.001,NF-ToN-IoT,forgotten,0.40786156314462524,0.5248450245835933,0.7791771620486986,0.28567030937355703,0.4180650974208807,0.6076673203831592,0.7646070098665736,1.7347551175762852,1703.0,526.0,4641.0,1856.0,8726.0,0.7445564978225991
mlp,42,NF-ToN-IoT,scrub_r@lr=0.001,NF-BoT-IoT,retained,0.9849228047603731,0.7705503659562285,0.9993467521332625,0.9855451763569013,0.992397980903728,0.9720824162058661,0.9999576764172222,0.045295008425516266,20.0,16.0,359.0,24477.0,24872.0,0.9985525892569959
mlp,42,NF-ToN-IoT,scrub_r@lr=0.001,NF-CSE-CIC-IDS2018,retained,0.9274272777754047,0.7477442726788959,0.9785841760856633,0.49727932285368803,0.6594507917418321,0.8825707446433215,0.7346581051378811,0.6254918891008602,20067.0,36.0,1663.0,1645.0,23411.0,0.14130109777455044
mlp,42,NF-ToN-IoT,scrub_r@lr=0.001,RETAINED_MACRO,retained_macro,0.969830162866039,0.8347220295365436,0.9892595479849889,0.818464359254735,0.8776602827057527,0.9513770425368254,0.9097629318004508,0.226566070052884,39449.0,68.0,2066.0,27682.0,69265.0,0.4294809788493467
mlp,42,NF-ToN-IoT,retrained,NF-UNSW-NB15,retained,0.9991421218187018,0.997534128091887,0.9931592039800995,0.9956359102244389,0.9943960149439601,0.999878258734421,0.9970726941074132,0.0031748746496883915,19367.0,11.0,7.0,1597.0,20982.0,0.07644647793346677
mlp,42,NF-ToN-IoT,retrained,NF-ToN-IoT,forgotten,0.29394911757964703,0.4831244886258371,0.6834061135371179,0.09635216253655533,0.16889248617293942,0.6755119334851238,0.7915762476891818,1.7692406138729155,1939.0,290.0,5871.0,626.0,8726.0,0.7445564978225991
mlp,42,NF-ToN-IoT,retrained,NF-BoT-IoT,retained,0.9862093920874879,0.6602445374993289,0.9990220447414531,0.9871557416653245,0.9930534459363671,0.9859321594101752,0.9999794227497235,0.03462530084730709,12.0,24.0,319.0,24517.0,24872.0,0.9985525892569959
mlp,42,NF-ToN-IoT,retrained,NF-CSE-CIC-IDS2018,retained,0.9251206697706207,0.735541382978026,0.9974408189379399,0.47128174123337363,0.6401149661260521,0.6658370591574312,0.6327456907793204,0.4164284306229218,20099.0,4.0,1749.0,1559.0,23411.0,0.14130109777455044
mlp,42,NF-ToN-IoT,retrained,RETAINED_MACRO,retained_macro,0.9701573945589367,0.7977733495230807,0.9965406892198309,0.8180244643743789,0.8758548090021264,0.8838824924340091,0.8765992692121524,0.15140953537330576,39478.0,39.0,2075.0,27673.0,69265.0,0.4294809788493467
mlp,42,NF-BoT-IoT,original,NF-UNSW-NB15,retained,0.9990468020207797,0.9971966049372389,0.9925373134328358,0.9950124688279302,0.9937733499377335,0.9998552874702499,0.9952278122517322,0.003872904088667369,19366.0,12.0,8.0,1596.0,20982.0,0.07644647793346677
mlp,42,NF-BoT-IoT,original,NF-ToN-IoT,retained,0.6033692413476965,0.6486211705675249,0.862291169451074,0.5561028166846237,0.6761485917469823,0.7366612177632731,0.8452845123593878,0.887214090110789,1652.0,577.0,2884.0,3613.0,8726.0,0.7445564978225991
mlp,42,NF-BoT-IoT,original,NF-BoT-IoT,forgotten,0.9871341267288517,0.8132639000733701,0.9994702958194116,0.9876389112578515,0.9935193811008951,0.9901017340419822,0.999985555523559,0.022686785893110715,23.0,13.0,307.0,24529.0,24872.0,0.9985525892569959
mlp,42,NF-BoT-IoT,original,NF-CSE-CIC-IDS2018,retained,0.9080773995130494,0.748347318744981,0.7489233419465977,0.5256952841596131,0.6177619893428064,0.7606376886964419,0.636095060824365,0.393884022142935,19520.0,583.0,1569.0,1739.0,23411.0,0.14130109777455044
mlp,42,NF-BoT-IoT,original,RETAINED_MACRO,retained_macro,0.8368311476271751,0.7980550314165816,0.8679172749435025,0.6922701898907223,0.7625613103425074,0.8323847313099882,0.8255357951451616,0.4283236721141304,40538.0,1172.0,4461.0,6948.0,53119.0,0.21478190477983397
mlp,42,NF-BoT-IoT,rollback_repair,NF-UNSW-NB15,retained,0.9235535220665332,0.5,0.0,0.0,0.0,0.9130453841400215,0.650097996496041,0.6789230955290029,19378.0,0.0,1604.0,0.0,20982.0,0.07644647793346677
mlp,42,NF-BoT-IoT,rollback_repair,NF-ToN-IoT,retained,0.25544350217740086,0.5,0.0,0.0,0.0,0.7548366009145403,0.8243120224449001,6.60829571947821,2229.0,0.0,6497.0,0.0,8726.0,0.7445564978225991
mlp,42,NF-BoT-IoT,rollback_repair,NF-BoT-IoT,forgotten,0.0014474107430041815,0.5,0.0,0.0,0.0,0.3545782555788193,0.9967242867723322,8.882344379144268,36.0,0.0,24836.0,0.0,24872.0,0.9985525892569959
mlp,42,NF-BoT-IoT,rollback_repair,NF-CSE-CIC-IDS2018,retained,0.8586989022254495,0.5,0.0,0.0,0.0,0.5015599003102582,0.1279177069219491,1.254938358998529,20103.0,0.0,3308.0,0.0,23411.0,0.14130109777455044
mlp,42,NF-BoT-IoT,rollback_repair,RETAINED_MACRO,retained_macro,0.6792319754897945,0.5,0.0,0.0,0.0,0.7231472951216067,0.5341092419542967,2.8473857246685808,41710.0,0.0,11409.0,0.0,53119.0,0.21478190477983397
mlp,42,NF-BoT-IoT,ssd_canonical,NF-UNSW-NB15,retained,0.9990468020207797,0.9971966049372389,0.9925373134328358,0.9950124688279302,0.9937733499377335,0.9998552874702499,0.9952278122517322,0.003872904088667369,19366.0,12.0,8.0,1596.0,20982.0,0.07644647793346677
mlp,42,NF-BoT-IoT,ssd_canonical,NF-ToN-IoT,retained,0.6033692413476965,0.6486211705675249,0.862291169451074,0.5561028166846237,0.6761485917469823,0.7366612177632731,0.8452845123593878,0.887214090110789,1652.0,577.0,2884.0,3613.0,8726.0,0.7445564978225991
mlp,42,NF-BoT-IoT,ssd_canonical,NF-BoT-IoT,forgotten,0.9871341267288517,0.8132639000733701,0.9994702958194116,0.9876389112578515,0.9935193811008951,0.9901017340419822,0.999985555523559,0.022686785893110715,23.0,13.0,307.0,24529.0,24872.0,0.9985525892569959
mlp,42,NF-BoT-IoT,ssd_canonical,NF-CSE-CIC-IDS2018,retained,0.9080773995130494,0.748347318744981,0.7489233419465977,0.5256952841596131,0.6177619893428064,0.7606376886964419,0.636095060824365,0.393884022142935,19520.0,583.0,1569.0,1739.0,23411.0,0.14130109777455044
mlp,42,NF-BoT-IoT,ssd_canonical,RETAINED_MACRO,retained_macro,0.8368311476271751,0.7980550314165816,0.8679172749435025,0.6922701898907223,0.7625613103425074,0.8323847313099882,0.8255357951451616,0.4283236721141304,40538.0,1172.0,4461.0,6948.0,53119.0,0.21478190477983397
mlp,42,NF-BoT-IoT,ssd_canonical@alpha=1,NF-UNSW-NB15,retained,0.9990468020207797,0.9971966049372389,0.9925373134328358,0.9950124688279302,0.9937733499377335,0.9998564778578891,0.9952598146478011,0.0038905645066327436,19366.0,12.0,8.0,1596.0,20982.0,0.07644647793346677
mlp,42,NF-BoT-IoT,ssd_canonical@alpha=1,NF-ToN-IoT,retained,0.6029108411643365,0.6477239072207326,0.8614687649022413,0.5561028166846237,0.6758956131325414,0.7371750691712424,0.8459983596708857,0.8893141498990157,1648.0,581.0,2884.0,3613.0,8726.0,0.7445564978225991
mlp,42,NF-BoT-IoT,ssd_canonical@alpha=1,NF-BoT-IoT,forgotten,0.9870135091669348,0.8132035038743043,0.9994702310607604,0.9875181188597197,0.9934582278481012,0.9898087006316993,0.9999851283081436,0.023639847609543716,23.0,13.0,310.0,24526.0,24872.0,0.9985525892569959
mlp,42,NF-BoT-IoT,ssd_canonical@alpha=1,NF-CSE-CIC-IDS2018,retained,0.9082482593652557,0.7485730832043272,0.75,0.5259975816203144,0.6183368869936035,0.7564855985628066,0.6369607482559461,0.39145601370728145,19523.0,580.0,1568.0,1740.0,23411.0,0.14130109777455044
mlp,42,NF-BoT-IoT,ssd_canonical@alpha=1,RETAINED_MACRO,retained_macro,0.8367353008501239,0.7978311984540997,0.8680020261116924,0.6923709557109561,0.7626686166879594,0.8311723818639795,0.8260729741915442,0.42822024270431,40537.0,1173.0,4460.0,6949.0,53119.0,0.21478190477983397
mlp,42,NF-BoT-IoT,ssd_canonical@alpha=2,NF-UNSW-NB15,retained,0.9990468020207797,0.9971966049372389,0.9925373134328358,0.9950124688279302,0.9937733499377335,0.9998572821738615,0.9953389896166459,0.0038579258338909167,19366.0,12.0,8.0,1596.0,20982.0,0.07644647793346677
mlp,42,NF-BoT-IoT,ssd_canonical@alpha=2,NF-ToN-IoT,retained,0.6030254412101765,0.6483902947786992,0.8621925005970862,0.5556410651069724,0.6757768625982778,0.7374800033669818,0.8456938909168727,0.8833116399584489,1652.0,577.0,2887.0,3610.0,8726.0,0.7445564978225991
mlp,42,NF-BoT-IoT,ssd_canonical@alpha=2,NF-BoT-IoT,forgotten,0.9871341267288517,0.8132639000733701,0.9994702958194116,0.9876389112578515,0.9935193811008951,0.989819885113008,0.9999851432391167,0.022684195420081064,23.0,13.0,307.0,24529.0,24872.0,0.9985525892569959
mlp,42,NF-BoT-IoT,ssd_canonical@alpha=2,NF-CSE-CIC-IDS2018,retained,0.9080773995130494,0.748347318744981,0.7489233419465977,0.5256952841596131,0.6177619893428064,0.7593312818669463,0.6358378514710536,0.3944222689094864,19520.0,583.0,1569.0,1739.0,23411.0,0.14130109777455044
mlp,42,NF-BoT-IoT,ssd_canonical@alpha=2,RETAINED_MACRO,retained_macro,0.8367165475813353,0.7979780728203064,0.8678843853255066,0.6921162726981719,0.7624374006262725,0.8322228558025966,0.8256235773348575,0.427197278233942,40538.0,1172.0,4464.0,6945.0,53119.0,0.21478190477983397
mlp,42,NF-BoT-IoT,ssd_canonical@alpha=3,NF-UNSW-NB15,retained,0.9990468020207797,0.9971966049372389,0.9925373134328358,0.9950124688279302,0.9937733499377335,0.9998552874702499,0.9952278122517322,0.003872904088667369,19366.0,12.0,8.0,1596.0,20982.0,0.07644647793346677
mlp,42,NF-BoT-IoT,ssd_canonical@alpha=3,NF-ToN-IoT,retained,0.6033692413476965,0.6486211705675249,0.862291169451074,0.5561028166846237,0.6761485917469823,0.7366612177632731,0.8452845123593878,0.887214090110789,1652.0,577.0,2884.0,3613.0,8726.0,0.7445564978225991
mlp,42,NF-BoT-IoT,ssd_canonical@alpha=3,NF-BoT-IoT,forgotten,0.9871341267288517,0.8132639000733701,0.9994702958194116,0.9876389112578515,0.9935193811008951,0.9901017340419822,0.999985555523559,0.022686785893110715,23.0,13.0,307.0,24529.0,24872.0,0.9985525892569959
mlp,42,NF-BoT-IoT,ssd_canonical@alpha=3,NF-CSE-CIC-IDS2018,retained,0.9080773995130494,0.748347318744981,0.7489233419465977,0.5256952841596131,0.6177619893428064,0.7606376886964419,0.636095060824365,0.393884022142935,19520.0,583.0,1569.0,1739.0,23411.0,0.14130109777455044
mlp,42,NF-BoT-IoT,ssd_canonical@alpha=3,RETAINED_MACRO,retained_macro,0.8368311476271751,0.7980550314165816,0.8679172749435025,0.6922701898907223,0.7625613103425074,0.8323847313099882,0.8255357951451616,0.4283236721141304,40538.0,1172.0,4461.0,6948.0,53119.0,0.21478190477983397
mlp,42,NF-BoT-IoT,ssd_canonical@alpha=5,NF-UNSW-NB15,retained,0.9990468020207797,0.9971966049372389,0.9925373134328358,0.9950124688279302,0.9937733499377335,0.9998552874702499,0.9952278122517322,0.003872904088667369,19366.0,12.0,8.0,1596.0,20982.0,0.07644647793346677
mlp,42,NF-BoT-IoT,ssd_canonical@alpha=5,NF-ToN-IoT,retained,0.6033692413476965,0.6486211705675249,0.862291169451074,0.5561028166846237,0.6761485917469823,0.7366612177632731,0.8452845123593878,0.887214090110789,1652.0,577.0,2884.0,3613.0,8726.0,0.7445564978225991
mlp,42,NF-BoT-IoT,ssd_canonical@alpha=5,NF-BoT-IoT,forgotten,0.9871341267288517,0.8132639000733701,0.9994702958194116,0.9876389112578515,0.9935193811008951,0.9901017340419822,0.999985555523559,0.022686785893110715,23.0,13.0,307.0,24529.0,24872.0,0.9985525892569959
mlp,42,NF-BoT-IoT,ssd_canonical@alpha=5,NF-CSE-CIC-IDS2018,retained,0.9080773995130494,0.748347318744981,0.7489233419465977,0.5256952841596131,0.6177619893428064,0.7606376886964419,0.636095060824365,0.393884022142935,19520.0,583.0,1569.0,1739.0,23411.0,0.14130109777455044
mlp,42,NF-BoT-IoT,ssd_canonical@alpha=5,RETAINED_MACRO,retained_macro,0.8368311476271751,0.7980550314165816,0.8679172749435025,0.6922701898907223,0.7625613103425074,0.8323847313099882,0.8255357951451616,0.4283236721141304,40538.0,1172.0,4461.0,6948.0,53119.0,0.21478190477983397
mlp,42,NF-BoT-IoT,dc_ssd_no_contrast,NF-UNSW-NB15,retained,0.9394242684205509,0.6069480931791689,0.9690140845070423,0.2144638403990025,0.3511995916283818,0.9704115961515346,0.7977555079201367,0.17017863449119458,19367.0,11.0,1260.0,344.0,20982.0,0.07644647793346677
mlp,42,NF-BoT-IoT,dc_ssd_no_contrast,NF-ToN-IoT,retained,0.5912216364886546,0.6398741304006619,0.8580156402737048,0.540403263044482,0.6631409953725564,0.6597084563928564,0.8241724558676626,0.9938282786478394,1648.0,581.0,2986.0,3511.0,8726.0,0.7445564978225991
mlp,42,NF-BoT-IoT,dc_ssd_no_contrast,NF-BoT-IoT,forgotten,0.7146992602122869,0.760061559385122,0.9996057226540498,0.7145675632146884,0.8333881192768255,0.6982158515416689,0.9994742530533464,1.3757990642268494,29.0,7.0,7089.0,17747.0,24872.0,0.9985525892569959
mlp,42,NF-BoT-IoT,dc_ssd_no_contrast,NF-CSE-CIC-IDS2018,retained,0.9078638246977916,0.7450660386795187,0.7527448397013614,0.5181378476420798,0.6137869292748434,0.7146084078723715,0.6139202135553946,0.41895630436309855,19540.0,563.0,1594.0,1714.0,23411.0,0.14130109777455044
mlp,42,NF-BoT-IoT,dc_ssd_no_contrast,RETAINED_MACRO,retained_macro,0.8128365765356658,0.6639627540864498,0.8599248548273696,0.42433498369518813,0.5427091720919273,0.7815761534722542,0.7452827257810646,0.5276544058340442,40555.0,1155.0,5840.0,5569.0,53119.0,0.21478190477983397
mlp,42,NF-BoT-IoT,dc_ssd_no_class_balance,NF-UNSW-NB15,retained,0.9988085025259746,0.9956380014459671,0.9925140361821585,0.9918952618453866,0.9922045525413159,0.9998553839881666,0.9959403726000821,0.004272300545311009,19366.0,12.0,13.0,1591.0,20982.0,0.07644647793346677
mlp,42,NF-BoT-IoT,dc_ssd_no_class_balance,NF-ToN-IoT,retained,0.6027962411184965,0.6466154479414974,0.8602329450915142,0.5570263198399261,0.6761958146487295,0.7259194342586801,0.841736778967595,0.9226601035223015,1641.0,588.0,2878.0,3619.0,8726.0,0.7445564978225991
mlp,42,NF-BoT-IoT,dc_ssd_no_class_balance,NF-BoT-IoT,forgotten,0.9870939208748793,0.7993750111844813,0.9994295725868884,0.9876389112578515,0.9934992608193767,0.9882339256634635,0.9999828174156377,0.023101457695876713,22.0,14.0,307.0,24529.0,24872.0,0.9985525892569959
mlp,42,NF-BoT-IoT,dc_ssd_no_class_balance,NF-CSE-CIC-IDS2018,retained,0.9082909743283072,0.7487242319346779,0.7501077121930203,0.5262998790810157,0.6185823414460828,0.7306535264187499,0.6299404876551093,0.40473713131911576,19523.0,580.0,1567.0,1741.0,23411.0,0.14130109777455044
mlp,42,NF-BoT-IoT,dc_ssd_no_class_balance,RETAINED_MACRO,retained_macro,0.8366319059909261,0.7969925604407141,0.8676182311555644,0.6917404869221095,0.7623275695453761,0.8188094482218654,0.8225392130742621,0.44388984512890944,40530.0,1180.0,4458.0,6951.0,53119.0,0.21478190477983397
mlp,42,NF-BoT-IoT,dc_ssd,NF-UNSW-NB15,retained,0.9288914307501668,0.5374859823812335,0.9307692307692308,0.07543640897755612,0.1395617070357555,0.8656434727249376,0.45414352163527416,0.2442156993036037,19369.0,9.0,1483.0,121.0,20982.0,0.07644647793346677
mlp,42,NF-BoT-IoT,dc_ssd,NF-ToN-IoT,retained,0.5827412330964933,0.666008358207636,0.8982152816508645,0.4957672772048638,0.6388971536249132,0.7517013926364053,0.8561775734526694,0.8783803738712732,1864.0,365.0,3276.0,3221.0,8726.0,0.7445564978225991
mlp,42,NF-BoT-IoT,dc_ssd,NF-BoT-IoT,forgotten,0.008000964940495335,0.4894127699933788,0.9939393939393939,0.006603317764535352,0.01311947522099116,0.4429557899822838,0.9975462175350175,2.1066882003357463,35.0,1.0,24672.0,164.0,24872.0,0.9985525892569959
mlp,42,NF-BoT-IoT,dc_ssd,NF-CSE-CIC-IDS2018,retained,0.8396053137414036,0.6030365022792834,0.4008869179600887,0.27327690447400244,0.3250044939780694,0.7029398506999713,0.3664096889204761,0.4521857141815456,18752.0,1351.0,2404.0,904.0,23411.0,0.14130109777455044
mlp,42,NF-BoT-IoT,dc_ssd,RETAINED_MACRO,retained_macro,0.7837459925293545,0.6021769476227177,0.7432904767933947,0.28149353021880746,0.3678211182129127,0.7734282386871048,0.5589102613361399,0.5249272624521408,39985.0,1725.0,7163.0,4246.0,53119.0,0.21478190477983397
mlp,42,NF-BoT-IoT,scrub_r,NF-UNSW-NB15,retained,0.9981412639405205,0.9909879934285455,0.9930686830497795,0.9825436408977556,0.9877781259793168,0.9967469118770831,0.9933217666976257,0.011201844070162382,19367.0,11.0,28.0,1576.0,20982.0,0.07644647793346677
mlp,42,NF-BoT-IoT,scrub_r,NF-ToN-IoT,retained,0.5661242264496906,0.6280303439907697,0.8562417871222077,0.5014622133292289,0.6324985439720443,0.6595467363098804,0.8225096300550829,1.8391327785413742,1682.0,547.0,3239.0,3258.0,8726.0,0.7445564978225991
mlp,42,NF-BoT-IoT,scrub_r,NF-BoT-IoT,forgotten,0.021510131875201028,0.4129646033535549,0.98635477582846,0.020373651151554196,0.03992267939563691,0.20385898158586996,0.9966221710149694,20.733655472252295,29.0,7.0,24330.0,506.0,24872.0,0.9985525892569959
mlp,42,NF-BoT-IoT,scrub_r,NF-CSE-CIC-IDS2018,retained,0.9297338857801888,0.7595683319177097,0.9637479085331846,0.5223700120918985,0.6775142128994315,0.8093164669906452,0.664794540429563,0.5250686652098264,20038.0,65.0,1580.0,1728.0,23411.0,0.14130109777455044
mlp,42,NF-BoT-IoT,scrub_r,RETAINED_MACRO,retained_macro,0.8313331253901333,0.7928622231123416,0.9376861262350573,0.6687919554396277,0.7659302942835975,0.8218700383925363,0.8268753123940905,0.7918010959404543,41087.0,623.0,4847.0,6562.0,53119.0,0.21478190477983397
mlp,42,NF-BoT-IoT,scrub_r@lr=0.0001,NF-UNSW-NB15,retained,0.9968067867696121,0.9816879773937022,0.9942122186495177,0.9638403990024937,0.9787907565685343,0.998330175696068,0.9941864166002697,0.015622192131756932,19369.0,9.0,58.0,1546.0,20982.0,0.07644647793346677
mlp,42,NF-BoT-IoT,scrub_r@lr=0.0001,NF-ToN-IoT,retained,0.5909924363969745,0.6395728559676885,0.8577712609970675,0.5402493458519316,0.6629521201246577,0.7670977038579355,0.8511233145969225,0.8641787081354129,1647.0,582.0,2987.0,3510.0,8726.0,0.7445564978225991
mlp,42,NF-BoT-IoT,scrub_r@lr=0.0001,NF-BoT-IoT,forgotten,0.017248311354133163,0.49404314525509563,0.9974683544303797,0.015864068287969078,0.031231421663826246,0.03127069129042072,0.9949864176659506,15.970174278879933,35.0,1.0,24442.0,394.0,24872.0,0.9985525892569959
mlp,42,NF-BoT-IoT,scrub_r@lr=0.0001,NF-CSE-CIC-IDS2018,retained,0.9331937977873649,0.7724427631795407,0.9628450106157113,0.5483675937122128,0.6987673343605547,0.8076908380726802,0.680238726219005,0.5437617528150802,20033.0,70.0,1494.0,1814.0,23411.0,0.14130109777455044
mlp,42,NF-BoT-IoT,scrub_r@lr=0.0001,RETAINED_MACRO,retained_macro,0.8403310069846505,0.7979011988469772,0.9382761634207655,0.6841524461888794,0.780170070351249,0.8577062392088944,0.841849485805399,0.47452088436075,41049.0,661.0,4539.0,6870.0,53119.0,0.21478190477983397
mlp,42,NF-BoT-IoT,scrub_r@lr=0.001,NF-UNSW-NB15,retained,0.9979982842436375,0.9906246678175035,0.9918136020151134,0.9819201995012469,0.9868421052631579,0.9997937733846826,0.993180040754732,0.006030289695229167,19365.0,13.0,29.0,1575.0,20982.0,0.07644647793346677
mlp,42,NF-BoT-IoT,scrub_r@lr=0.001,NF-ToN-IoT,retained,0.5012606005042402,0.593607927405222,0.8443017656500803,0.40480221640757275,0.5472326258843113,0.5240426043341396,0.7828812593382672,2.1407503033961275,1744.0,485.0,3867.0,2630.0,8726.0,0.7445564978225991
mlp,42,NF-BoT-IoT,scrub_r@lr=0.001,NF-BoT-IoT,forgotten,0.22414763589578643,0.5005614609616864,0.9985598559855986,0.22334514414559511,0.3650422822546149,0.3872134535888764,0.9984418642550472,13.119722965254942,28.0,8.0,19289.0,5547.0,24872.0,0.9985525892569959
mlp,42,NF-BoT-IoT,scrub_r@lr=0.001,NF-CSE-CIC-IDS2018,retained,0.9302891802998591,0.7610281581295266,0.9660734149054505,0.5250906892382105,0.6803760282021152,0.7250222493818264,0.63995903604475,0.4548770451145268,20042.0,61.0,1571.0,1737.0,23411.0,0.14130109777455044
mlp,42,NF-BoT-IoT,scrub_r@lr=0.001,RETAINED_MACRO,retained_macro,0.8098493550159122,0.7817535844507507,0.9340629275235481,0.6372710350490101,0.7381502531165282,0.7496195423668829,0.8053401120459164,0.8672192127352946,41151.0,559.0,5467.0,5942.0,53119.0,0.21478190477983397
mlp,42,NF-BoT-IoT,retrained,NF-UNSW-NB15,retained,0.9989514822228577,0.9954294905732881,0.9949937421777222,0.9912718204488778,0.9931292941911305,0.9998349865351072,0.9954355955410065,0.003955556925966174,19370.0,8.0,14.0,1590.0,20982.0,0.07644647793346677
mlp,42,NF-BoT-IoT,retrained,NF-ToN-IoT,retained,0.5220032088012835,0.6098951491777997,0.8563112745098039,0.43019855317839,0.5726872246696035,0.7328068315755769,0.8471390403127473,0.9713046697238006,1760.0,469.0,3702.0,2795.0,8726.0,0.7445564978225991
mlp,42,NF-BoT-IoT,retrained,NF-BoT-IoT,forgotten,0.0138308137664844,0.35364435138955996,0.9666666666666667,0.01284425833467547,0.02535166494476675,0.3459717972119325,0.9966407128958329,2.9822739752515806,25.0,11.0,24517.0,319.0,24872.0,0.9985525892569959
mlp,42,NF-BoT-IoT,retrained,NF-CSE-CIC-IDS2018,retained,0.8786895049335782,0.662035747159685,0.622257053291536,0.3600362756952842,0.45614707008808886,0.7545303942856321,0.5415336184453587,0.44238123253129524,19380.0,723.0,2117.0,1191.0,23411.0,0.14130109777455044
mlp,42,NF-BoT-IoT,retrained,RETAINED_MACRO,retained_macro,0.7998813986525731,0.7557867956369243,0.8245206899930206,0.593835549774184,0.673987862982941,0.8290574041321054,0.7947027514330376,0.472547153060354,40510.0,1200.0,5833.0,5576.0,53119.0,0.21478190477983397
mlp,42,NF-CSE-CIC-IDS2018,original,NF-UNSW-NB15,retained,0.9990468020207797,0.9971966049372389,0.9925373134328358,0.9950124688279302,0.9937733499377335,0.9998552874702499,0.9952278122517322,0.003872904088667369,19366.0,12.0,8.0,1596.0,20982.0,0.07644647793346677
mlp,42,NF-CSE-CIC-IDS2018,original,NF-ToN-IoT,retained,0.6033692413476965,0.6486211705675249,0.862291169451074,0.5561028166846237,0.6761485917469823,0.7366612177632731,0.8452845123593878,0.887214090110789,1652.0,577.0,2884.0,3613.0,8726.0,0.7445564978225991
mlp,42,NF-CSE-CIC-IDS2018,original,NF-BoT-IoT,retained,0.9871341267288517,0.8132639000733701,0.9994702958194116,0.9876389112578515,0.9935193811008951,0.9901017340419822,0.999985555523559,0.022686785893110715,23.0,13.0,307.0,24529.0,24872.0,0.9985525892569959
mlp,42,NF-CSE-CIC-IDS2018,original,NF-CSE-CIC-IDS2018,forgotten,0.9080773995130494,0.748347318744981,0.7489233419465977,0.5256952841596131,0.6177619893428064,0.7606376886964419,0.636095060824365,0.393884022142935,19520.0,583.0,1569.0,1739.0,23411.0,0.14130109777455044
mlp,42,NF-CSE-CIC-IDS2018,original,RETAINED_MACRO,retained_macro,0.8631833900324426,0.819693891859378,0.9514329262344404,0.8462513989234685,0.8878137742618702,0.9088727464251685,0.9468326267115597,0.3045912600308557,21041.0,602.0,3199.0,29738.0,54580.0,0.6034628068889704
mlp,42,NF-CSE-CIC-IDS2018,rollback_repair,NF-UNSW-NB15,retained,0.07644647793346677,0.5,0.07644647793346677,1.0,0.142034888869211,0.1610166579628954,0.04577209806865967,15.318361579879086,0.0,19378.0,0.0,1604.0,20982.0,0.07644647793346677
mlp,42,NF-CSE-CIC-IDS2018,rollback_repair,NF-ToN-IoT,retained,0.7445564978225991,0.5,0.7445564978225991,1.0,0.8535768245418117,0.535959516947222,0.7050317419322653,4.237544730818909,0.0,2229.0,0.0,6497.0,8726.0,0.7445564978225991
mlp,42,NF-CSE-CIC-IDS2018,rollback_repair,NF-BoT-IoT,retained,0.9985525892569959,0.5,0.9985525892569959,1.0,0.9992757704997184,0.01525227716039441,0.9935371576425461,0.02399868515774119,0.0,36.0,0.0,24836.0,24872.0,0.9985525892569959
mlp,42,NF-CSE-CIC-IDS2018,rollback_repair,NF-CSE-CIC-IDS2018,forgotten,0.14130109777455044,0.5,0.14130109777455044,1.0,0.2476140574123283,0.28552768087156466,0.09335566839420739,14.274489464079055,0.0,20103.0,0.0,3308.0,23411.0,0.14130109777455044
mlp,42,NF-CSE-CIC-IDS2018,rollback_repair,RETAINED_MACRO,retained_macro,0.6065185216710206,0.5,0.6065185216710206,1.0,0.6649624946369137,0.23740948402350395,0.5814469992144904,6.526634998618579,0.0,21643.0,0.0,32937.0,54580.0,0.6034628068889704
mlp,42,NF-CSE-CIC-IDS2018,ssd_canonical,NF-UNSW-NB15,retained,0.9990468020207797,0.9971966049372389,0.9925373134328358,0.9950124688279302,0.9937733499377335,0.9998552874702499,0.9952278122517322,0.003872904088667369,19366.0,12.0,8.0,1596.0,20982.0,0.07644647793346677
mlp,42,NF-CSE-CIC-IDS2018,ssd_canonical,NF-ToN-IoT,retained,0.6033692413476965,0.6486211705675249,0.862291169451074,0.5561028166846237,0.6761485917469823,0.7366612177632731,0.8452845123593878,0.887214090110789,1652.0,577.0,2884.0,3613.0,8726.0,0.7445564978225991
mlp,42,NF-CSE-CIC-IDS2018,ssd_canonical,NF-BoT-IoT,retained,0.9871341267288517,0.8132639000733701,0.9994702958194116,0.9876389112578515,0.9935193811008951,0.9901017340419822,0.999985555523559,0.022686785893110715,23.0,13.0,307.0,24529.0,24872.0,0.9985525892569959
mlp,42,NF-CSE-CIC-IDS2018,ssd_canonical,NF-CSE-CIC-IDS2018,forgotten,0.9080773995130494,0.748347318744981,0.7489233419465977,0.5256952841596131,0.6177619893428064,0.7606376886964419,0.636095060824365,0.393884022142935,19520.0,583.0,1569.0,1739.0,23411.0,0.14130109777455044
mlp,42,NF-CSE-CIC-IDS2018,ssd_canonical,RETAINED_MACRO,retained_macro,0.8631833900324426,0.819693891859378,0.9514329262344404,0.8462513989234685,0.8878137742618702,0.9088727464251685,0.9468326267115597,0.3045912600308557,21041.0,602.0,3199.0,29738.0,54580.0,0.6034628068889704
mlp,42,NF-CSE-CIC-IDS2018,ssd_canonical@alpha=1,NF-UNSW-NB15,retained,0.9973787055571443,0.9854286257727546,0.994256541161455,0.9713216957605985,0.9826553137811416,0.9997647536643992,0.9964089057051301,0.012842100036461994,19369.0,9.0,46.0,1558.0,20982.0,0.07644647793346677
mlp,42,NF-CSE-CIC-IDS2018,ssd_canonical@alpha=1,NF-ToN-IoT,retained,0.6214760485904194,0.6482552633430635,0.8534749889331562,0.5935046944743728,0.7001361779391738,0.7639180260095888,0.8528621295726756,0.569183827908215,1567.0,662.0,2641.0,3856.0,8726.0,0.7445564978225991
mlp,42,NF-CSE-CIC-IDS2018,ssd_canonical@alpha=1,NF-BoT-IoT,retained,0.98882277259569,0.6754218786349564,0.9990651926516013,0.9897326461588017,0.9943770226537216,0.9813834308620102,0.9999726046138976,0.04241758552406066,13.0,23.0,255.0,24581.0,24872.0,0.9985525892569959
mlp,42,NF-CSE-CIC-IDS2018,ssd_canonical@alpha=1,NF-CSE-CIC-IDS2018,forgotten,0.8988936824569647,0.7477983773530045,0.6800612323000382,0.5371825876662636,0.6002364465461916,0.6367583757433979,0.6108314132902923,0.4104899904474033,19267.0,836.0,1531.0,1777.0,23411.0,0.14130109777455044
mlp,42,NF-CSE-CIC-IDS2018,ssd_canonical@alpha=1,RETAINED_MACRO,retained_macro,0.8692258422477512,0.7697019225835916,0.9489322409154042,0.8515196787979243,0.8923895047913457,0.915022070178666,0.9497478799639011,0.20814783782291255,20949.0,694.0,2942.0,29995.0,54580.0,0.6034628068889704
mlp,42,NF-CSE-CIC-IDS2018,ssd_canonical@alpha=2,NF-UNSW-NB15,retained,0.9992374416166238,0.9987294059721169,0.9919454770755886,0.9981296758104738,0.9950279676817899,0.9998435766296921,0.9953901023582712,0.007144378900215002,19365.0,13.0,3.0,1601.0,20982.0,0.07644647793346677
mlp,42,NF-CSE-CIC-IDS2018,ssd_canonical@alpha=2,NF-ToN-IoT,retained,0.6104744441897777,0.645140598072907,0.8549495875343721,0.5742650454055718,0.6870453917687137,0.7331710815489746,0.8433074934786451,0.7330469949532556,1596.0,633.0,2766.0,3731.0,8726.0,0.7445564978225991
mlp,42,NF-CSE-CIC-IDS2018,ssd_canonical@alpha=2,NF-BoT-IoT,retained,0.9876165969765198,0.6886866734668313,0.9991046719843725,0.9884844580447737,0.9937661917098446,0.9864186843470947,0.9999801657160314,0.02069006009431947,14.0,22.0,286.0,24550.0,24872.0,0.9985525892569959
mlp,42,NF-CSE-CIC-IDS2018,ssd_canonical@alpha=2,NF-CSE-CIC-IDS2018,forgotten,0.9089316987740805,0.7511177397106232,0.7514970059880239,0.531136638452237,0.622387530995395,0.7493863450268602,0.6468481939520221,0.2857758331264251,19522.0,581.0,1551.0,1757.0,23411.0,0.14130109777455044
mlp,42,NF-CSE-CIC-IDS2018,ssd_canonical@alpha=2,RETAINED_MACRO,retained_macro,0.8657761609276404,0.7775188925039518,0.9486665788647777,0.8536263930869398,0.8919465170534494,0.9064777808419205,0.9462259205176492,0.2536271446492634,20975.0,668.0,3055.0,29882.0,54580.0,0.6034628068889704
mlp,42,NF-CSE-CIC-IDS2018,ssd_canonical@alpha=3,NF-UNSW-NB15,retained,0.9990468020207797,0.9971966049372389,0.9925373134328358,0.9950124688279302,0.9937733499377335,0.9998623654508069,0.9958478732116924,0.0038626443409498813,19366.0,12.0,8.0,1596.0,20982.0,0.07644647793346677
mlp,42,NF-CSE-CIC-IDS2018,ssd_canonical@alpha=3,NF-ToN-IoT,retained,0.6033692413476965,0.6486211705675249,0.862291169451074,0.5561028166846237,0.6761485917469823,0.7360394724058376,0.8451376022997439,0.8901096193689154,1652.0,577.0,2884.0,3613.0,8726.0,0.7445564978225991
mlp,42,NF-CSE-CIC-IDS2018,ssd_canonical@alpha=3,NF-BoT-IoT,retained,0.9870939208748793,0.8132437680070148,0.9994702742349537,0.9875986471251409,0.9934989975089616,0.9900849573200193,0.999985530899206,0.02272392861036558,23.0,13.0,308.0,24528.0,24872.0,0.9985525892569959
mlp,42,NF-CSE-CIC-IDS2018,ssd_canonical@alpha=3,NF-CSE-CIC-IDS2018,forgotten,0.9080773995130494,0.748347318744981,0.7489233419465977,0.5256952841596131,0.6177619893428064,0.7579983640478861,0.6354567084913006,0.3950054013492127,19520.0,583.0,1569.0,1739.0,23411.0,0.14130109777455044
mlp,42,NF-CSE-CIC-IDS2018,ssd_canonical@alpha=3,RETAINED_MACRO,retained_macro,0.8631699880811184,0.8196871811705929,0.9514329190396212,0.8462379775458982,0.8878069797312258,0.9086622650588879,0.9469903354702142,0.30556539744007694,21041.0,602.0,3200.0,29737.0,54580.0,0.6034628068889704
mlp,42,NF-CSE-CIC-IDS2018,ssd_canonical@alpha=5,NF-UNSW-NB15,retained,0.9990468020207797,0.9971966049372389,0.9925373134328358,0.9950124688279302,0.9937733499377335,0.9998552874702499,0.9952278122517322,0.003872904088667369,19366.0,12.0,8.0,1596.0,20982.0,0.07644647793346677
mlp,42,NF-CSE-CIC-IDS2018,ssd_canonical@alpha=5,NF-ToN-IoT,retained,0.6033692413476965,0.6486211705675249,0.862291169451074,0.5561028166846237,0.6761485917469823,0.7366612177632731,0.8452845123593878,0.887214090110789,1652.0,577.0,2884.0,3613.0,8726.0,0.7445564978225991
mlp,42,NF-CSE-CIC-IDS2018,ssd_canonical@alpha=5,NF-BoT-IoT,retained,0.9871341267288517,0.8132639000733701,0.9994702958194116,0.9876389112578515,0.9935193811008951,0.9901017340419822,0.999985555523559,0.022686785893110715,23.0,13.0,307.0,24529.0,24872.0,0.9985525892569959
mlp,42,NF-CSE-CIC-IDS2018,ssd_canonical@alpha=5,NF-CSE-CIC-IDS2018,forgotten,0.9080773995130494,0.748347318744981,0.7489233419465977,0.5256952841596131,0.6177619893428064,0.7606376886964419,0.636095060824365,0.393884022142935,19520.0,583.0,1569.0,1739.0,23411.0,0.14130109777455044
mlp,42,NF-CSE-CIC-IDS2018,ssd_canonical@alpha=5,RETAINED_MACRO,retained_macro,0.8631833900324426,0.819693891859378,0.9514329262344404,0.8462513989234685,0.8878137742618702,0.9088727464251685,0.9468326267115597,0.3045912600308557,21041.0,602.0,3199.0,29738.0,54580.0,0.6034628068889704
mlp,42,NF-CSE-CIC-IDS2018,dc_ssd_no_contrast,NF-UNSW-NB15,retained,0.9988561624249357,0.9985229863209661,0.9870530209617756,0.9981296758104738,0.9925604463732176,0.9998192219420486,0.9953641137483947,0.011015779838514858,19357.0,21.0,3.0,1601.0,20982.0,0.07644647793346677
mlp,42,NF-CSE-CIC-IDS2018,dc_ssd_no_contrast,NF-ToN-IoT,retained,0.6179234471693789,0.6520585509562926,0.8591869180104474,0.582268739418193,0.6941284403669725,0.7438507871908027,0.8538847859787295,0.7183514188418613,1609.0,620.0,2714.0,3783.0,8726.0,0.7445564978225991
mlp,42,NF-CSE-CIC-IDS2018,dc_ssd_no_contrast,NF-BoT-IoT,retained,0.9883805082019942,0.5919878849698467,0.9988213777687462,0.9895313254952488,0.9941546489755466,0.9856458366886777,0.999979036089912,0.020979069825040945,7.0,29.0,260.0,24576.0,24872.0,0.9985525892569959
mlp,42,NF-CSE-CIC-IDS2018,dc_ssd_no_contrast,NF-CSE-CIC-IDS2018,forgotten,0.9052154969885952,0.7457969630526128,0.7292631578947368,0.5235792019347038,0.6095372162590181,0.7698095437276744,0.6463012669643474,0.2925726421409242,19460.0,643.0,1576.0,1732.0,23411.0,0.14130109777455044
mlp,42,NF-CSE-CIC-IDS2018,dc_ssd_no_contrast,RETAINED_MACRO,retained_macro,0.868386705932103,0.7475231407490351,0.9483537722469898,0.8566432469079719,0.8936145119052457,0.9097719486071764,0.9497426452723454,0.25011542283513905,20973.0,670.0,2977.0,29960.0,54580.0,0.6034628068889704
mlp,42,NF-CSE-CIC-IDS2018,dc_ssd_no_class_balance,NF-UNSW-NB15,retained,0.9990944619197407,0.9986519986029354,0.9901051329622759,0.9981296758104738,0.9941012108040981,0.9998255921245498,0.9956705843122189,0.01264407761210387,19362.0,16.0,3.0,1601.0,20982.0,0.07644647793346677
mlp,42,NF-CSE-CIC-IDS2018,dc_ssd_no_class_balance,NF-ToN-IoT,retained,0.6095576438230575,0.6362729238390249,0.8457923008057296,0.5816530706479914,0.6892840857273141,0.758337060421924,0.8514079525722977,0.6140524251760485,1540.0,689.0,2718.0,3779.0,8726.0,0.7445564978225991
mlp,42,NF-CSE-CIC-IDS2018,dc_ssd_no_class_balance,NF-BoT-IoT,retained,0.9875763911225475,0.7025352982230096,0.9991452643575237,0.9884039297793525,0.9937455723104949,0.9802716934199459,0.9999709220580983,0.02528985523143568,15.0,21.0,288.0,24548.0,24872.0,0.9985525892569959
mlp,42,NF-CSE-CIC-IDS2018,dc_ssd_no_class_balance,NF-CSE-CIC-IDS2018,forgotten,0.9037204732817906,0.7487147508348931,0.7133603238866397,0.5326481257557436,0.6098996192454137,0.7856196949073817,0.6546853395557318,0.2919681154912697,19395.0,708.0,1546.0,1762.0,23411.0,0.14130109777455044
mlp,42,NF-CSE-CIC-IDS2018,dc_ssd_no_class_balance,RETAINED_MACRO,retained_macro,0.8654094989551152,0.7791534068883234,0.9450142327085098,0.8560622254126059,0.8923769562806356,0.9128114486554733,0.9490164863142049,0.21732878600652936,20917.0,726.0,3009.0,29928.0,54580.0,0.6034628068889704
mlp,42,NF-CSE-CIC-IDS2018,dc_ssd,NF-UNSW-NB15,retained,0.9796968830426079,0.9881503988506389,0.79100790513834,0.9981296758104738,0.88257993384785,0.9994165491936379,0.9900120585885838,0.06738688204340086,18955.0,423.0,3.0,1601.0,20982.0,0.07644647793346677
mlp,42,NF-CSE-CIC-IDS2018,dc_ssd,NF-ToN-IoT,retained,0.6086408434563374,0.6246054620371082,0.8342733188720174,0.5919655225488687,0.692536238408211,0.7356332042127598,0.8472867543108936,0.6313243438450235,1465.0,764.0,2651.0,3846.0,8726.0,0.7445564978225991
mlp,42,NF-CSE-CIC-IDS2018,dc_ssd,NF-BoT-IoT,retained,0.9875361852685751,0.577696354753852,0.9987797933783454,0.9887260428410372,0.9937274897818785,0.984298106691004,0.9999770382903516,0.02210104958625758,6.0,30.0,280.0,24556.0,24872.0,0.9985525892569959
mlp,42,NF-CSE-CIC-IDS2018,dc_ssd,NF-CSE-CIC-IDS2018,forgotten,0.8999188415702021,0.7999162460246297,0.6417033773861968,0.6605199516324063,0.6509757187546551,0.84203393033736,0.6980382597560888,0.3161322039128325,18883.0,1220.0,1123.0,2185.0,23411.0,0.14130109777455044
mlp,42,NF-CSE-CIC-IDS2018,dc_ssd,RETAINED_MACRO,retained_macro,0.8586246372558403,0.7301507385471998,0.8746870057962343,0.8596070804001266,0.8562812206793131,0.9064492866991339,0.9457586170632762,0.24027075849156063,20426.0,1217.0,2934.0,30003.0,54580.0,0.6034628068889704
mlp,42,NF-CSE-CIC-IDS2018,scrub_r,NF-UNSW-NB15,retained,0.9389953293299018,0.6024270974437165,0.9850299401197605,0.20511221945137156,0.3395252837977296,0.9363348678824149,0.6894154120399144,0.19299583825594585,19373.0,5.0,1275.0,329.0,20982.0,0.07644647793346677
mlp,42,NF-CSE-CIC-IDS2018,scrub_r,NF-ToN-IoT,retained,0.25487050194820077,0.4514293894003465,0.49614791987673346,0.04956133600123134,0.09012034704729918,0.4121094161345682,0.6639755950755764,1.6548293187563414,1902.0,327.0,6175.0,322.0,8726.0,0.7445564978225991
mlp,42,NF-CSE-CIC-IDS2018,scrub_r,NF-BoT-IoT,retained,0.9816661305886137,0.657969614001181,0.9990175208776814,0.9826058946690288,0.9907437479701202,0.879049900681806,0.9996707923205055,0.04158150786934518,12.0,24.0,432.0,24404.0,24872.0,0.9985525892569959
mlp,42,NF-CSE-CIC-IDS2018,scrub_r,NF-CSE-CIC-IDS2018,forgotten,0.7316218871470677,0.5224815597496352,0.1696646679991117,0.2309552599758162,0.19562155933939315,0.5996988694438876,0.19526523086676686,1.9126826771099652,16364.0,3739.0,2544.0,764.0,23411.0,0.14130109777455044
mlp,42,NF-CSE-CIC-IDS2018,scrub_r,RETAINED_MACRO,retained_macro,0.7251773206222388,0.570608700281748,0.8267317936247252,0.4124264833738773,0.4734631262717164,0.742498061566263,0.784353933145332,0.6298022216272108,21287.0,356.0,7882.0,25055.0,54580.0,0.6034628068889704
mlp,42,NF-CSE-CIC-IDS2018,scrub_r@lr=0.0001,NF-UNSW-NB15,retained,0.983509674959489,0.9607650164505137,0.8619102416570771,0.9339152119700748,0.8964691801316577,0.9975683919523104,0.9650679561217326,0.048723639829388606,19138.0,240.0,106.0,1498.0,20982.0,0.07644647793346677
mlp,42,NF-CSE-CIC-IDS2018,scrub_r@lr=0.0001,NF-ToN-IoT,retained,0.7195736878294752,0.6436950608325076,0.8199052132701422,0.7988302293366168,0.8092305293521478,0.6136200281000729,0.7547986585698534,0.811636418612198,1089.0,1140.0,1307.0,5190.0,8726.0,0.7445564978225991
mlp,42,NF-CSE-CIC-IDS2018,scrub_r@lr=0.0001,NF-BoT-IoT,retained,0.9909938887101962,0.5932964692829406,0.9988244831779489,0.9921484941214366,0.9954752959237264,0.8901605644136648,0.9997934728779143,0.02094530196695422,7.0,29.0,195.0,24641.0,24872.0,0.9985525892569959
mlp,42,NF-CSE-CIC-IDS2018,scrub_r@lr=0.0001,NF-CSE-CIC-IDS2018,forgotten,0.33189526291059757,0.45515286420039575,0.12584187852678844,0.6269649334945586,0.20961140027287886,0.4146093281631039,0.11621118965928293,2.9931012711268754,5696.0,14407.0,1234.0,2074.0,23411.0,0.14130109777455044
mlp,42,NF-CSE-CIC-IDS2018,scrub_r@lr=0.0001,RETAINED_MACRO,retained_macro,0.8980257504997201,0.7325855155219873,0.893546646035056,0.9082979784760427,0.9003916684691773,0.8337829948220161,0.9065533625231668,0.29376845346951364,20234.0,1409.0,1608.0,31329.0,54580.0,0.6034628068889704
mlp,42,NF-CSE-CIC-IDS2018,scrub_r@lr=0.001,NF-UNSW-NB15,retained,0.9514822228576876,0.6829542474189179,0.9982993197278912,0.36596009975062344,0.5355839416058394,0.9912210037657431,0.9242318725389974,0.1279186559842787,19377.0,1.0,1017.0,587.0,20982.0,0.07644647793346677
mlp,42,NF-CSE-CIC-IDS2018,scrub_r@lr=0.001,NF-ToN-IoT,retained,0.25956910382764153,0.49216078815546094,0.6,0.01662305679544405,0.03234985772053317,0.6534076914264809,0.795465026106524,1.2498984292261461,2157.0,72.0,6389.0,108.0,8726.0,0.7445564978225991
mlp,42,NF-CSE-CIC-IDS2018,scrub_r@lr=0.001,NF-BoT-IoT,retained,0.9796960437439691,0.7679331973300406,0.9993432664286007,0.9803108391045257,0.9897355637309702,0.9791599559778816,0.9999693028726001,0.047607486019516095,20.0,16.0,489.0,24347.0,24872.0,0.9985525892569959
mlp,42,NF-CSE-CIC-IDS2018,scrub_r@lr=0.001,NF-CSE-CIC-IDS2018,forgotten,0.7985989492119089,0.5440545128501157,0.23542685220007523,0.18923821039903266,0.20982068040891572,0.435274637009967,0.1494098884381627,1.6350187613433973,18070.0,2033.0,2682.0,626.0,23411.0,0.14130109777455044
mlp,42,NF-CSE-CIC-IDS2018,scrub_r@lr=0.001,RETAINED_MACRO,retained_macro,0.7302491234764328,0.6476827443014731,0.865880862052164,0.45429799855019776,0.5192231210191143,0.8745962170567019,0.9065554005060404,0.47514152374331364,21554.0,89.0,7895.0,25042.0,54580.0,0.6034628068889704
mlp,42,NF-CSE-CIC-IDS2018,retrained,NF-UNSW-NB15,retained,0.9992851015155848,0.9981833719447897,0.9937849596022374,0.9968827930174564,0.9953314659197012,0.9999113643798441,0.9980380514158371,0.0031114520753363073,19368.0,10.0,5.0,1599.0,20982.0,0.07644647793346677
mlp,42,NF-CSE-CIC-IDS2018,retrained,NF-ToN-IoT,retained,0.8730231492092597,0.797433511950472,0.8859762211717519,0.9519778359242728,0.917791957263689,0.8754442554948059,0.9159898420322875,0.34489829843065234,1433.0,796.0,312.0,6185.0,8726.0,0.7445564978225991
mlp,42,NF-CSE-CIC-IDS2018,retrained,NF-BoT-IoT,retained,0.9921196526214217,0.6909414648986238,0.9991087344028521,0.9929940409083589,0.9960420032310178,0.9891544084751526,0.9999841494545381,0.014274190921959043,14.0,22.0,174.0,24662.0,24872.0,0.9985525892569959
mlp,42,NF-CSE-CIC-IDS2018,retrained,NF-CSE-CIC-IDS2018,forgotten,0.49284524368886423,0.5569519363428284,0.16649793629779613,0.6463119709794438,0.2647841971639111,0.5121508677108537,0.18668417034308413,1.36643913146982,9400.0,10703.0,1170.0,2138.0,23411.0,0.14130109777455044
mlp,42,NF-CSE-CIC-IDS2018,retrained,RETAINED_MACRO,retained_macro,0.9548093011154221,0.8288527829312953,0.9596233050589471,0.9806182232833627,0.9697218088048026,0.9548366761166008,0.971337347634221,0.12076131380931589,20815.0,828.0,491.0,32446.0,54580.0,0.6034628068889704
numerical_feature_transformer,42,NF-UNSW-NB15,original,NF-UNSW-NB15,forgotten,0.9993327614145459,0.997923256159323,0.9950186799501868,0.9962593516209476,0.9956386292834891,0.9998432227306644,0.9962458747410696,0.004772512345033358,19370.0,8.0,6.0,1598.0,20982.0,0.07644647793346677
numerical_feature_transformer,42,NF-UNSW-NB15,original,NF-ToN-IoT,retained,0.5731148292459317,0.6084108736937841,0.8303145853193518,0.5362474988456211,0.6516412606378005,0.7068561097978547,0.8127057049214689,0.7332857892420097,1517.0,712.0,3013.0,3484.0,8726.0,0.7445564978225991
numerical_feature_transformer,42,NF-UNSW-NB15,original,NF-BoT-IoT,retained,0.9892248311354133,0.7172294697661101,0.9991872561768531,0.9900144950877758,0.9945797265593399,0.9913297900896547,0.9999873691699069,0.026313305593658538,16.0,20.0,248.0,24588.0,24872.0,0.9985525892569959
numerical_feature_transformer,42,NF-UNSW-NB15,original,NF-CSE-CIC-IDS2018,retained,0.9525009610866687,0.9235995836676907,0.8009868421052632,0.8833131801692866,0.8401380103507763,0.9613270451010428,0.9306815197337821,0.1268870558143446,19377.0,726.0,386.0,2922.0,23411.0,0.14130109777455044
numerical_feature_transformer,42,NF-UNSW-NB15,original,RETAINED_MACRO,retained_macro,0.8382802071560045,0.7497466423758615,0.8768295612004894,0.8031917247008945,0.8287863325159722,0.8865043149961841,0.9144581979417193,0.29549538355000426,20910.0,1458.0,3647.0,30994.0,57009.0,0.6076408988054518
numerical_feature_transformer,42,NF-UNSW-NB15,rollback_repair,NF-UNSW-NB15,forgotten,0.9308931465065294,0.5494345787404746,0.9695121951219512,0.09912718204488778,0.17986425339366516,0.9486529509130466,0.6242912312894384,0.5921816653564094,19373.0,5.0,1445.0,159.0,20982.0,0.07644647793346677
numerical_feature_transformer,42,NF-UNSW-NB15,rollback_repair,NF-ToN-IoT,retained,0.18519367407746964,0.34996902666813884,0.10855683269476372,0.01308296136678467,0.023351648351648352,0.37402647720972504,0.6373556642547591,0.7692387047292705,1531.0,698.0,6412.0,85.0,8726.0,0.7445564978225991
numerical_feature_transformer,42,NF-UNSW-NB15,rollback_repair,NF-BoT-IoT,retained,0.9730218719845609,0.8478038152502639,0.9995865205706016,0.9733854082783057,0.9863119887395198,0.8476751937152162,0.999685376876106,0.5723322531053494,26.0,10.0,661.0,24175.0,24872.0,0.9985525892569959
numerical_feature_transformer,42,NF-UNSW-NB15,rollback_repair,NF-CSE-CIC-IDS2018,retained,0.8348212378796293,0.49266299717278267,0.0784313725490196,0.015719467956469165,0.02618987660538907,0.7556267733265581,0.2563230947772033,0.6203751183934905,19492.0,611.0,3256.0,52.0,23411.0,0.14130109777455044
numerical_feature_transformer,42,NF-UNSW-NB15,rollback_repair,RETAINED_MACRO,retained_macro,0.6643455946472199,0.5634786130303951,0.39552490860479494,0.3340626125338531,0.345284504565519,0.6591094814171665,0.6311213786360228,0.6539820254093701,21049.0,1319.0,10329.0,24312.0,57009.0,0.6076408988054518
numerical_feature_transformer,42,NF-UNSW-NB15,ssd_canonical,NF-UNSW-NB15,forgotten,0.9993327614145459,0.997923256159323,0.9950186799501868,0.9962593516209476,0.9956386292834891,0.9998432227306644,0.9962458747410696,0.004772512345033358,19370.0,8.0,6.0,1598.0,20982.0,0.07644647793346677
numerical_feature_transformer,42,NF-UNSW-NB15,ssd_canonical,NF-ToN-IoT,retained,0.5731148292459317,0.6084108736937841,0.8303145853193518,0.5362474988456211,0.6516412606378005,0.7068561097978547,0.8127057049214689,0.7332857892420097,1517.0,712.0,3013.0,3484.0,8726.0,0.7445564978225991
numerical_feature_transformer,42,NF-UNSW-NB15,ssd_canonical,NF-BoT-IoT,retained,0.9892248311354133,0.7172294697661101,0.9991872561768531,0.9900144950877758,0.9945797265593399,0.9913297900896547,0.9999873691699069,0.026313305593658538,16.0,20.0,248.0,24588.0,24872.0,0.9985525892569959
numerical_feature_transformer,42,NF-UNSW-NB15,ssd_canonical,NF-CSE-CIC-IDS2018,retained,0.9525009610866687,0.9235995836676907,0.8009868421052632,0.8833131801692866,0.8401380103507763,0.9613270451010428,0.9306815197337821,0.1268870558143446,19377.0,726.0,386.0,2922.0,23411.0,0.14130109777455044
numerical_feature_transformer,42,NF-UNSW-NB15,ssd_canonical,RETAINED_MACRO,retained_macro,0.8382802071560045,0.7497466423758615,0.8768295612004894,0.8031917247008945,0.8287863325159722,0.8865043149961841,0.9144581979417193,0.29549538355000426,20910.0,1458.0,3647.0,30994.0,57009.0,0.6076408988054518
numerical_feature_transformer,42,NF-UNSW-NB15,ssd_canonical@alpha=1,NF-UNSW-NB15,forgotten,0.9994280812124678,0.9985466975558317,0.9950248756218906,0.9975062344139651,0.9962640099626401,0.9998188036977429,0.995738738333156,0.0046576952915046085,19370.0,8.0,4.0,1600.0,20982.0,0.07644647793346677
numerical_feature_transformer,42,NF-UNSW-NB15,ssd_canonical@alpha=1,NF-ToN-IoT,retained,0.5705936282374513,0.6062757128544609,0.8289473684210527,0.5333230721871633,0.6490587243607755,0.7017713873256062,0.8075432381443048,0.7332048252382211,1514.0,715.0,3032.0,3465.0,8726.0,0.7445564978225991
numerical_feature_transformer,42,NF-UNSW-NB15,ssd_canonical@alpha=1,NF-BoT-IoT,retained,0.9893454486973303,0.717289865965176,0.9991873552476535,0.9901352874859075,0.9946407264343641,0.9915378214419928,0.9999876741606364,0.02505567189658621,16.0,20.0,245.0,24591.0,24872.0,0.9985525892569959
numerical_feature_transformer,42,NF-UNSW-NB15,ssd_canonical@alpha=1,NF-CSE-CIC-IDS2018,retained,0.952372816197514,0.923524967938695,0.8003286770747741,0.8833131801692866,0.8397758298606122,0.9611690543399197,0.9305906482967989,0.12762494994568965,19374.0,729.0,386.0,2922.0,23411.0,0.14130109777455044
numerical_feature_transformer,42,NF-UNSW-NB15,ssd_canonical@alpha=1,RETAINED_MACRO,retained_macro,0.8374372977107652,0.7490301822527773,0.8761544669144934,0.8022571799474525,0.8278250935519172,0.8848260877025061,0.9127071868672467,0.2952951490268323,20904.0,1464.0,3663.0,30978.0,57009.0,0.6076408988054518
numerical_feature_transformer,42,NF-UNSW-NB15,ssd_canonical@alpha=2,NF-UNSW-NB15,forgotten,0.9993327614145459,0.997923256159323,0.9950186799501868,0.9962593516209476,0.9956386292834891,0.9998461504408036,0.9961699879941328,0.004789876090683773,19370.0,8.0,6.0,1598.0,20982.0,0.07644647793346677
numerical_feature_transformer,42,NF-UNSW-NB15,ssd_canonical@alpha=2,NF-ToN-IoT,retained,0.5709374283749713,0.6069486603645552,0.8295427340196313,0.5333230721871633,0.6492411467116358,0.7045955502947041,0.8118415235557342,0.7451544346679307,1517.0,712.0,3032.0,3465.0,8726.0,0.7445564978225991
numerical_feature_transformer,42,NF-UNSW-NB15,ssd_canonical@alpha=2,NF-BoT-IoT,retained,0.9892248311354133,0.7172294697661101,0.9991872561768531,0.9900144950877758,0.9945797265593399,0.991320842504608,0.9999873560312839,0.026350600570378933,16.0,20.0,248.0,24588.0,24872.0,0.9985525892569959
numerical_feature_transformer,42,NF-UNSW-NB15,ssd_canonical@alpha=2,NF-CSE-CIC-IDS2018,retained,0.9525009610866687,0.9235995836676907,0.8009868421052632,0.8833131801692866,0.8401380103507763,0.961340353226831,0.930682764348446,0.12692714904641605,19377.0,726.0,386.0,2922.0,23411.0,0.14130109777455044
numerical_feature_transformer,42,NF-UNSW-NB15,ssd_canonical@alpha=2,RETAINED_MACRO,retained_macro,0.8375544068656845,0.7492592379327853,0.8765722774339159,0.8022169158147419,0.827986294540584,0.8857522486753812,0.914170547978488,0.29947739476157526,20910.0,1458.0,3666.0,30975.0,57009.0,0.6076408988054518
numerical_feature_transformer,42,NF-UNSW-NB15,ssd_canonical@alpha=3,NF-UNSW-NB15,forgotten,0.9993327614145459,0.997923256159323,0.9950186799501868,0.9962593516209476,0.9956386292834891,0.9998432227306644,0.9962458747410696,0.004772512345033358,19370.0,8.0,6.0,1598.0,20982.0,0.07644647793346677
numerical_feature_transformer,42,NF-UNSW-NB15,ssd_canonical@alpha=3,NF-ToN-IoT,retained,0.5731148292459317,0.6084108736937841,0.8303145853193518,0.5362474988456211,0.6516412606378005,0.7068561097978547,0.8127057049214689,0.7332857892420097,1517.0,712.0,3013.0,3484.0,8726.0,0.7445564978225991
numerical_feature_transformer,42,NF-UNSW-NB15,ssd_canonical@alpha=3,NF-BoT-IoT,retained,0.9892248311354133,0.7172294697661101,0.9991872561768531,0.9900144950877758,0.9945797265593399,0.9913297900896547,0.9999873691699069,0.026313305593658538,16.0,20.0,248.0,24588.0,24872.0,0.9985525892569959
numerical_feature_transformer,42,NF-UNSW-NB15,ssd_canonical@alpha=3,NF-CSE-CIC-IDS2018,retained,0.9525009610866687,0.9235995836676907,0.8009868421052632,0.8833131801692866,0.8401380103507763,0.9613270451010428,0.9306815197337821,0.1268870558143446,19377.0,726.0,386.0,2922.0,23411.0,0.14130109777455044
numerical_feature_transformer,42,NF-UNSW-NB15,ssd_canonical@alpha=3,RETAINED_MACRO,retained_macro,0.8382802071560045,0.7497466423758615,0.8768295612004894,0.8031917247008945,0.8287863325159722,0.8865043149961841,0.9144581979417193,0.29549538355000426,20910.0,1458.0,3647.0,30994.0,57009.0,0.6076408988054518
numerical_feature_transformer,42,NF-UNSW-NB15,ssd_canonical@alpha=5,NF-UNSW-NB15,forgotten,0.9993327614145459,0.997923256159323,0.9950186799501868,0.9962593516209476,0.9956386292834891,0.9998432227306644,0.9962458747410696,0.004772512345033358,19370.0,8.0,6.0,1598.0,20982.0,0.07644647793346677
numerical_feature_transformer,42,NF-UNSW-NB15,ssd_canonical@alpha=5,NF-ToN-IoT,retained,0.5731148292459317,0.6084108736937841,0.8303145853193518,0.5362474988456211,0.6516412606378005,0.7068561097978547,0.8127057049214689,0.7332857892420097,1517.0,712.0,3013.0,3484.0,8726.0,0.7445564978225991
numerical_feature_transformer,42,NF-UNSW-NB15,ssd_canonical@alpha=5,NF-BoT-IoT,retained,0.9892248311354133,0.7172294697661101,0.9991872561768531,0.9900144950877758,0.9945797265593399,0.9913297900896547,0.9999873691699069,0.026313305593658538,16.0,20.0,248.0,24588.0,24872.0,0.9985525892569959
numerical_feature_transformer,42,NF-UNSW-NB15,ssd_canonical@alpha=5,NF-CSE-CIC-IDS2018,retained,0.9525009610866687,0.9235995836676907,0.8009868421052632,0.8833131801692866,0.8401380103507763,0.9613270451010428,0.9306815197337821,0.1268870558143446,19377.0,726.0,386.0,2922.0,23411.0,0.14130109777455044
numerical_feature_transformer,42,NF-UNSW-NB15,ssd_canonical@alpha=5,RETAINED_MACRO,retained_macro,0.8382802071560045,0.7497466423758615,0.8768295612004894,0.8031917247008945,0.8287863325159722,0.8865043149961841,0.9144581979417193,0.29549538355000426,20910.0,1458.0,3647.0,30994.0,57009.0,0.6076408988054518
numerical_feature_transformer,42,NF-UNSW-NB15,dc_ssd_no_contrast,NF-UNSW-NB15,forgotten,0.9994757411114289,0.9988584182540861,0.9950279676817899,0.9981296758104738,0.9965764083411143,0.9998645210176129,0.9965938687839055,0.004264808135263552,19370.0,8.0,3.0,1601.0,20982.0,0.07644647793346677
numerical_feature_transformer,42,NF-UNSW-NB15,dc_ssd_no_contrast,NF-ToN-IoT,retained,0.5857208342883338,0.6158448186010965,0.8335648148148148,0.5542558103740188,0.6658038273088657,0.6938384026917072,0.8077297186707323,0.7972116536362394,1510.0,719.0,2896.0,3601.0,8726.0,0.7445564978225991
numerical_feature_transformer,42,NF-UNSW-NB15,dc_ssd_no_contrast,NF-BoT-IoT,retained,0.9892650369893856,0.7172496018324654,0.999187289203137,0.9900547592204864,0.9946000606734756,0.9915221631681609,0.9999876510481371,0.025211611146505167,16.0,20.0,247.0,24589.0,24872.0,0.9985525892569959
numerical_feature_transformer,42,NF-UNSW-NB15,dc_ssd_no_contrast,NF-CSE-CIC-IDS2018,retained,0.9510486523429157,0.9227539387390731,0.7935904399782727,0.8833131801692866,0.8360515021459227,0.959410426869939,0.9290356803972619,0.13181561671901118,19343.0,760.0,386.0,2922.0,23411.0,0.14130109777455044
numerical_feature_transformer,42,NF-UNSW-NB15,dc_ssd_no_contrast,RETAINED_MACRO,retained_macro,0.842011507873545,0.751949453057545,0.875447514665408,0.8092079165879307,0.8321517967094213,0.8815903309099357,0.9122510167053771,0.3180796271672519,20869.0,1499.0,3529.0,31112.0,57009.0,0.6076408988054518
numerical_feature_transformer,42,NF-UNSW-NB15,dc_ssd_no_class_balance,NF-UNSW-NB15,forgotten,0.9994280812124678,0.9985466975558317,0.9950248756218906,0.9975062344139651,0.9962640099626401,0.9998831168028942,0.9969069425877506,0.004132500906755793,19370.0,8.0,4.0,1600.0,20982.0,0.07644647793346677
numerical_feature_transformer,42,NF-UNSW-NB15,dc_ssd_no_class_balance,NF-ToN-IoT,retained,0.5601650240660097,0.600746052997646,0.8267387564512165,0.5177774357395721,0.6367594169979178,0.7074471269584823,0.811147055850009,0.737948245952247,1524.0,705.0,3133.0,3364.0,8726.0,0.7445564978225991
numerical_feature_transformer,42,NF-UNSW-NB15,dc_ssd_no_class_balance,NF-BoT-IoT,retained,0.9892650369893856,0.7172496018324654,0.999187289203137,0.9900547592204864,0.9946000606734756,0.9915747302303107,0.9999877282956582,0.02543536807796782,16.0,20.0,247.0,24589.0,24872.0,0.9985525892569959
numerical_feature_transformer,42,NF-UNSW-NB15,dc_ssd_no_class_balance,NF-CSE-CIC-IDS2018,retained,0.9514758019734313,0.9230026578357252,0.795751633986928,0.8833131801692866,0.8372492836676217,0.9592237747667229,0.9288999074294891,0.13060600618775708,19353.0,750.0,386.0,2922.0,23411.0,0.14130109777455044
numerical_feature_transformer,42,NF-UNSW-NB15,dc_ssd_no_class_balance,RETAINED_MACRO,retained_macro,0.8336352876762755,0.7469994375552789,0.8738925598804271,0.7970484583764484,0.8228695871130051,0.8860818773185053,0.9133448971917187,0.2979965400726573,20893.0,1475.0,3766.0,30875.0,57009.0,0.6076408988054518
numerical_feature_transformer,42,NF-UNSW-NB15,dc_ssd,NF-UNSW-NB15,forgotten,0.9994757411114289,0.9988584182540861,0.9950279676817899,0.9981296758104738,0.9965764083411143,0.9998636201837238,0.9967883705558696,0.004327518505017639,19370.0,8.0,3.0,1601.0,20982.0,0.07644647793346677
numerical_feature_transformer,42,NF-UNSW-NB15,dc_ssd,NF-ToN-IoT,retained,0.5905340362136144,0.6196665086063464,0.83578318787322,0.5601046636909343,0.6707215924799558,0.7038495801596112,0.8098284078751345,0.7725385816206339,1514.0,715.0,2858.0,3639.0,8726.0,0.7445564978225991
numerical_feature_transformer,42,NF-UNSW-NB15,dc_ssd,NF-BoT-IoT,retained,0.989184625281441,0.7172093376997548,0.9991872231478848,0.9899742309550652,0.9945593916226766,0.9914561747284408,0.9999875542027813,0.026140732676675008,16.0,20.0,249.0,24587.0,24872.0,0.9985525892569959
numerical_feature_transformer,42,NF-UNSW-NB15,dc_ssd,NF-CSE-CIC-IDS2018,retained,0.9513903720473281,0.9229529140163948,0.7953184540010887,0.8833131801692866,0.8370094528788313,0.9587746292807279,0.9279914843344981,0.13315193727499433,19351.0,752.0,386.0,2922.0,23411.0,0.14130109777455044
numerical_feature_transformer,42,NF-UNSW-NB15,dc_ssd,RETAINED_MACRO,retained_macro,0.8437030111807945,0.753276253440832,0.8767629550073979,0.8111306916050953,0.8340968123271546,0.8846934613895933,0.9126024821374713,0.31061041719076776,20881.0,1487.0,3493.0,31148.0,57009.0,0.6076408988054518
numerical_feature_transformer,42,NF-UNSW-NB15,scrub_r,NF-UNSW-NB15,forgotten,0.03450576684777428,0.1490596967175415,0.023305734437289175,0.28428927680798005,0.04307982994803968,0.020122119615812367,0.039555223872984255,20.866795405863947,268.0,19110.0,1148.0,456.0,20982.0,0.07644647793346677
numerical_feature_transformer,42,NF-UNSW-NB15,scrub_r,NF-ToN-IoT,retained,0.7573917029566812,0.678964332711657,0.8355807539074471,0.8393104509773742,0.8374414497427628,0.7115337009254297,0.824976215409905,0.6979430434384201,1156.0,1073.0,1044.0,5453.0,8726.0,0.7445564978225991
numerical_feature_transformer,42,NF-UNSW-NB15,scrub_r,NF-BoT-IoT,retained,0.9902701833386941,0.6900153898462805,0.9991070703790892,0.9911418908036721,0.9951085418603711,0.9866155312181242,0.9999804376613848,0.026048956676573847,14.0,22.0,220.0,24616.0,24872.0,0.9985525892569959
numerical_feature_transformer,42,NF-UNSW-NB15,scrub_r,NF-CSE-CIC-IDS2018,retained,0.9762504805433343,0.9200021641869643,0.9886363636363636,0.841596130592503,0.9092096668843893,0.9583369423165979,0.9142365735844321,0.11386992768879609,20071.0,32.0,524.0,2784.0,23411.0,0.14130109777455044
numerical_feature_transformer,42,NF-UNSW-NB15,scrub_r,RETAINED_MACRO,retained_macro,0.9079707889462365,0.7629939622483005,0.9411080626409666,0.8906828241245165,0.9139198861625077,0.8854953914867173,0.9130644088852407,0.27928730926793,21241.0,1127.0,1788.0,32853.0,57009.0,0.6076408988054518
numerical_feature_transformer,42,NF-UNSW-NB15,scrub_r@lr=0.0001,NF-UNSW-NB15,forgotten,0.0728243256124297,0.46687392495127134,0.07173704414587333,0.9320448877805486,0.13322045981108538,0.0175764273906008,0.03958087144540096,12.678821623015928,33.0,19345.0,109.0,1495.0,20982.0,0.07644647793346677
numerical_feature_transformer,42,NF-UNSW-NB15,scrub_r@lr=0.0001,NF-ToN-IoT,retained,0.8465505386202155,0.7737617865939852,0.8775988286969253,0.9225796521471449,0.8995272754558415,0.7591361661692496,0.8418411001960959,0.6395105638996623,1393.0,836.0,503.0,5994.0,8726.0,0.7445564978225991
numerical_feature_transformer,42,NF-UNSW-NB15,scrub_r@lr=0.0001,NF-BoT-IoT,retained,0.9864506272113219,0.8406591685903975,0.9995514049182334,0.9868738927363505,0.9931721944202443,0.9880169467260786,0.9999823817035164,0.029968813834964744,25.0,11.0,326.0,24510.0,24872.0,0.9985525892569959
numerical_feature_transformer,42,NF-UNSW-NB15,scrub_r@lr=0.0001,NF-CSE-CIC-IDS2018,retained,0.9571141770962368,0.8621371250033307,0.9564183835182251,0.7297460701330108,0.8278463648834019,0.9181640413418657,0.8383687400150103,0.20187067227242347,19993.0,110.0,894.0,2414.0,23411.0,0.14130109777455044
numerical_feature_transformer,42,NF-UNSW-NB15,scrub_r@lr=0.0001,RETAINED_MACRO,retained_macro,0.9300384476425915,0.8255193600625711,0.9445228723777945,0.8797332050055021,0.9068486115864959,0.8884390514123979,0.8933974073048742,0.2904500166690169,21411.0,957.0,1723.0,32918.0,57009.0,0.6076408988054518
numerical_feature_transformer,42,NF-UNSW-NB15,scrub_r@lr=0.001,NF-UNSW-NB15,forgotten,0.94314174053951,0.6298327164337068,0.9858156028368794,0.25997506234413964,0.4114454859398125,0.9435646228633185,0.7429093136418401,0.19144009955440408,19372.0,6.0,1187.0,417.0,20982.0,0.07644647793346677
numerical_feature_transformer,42,NF-UNSW-NB15,scrub_r@lr=0.001,NF-ToN-IoT,retained,0.5843456337382535,0.5808817929081117,0.80083857442348,0.5879636755425581,0.6780864471465341,0.7010907405032781,0.8072350092967999,0.7758947866845731,1279.0,950.0,2677.0,3820.0,8726.0,0.7445564978225991
numerical_feature_transformer,42,NF-UNSW-NB15,scrub_r@lr=0.001,NF-BoT-IoT,retained,0.9911547121260855,0.6627207816610297,0.999026921829387,0.992108229988726,0.9955555555555555,0.9872575204452319,0.9999813214822164,0.020384318935137476,12.0,24.0,196.0,24640.0,24872.0,0.9985525892569959
numerical_feature_transformer,42,NF-UNSW-NB15,scrub_r@lr=0.001,NF-CSE-CIC-IDS2018,retained,0.9819315706291915,0.9370743016271522,0.9972423302309549,0.874546553808948,0.9318730874536962,0.9607273824567684,0.9324350529773804,0.0903091264716614,20095.0,8.0,415.0,2893.0,23411.0,0.14130109777455044
numerical_feature_transformer,42,NF-UNSW-NB15,scrub_r@lr=0.001,RETAINED_MACRO,retained_macro,0.8524773054978435,0.7268922920654312,0.9323692754946072,0.8182061531134107,0.8685050300519287,0.8830252144684261,0.9132171279187989,0.295529410697124,21386.0,982.0,3288.0,31353.0,57009.0,0.6076408988054518
numerical_feature_transformer,42,NF-UNSW-NB15,retrained,NF-UNSW-NB15,forgotten,0.35687732342007433,0.397354418165547,0.05361165340141162,0.4451371571072319,0.09569762766385204,0.4286210272903766,0.14881259842440536,1.2954119938435606,6774.0,12604.0,890.0,714.0,20982.0,0.07644647793346677
numerical_feature_transformer,42,NF-UNSW-NB15,retrained,NF-ToN-IoT,retained,0.6010772404308962,0.6342619187252314,0.8471454880294659,0.566415268585501,0.6789041601328291,0.6495054175882536,0.8274155975954985,1.037679288453367,1565.0,664.0,2817.0,3680.0,8726.0,0.7445564978225991
numerical_feature_transformer,42,NF-UNSW-NB15,retrained,NF-BoT-IoT,retained,0.9872145384367964,0.910385461963816,0.9997554015491236,0.9874375905942986,0.9935583194911477,0.9899507435443173,0.9999850378586288,0.02285471529263292,30.0,6.0,312.0,24524.0,24872.0,0.9985525892569959
numerical_feature_transformer,42,NF-UNSW-NB15,retrained,NF-CSE-CIC-IDS2018,retained,0.9192260048695058,0.8004248194350485,0.7545813869924541,0.6348246674727932,0.6895419471351174,0.9336405720936213,0.8185420329499191,0.19267161200846833,19420.0,683.0,1208.0,2100.0,23411.0,0.14130109777455044
numerical_feature_transformer,42,NF-UNSW-NB15,retrained,RETAINED_MACRO,retained_macro,0.8358392612457327,0.7816907333746986,0.8671607588570146,0.7295591755508642,0.7873348089196982,0.8576989110753974,0.8819808894680156,0.4177352052514894,21015.0,1353.0,4337.0,30304.0,57009.0,0.6076408988054518
numerical_feature_transformer,42,NF-ToN-IoT,original,NF-UNSW-NB15,retained,0.9993327614145459,0.997923256159323,0.9950186799501868,0.9962593516209476,0.9956386292834891,0.9998432227306644,0.9962458747410696,0.004772512345033358,19370.0,8.0,6.0,1598.0,20982.0,0.07644647793346677
numerical_feature_transformer,42,NF-ToN-IoT,original,NF-ToN-IoT,forgotten,0.5731148292459317,0.6084108736937841,0.8303145853193518,0.5362474988456211,0.6516412606378005,0.7068561097978547,0.8127057049214689,0.7332857892420097,1517.0,712.0,3013.0,3484.0,8726.0,0.7445564978225991
numerical_feature_transformer,42,NF-ToN-IoT,original,NF-BoT-IoT,retained,0.9892248311354133,0.7172294697661101,0.9991872561768531,0.9900144950877758,0.9945797265593399,0.9913297900896547,0.9999873691699069,0.026313305593658538,16.0,20.0,248.0,24588.0,24872.0,0.9985525892569959
numerical_feature_transformer,42,NF-ToN-IoT,original,NF-CSE-CIC-IDS2018,retained,0.9525009610866687,0.9235995836676907,0.8009868421052632,0.8833131801692866,0.8401380103507763,0.9613270451010428,0.9306815197337821,0.1268870558143446,19377.0,726.0,386.0,2922.0,23411.0,0.14130109777455044
numerical_feature_transformer,42,NF-ToN-IoT,original,RETAINED_MACRO,retained_macro,0.9803528512122092,0.879584103197708,0.9317309260774344,0.9565290089593367,0.9434521220645351,0.9841666859737873,0.9756382545482528,0.052657624584345496,38763.0,754.0,640.0,29108.0,69265.0,0.4294809788493467
numerical_feature_transformer,42,NF-ToN-IoT,rollback_repair,NF-UNSW-NB15,retained,0.9235535220665332,0.5,0.0,0.0,0.0,0.9184276896776534,0.7816104991298807,0.41409801994934603,19378.0,0.0,1604.0,0.0,20982.0,0.07644647793346677
numerical_feature_transformer,42,NF-ToN-IoT,rollback_repair,NF-ToN-IoT,forgotten,0.25544350217740086,0.5,0.0,0.0,0.0,0.6050413715465046,0.8509586277495127,1.0021594629670403,2229.0,0.0,6497.0,0.0,8726.0,0.7445564978225991
numerical_feature_transformer,42,NF-ToN-IoT,rollback_repair,NF-BoT-IoT,retained,0.0014474107430041815,0.5,0.0,0.0,0.0,0.15607775898784917,0.9951334803767076,1.230197018634925,36.0,0.0,24836.0,0.0,24872.0,0.9985525892569959
numerical_feature_transformer,42,NF-ToN-IoT,rollback_repair,NF-CSE-CIC-IDS2018,retained,0.8586989022254495,0.5,0.0,0.0,0.0,0.6011888682595394,0.1674318343430985,0.4704780781080654,20103.0,0.0,3308.0,0.0,23411.0,0.14130109777455044
numerical_feature_transformer,42,NF-ToN-IoT,rollback_repair,RETAINED_MACRO,retained_macro,0.5945666116783289,0.5,0.0,0.0,0.0,0.5585647723083473,0.6480586046165623,0.7049243722307788,39517.0,0.0,29748.0,0.0,69265.0,0.4294809788493467
numerical_feature_transformer,42,NF-ToN-IoT,ssd_canonical,NF-UNSW-NB15,retained,0.9993327614145459,0.997923256159323,0.9950186799501868,0.9962593516209476,0.9956386292834891,0.9998432227306644,0.9962458747410696,0.004772512345033358,19370.0,8.0,6.0,1598.0,20982.0,0.07644647793346677
numerical_feature_transformer,42,NF-ToN-IoT,ssd_canonical,NF-ToN-IoT,forgotten,0.5731148292459317,0.6084108736937841,0.8303145853193518,0.5362474988456211,0.6516412606378005,0.7068561097978547,0.8127057049214689,0.7332857892420097,1517.0,712.0,3013.0,3484.0,8726.0,0.7445564978225991
numerical_feature_transformer,42,NF-ToN-IoT,ssd_canonical,NF-BoT-IoT,retained,0.9892248311354133,0.7172294697661101,0.9991872561768531,0.9900144950877758,0.9945797265593399,0.9913297900896547,0.9999873691699069,0.026313305593658538,16.0,20.0,248.0,24588.0,24872.0,0.9985525892569959
numerical_feature_transformer,42,NF-ToN-IoT,ssd_canonical,NF-CSE-CIC-IDS2018,retained,0.9525009610866687,0.9235995836676907,0.8009868421052632,0.8833131801692866,0.8401380103507763,0.9613270451010428,0.9306815197337821,0.1268870558143446,19377.0,726.0,386.0,2922.0,23411.0,0.14130109777455044
numerical_feature_transformer,42,NF-ToN-IoT,ssd_canonical,RETAINED_MACRO,retained_macro,0.9803528512122092,0.879584103197708,0.9317309260774344,0.9565290089593367,0.9434521220645351,0.9841666859737873,0.9756382545482528,0.052657624584345496,38763.0,754.0,640.0,29108.0,69265.0,0.4294809788493467
numerical_feature_transformer,42,NF-ToN-IoT,ssd_canonical@alpha=1,NF-UNSW-NB15,retained,0.9235535220665332,0.5,0.0,0.0,0.0,0.07408496510812965,0.04021284452250918,0.5857693364714168,19378.0,0.0,1604.0,0.0,20982.0,0.07644647793346677
numerical_feature_transformer,42,NF-ToN-IoT,ssd_canonical@alpha=1,NF-ToN-IoT,forgotten,0.25544350217740086,0.5,0.0,0.0,0.0,0.7604130090617799,0.8638236978277161,0.7844646870066876,2229.0,0.0,6497.0,0.0,8726.0,0.7445564978225991
numerical_feature_transformer,42,NF-ToN-IoT,ssd_canonical@alpha=1,NF-BoT-IoT,retained,0.0014474107430041815,0.5,0.0,0.0,0.0,0.10910070059590916,0.9958000657173192,0.8879507751061847,36.0,0.0,24836.0,0.0,24872.0,0.9985525892569959
numerical_feature_transformer,42,NF-ToN-IoT,ssd_canonical@alpha=1,NF-CSE-CIC-IDS2018,retained,0.8586989022254495,0.5,0.0,0.0,0.0,0.8844278296879895,0.6375343237730209,0.5829989733629793,20103.0,0.0,3308.0,0.0,23411.0,0.14130109777455044
numerical_feature_transformer,42,NF-ToN-IoT,ssd_canonical@alpha=1,RETAINED_MACRO,retained_macro,0.5945666116783289,0.5,0.0,0.0,0.0,0.3558711651306761,0.5578490780042831,0.685573028313527,39517.0,0.0,29748.0,0.0,69265.0,0.4294809788493467
numerical_feature_transformer,42,NF-ToN-IoT,ssd_canonical@alpha=2,NF-UNSW-NB15,retained,0.9235535220665332,0.5,0.0,0.0,0.0,0.13871461685346959,0.04206932123586647,0.5316336647950116,19378.0,0.0,1604.0,0.0,20982.0,0.07644647793346677
numerical_feature_transformer,42,NF-ToN-IoT,ssd_canonical@alpha=2,NF-ToN-IoT,forgotten,0.25544350217740086,0.5,0.0,0.0,0.0,0.6622944240475968,0.7894159387595913,0.8350240330324612,2229.0,0.0,6497.0,0.0,8726.0,0.7445564978225991
numerical_feature_transformer,42,NF-ToN-IoT,ssd_canonical@alpha=2,NF-BoT-IoT,retained,0.0014474107430041815,0.5,0.0,0.0,0.0,0.29400534170827297,0.9975222781707843,0.9626518121341449,36.0,0.0,24836.0,0.0,24872.0,0.9985525892569959
numerical_feature_transformer,42,NF-ToN-IoT,ssd_canonical@alpha=2,NF-CSE-CIC-IDS2018,retained,0.8586989022254495,0.5,0.0,0.0,0.0,0.8827069461679846,0.6737304456943292,0.5464668153908013,20103.0,0.0,3308.0,0.0,23411.0,0.14130109777455044
numerical_feature_transformer,42,NF-ToN-IoT,ssd_canonical@alpha=2,RETAINED_MACRO,retained_macro,0.5945666116783289,0.5,0.0,0.0,0.0,0.43847563490990904,0.5711073483669933,0.6802507641066526,39517.0,0.0,29748.0,0.0,69265.0,0.4294809788493467
numerical_feature_transformer,42,NF-ToN-IoT,ssd_canonical@alpha=3,NF-UNSW-NB15,retained,0.9235535220665332,0.5,0.0,0.0,0.0,0.3011622011901818,0.051230021628119876,0.44634112111057195,19378.0,0.0,1604.0,0.0,20982.0,0.07644647793346677
numerical_feature_transformer,42,NF-ToN-IoT,ssd_canonical@alpha=3,NF-ToN-IoT,forgotten,0.25544350217740086,0.5,0.0,0.0,0.0,0.6788545398286803,0.7756429623525114,0.964810290303496,2229.0,0.0,6497.0,0.0,8726.0,0.7445564978225991
numerical_feature_transformer,42,NF-ToN-IoT,ssd_canonical@alpha=3,NF-BoT-IoT,retained,0.0014474107430041815,0.5,0.0,0.0,0.0,0.16773702152788966,0.9960787083497266,1.2133156264060132,36.0,0.0,24836.0,0.0,24872.0,0.9985525892569959
numerical_feature_transformer,42,NF-ToN-IoT,ssd_canonical@alpha=3,NF-CSE-CIC-IDS2018,retained,0.8586989022254495,0.5,0.0,0.0,0.0,0.8987392077114829,0.7939836759654928,0.46557863794329424,20103.0,0.0,3308.0,0.0,23411.0,0.14130109777455044
numerical_feature_transformer,42,NF-ToN-IoT,ssd_canonical@alpha=3,RETAINED_MACRO,retained_macro,0.5945666116783289,0.5,0.0,0.0,0.0,0.45587947680985147,0.6137641353144464,0.708411795153293,39517.0,0.0,29748.0,0.0,69265.0,0.4294809788493467
numerical_feature_transformer,42,NF-ToN-IoT,ssd_canonical@alpha=5,NF-UNSW-NB15,retained,0.969640644361834,0.9232350862445496,0.765805387575591,0.8684538653366584,0.8139059304703476,0.9776916852259897,0.9131710016414332,0.41338649746273665,18952.0,426.0,211.0,1393.0,20982.0,0.07644647793346677
numerical_feature_transformer,42,NF-ToN-IoT,ssd_canonical@alpha=5,NF-ToN-IoT,forgotten,0.2774467109786844,0.38804882372117355,0.5502092050209205,0.16192088656302908,0.2502081103579498,0.36966628418693154,0.651168209260219,0.8715834934543267,1369.0,860.0,5445.0,1052.0,8726.0,0.7445564978225991
numerical_feature_transformer,42,NF-ToN-IoT,ssd_canonical@alpha=5,NF-BoT-IoT,retained,0.9872145384367964,0.6607478391582112,0.9990230399739477,0.9881623449830891,0.9935630136431723,0.9518698215851543,0.9998922217930718,0.18261399941710504,12.0,24.0,294.0,24542.0,24872.0,0.9985525892569959
numerical_feature_transformer,42,NF-ToN-IoT,ssd_canonical@alpha=5,NF-CSE-CIC-IDS2018,retained,0.7144077570372902,0.752762969918944,0.30612947658402206,0.8062273276904474,0.4437603993344426,0.8088107657294077,0.4287075166466482,0.5633664196548986,14058.0,6045.0,641.0,2667.0,23411.0,0.14130109777455044
numerical_feature_transformer,42,NF-ToN-IoT,ssd_canonical@alpha=5,RETAINED_MACRO,retained_macro,0.8904209799453069,0.7789152984405683,0.6903193013778536,0.8876145126700649,0.7504097811493208,0.9127907575135173,0.7805902466937177,0.38645563884491346,33022.0,6495.0,1146.0,28602.0,69265.0,0.4294809788493467
numerical_feature_transformer,42,NF-ToN-IoT,dc_ssd_no_contrast,NF-UNSW-NB15,retained,0.9307025069106853,0.5476158594637361,0.9807692307692307,0.09538653366583541,0.17386363636363636,0.40171186429117633,0.27690453215871086,0.29280841932357965,19375.0,3.0,1451.0,153.0,20982.0,0.07644647793346677
numerical_feature_transformer,42,NF-ToN-IoT,dc_ssd_no_contrast,NF-ToN-IoT,forgotten,0.23504469401787761,0.4525565618061772,0.18214285714285713,0.007849776820070802,0.015050907481186366,0.2131297027519966,0.5882012773658313,1.4474218837665596,2000.0,229.0,6446.0,51.0,8726.0,0.7445564978225991
numerical_feature_transformer,42,NF-ToN-IoT,dc_ssd_no_contrast,NF-BoT-IoT,retained,0.9621662914120296,0.8701056709794026,0.9996654259545815,0.9624335641810275,0.9806962479742343,0.9063747069665896,0.9998313229223423,0.245567383321867,28.0,8.0,933.0,23903.0,24872.0,0.9985525892569959
numerical_feature_transformer,42,NF-ToN-IoT,dc_ssd_no_contrast,NF-CSE-CIC-IDS2018,retained,0.8510956388022725,0.5180500741615987,0.3333333333333333,0.05380894800483676,0.092660072878709,0.5783260720590049,0.22269667136545473,0.43244200891840895,19747.0,356.0,3130.0,178.0,23411.0,0.14130109777455044
numerical_feature_transformer,42,NF-ToN-IoT,dc_ssd_no_contrast,RETAINED_MACRO,retained_macro,0.9146548123749958,0.6452572015349124,0.7712559966857152,0.37054301528389993,0.4157399857388599,0.6288042144389235,0.49981084214883603,0.32360593718795183,39150.0,367.0,5514.0,24234.0,69265.0,0.4294809788493467
numerical_feature_transformer,42,NF-ToN-IoT,dc_ssd_no_class_balance,NF-UNSW-NB15,retained,0.07644647793346677,0.5,0.07644647793346677,1.0,0.142034888869211,0.2575193891625565,0.047779578208128046,1.0317187409826707,0.0,19378.0,0.0,1604.0,20982.0,0.07644647793346677
numerical_feature_transformer,42,NF-ToN-IoT,dc_ssd_no_class_balance,NF-ToN-IoT,forgotten,0.7445564978225991,0.5,0.7445564978225991,1.0,0.8535768245418117,0.6872137832466142,0.802077769881546,0.5843414572511617,0.0,2229.0,0.0,6497.0,8726.0,0.7445564978225991
numerical_feature_transformer,42,NF-ToN-IoT,dc_ssd_no_class_balance,NF-BoT-IoT,retained,0.9985525892569959,0.5,0.9985525892569959,1.0,0.9992757704997184,0.13518123333512289,0.9948148573257907,0.4153472631328436,0.0,36.0,0.0,24836.0,24872.0,0.9985525892569959
numerical_feature_transformer,42,NF-ToN-IoT,dc_ssd_no_class_balance,NF-CSE-CIC-IDS2018,retained,0.14130109777455044,0.5,0.14130109777455044,1.0,0.2476140574123283,0.8724833431888651,0.7020294967285753,0.9865590600806294,0.0,20103.0,0.0,3308.0,23411.0,0.14130109777455044
numerical_feature_transformer,42,NF-ToN-IoT,dc_ssd_no_class_balance,RETAINED_MACRO,retained_macro,0.405433388321671,0.5,0.405433388321671,1.0,0.4629749055937526,0.42172798856218147,0.5815413107541647,0.8112083547320479,0.0,39517.0,0.0,29748.0,69265.0,0.4294809788493467
numerical_feature_transformer,42,NF-ToN-IoT,dc_ssd,NF-UNSW-NB15,retained,0.07644647793346677,0.5,0.07644647793346677,1.0,0.142034888869211,0.9862228395365185,0.8763897409945269,1.550340962478404,0.0,19378.0,0.0,1604.0,20982.0,0.07644647793346677
numerical_feature_transformer,42,NF-ToN-IoT,dc_ssd,NF-ToN-IoT,forgotten,0.7445564978225991,0.5,0.7445564978225991,1.0,0.8535768245418117,0.30091470591423874,0.6212763273467955,0.6563077044190694,0.0,2229.0,0.0,6497.0,8726.0,0.7445564978225991
numerical_feature_transformer,42,NF-ToN-IoT,dc_ssd,NF-BoT-IoT,retained,0.9985525892569959,0.5,0.9985525892569959,1.0,0.9992757704997184,0.4490490953991517,0.9956357099022951,0.11137417525055722,0.0,36.0,0.0,24836.0,24872.0,0.9985525892569959
numerical_feature_transformer,42,NF-ToN-IoT,dc_ssd,NF-CSE-CIC-IDS2018,retained,0.14130109777455044,0.5,0.14130109777455044,1.0,0.2476140574123283,0.4303326381830068,0.11469343430745635,1.9014219238965095,0.0,20103.0,0.0,3308.0,23411.0,0.14130109777455044
numerical_feature_transformer,42,NF-ToN-IoT,dc_ssd,RETAINED_MACRO,retained_macro,0.405433388321671,0.5,0.405433388321671,1.0,0.4629749055937526,0.621868191039559,0.6622396284014261,1.1877123538751568,0.0,39517.0,0.0,29748.0,69265.0,0.4294809788493467
numerical_feature_transformer,42,NF-ToN-IoT,scrub_r,NF-UNSW-NB15,retained,0.9994280812124678,0.9985466975558317,0.9950248756218906,0.9975062344139651,0.9962640099626401,0.9998957928226189,0.997523532476484,0.004176708025494745,19370.0,8.0,4.0,1600.0,20982.0,0.07644647793346677
numerical_feature_transformer,42,NF-ToN-IoT,scrub_r,NF-ToN-IoT,forgotten,0.7355030942012377,0.6772326779803054,0.8400714401688586,0.7963675542558104,0.8176359039190898,0.7161370264897081,0.8245049603559127,0.9224369654690779,1244.0,985.0,1323.0,5174.0,8726.0,0.7445564978225991
numerical_feature_transformer,42,NF-ToN-IoT,scrub_r,NF-BoT-IoT,retained,0.994170151174011,0.6780994434602101,0.9990702187007316,0.9950877758093091,0.9970750206765779,0.9917346683130224,0.9999879566312655,0.01877709142886111,13.0,23.0,122.0,24714.0,24872.0,0.9985525892569959
numerical_feature_transformer,42,NF-ToN-IoT,scrub_r,NF-CSE-CIC-IDS2018,retained,0.9838537439665115,0.9436234408515612,0.9979605710401088,0.8875453446191052,0.93952,0.9512887032628397,0.9311768139419078,0.09504530605775907,20097.0,6.0,372.0,2936.0,23411.0,0.14130109777455044
numerical_feature_transformer,42,NF-ToN-IoT,scrub_r,RETAINED_MACRO,retained_macro,0.9924839921176635,0.8734231939558676,0.9973518884542437,0.9600464516141264,0.9776196768797393,0.9809730547994936,0.9762294343498857,0.03933303517070497,39480.0,37.0,498.0,29250.0,69265.0,0.4294809788493467
numerical_feature_transformer,42,NF-ToN-IoT,scrub_r@lr=0.0001,NF-UNSW-NB15,retained,0.9994280812124678,0.9985466975558317,0.9950248756218906,0.9975062344139651,0.9962640099626401,0.9999244908165132,0.9987955204451437,0.003991288018085743,19370.0,8.0,4.0,1600.0,20982.0,0.07644647793346677
numerical_feature_transformer,42,NF-ToN-IoT,scrub_r@lr=0.0001,NF-ToN-IoT,forgotten,0.8043777217510887,0.7324735860074978,0.8608014462187406,0.8794828382330306,0.8700418728587742,0.7062389909329722,0.8123401926990527,0.5911969007017082,1305.0,924.0,783.0,5714.0,8726.0,0.7445564978225991
numerical_feature_transformer,42,NF-ToN-IoT,scrub_r@lr=0.0001,NF-BoT-IoT,retained,0.9939691219041492,0.6918675399509673,0.9991103922361504,0.9948461910130456,0.9969737319937053,0.9908276068789035,0.9999866250579745,0.01662329136229251,14.0,22.0,128.0,24708.0,24872.0,0.9985525892569959
numerical_feature_transformer,42,NF-ToN-IoT,scrub_r@lr=0.0001,NF-CSE-CIC-IDS2018,retained,0.9660843193370637,0.9342869409963115,0.8725548310610551,0.8899637243047158,0.8811733014067644,0.9584085204846792,0.9329762529051442,0.12065458150039225,19673.0,430.0,364.0,2944.0,23411.0,0.14130109777455044
numerical_feature_transformer,42,NF-ToN-IoT,scrub_r@lr=0.0001,RETAINED_MACRO,retained_macro,0.9864938408178937,0.8749003928343702,0.9555633663063654,0.9607720499105756,0.9581370144543699,0.9830535393933654,0.9772527994694208,0.047089720293590175,39057.0,460.0,496.0,29252.0,69265.0,0.4294809788493467
numerical_feature_transformer,42,NF-ToN-IoT,scrub_r@lr=0.001,NF-UNSW-NB15,retained,0.9993804213135068,0.9982349768575773,0.9950217797137524,0.9968827930174564,0.9959514170040485,0.9999115252430385,0.9984087609130368,0.004324009866915648,19370.0,8.0,5.0,1599.0,20982.0,0.07644647793346677
numerical_feature_transformer,42,NF-ToN-IoT,scrub_r@lr=0.001,NF-ToN-IoT,forgotten,0.8031171212468485,0.6838832955514617,0.8284536082474226,0.9276589195013083,0.8752541388324135,0.7024665350947426,0.814188385873821,1.4011736989328778,981.0,1248.0,470.0,6027.0,8726.0,0.7445564978225991
numerical_feature_transformer,42,NF-ToN-IoT,scrub_r@lr=0.001,NF-BoT-IoT,retained,0.99501447410743,0.6785222168536712,0.9990710073511592,0.9959333225962312,0.9974996975440578,0.9889296004008518,0.9999836523156149,0.0180319031882845,13.0,23.0,101.0,24735.0,24872.0,0.9985525892569959
numerical_feature_transformer,42,NF-ToN-IoT,scrub_r@lr=0.001,NF-CSE-CIC-IDS2018,retained,0.9837683140404083,0.9435736970322308,0.9972826086956522,0.8875453446191052,0.9392194497760716,0.9570125958327913,0.934781192480812,0.08719248523276012,20095.0,8.0,372.0,2936.0,23411.0,0.14130109777455044
numerical_feature_transformer,42,NF-ToN-IoT,scrub_r@lr=0.001,RETAINED_MACRO,retained_macro,0.9927210698204484,0.8734436302478265,0.997125131920188,0.9601204867442643,0.977556854774726,0.9819512404922272,0.977724535236488,0.03651613276265342,39478.0,39.0,478.0,29270.0,69265.0,0.4294809788493467
numerical_feature_transformer,42,NF-ToN-IoT,retrained,NF-UNSW-NB15,retained,0.9994757411114289,0.9982865817703651,0.9962616822429906,0.9968827930174564,0.9965721408538486,0.999908919259288,0.9976879895961595,0.0026840315399590184,19372.0,6.0,5.0,1599.0,20982.0,0.07644647793346677
numerical_feature_transformer,42,NF-ToN-IoT,retrained,NF-ToN-IoT,forgotten,0.8294751317900527,0.6917108375864265,0.8278570493520094,0.9733723256887794,0.8947368421052632,0.7553751729842113,0.8713544084159597,0.8393694665874127,914.0,1315.0,173.0,6324.0,8726.0,0.7445564978225991
numerical_feature_transformer,42,NF-ToN-IoT,retrained,NF-BoT-IoT,retained,0.9983113541331617,0.6246980190046707,0.998913393432067,0.9993960380093413,0.9991546574349891,0.9835453910989423,0.9999758322405644,0.009301603274621517,9.0,27.0,15.0,24821.0,24872.0,0.9985525892569959
numerical_feature_transformer,42,NF-ToN-IoT,retrained,NF-CSE-CIC-IDS2018,retained,0.981974285592243,0.9383619417436718,0.9941780821917808,0.8775695284159613,0.9322414900449583,0.9659799794059385,0.9385239175969109,0.0845928416986923,20086.0,17.0,405.0,2903.0,23411.0,0.14130109777455044
numerical_feature_transformer,42,NF-ToN-IoT,retrained,RETAINED_MACRO,retained_macro,0.9932537936122778,0.8537821808395692,0.9964510526222794,0.9579494531475863,0.9759894294445987,0.9831447632547229,0.9787292464778782,0.03219282550442428,39467.0,50.0,425.0,29323.0,69265.0,0.4294809788493467
numerical_feature_transformer,42,NF-BoT-IoT,original,NF-UNSW-NB15,retained,0.9993327614145459,0.997923256159323,0.9950186799501868,0.9962593516209476,0.9956386292834891,0.9998432227306644,0.9962458747410696,0.004772512345033358,19370.0,8.0,6.0,1598.0,20982.0,0.07644647793346677
numerical_feature_transformer,42,NF-BoT-IoT,original,NF-ToN-IoT,retained,0.5731148292459317,0.6084108736937841,0.8303145853193518,0.5362474988456211,0.6516412606378005,0.7068561097978547,0.8127057049214689,0.7332857892420097,1517.0,712.0,3013.0,3484.0,8726.0,0.7445564978225991
numerical_feature_transformer,42,NF-BoT-IoT,original,NF-BoT-IoT,forgotten,0.9892248311354133,0.7172294697661101,0.9991872561768531,0.9900144950877758,0.9945797265593399,0.9913297900896547,0.9999873691699069,0.026313305593658538,16.0,20.0,248.0,24588.0,24872.0,0.9985525892569959
numerical_feature_transformer,42,NF-BoT-IoT,original,NF-CSE-CIC-IDS2018,retained,0.9525009610866687,0.9235995836676907,0.8009868421052632,0.8833131801692866,0.8401380103507763,0.9613270451010428,0.9306815197337821,0.1268870558143446,19377.0,726.0,386.0,2922.0,23411.0,0.14130109777455044
numerical_feature_transformer,42,NF-BoT-IoT,original,RETAINED_MACRO,retained_macro,0.8416495172490488,0.843311237840266,0.8754400357916006,0.8052733435452851,0.8291393000906887,0.8893421258765207,0.9132110331321068,0.28831511913379587,40264.0,1446.0,3405.0,8004.0,53119.0,0.21478190477983397
numerical_feature_transformer,42,NF-BoT-IoT,rollback_repair,NF-UNSW-NB15,retained,0.9235535220665332,0.5,0.0,0.0,0.0,0.10304199700459864,0.04435669068465214,0.356481735930386,19378.0,0.0,1604.0,0.0,20982.0,0.07644647793346677
numerical_feature_transformer,42,NF-BoT-IoT,rollback_repair,NF-ToN-IoT,retained,0.25544350217740086,0.5,0.0,0.0,0.0,0.5099815541051386,0.6976153845321109,1.1496360271086303,2229.0,0.0,6497.0,0.0,8726.0,0.7445564978225991
numerical_feature_transformer,42,NF-BoT-IoT,rollback_repair,NF-BoT-IoT,forgotten,0.0014474107430041815,0.5,0.0,0.0,0.0,0.23072354646480916,0.9949616109657697,1.4730413809852587,36.0,0.0,24836.0,0.0,24872.0,0.9985525892569959
numerical_feature_transformer,42,NF-BoT-IoT,rollback_repair,NF-CSE-CIC-IDS2018,retained,0.8586989022254495,0.5,0.0,0.0,0.0,0.4136329929280168,0.13262628351560207,0.4334360656502878,20103.0,0.0,3308.0,0.0,23411.0,0.14130109777455044
numerical_feature_transformer,42,NF-BoT-IoT,rollback_repair,RETAINED_MACRO,retained_macro,0.6792319754897945,0.5,0.0,0.0,0.0,0.3422188480125847,0.2915327862441217,0.6465179428964347,41710.0,0.0,11409.0,0.0,53119.0,0.21478190477983397
numerical_feature_transformer,42,NF-BoT-IoT,ssd_canonical,NF-UNSW-NB15,retained,0.9993327614145459,0.997923256159323,0.9950186799501868,0.9962593516209476,0.9956386292834891,0.9998432227306644,0.9962458747410696,0.004772512345033358,19370.0,8.0,6.0,1598.0,20982.0,0.07644647793346677
numerical_feature_transformer,42,NF-BoT-IoT,ssd_canonical,NF-ToN-IoT,retained,0.5731148292459317,0.6084108736937841,0.8303145853193518,0.5362474988456211,0.6516412606378005,0.7068561097978547,0.8127057049214689,0.7332857892420097,1517.0,712.0,3013.0,3484.0,8726.0,0.7445564978225991
numerical_feature_transformer,42,NF-BoT-IoT,ssd_canonical,NF-BoT-IoT,forgotten,0.9892248311354133,0.7172294697661101,0.9991872561768531,0.9900144950877758,0.9945797265593399,0.9913297900896547,0.9999873691699069,0.026313305593658538,16.0,20.0,248.0,24588.0,24872.0,0.9985525892569959
numerical_feature_transformer,42,NF-BoT-IoT,ssd_canonical,NF-CSE-CIC-IDS2018,retained,0.9525009610866687,0.9235995836676907,0.8009868421052632,0.8833131801692866,0.8401380103507763,0.9613270451010428,0.9306815197337821,0.1268870558143446,19377.0,726.0,386.0,2922.0,23411.0,0.14130109777455044
numerical_feature_transformer,42,NF-BoT-IoT,ssd_canonical,RETAINED_MACRO,retained_macro,0.8416495172490488,0.843311237840266,0.8754400357916006,0.8052733435452851,0.8291393000906887,0.8893421258765207,0.9132110331321068,0.28831511913379587,40264.0,1446.0,3405.0,8004.0,53119.0,0.21478190477983397
numerical_feature_transformer,42,NF-BoT-IoT,ssd_canonical@alpha=1,NF-UNSW-NB15,retained,0.9993327614145459,0.997923256159323,0.9950186799501868,0.9962593516209476,0.9956386292834891,0.9998434157664977,0.9962494980232435,0.00476881903455508,19370.0,8.0,6.0,1598.0,20982.0,0.07644647793346677
numerical_feature_transformer,42,NF-BoT-IoT,ssd_canonical@alpha=1,NF-ToN-IoT,retained,0.5727710291084116,0.6083273551453814,0.8303507516105941,0.5356318300754195,0.6511976047904192,0.7068632912191312,0.8126884291951179,0.7333582667463194,1518.0,711.0,3017.0,3480.0,8726.0,0.7445564978225991
numerical_feature_transformer,42,NF-BoT-IoT,ssd_canonical@alpha=1,NF-BoT-IoT,forgotten,0.9891444194274687,0.7171892056333995,0.9991871901162318,0.9899339668223547,0.9945390558634359,0.9908801739410532,0.9999867157992977,0.02644915022306921,16.0,20.0,250.0,24586.0,24872.0,0.9985525892569959
numerical_feature_transformer,42,NF-BoT-IoT,ssd_canonical@alpha=1,NF-CSE-CIC-IDS2018,retained,0.9525436760497202,0.9236244555773558,0.8012064710721141,0.8833131801692866,0.8402588066139468,0.9613490974925325,0.930668967481746,0.12689968331186033,19378.0,725.0,386.0,2922.0,23411.0,0.14130109777455044
numerical_feature_transformer,42,NF-BoT-IoT,ssd_canonical@alpha=1,RETAINED_MACRO,retained_macro,0.8415491555242259,0.8432916889606868,0.8755253008776317,0.8050681206218847,0.829031680229285,0.8893519348260538,0.9132022982333692,0.28834225636424493,40266.0,1444.0,3409.0,8000.0,53119.0,0.21478190477983397
numerical_feature_transformer,42,NF-BoT-IoT,ssd_canonical@alpha=2,NF-UNSW-NB15,retained,0.9993327614145459,0.997923256159323,0.9950186799501868,0.9962593516209476,0.9956386292834891,0.9998432227306644,0.9962458747410696,0.004772512345033358,19370.0,8.0,6.0,1598.0,20982.0,0.07644647793346677
numerical_feature_transformer,42,NF-BoT-IoT,ssd_canonical@alpha=2,NF-ToN-IoT,retained,0.5731148292459317,0.6084108736937841,0.8303145853193518,0.5362474988456211,0.6516412606378005,0.7068561097978547,0.8127057049214689,0.7332857892420097,1517.0,712.0,3013.0,3484.0,8726.0,0.7445564978225991
numerical_feature_transformer,42,NF-BoT-IoT,ssd_canonical@alpha=2,NF-BoT-IoT,forgotten,0.9892248311354133,0.7172294697661101,0.9991872561768531,0.9900144950877758,0.9945797265593399,0.9913297900896547,0.9999873691699069,0.026313305593658538,16.0,20.0,248.0,24588.0,24872.0,0.9985525892569959
numerical_feature_transformer,42,NF-BoT-IoT,ssd_canonical@alpha=2,NF-CSE-CIC-IDS2018,retained,0.9525009610866687,0.9235995836676907,0.8009868421052632,0.8833131801692866,0.8401380103507763,0.9613270451010428,0.9306815197337821,0.1268870558143446,19377.0,726.0,386.0,2922.0,23411.0,0.14130109777455044
numerical_feature_transformer,42,NF-BoT-IoT,ssd_canonical@alpha=2,RETAINED_MACRO,retained_macro,0.8416495172490488,0.843311237840266,0.8754400357916006,0.8052733435452851,0.8291393000906887,0.8893421258765207,0.9132110331321068,0.28831511913379587,40264.0,1446.0,3405.0,8004.0,53119.0,0.21478190477983397
numerical_feature_transformer,42,NF-BoT-IoT,ssd_canonical@alpha=3,NF-UNSW-NB15,retained,0.9993327614145459,0.997923256159323,0.9950186799501868,0.9962593516209476,0.9956386292834891,0.9998432227306644,0.9962458747410696,0.004772512345033358,19370.0,8.0,6.0,1598.0,20982.0,0.07644647793346677
numerical_feature_transformer,42,NF-BoT-IoT,ssd_canonical@alpha=3,NF-ToN-IoT,retained,0.5731148292459317,0.6084108736937841,0.8303145853193518,0.5362474988456211,0.6516412606378005,0.7068561097978547,0.8127057049214689,0.7332857892420097,1517.0,712.0,3013.0,3484.0,8726.0,0.7445564978225991
numerical_feature_transformer,42,NF-BoT-IoT,ssd_canonical@alpha=3,NF-BoT-IoT,forgotten,0.9892248311354133,0.7172294697661101,0.9991872561768531,0.9900144950877758,0.9945797265593399,0.9913297900896547,0.9999873691699069,0.026313305593658538,16.0,20.0,248.0,24588.0,24872.0,0.9985525892569959
numerical_feature_transformer,42,NF-BoT-IoT,ssd_canonical@alpha=3,NF-CSE-CIC-IDS2018,retained,0.9525009610866687,0.9235995836676907,0.8009868421052632,0.8833131801692866,0.8401380103507763,0.9613270451010428,0.9306815197337821,0.1268870558143446,19377.0,726.0,386.0,2922.0,23411.0,0.14130109777455044
numerical_feature_transformer,42,NF-BoT-IoT,ssd_canonical@alpha=3,RETAINED_MACRO,retained_macro,0.8416495172490488,0.843311237840266,0.8754400357916006,0.8052733435452851,0.8291393000906887,0.8893421258765207,0.9132110331321068,0.28831511913379587,40264.0,1446.0,3405.0,8004.0,53119.0,0.21478190477983397
numerical_feature_transformer,42,NF-BoT-IoT,ssd_canonical@alpha=5,NF-UNSW-NB15,retained,0.9993327614145459,0.997923256159323,0.9950186799501868,0.9962593516209476,0.9956386292834891,0.9998432227306644,0.9962458747410696,0.004772512345033358,19370.0,8.0,6.0,1598.0,20982.0,0.07644647793346677
numerical_feature_transformer,42,NF-BoT-IoT,ssd_canonical@alpha=5,NF-ToN-IoT,retained,0.5731148292459317,0.6084108736937841,0.8303145853193518,0.5362474988456211,0.6516412606378005,0.7068561097978547,0.8127057049214689,0.7332857892420097,1517.0,712.0,3013.0,3484.0,8726.0,0.7445564978225991
numerical_feature_transformer,42,NF-BoT-IoT,ssd_canonical@alpha=5,NF-BoT-IoT,forgotten,0.9892248311354133,0.7172294697661101,0.9991872561768531,0.9900144950877758,0.9945797265593399,0.9913297900896547,0.9999873691699069,0.026313305593658538,16.0,20.0,248.0,24588.0,24872.0,0.9985525892569959
numerical_feature_transformer,42,NF-BoT-IoT,ssd_canonical@alpha=5,NF-CSE-CIC-IDS2018,retained,0.9525009610866687,0.9235995836676907,0.8009868421052632,0.8833131801692866,0.8401380103507763,0.9613270451010428,0.9306815197337821,0.1268870558143446,19377.0,726.0,386.0,2922.0,23411.0,0.14130109777455044
numerical_feature_transformer,42,NF-BoT-IoT,ssd_canonical@alpha=5,RETAINED_MACRO,retained_macro,0.8416495172490488,0.843311237840266,0.8754400357916006,0.8052733435452851,0.8291393000906887,0.8893421258765207,0.9132110331321068,0.28831511913379587,40264.0,1446.0,3405.0,8004.0,53119.0,0.21478190477983397
numerical_feature_transformer,42,NF-BoT-IoT,dc_ssd_no_contrast,NF-UNSW-NB15,retained,0.6201029453817558,0.794328620084632,0.16751958224543081,1.0,0.28696663386707216,0.9811513699495712,0.646851667417688,0.6287283318367646,11407.0,7971.0,0.0,1604.0,20982.0,0.07644647793346677
numerical_feature_transformer,42,NF-BoT-IoT,dc_ssd_no_contrast,NF-ToN-IoT,retained,0.7445564978225991,0.5001473572404228,0.744612563044475,0.9998460828074496,0.8535575849155772,0.3902910153583671,0.6482321522986032,1.1228744361640295,1.0,2228.0,1.0,6496.0,8726.0,0.7445564978225991
numerical_feature_transformer,42,NF-BoT-IoT,dc_ssd_no_contrast,NF-BoT-IoT,forgotten,0.9985525892569959,0.5,0.9985525892569959,1.0,0.9992757704997184,0.4637723465936544,0.9975563774720804,0.02068333101257646,0.0,36.0,0.0,24836.0,24872.0,0.9985525892569959
numerical_feature_transformer,42,NF-BoT-IoT,dc_ssd_no_contrast,NF-CSE-CIC-IDS2018,retained,0.14296698133356114,0.5009700044769437,0.1415368817388328,1.0,0.247976011994003,0.3605286086810122,0.10421173396505186,3.0854114514262356,39.0,20064.0,0.0,3308.0,23411.0,0.14130109777455044
numerical_feature_transformer,42,NF-BoT-IoT,dc_ssd_no_contrast,RETAINED_MACRO,retained_macro,0.5025421415126388,0.5984819939339996,0.35122300900957953,0.9999486942691499,0.4628334102588842,0.5773236646629835,0.4664318512271144,1.6123380731423431,11447.0,30263.0,1.0,11408.0,53119.0,0.21478190477983397
numerical_feature_transformer,42,NF-BoT-IoT,dc_ssd_no_class_balance,NF-UNSW-NB15,retained,0.9993327614145459,0.997923256159323,0.9950186799501868,0.9962593516209476,0.9956386292834891,0.9998429653495531,0.9962544412621945,0.00475161074364272,19370.0,8.0,6.0,1598.0,20982.0,0.07644647793346677
numerical_feature_transformer,42,NF-BoT-IoT,dc_ssd_no_class_balance,NF-ToN-IoT,retained,0.5673848269539308,0.6050050156012925,0.828743961352657,0.5280898876404494,0.6451067030177682,0.6992028553330994,0.8105126686691186,0.7389894360795143,1520.0,709.0,3066.0,3431.0,8726.0,0.7445564978225991
numerical_feature_transformer,42,NF-BoT-IoT,dc_ssd_no_class_balance,NF-BoT-IoT,forgotten,0.9873351559987135,0.5914644512446091,0.9988201310061434,0.9884844580447737,0.9936254173833856,0.953757762030028,0.9999199000190303,0.05818077234492383,7.0,29.0,286.0,24550.0,24872.0,0.9985525892569959
numerical_feature_transformer,42,NF-BoT-IoT,dc_ssd_no_class_balance,NF-CSE-CIC-IDS2018,retained,0.9524582461236171,0.9235747117580254,0.8007673335160318,0.8833131801692866,0.8400172488141441,0.9616699060298953,0.9306328781556147,0.12671895681087436,19376.0,727.0,386.0,2922.0,23411.0,0.14130109777455044
numerical_feature_transformer,42,NF-BoT-IoT,dc_ssd_no_class_balance,RETAINED_MACRO,retained_macro,0.8397252781640313,0.8421676611728803,0.8748433249396252,0.8025541398102277,0.8269208603718005,0.8869052422375159,0.9124666626956426,0.2901533345446771,40266.0,1444.0,3458.0,7951.0,53119.0,0.21478190477983397
numerical_feature_transformer,42,NF-BoT-IoT,dc_ssd,NF-UNSW-NB15,retained,0.9793156038509199,0.941339305776224,0.8429073856975381,0.8965087281795511,0.8688821752265861,0.9862949545066015,0.7352600162895934,0.17208136879592045,19110.0,268.0,166.0,1438.0,20982.0,0.07644647793346677
numerical_feature_transformer,42,NF-BoT-IoT,dc_ssd,NF-ToN-IoT,retained,0.7446710978684391,0.5008137447983896,0.7448663531031318,0.9993843312297984,0.8535559353227291,0.42458578908593836,0.6615719838636251,1.0983085039739078,5.0,2224.0,4.0,6493.0,8726.0,0.7445564978225991
numerical_feature_transformer,42,NF-BoT-IoT,dc_ssd,NF-BoT-IoT,forgotten,0.9976278546156321,0.49953696247382834,0.9985512495472655,0.9990739249476567,0.9988125188688739,0.5484668313022315,0.999077159050026,0.028560625473348495,0.0,36.0,23.0,24813.0,24872.0,0.9985525892569959
numerical_feature_transformer,42,NF-BoT-IoT,dc_ssd,NF-CSE-CIC-IDS2018,retained,0.12383067788646362,0.38287092182635485,0.11122661122661123,0.7439540507859734,0.19352048439097272,0.34642458178350055,0.10319009347415095,3.563636779492241,438.0,19665.0,847.0,2461.0,23411.0,0.14130109777455044
numerical_feature_transformer,42,NF-BoT-IoT,dc_ssd,RETAINED_MACRO,retained_macro,0.6159391265352743,0.6083413241336562,0.5663334500090936,0.8799490367317743,0.638652864980096,0.5857684417920135,0.5000073645424565,1.6113422174206897,19553.0,22157.0,1017.0,10392.0,53119.0,0.21478190477983397
numerical_feature_transformer,42,NF-BoT-IoT,scrub_r,NF-UNSW-NB15,retained,0.9990468020207797,0.9954810954860758,0.9962406015037594,0.9912718204488778,0.99375,0.9998367238576076,0.9928415349607191,0.005230518789162617,19372.0,6.0,14.0,1590.0,20982.0,0.07644647793346677
numerical_feature_transformer,42,NF-BoT-IoT,scrub_r,NF-ToN-IoT,retained,0.8128581251432501,0.6914562769178141,0.8310645249115165,0.9396644605202401,0.8820342411327025,0.7083090701419774,0.8068573481041869,0.5176459258638487,988.0,1241.0,392.0,6105.0,8726.0,0.7445564978225991
numerical_feature_transformer,42,NF-BoT-IoT,scrub_r,NF-BoT-IoT,forgotten,0.0108957864265037,0.19961838549775415,0.921146953405018,0.010347882106619423,0.020465857057535338,0.25459794026592225,0.9953162530499673,3.708215019562903,14.0,22.0,24579.0,257.0,24872.0,0.9985525892569959
numerical_feature_transformer,42,NF-BoT-IoT,scrub_r,NF-CSE-CIC-IDS2018,retained,0.9308444748195293,0.8633831640690107,0.7483093207880035,0.7693470374848851,0.7586823669697421,0.9294934819055503,0.8531238453294722,0.20750128067693668,19247.0,856.0,763.0,2545.0,23411.0,0.14130109777455044
numerical_feature_transformer,42,NF-BoT-IoT,scrub_r,RETAINED_MACRO,retained_macro,0.9142498006611864,0.8501068454909668,0.8585381490677598,0.9000944394846676,0.8781555360341482,0.8792130919683784,0.884274242798126,0.24345924177664932,39607.0,2103.0,1169.0,10240.0,53119.0,0.21478190477983397
numerical_feature_transformer,42,NF-BoT-IoT,scrub_r@lr=0.0001,NF-UNSW-NB15,retained,0.9980936040415594,0.988960763279128,0.9968233799237611,0.9781795511221946,0.9874134675896791,0.9998178063459372,0.9946219193972422,0.006978820859888072,19373.0,5.0,35.0,1569.0,20982.0,0.07644647793346677
numerical_feature_transformer,42,NF-BoT-IoT,scrub_r@lr=0.0001,NF-ToN-IoT,retained,0.5963786385514555,0.6372956203757085,0.8525716994548471,0.5536401416038171,0.6713325867861142,0.7481238019024277,0.8249117334205487,0.6715879064501967,1607.0,622.0,2900.0,3597.0,8726.0,0.7445564978225991
numerical_feature_transformer,42,NF-BoT-IoT,scrub_r@lr=0.0001,NF-BoT-IoT,forgotten,0.02203280797684143,0.3161450224584385,0.9740740740740741,0.021178933805765823,0.04145649432534679,0.31514624827758986,0.9963458831092459,3.563697375666798,22.0,14.0,24310.0,526.0,24872.0,0.9985525892569959
numerical_feature_transformer,42,NF-BoT-IoT,scrub_r@lr=0.0001,NF-CSE-CIC-IDS2018,retained,0.9548502840545043,0.8769823468388104,0.8972820331803741,0.7684401451027811,0.8278781957335939,0.9506004626355647,0.8858970390888958,0.15063579608154767,19812.0,291.0,766.0,2542.0,23411.0,0.14130109777455044
numerical_feature_transformer,42,NF-BoT-IoT,scrub_r@lr=0.0001,RETAINED_MACRO,retained_macro,0.8497741755491731,0.834412910164549,0.9155590375196608,0.7667532792762642,0.8288747500364625,0.8995140236279765,0.9018102306355621,0.27640084113054414,40792.0,918.0,3701.0,7708.0,53119.0,0.21478190477983397
numerical_feature_transformer,42,NF-BoT-IoT,scrub_r@lr=0.001,NF-UNSW-NB15,retained,0.9996187208083119,0.9989358256232677,0.9968866749688667,0.9981296758104738,0.9975077881619938,0.9998039399385735,0.9899908316516612,0.0024626166189607003,19373.0,5.0,3.0,1601.0,20982.0,0.07644647793346677
numerical_feature_transformer,42,NF-BoT-IoT,scrub_r@lr=0.001,NF-ToN-IoT,retained,0.725189090075636,0.6191734418888022,0.8030459855093893,0.8359242727412652,0.8191553544494721,0.6396719112448144,0.7933342671304863,0.6195484240218793,897.0,1332.0,1066.0,5431.0,8726.0,0.7445564978225991
numerical_feature_transformer,42,NF-BoT-IoT,scrub_r@lr=0.001,NF-BoT-IoT,forgotten,0.015479253779350274,0.1880446842397237,0.9417721518987342,0.014978257368336287,0.029487535174983155,0.05261627386768313,0.9938403563803723,4.282849295170861,13.0,23.0,24464.0,372.0,24872.0,0.9985525892569959
numerical_feature_transformer,42,NF-BoT-IoT,scrub_r@lr=0.001,NF-CSE-CIC-IDS2018,retained,0.9401136218017171,0.879261344583256,0.7844776119402985,0.7944377267230955,0.7894262541303695,0.9342369415406666,0.8692766738288106,0.19892723013225883,19381.0,722.0,680.0,2628.0,23411.0,0.14130109777455044
numerical_feature_transformer,42,NF-BoT-IoT,scrub_r@lr=0.001,RETAINED_MACRO,retained_macro,0.8883071442285551,0.8324568706984419,0.8614700908061849,0.8761638917582782,0.8686964655806118,0.8579042642413515,0.8842005908703193,0.2736460902576996,39651.0,2059.0,1749.0,9660.0,53119.0,0.21478190477983397
numerical_feature_transformer,42,NF-BoT-IoT,retrained,NF-UNSW-NB15,retained,0.9994757411114289,0.9974288270447835,0.99812382739212,0.9950124688279302,0.9965657196378396,0.9998839532915056,0.9972973233124718,0.003898866139157042,19375.0,3.0,8.0,1596.0,20982.0,0.07644647793346677
numerical_feature_transformer,42,NF-BoT-IoT,retrained,NF-ToN-IoT,retained,0.8607609443043778,0.8130708150975297,0.903206106870229,0.9105741111282131,0.9068751437111979,0.8100337298927973,0.8663948002514867,0.44085110203183103,1595.0,634.0,581.0,5916.0,8726.0,0.7445564978225991
numerical_feature_transformer,42,NF-BoT-IoT,retrained,NF-BoT-IoT,forgotten,0.02199260212286909,0.2745186199244824,0.9688073394495413,0.021259462071186987,0.04160592569244711,0.027235330434315776,0.994611404318047,3.532944530593142,19.0,17.0,24308.0,528.0,24872.0,0.9985525892569959
numerical_feature_transformer,42,NF-BoT-IoT,retrained,NF-CSE-CIC-IDS2018,retained,0.9415659305454701,0.8922295642976759,0.7765108323831242,0.8234582829504232,0.7992957746478874,0.954112574774374,0.9019680873715004,0.1557919120038794,19319.0,784.0,584.0,2724.0,23411.0,0.14130109777455044
numerical_feature_transformer,42,NF-BoT-IoT,retrained,RETAINED_MACRO,retained_macro,0.9339342053204257,0.9009097354799964,0.8926135888818244,0.9096816209688554,0.9009122126656416,0.9213434193195589,0.9218867369784863,0.20018062672495582,40289.0,1421.0,1173.0,10236.0,53119.0,0.21478190477983397
numerical_feature_transformer,42,NF-CSE-CIC-IDS2018,original,NF-UNSW-NB15,retained,0.9993327614145459,0.997923256159323,0.9950186799501868,0.9962593516209476,0.9956386292834891,0.9998432227306644,0.9962458747410696,0.004772512345033358,19370.0,8.0,6.0,1598.0,20982.0,0.07644647793346677
numerical_feature_transformer,42,NF-CSE-CIC-IDS2018,original,NF-ToN-IoT,retained,0.5731148292459317,0.6084108736937841,0.8303145853193518,0.5362474988456211,0.6516412606378005,0.7068561097978547,0.8127057049214689,0.7332857892420097,1517.0,712.0,3013.0,3484.0,8726.0,0.7445564978225991
numerical_feature_transformer,42,NF-CSE-CIC-IDS2018,original,NF-BoT-IoT,retained,0.9892248311354133,0.7172294697661101,0.9991872561768531,0.9900144950877758,0.9945797265593399,0.9913297900896547,0.9999873691699069,0.026313305593658538,16.0,20.0,248.0,24588.0,24872.0,0.9985525892569959
numerical_feature_transformer,42,NF-CSE-CIC-IDS2018,original,NF-CSE-CIC-IDS2018,forgotten,0.9525009610866687,0.9235995836676907,0.8009868421052632,0.8833131801692866,0.8401380103507763,0.9613270451010428,0.9306815197337821,0.1268870558143446,19377.0,726.0,386.0,2922.0,23411.0,0.14130109777455044
numerical_feature_transformer,42,NF-CSE-CIC-IDS2018,original,RETAINED_MACRO,retained_macro,0.853890807265297,0.7745211998730724,0.9415068404821305,0.8408404485181148,0.8806198721602098,0.8993430408727247,0.9363129829441484,0.2547905357269005,20903.0,740.0,3267.0,29670.0,54580.0,0.6034628068889704
numerical_feature_transformer,42,NF-CSE-CIC-IDS2018,rollback_repair,NF-UNSW-NB15,retained,0.07644647793346677,0.5,0.07644647793346677,1.0,0.142034888869211,0.6398922963002237,0.11684538227552402,1.5529658462898017,0.0,19378.0,0.0,1604.0,20982.0,0.07644647793346677
numerical_feature_transformer,42,NF-CSE-CIC-IDS2018,rollback_repair,NF-ToN-IoT,retained,0.7445564978225991,0.5,0.7445564978225991,1.0,0.8535768245418117,0.8274259928642912,0.9135772346754943,0.5691188133650942,0.0,2229.0,0.0,6497.0,8726.0,0.7445564978225991
numerical_feature_transformer,42,NF-CSE-CIC-IDS2018,rollback_repair,NF-BoT-IoT,retained,0.9985525892569959,0.5,0.9985525892569959,1.0,0.9992757704997184,0.2024743427998783,0.9965223850372815,0.23464841413459228,0.0,36.0,0.0,24836.0,24872.0,0.9985525892569959
numerical_feature_transformer,42,NF-CSE-CIC-IDS2018,rollback_repair,NF-CSE-CIC-IDS2018,forgotten,0.14130109777455044,0.5,0.14130109777455044,1.0,0.2476140574123283,0.8988805445185831,0.5800788912621835,1.3704848794057958,0.0,20103.0,0.0,3308.0,23411.0,0.14130109777455044
numerical_feature_transformer,42,NF-CSE-CIC-IDS2018,rollback_repair,RETAINED_MACRO,retained_macro,0.6065185216710206,0.5,0.6065185216710206,1.0,0.6649624946369137,0.5565975439881311,0.6756483339960999,0.7855776912631628,0.0,21643.0,0.0,32937.0,54580.0,0.6034628068889704
numerical_feature_transformer,42,NF-CSE-CIC-IDS2018,ssd_canonical,NF-UNSW-NB15,retained,0.9993327614145459,0.997923256159323,0.9950186799501868,0.9962593516209476,0.9956386292834891,0.9998432227306644,0.9962458747410696,0.004772512345033358,19370.0,8.0,6.0,1598.0,20982.0,0.07644647793346677
numerical_feature_transformer,42,NF-CSE-CIC-IDS2018,ssd_canonical,NF-ToN-IoT,retained,0.5731148292459317,0.6084108736937841,0.8303145853193518,0.5362474988456211,0.6516412606378005,0.7068561097978547,0.8127057049214689,0.7332857892420097,1517.0,712.0,3013.0,3484.0,8726.0,0.7445564978225991
numerical_feature_transformer,42,NF-CSE-CIC-IDS2018,ssd_canonical,NF-BoT-IoT,retained,0.9892248311354133,0.7172294697661101,0.9991872561768531,0.9900144950877758,0.9945797265593399,0.9913297900896547,0.9999873691699069,0.026313305593658538,16.0,20.0,248.0,24588.0,24872.0,0.9985525892569959
numerical_feature_transformer,42,NF-CSE-CIC-IDS2018,ssd_canonical,NF-CSE-CIC-IDS2018,forgotten,0.9525009610866687,0.9235995836676907,0.8009868421052632,0.8833131801692866,0.8401380103507763,0.9613270451010428,0.9306815197337821,0.1268870558143446,19377.0,726.0,386.0,2922.0,23411.0,0.14130109777455044
numerical_feature_transformer,42,NF-CSE-CIC-IDS2018,ssd_canonical,RETAINED_MACRO,retained_macro,0.853890807265297,0.7745211998730724,0.9415068404821305,0.8408404485181148,0.8806198721602098,0.8993430408727247,0.9363129829441484,0.2547905357269005,20903.0,740.0,3267.0,29670.0,54580.0,0.6034628068889704
numerical_feature_transformer,42,NF-CSE-CIC-IDS2018,ssd_canonical@alpha=1,NF-UNSW-NB15,retained,0.9565341721475551,0.7188558238524856,0.9845938375350141,0.4382793017456359,0.6065573770491803,0.9976847925598328,0.972527362496365,0.18034723487746898,19367.0,11.0,901.0,703.0,20982.0,0.07644647793346677
numerical_feature_transformer,42,NF-CSE-CIC-IDS2018,ssd_canonical@alpha=1,NF-ToN-IoT,retained,0.23412789365115746,0.4164277980940646,0.376657824933687,0.04371248268431584,0.07833402289339401,0.30175507030784066,0.623092153313657,1.5928693308999606,1759.0,470.0,6213.0,284.0,8726.0,0.7445564978225991
numerical_feature_transformer,42,NF-CSE-CIC-IDS2018,ssd_canonical@alpha=1,NF-BoT-IoT,retained,0.9816259247346414,0.6995557524024266,0.9991400843536301,0.9824448381381865,0.9907221308646487,0.9168143018199388,0.9995237066442021,0.05081858130914393,15.0,21.0,436.0,24400.0,24872.0,0.9985525892569959
numerical_feature_transformer,42,NF-CSE-CIC-IDS2018,ssd_canonical@alpha=1,NF-CSE-CIC-IDS2018,forgotten,0.8709153816581948,0.594118095616523,0.6309523809523809,0.20828295042321646,0.3131818181818182,0.8676856134679075,0.5588962143215568,0.323433682965009,19700.0,403.0,2619.0,689.0,23411.0,0.14130109777455044
numerical_feature_transformer,42,NF-CSE-CIC-IDS2018,ssd_canonical@alpha=1,RETAINED_MACRO,retained_macro,0.7240959968444513,0.6116131247829922,0.786797248940777,0.48814554085604606,0.5585378436024077,0.738751388229204,0.8650477408180747,0.6080117156955246,21141.0,502.0,7550.0,25387.0,54580.0,0.6034628068889704
numerical_feature_transformer,42,NF-CSE-CIC-IDS2018,ssd_canonical@alpha=2,NF-UNSW-NB15,retained,0.9887522638452007,0.9278635064212726,0.9963715529753265,0.8559850374064838,0.9208584842387659,0.9852573386432772,0.9782275990858359,0.10812467586542944,19373.0,5.0,231.0,1373.0,20982.0,0.07644647793346677
numerical_feature_transformer,42,NF-CSE-CIC-IDS2018,ssd_canonical@alpha=2,NF-ToN-IoT,retained,0.28214531285812516,0.4452842334036491,0.5955701394585726,0.11174388179159613,0.18818040435458788,0.4335248632198192,0.7015393902103297,1.6313638021299495,1736.0,493.0,5771.0,726.0,8726.0,0.7445564978225991
numerical_feature_transformer,42,NF-CSE-CIC-IDS2018,ssd_canonical@alpha=2,NF-BoT-IoT,retained,0.9846011579285944,0.97842066176339,0.9999591085667553,0.9846191013045579,0.9922298188310239,0.9897058034036614,0.9999850061850343,0.03309891047804622,35.0,1.0,382.0,24454.0,24872.0,0.9985525892569959
numerical_feature_transformer,42,NF-CSE-CIC-IDS2018,ssd_canonical@alpha=2,NF-CSE-CIC-IDS2018,forgotten,0.9366109948314895,0.7879441357661008,0.9519326065411299,0.5807134220072552,0.7213668794592565,0.916345579936844,0.78749306355502,0.21021876925511032,20006.0,97.0,1387.0,1921.0,23411.0,0.14130109777455044
numerical_feature_transformer,42,NF-CSE-CIC-IDS2018,ssd_canonical@alpha=2,RETAINED_MACRO,retained_macro,0.7518329115439734,0.7838561338627706,0.8639669336668848,0.6507826735008793,0.7004229024747927,0.8028293350889193,0.8932506651604001,0.5908624628244751,21144.0,499.0,6384.0,26553.0,54580.0,0.6034628068889704
numerical_feature_transformer,42,NF-CSE-CIC-IDS2018,ssd_canonical@alpha=3,NF-UNSW-NB15,retained,0.9993327614145459,0.997923256159323,0.9950186799501868,0.9962593516209476,0.9956386292834891,0.999840552401636,0.9962288694105472,0.004670692108244577,19370.0,8.0,6.0,1598.0,20982.0,0.07644647793346677
numerical_feature_transformer,42,NF-CSE-CIC-IDS2018,ssd_canonical@alpha=3,NF-ToN-IoT,retained,0.5649782259912904,0.6041256712816275,0.8286687758578729,0.5240880406341388,0.642089383367905,0.7068371895148764,0.8138563499325809,0.7407204014825005,1525.0,704.0,3092.0,3405.0,8726.0,0.7445564978225991
numerical_feature_transformer,42,NF-CSE-CIC-IDS2018,ssd_canonical@alpha=3,NF-BoT-IoT,retained,0.9892248311354133,0.7172294697661101,0.9991872561768531,0.9900144950877758,0.9945797265593399,0.9912973550938602,0.999987321421993,0.026113370085339784,16.0,20.0,248.0,24588.0,24872.0,0.9985525892569959
numerical_feature_transformer,42,NF-CSE-CIC-IDS2018,ssd_canonical@alpha=3,NF-CSE-CIC-IDS2018,forgotten,0.9527999658280295,0.9237736870353472,0.8025267783575941,0.8833131801692866,0.8409843142898259,0.9624858069214405,0.930729876853084,0.127930687802992,19384.0,719.0,386.0,2922.0,23411.0,0.14130109777455044
numerical_feature_transformer,42,NF-CSE-CIC-IDS2018,ssd_canonical@alpha=3,RETAINED_MACRO,retained_macro,0.8511786061804165,0.7730927990690203,0.9409582373283043,0.836787295780954,0.8774359130702448,0.8993250323367908,0.936690846921707,0.25716815455869496,20911.0,732.0,3346.0,29591.0,54580.0,0.6034628068889704
numerical_feature_transformer,42,NF-CSE-CIC-IDS2018,ssd_canonical@alpha=5,NF-UNSW-NB15,retained,0.9993327614145459,0.997923256159323,0.9950186799501868,0.9962593516209476,0.9956386292834891,0.9998432227306644,0.9962458747410696,0.004772512345033358,19370.0,8.0,6.0,1598.0,20982.0,0.07644647793346677
numerical_feature_transformer,42,NF-CSE-CIC-IDS2018,ssd_canonical@alpha=5,NF-ToN-IoT,retained,0.5731148292459317,0.6084108736937841,0.8303145853193518,0.5362474988456211,0.6516412606378005,0.7068561097978547,0.8127057049214689,0.7332857892420097,1517.0,712.0,3013.0,3484.0,8726.0,0.7445564978225991
numerical_feature_transformer,42,NF-CSE-CIC-IDS2018,ssd_canonical@alpha=5,NF-BoT-IoT,retained,0.9892248311354133,0.7172294697661101,0.9991872561768531,0.9900144950877758,0.9945797265593399,0.9913297900896547,0.9999873691699069,0.026313305593658538,16.0,20.0,248.0,24588.0,24872.0,0.9985525892569959
numerical_feature_transformer,42,NF-CSE-CIC-IDS2018,ssd_canonical@alpha=5,NF-CSE-CIC-IDS2018,forgotten,0.9525009610866687,0.9235995836676907,0.8009868421052632,0.8833131801692866,0.8401380103507763,0.9613270451010428,0.9306815197337821,0.1268870558143446,19377.0,726.0,386.0,2922.0,23411.0,0.14130109777455044
numerical_feature_transformer,42,NF-CSE-CIC-IDS2018,ssd_canonical@alpha=5,RETAINED_MACRO,retained_macro,0.853890807265297,0.7745211998730724,0.9415068404821305,0.8408404485181148,0.8806198721602098,0.8993430408727247,0.9363129829441484,0.2547905357269005,20903.0,740.0,3267.0,29670.0,54580.0,0.6034628068889704
numerical_feature_transformer,42,NF-CSE-CIC-IDS2018,dc_ssd_no_contrast,NF-UNSW-NB15,retained,0.9979029644457154,0.988571635211692,0.9949238578680203,0.9775561097256857,0.9861635220125786,0.9998455391606647,0.9957104209550759,0.03278330015964403,19370.0,8.0,36.0,1568.0,20982.0,0.07644647793346677
numerical_feature_transformer,42,NF-CSE-CIC-IDS2018,dc_ssd_no_contrast,NF-ToN-IoT,retained,0.3954847581939033,0.4863252618991835,0.727645305514158,0.3006002770509466,0.42544385143230584,0.5426343372891226,0.756819799316676,0.9628501268292287,1498.0,731.0,4544.0,1953.0,8726.0,0.7445564978225991
numerical_feature_transformer,42,NF-CSE-CIC-IDS2018,dc_ssd_no_contrast,NF-BoT-IoT,retained,0.9904712126085558,0.690116050178057,0.999107251552165,0.991343211467225,0.9952100891287212,0.9882943218625294,0.9999828567137236,0.03839420067291561,14.0,22.0,215.0,24621.0,24872.0,0.9985525892569959
numerical_feature_transformer,42,NF-CSE-CIC-IDS2018,dc_ssd_no_contrast,NF-CSE-CIC-IDS2018,forgotten,0.9226859168766819,0.7899380388700731,0.7991214057507987,0.6048972188633616,0.688575361321404,0.9178542477221752,0.7921559296628815,0.20692226756845244,19600.0,503.0,1307.0,2001.0,23411.0,0.14130109777455044
numerical_feature_transformer,42,NF-CSE-CIC-IDS2018,dc_ssd_no_contrast,RETAINED_MACRO,retained_macro,0.7946196450827246,0.7216709824296442,0.9072254716447811,0.7564998660812857,0.8022724875245352,0.8435913994374388,0.9175043589951585,0.3446758758872628,20882.0,761.0,4795.0,28142.0,54580.0,0.6034628068889704
numerical_feature_transformer,42,NF-CSE-CIC-IDS2018,dc_ssd_no_class_balance,NF-UNSW-NB15,retained,0.99671146697169,0.9804926995134725,0.9954809554551324,0.9613466334164589,0.978116079923882,0.9995648328863053,0.9982559324608712,0.031825585308021084,19371.0,7.0,62.0,1542.0,20982.0,0.07644647793346677
numerical_feature_transformer,42,NF-CSE-CIC-IDS2018,dc_ssd_no_class_balance,NF-ToN-IoT,retained,0.37359614943845976,0.4982978305271584,0.7419052088221493,0.24334308142219485,0.3664812239221141,0.5325868384020702,0.7635217106135618,1.172067501157744,1679.0,550.0,4916.0,1581.0,8726.0,0.7445564978225991
numerical_feature_transformer,42,NF-CSE-CIC-IDS2018,dc_ssd_no_class_balance,NF-BoT-IoT,retained,0.98882277259569,0.7725031763926916,0.9993493289955266,0.9894507972298276,0.9943754299356614,0.9895201410139404,0.9999847252585092,0.030706086118784098,20.0,16.0,262.0,24574.0,24872.0,0.9985525892569959
numerical_feature_transformer,42,NF-CSE-CIC-IDS2018,dc_ssd_no_class_balance,NF-CSE-CIC-IDS2018,forgotten,0.9415659305454701,0.7933548137009756,0.9994850669412977,0.5867593712212817,0.7394285714285714,0.9314260247753091,0.8390072678197443,0.1786086454969404,20102.0,1.0,1367.0,1941.0,23411.0,0.14130109777455044
numerical_feature_transformer,42,NF-CSE-CIC-IDS2018,dc_ssd_no_class_balance,RETAINED_MACRO,retained_macro,0.7863767963352798,0.7504312354777741,0.9122451644242694,0.7313801706894938,0.7796575779272192,0.8405572707674386,0.9205874561109807,0.41153305752818303,21070.0,573.0,5240.0,27697.0,54580.0,0.6034628068889704
numerical_feature_transformer,42,NF-CSE-CIC-IDS2018,dc_ssd,NF-UNSW-NB15,retained,0.9956629491945477,0.9739207623937369,0.9947678221059516,0.9482543640897756,0.970954356846473,0.9983627665792686,0.9932345243380685,0.07759820374011543,19370.0,8.0,83.0,1521.0,20982.0,0.07644647793346677
numerical_feature_transformer,42,NF-CSE-CIC-IDS2018,dc_ssd,NF-ToN-IoT,retained,0.5367866147146458,0.521388171494826,0.7595686191583845,0.5528705556410651,0.639942989488687,0.586444321577692,0.7705410228401177,0.7041109940459729,1092.0,1137.0,2905.0,3592.0,8726.0,0.7445564978225991
numerical_feature_transformer,42,NF-CSE-CIC-IDS2018,dc_ssd,NF-BoT-IoT,retained,0.9915969765197813,0.7045485048585387,0.9991487291742673,0.9924303430504107,0.9957782042217957,0.9789161342853565,0.9999639870842728,0.03683752031969094,15.0,21.0,188.0,24648.0,24872.0,0.9985525892569959
numerical_feature_transformer,42,NF-CSE-CIC-IDS2018,dc_ssd,NF-CSE-CIC-IDS2018,forgotten,0.9378070137969331,0.8020258922293839,0.9205267938237965,0.6127569528415961,0.7357531760435572,0.9395135607846916,0.8777493406132504,0.17266316017631092,19928.0,175.0,1281.0,2027.0,23411.0,0.14130109777455044
numerical_feature_transformer,42,NF-CSE-CIC-IDS2018,dc_ssd,RETAINED_MACRO,retained_macro,0.8413488468096583,0.7332858129157005,0.9178283901462011,0.8311850875937505,0.8688918501856518,0.8545744074807723,0.9212465114208196,0.27284890603525974,20477.0,1166.0,3176.0,29761.0,54580.0,0.6034628068889704
numerical_feature_transformer,42,NF-CSE-CIC-IDS2018,scrub_r,NF-UNSW-NB15,retained,0.9994280812124678,0.9988326157976923,0.9944099378881988,0.9981296758104738,0.9962663347853142,0.9998057737789905,0.9958434822507917,0.005140692073810304,19369.0,9.0,3.0,1601.0,20982.0,0.07644647793346677
numerical_feature_transformer,42,NF-CSE-CIC-IDS2018,scrub_r,NF-ToN-IoT,retained,0.7680495072198029,0.5705934056737233,0.7731769879076584,0.9742958288440818,0.8621628983928085,0.6831402256057305,0.8250531834352914,1.3748107959383402,372.0,1857.0,167.0,6330.0,8726.0,0.7445564978225991
numerical_feature_transformer,42,NF-CSE-CIC-IDS2018,scrub_r,NF-BoT-IoT,retained,0.9976680604696043,0.5134258513627172,0.9985914359304572,0.9990739249476567,0.9988326221721279,0.9887663069737478,0.9999834223316864,0.008196979201184406,1.0,35.0,23.0,24813.0,24872.0,0.9985525892569959
numerical_feature_transformer,42,NF-CSE-CIC-IDS2018,scrub_r,NF-CSE-CIC-IDS2018,forgotten,0.8212805945922856,0.8642404479686567,0.4373390557939914,0.9241233373639661,0.5937075160225287,0.9489553752828315,0.9066609321741589,0.466203930012602,16170.0,3933.0,251.0,3057.0,23411.0,0.14130109777455044
numerical_feature_transformer,42,NF-CSE-CIC-IDS2018,scrub_r,RETAINED_MACRO,retained_macro,0.9217152163006251,0.6942839576113776,0.9220594539087714,0.9904998098674042,0.9524206184500835,0.8905707687861563,0.9402933626725898,0.46271615573777836,19742.0,1901.0,193.0,32744.0,54580.0,0.6034628068889704
numerical_feature_transformer,42,NF-CSE-CIC-IDS2018,scrub_r@lr=0.0001,NF-UNSW-NB15,retained,0.9994757411114289,0.9994302547378071,0.9938003719776813,0.9993765586034913,0.9965806652160398,0.9996410820404866,0.9907154813913628,0.005822541438553225,19368.0,10.0,1.0,1603.0,20982.0,0.07644647793346677
numerical_feature_transformer,42,NF-CSE-CIC-IDS2018,scrub_r@lr=0.0001,NF-ToN-IoT,retained,0.7604859041943617,0.5441473384582441,0.7619783616692427,0.9864552870555641,0.8598068151328147,0.4370882637415633,0.6564953247495179,0.9746278206871427,227.0,2002.0,88.0,6409.0,8726.0,0.7445564978225991
numerical_feature_transformer,42,NF-CSE-CIC-IDS2018,scrub_r@lr=0.0001,NF-BoT-IoT,retained,0.9962608555805725,0.4988524722177484,0.9985492645577272,0.9977049444354968,0.9981269259430827,0.9320576313952864,0.9998863401362496,0.01253025498204924,0.0,36.0,57.0,24779.0,24872.0,0.9985525892569959
numerical_feature_transformer,42,NF-CSE-CIC-IDS2018,scrub_r@lr=0.0001,NF-CSE-CIC-IDS2018,forgotten,0.5431207552005467,0.7094723510077876,0.2287015276145711,0.941354292623942,0.36799810919404397,0.8934568592065253,0.577124775879105,1.2244456612415904,9601.0,10502.0,194.0,3114.0,23411.0,0.14130109777455044
numerical_feature_transformer,42,NF-CSE-CIC-IDS2018,scrub_r@lr=0.0001,RETAINED_MACRO,retained_macro,0.9187408336287878,0.6808100218045999,0.9181093327348838,0.9945122633648508,0.9515048020973124,0.7895956590591121,0.88236571542571,0.33099353903591505,19595.0,2048.0,146.0,32791.0,54580.0,0.6034628068889704
numerical_feature_transformer,42,NF-CSE-CIC-IDS2018,scrub_r@lr=0.001,NF-UNSW-NB15,retained,0.9995234010103898,0.999456057194201,0.9944168734491315,0.9993765586034913,0.9968905472636815,0.9998505580923324,0.995296849211625,0.0037897361269786886,19369.0,9.0,1.0,1603.0,20982.0,0.07644647793346677
numerical_feature_transformer,42,NF-CSE-CIC-IDS2018,scrub_r@lr=0.001,NF-ToN-IoT,retained,0.7908549163419666,0.5947496007578609,0.7826034357609485,0.9956903186085886,0.8763801395380343,0.6738930063521742,0.791106941451858,0.9072792344122793,432.0,1797.0,28.0,6469.0,8726.0,0.7445564978225991
numerical_feature_transformer,42,NF-CSE-CIC-IDS2018,scrub_r@lr=0.001,NF-BoT-IoT,retained,0.9968237375361853,0.5268718347917897,0.9986304128902316,0.9981881140280239,0.9984092144741347,0.9840665879279182,0.9999765264815631,0.009154901566785462,2.0,34.0,45.0,24791.0,24872.0,0.9985525892569959
numerical_feature_transformer,42,NF-CSE-CIC-IDS2018,scrub_r@lr=0.001,NF-CSE-CIC-IDS2018,forgotten,0.6162487719448123,0.6308273124966278,0.21574519230769232,0.651148730350665,0.32410472464640383,0.7925030786130991,0.5576087350977691,0.8260902525428045,12273.0,7830.0,1154.0,2154.0,23411.0,0.14130109777455044
numerical_feature_transformer,42,NF-CSE-CIC-IDS2018,scrub_r@lr=0.001,RETAINED_MACRO,retained_macro,0.9290673516295138,0.7070258309146172,0.9252169073667705,0.9977516637467012,0.9572266337586167,0.8859367174574749,0.9287934390483487,0.30674129070201445,19803.0,1840.0,74.0,32863.0,54580.0,0.6034628068889704
numerical_feature_transformer,42,NF-CSE-CIC-IDS2018,retrained,NF-UNSW-NB15,retained,0.9995234010103898,0.9977405477430379,0.998125,0.9956359102244389,0.9968789013732834,0.9999237186731799,0.9987076124928107,0.002987733216323492,19375.0,3.0,7.0,1597.0,20982.0,0.07644647793346677
numerical_feature_transformer,42,NF-CSE-CIC-IDS2018,retrained,NF-ToN-IoT,retained,0.8906715562686225,0.8526081644611763,0.9233236596914617,0.9304294289672156,0.9268629254829807,0.8638688401790576,0.9133203443452912,0.4143152028939497,1727.0,502.0,452.0,6045.0,8726.0,0.7445564978225991
numerical_feature_transformer,42,NF-CSE-CIC-IDS2018,retrained,NF-BoT-IoT,retained,0.9934062399485365,0.7054544478445268,0.9991502791939791,0.9942422290223869,0.9966902119071644,0.9882406363522485,0.9999828019958017,0.019196014479603264,15.0,21.0,143.0,24693.0,24872.0,0.9985525892569959
numerical_feature_transformer,42,NF-CSE-CIC-IDS2018,retrained,NF-CSE-CIC-IDS2018,forgotten,0.5497842894365896,0.5925054515195955,0.18681794560886889,0.6520556227327691,0.2904268210583008,0.7521114657338167,0.3795426264403248,1.0064529312183947,10714.0,9389.0,1151.0,2157.0,23411.0,0.14130109777455044
numerical_feature_transformer,42,NF-CSE-CIC-IDS2018,retrained,RETAINED_MACRO,retained_macro,0.9612003990758495,0.8519343866829137,0.9735329796284803,0.9734358560713471,0.9734773462544761,0.9506777317348286,0.9706702529446346,0.1454996501966255,21117.0,526.0,602.0,32335.0,54580.0,0.6034628068889704
mlp,1337,NF-UNSW-NB15,original,NF-UNSW-NB15,forgotten,0.9989514822228577,0.9962872452988696,0.993142144638404,0.993142144638404,0.993142144638404,0.999875813613865,0.9974252804473919,0.003992744322154205,19367.0,11.0,11.0,1593.0,20982.0,0.07644647793346677
mlp,1337,NF-UNSW-NB15,original,NF-ToN-IoT,retained,0.6093284437313775,0.648791729322841,0.8595714951094551,0.5681083577035555,0.684088592345473,0.7020022631144319,0.8375429097516545,0.9214809030200056,1626.0,603.0,2806.0,3691.0,8726.0,0.7445564978225991
mlp,1337,NF-UNSW-NB15,original,NF-BoT-IoT,retained,0.9864908330652943,0.8545480574792863,0.9995921696574225,0.9868738927363505,0.9931923170435205,0.9892986882840321,0.9999843514395088,0.02566502756814451,26.0,10.0,326.0,24510.0,24872.0,0.9985525892569959
mlp,1337,NF-UNSW-NB15,original,NF-CSE-CIC-IDS2018,retained,0.8889838110290035,0.7478368280622028,0.6207013959822949,0.5510882708585247,0.5838270616493194,0.6604840196927781,0.6216475043323809,0.5209091700003491,18989.0,1114.0,1485.0,1823.0,23411.0,0.14130109777455044
mlp,1337,NF-UNSW-NB15,original,RETAINED_MACRO,retained_macro,0.8282676959418919,0.7503922049547768,0.8266216869163908,0.702023507099477,0.753702657012771,0.7839283236970808,0.8197249218411814,0.4893517001961664,20641.0,1727.0,4617.0,30024.0,57009.0,0.6076408988054518
mlp,1337,NF-UNSW-NB15,rollback_repair,NF-UNSW-NB15,forgotten,0.6641406920217329,0.3830025256808438,0.01462457642232923,0.05112219451371571,0.022743031479683817,0.07927061539051537,0.05784461397980539,0.6898430713537773,13853.0,5525.0,1522.0,82.0,20982.0,0.07644647793346677
mlp,1337,NF-UNSW-NB15,rollback_repair,NF-ToN-IoT,retained,0.5372450148980059,0.4194300810264571,0.7008658715896096,0.6603047560412498,0.6799809795530195,0.36021584452167693,0.6387762816255839,0.6871938680323171,398.0,1831.0,2207.0,4290.0,8726.0,0.7445564978225991
mlp,1337,NF-UNSW-NB15,rollback_repair,NF-BoT-IoT,retained,0.9964618848504342,0.5128218893720584,0.9985897332581191,0.9978660009663392,0.998227735932654,0.6398966106547843,0.998605299532319,0.5747052723119673,1.0,35.0,53.0,24783.0,24872.0,0.9985525892569959
mlp,1337,NF-UNSW-NB15,rollback_repair,NF-CSE-CIC-IDS2018,retained,0.1626585793003289,0.37959273947152816,0.10842504926226751,0.6819830713422007,0.1871034625751607,0.3391648412730063,0.09937039470979002,0.7697209667815547,1552.0,18551.0,1052.0,2256.0,23411.0,0.14130109777455044
mlp,1337,NF-UNSW-NB15,rollback_repair,RETAINED_MACRO,retained_macro,0.565455159682923,0.4372815699566812,0.6026268847033321,0.7800512761165965,0.621770726020278,0.4464257654831559,0.5789173252892309,0.6772067023752797,1951.0,20417.0,3312.0,31329.0,57009.0,0.6076408988054518
mlp,1337,NF-UNSW-NB15,ssd_canonical,NF-UNSW-NB15,forgotten,0.9989514822228577,0.9962872452988696,0.993142144638404,0.993142144638404,0.993142144638404,0.999875813613865,0.9974252804473919,0.003992744322154205,19367.0,11.0,11.0,1593.0,20982.0,0.07644647793346677
mlp,1337,NF-UNSW-NB15,ssd_canonical,NF-ToN-IoT,retained,0.6093284437313775,0.648791729322841,0.8595714951094551,0.5681083577035555,0.684088592345473,0.7020022631144319,0.8375429097516545,0.9214809030200056,1626.0,603.0,2806.0,3691.0,8726.0,0.7445564978225991
mlp,1337,NF-UNSW-NB15,ssd_canonical,NF-BoT-IoT,retained,0.9864908330652943,0.8545480574792863,0.9995921696574225,0.9868738927363505,0.9931923170435205,0.9892986882840321,0.9999843514395088,0.02566502756814451,26.0,10.0,326.0,24510.0,24872.0,0.9985525892569959
mlp,1337,NF-UNSW-NB15,ssd_canonical,NF-CSE-CIC-IDS2018,retained,0.8889838110290035,0.7478368280622028,0.6207013959822949,0.5510882708585247,0.5838270616493194,0.6604840196927781,0.6216475043323809,0.5209091700003491,18989.0,1114.0,1485.0,1823.0,23411.0,0.14130109777455044
mlp,1337,NF-UNSW-NB15,ssd_canonical,RETAINED_MACRO,retained_macro,0.8282676959418919,0.7503922049547768,0.8266216869163908,0.702023507099477,0.753702657012771,0.7839283236970808,0.8197249218411814,0.4893517001961664,20641.0,1727.0,4617.0,30024.0,57009.0,0.6076408988054518
mlp,1337,NF-UNSW-NB15,ssd_canonical@alpha=1,NF-UNSW-NB15,forgotten,0.9949003908111714,0.9697909859472487,0.9927583936800527,0.940149625935162,0.9657380723663145,0.9996329101902073,0.9947723692985738,0.015601044996286345,19367.0,11.0,96.0,1508.0,20982.0,0.07644647793346677
mlp,1337,NF-UNSW-NB15,ssd_canonical@alpha=1,NF-ToN-IoT,retained,0.6085262434104973,0.6492845198318746,0.860519541305874,0.5659535170078498,0.6828226555246054,0.6778233844063586,0.8304294761758988,0.9958960109578543,1633.0,596.0,2820.0,3677.0,8726.0,0.7445564978225991
mlp,1337,NF-UNSW-NB15,ssd_canonical@alpha=1,NF-BoT-IoT,retained,0.9868928916050177,0.8547493781428392,0.9995923359152059,0.9872765340634563,0.9933962646355792,0.989709158748054,0.9999849477443239,0.025263962203258595,26.0,10.0,316.0,24520.0,24872.0,0.9985525892569959
mlp,1337,NF-UNSW-NB15,ssd_canonical@alpha=1,NF-CSE-CIC-IDS2018,retained,0.889795395326983,0.7486882248078983,0.6244870041039672,0.5519951632406288,0.5860077021822849,0.6695198085362198,0.6256142147167918,0.5097745251019529,19005.0,1098.0,1482.0,1826.0,23411.0,0.14130109777455044
mlp,1337,NF-UNSW-NB15,ssd_canonical@alpha=1,RETAINED_MACRO,retained_macro,0.8284048434474993,0.7509073742608706,0.828199627108349,0.7017417381039782,0.7540755407808231,0.7790174505635442,0.8186762128790047,0.5103114994210219,20664.0,1704.0,4618.0,30023.0,57009.0,0.6076408988054518
mlp,1337,NF-UNSW-NB15,ssd_canonical@alpha=2,NF-UNSW-NB15,forgotten,0.9957106090935087,0.9750902378175729,0.9928385416666666,0.9507481296758105,0.9713375796178344,0.9996847081388283,0.9953734998935428,0.013544590685396029,19367.0,11.0,79.0,1525.0,20982.0,0.07644647793346677
mlp,1337,NF-UNSW-NB15,ssd_canonical@alpha=2,NF-ToN-IoT,retained,0.6087554435021774,0.6492910797840021,0.8604161795651157,0.566415268585501,0.6831260441804344,0.6841922347706049,0.8323216427856871,0.972188668053752,1632.0,597.0,2817.0,3680.0,8726.0,0.7445564978225991
mlp,1337,NF-UNSW-NB15,ssd_canonical@alpha=2,NF-BoT-IoT,retained,0.986812479897073,0.8547091140101286,0.9995923026744945,0.9871960057980351,0.9933554817275747,0.9889307188489826,0.999983815650221,0.025666347625850638,26.0,10.0,318.0,24518.0,24872.0,0.9985525892569959
mlp,1337,NF-UNSW-NB15,ssd_canonical@alpha=2,NF-CSE-CIC-IDS2018,retained,0.888941096065952,0.747685679331852,0.6205722070844687,0.5507859733978234,0.5836002562459962,0.6655620170390926,0.6225869696693312,0.5166036241433621,18989.0,1114.0,1486.0,1822.0,23411.0,0.14130109777455044
mlp,1337,NF-UNSW-NB15,ssd_canonical@alpha=2,RETAINED_MACRO,retained_macro,0.8281696731550675,0.750561957708661,0.826860229774693,0.7014657492604531,0.753360594051335,0.7795616568862268,0.8182974760350797,0.5048195466076549,20647.0,1721.0,4621.0,30020.0,57009.0,0.6076408988054518
mlp,1337,NF-UNSW-NB15,ssd_canonical@alpha=3,NF-UNSW-NB15,forgotten,0.9989514822228577,0.9962872452988696,0.993142144638404,0.993142144638404,0.993142144638404,0.9998728537310866,0.9972955244443661,0.003987043807859369,19367.0,11.0,11.0,1593.0,20982.0,0.07644647793346677
mlp,1337,NF-UNSW-NB15,ssd_canonical@alpha=3,NF-ToN-IoT,retained,0.6093284437313775,0.648791729322841,0.8595714951094551,0.5681083577035555,0.684088592345473,0.7014160450766765,0.8373607958228237,0.9217729858165921,1626.0,603.0,2806.0,3691.0,8726.0,0.7445564978225991
mlp,1337,NF-UNSW-NB15,ssd_canonical@alpha=3,NF-BoT-IoT,retained,0.9865310389192666,0.8545681895456416,0.999592186289303,0.986914156869061,0.9932127155216078,0.9891499346826292,0.9999841355516474,0.025587413654163366,26.0,10.0,325.0,24511.0,24872.0,0.9985525892569959
mlp,1337,NF-UNSW-NB15,ssd_canonical@alpha=3,NF-CSE-CIC-IDS2018,retained,0.8889838110290035,0.7478368280622028,0.6207013959822949,0.5510882708585247,0.5838270616493194,0.6607181825569296,0.6217020259401682,0.5212998956167884,18989.0,1114.0,1485.0,1823.0,23411.0,0.14130109777455044
mlp,1337,NF-UNSW-NB15,ssd_canonical@alpha=3,RETAINED_MACRO,retained_macro,0.8282810978932159,0.7503989156435619,0.826621692460351,0.7020369284770472,0.7537094565054668,0.7837613874387451,0.8196823191048798,0.4895534316958479,20641.0,1727.0,4616.0,30025.0,57009.0,0.6076408988054518
mlp,1337,NF-UNSW-NB15,ssd_canonical@alpha=5,NF-UNSW-NB15,forgotten,0.9989514822228577,0.9962872452988696,0.993142144638404,0.993142144638404,0.993142144638404,0.999875813613865,0.9974252804473919,0.003992744322154205,19367.0,11.0,11.0,1593.0,20982.0,0.07644647793346677
mlp,1337,NF-UNSW-NB15,ssd_canonical@alpha=5,NF-ToN-IoT,retained,0.6093284437313775,0.648791729322841,0.8595714951094551,0.5681083577035555,0.684088592345473,0.7020022631144319,0.8375429097516545,0.9214809030200056,1626.0,603.0,2806.0,3691.0,8726.0,0.7445564978225991
mlp,1337,NF-UNSW-NB15,ssd_canonical@alpha=5,NF-BoT-IoT,retained,0.9864908330652943,0.8545480574792863,0.9995921696574225,0.9868738927363505,0.9931923170435205,0.9892986882840321,0.9999843514395088,0.02566502756814451,26.0,10.0,326.0,24510.0,24872.0,0.9985525892569959
mlp,1337,NF-UNSW-NB15,ssd_canonical@alpha=5,NF-CSE-CIC-IDS2018,retained,0.8889838110290035,0.7478368280622028,0.6207013959822949,0.5510882708585247,0.5838270616493194,0.6604840196927781,0.6216475043323809,0.5209091700003491,18989.0,1114.0,1485.0,1823.0,23411.0,0.14130109777455044
mlp,1337,NF-UNSW-NB15,ssd_canonical@alpha=5,RETAINED_MACRO,retained_macro,0.8282676959418919,0.7503922049547768,0.8266216869163908,0.702023507099477,0.753702657012771,0.7839283236970808,0.8197249218411814,0.4893517001961664,20641.0,1727.0,4617.0,30024.0,57009.0,0.6076408988054518
mlp,1337,NF-UNSW-NB15,dc_ssd_no_contrast,NF-UNSW-NB15,forgotten,0.9969974263654561,0.9866517973309064,0.9861198738170347,0.9744389027431422,0.980244590780809,0.9994071869557193,0.9929432169291452,0.01214989373842354,19356.0,22.0,41.0,1563.0,20982.0,0.07644647793346677
mlp,1337,NF-UNSW-NB15,dc_ssd_no_contrast,NF-ToN-IoT,retained,0.6148292459316984,0.6436443075186788,0.8514119229045272,0.5847314144989996,0.6933114335249566,0.6746557561542881,0.8270759609037904,0.90100134299915,1566.0,663.0,2698.0,3799.0,8726.0,0.7445564978225991
mlp,1337,NF-UNSW-NB15,dc_ssd_no_contrast,NF-BoT-IoT,retained,0.9876970086844644,0.8274145058248779,0.9995112812576362,0.9881623449830891,0.9938044138489572,0.9885493280363631,0.999983252692678,0.022185132003401328,24.0,12.0,294.0,24542.0,24872.0,0.9985525892569959
mlp,1337,NF-UNSW-NB15,dc_ssd_no_contrast,NF-CSE-CIC-IDS2018,retained,0.8922728631839734,0.7548030379338426,0.6336734693877552,0.563180169286578,0.5963508322663252,0.7060722752431989,0.6438129660026862,0.44865245961072475,19026.0,1077.0,1445.0,1863.0,23411.0,0.14130109777455044
mlp,1337,NF-UNSW-NB15,dc_ssd_no_contrast,RETAINED_MACRO,retained_macro,0.8315997059333787,0.7419539504257998,0.8281988911833063,0.7120246429228888,0.7611555598800797,0.7897591198112833,0.8236240598663849,0.457279644871092,20616.0,1752.0,4437.0,30204.0,57009.0,0.6076408988054518
mlp,1337,NF-UNSW-NB15,dc_ssd_no_class_balance,NF-UNSW-NB15,forgotten,0.9924697359641598,0.9538932303362762,0.9925068119891008,0.9083541147132169,0.9485677083333334,0.9992040489137359,0.9913011389836723,0.026164673187892853,19367.0,11.0,147.0,1457.0,20982.0,0.07644647793346677
mlp,1337,NF-UNSW-NB15,dc_ssd_no_class_balance,NF-ToN-IoT,retained,0.6099014439605775,0.6490291650637942,0.8595675424319925,0.5690318608588579,0.6847564363771069,0.6724244747532646,0.8286652481974814,1.0027190934715027,1625.0,604.0,2800.0,3697.0,8726.0,0.7445564978225991
mlp,1337,NF-UNSW-NB15,dc_ssd_no_class_balance,NF-BoT-IoT,retained,0.9868928916050177,0.8547493781428392,0.9995923359152059,0.9872765340634563,0.9933962646355792,0.989352373794313,0.9999844293442339,0.02531910377087526,26.0,10.0,316.0,24520.0,24872.0,0.9985525892569959
mlp,1337,NF-UNSW-NB15,dc_ssd_no_class_balance,NF-CSE-CIC-IDS2018,retained,0.8888556661398488,0.7475096586918362,0.6202316076294278,0.5504836759371221,0.5832799487508008,0.6728343965097282,0.6233980509325104,0.508070869157832,18988.0,1115.0,1487.0,1821.0,23411.0,0.14130109777455044
mlp,1337,NF-UNSW-NB15,dc_ssd_no_class_balance,RETAINED_MACRO,retained_macro,0.8285500005684815,0.7504294006328233,0.8264638286588754,0.702264023619812,0.7538108832544955,0.7782037483524352,0.8173492428247419,0.5120363554667366,20639.0,1729.0,4603.0,30038.0,57009.0,0.6076408988054518
mlp,1337,NF-UNSW-NB15,dc_ssd,NF-UNSW-NB15,forgotten,0.9918501572776666,0.9498408612589694,0.9924398625429554,0.9002493765586035,0.9440993788819876,0.9989060015870119,0.989077204371283,0.026187352487340398,19367.0,11.0,160.0,1444.0,20982.0,0.07644647793346677
mlp,1337,NF-UNSW-NB15,dc_ssd,NF-ToN-IoT,retained,0.6100160440064176,0.6468957650537264,0.8571098799630655,0.5714945359396645,0.6857512235663497,0.6026401873853778,0.8094153487425786,1.1992823777264485,1610.0,619.0,2784.0,3713.0,8726.0,0.7445564978225991
mlp,1337,NF-UNSW-NB15,dc_ssd,NF-BoT-IoT,retained,0.9869733033129624,0.8270521286304826,0.9995109227257907,0.9874375905942986,0.993437575953982,0.9873682468101859,0.9999814651945985,0.026950515838621434,24.0,12.0,312.0,24524.0,24872.0,0.9985525892569959
mlp,1337,NF-UNSW-NB15,dc_ssd,NF-CSE-CIC-IDS2018,retained,0.892700012814489,0.7575772934442038,0.634006734006734,0.5692261185006046,0.5998725708824466,0.8083272521965323,0.6701661077563328,0.37972224045598174,19016.0,1087.0,1425.0,1883.0,23411.0,0.14130109777455044
mlp,1337,NF-UNSW-NB15,dc_ssd,RETAINED_MACRO,retained_macro,0.8298964533779564,0.7438417290428042,0.8302091788985301,0.7093860816781893,0.7596871234675927,0.7994452287973653,0.8265209738978366,0.5353183780070172,20650.0,1718.0,4521.0,30120.0,57009.0,0.6076408988054518
mlp,1337,NF-UNSW-NB15,scrub_r,NF-UNSW-NB15,forgotten,0.21570870269755027,0.549376217573519,0.08462915314912182,0.9432668329177057,0.15532286212914484,0.429993640756196,0.06201256624197012,12.674210964629674,3013.0,16365.0,91.0,1513.0,20982.0,0.07644647793346677
mlp,1337,NF-UNSW-NB15,scrub_r,NF-ToN-IoT,retained,0.45221178088471237,0.548144282763491,0.8004900245012251,0.3520086193627828,0.4889886679495403,0.6106551714208711,0.7917107034014531,1.1935837259141773,1659.0,570.0,4210.0,2287.0,8726.0,0.7445564978225991
mlp,1337,NF-UNSW-NB15,scrub_r,NF-BoT-IoT,retained,0.983957864265037,0.7839359531862351,0.9993869293333878,0.9845385730391367,0.9919071861752835,0.9601004813800753,0.999937539498729,0.032701064885219455,21.0,15.0,384.0,24452.0,24872.0,0.9985525892569959
mlp,1337,NF-UNSW-NB15,scrub_r,NF-CSE-CIC-IDS2018,retained,0.9022254495749861,0.7273873890455689,0.7336084364970197,0.4836759371221282,0.5829841501184186,0.6956844936004005,0.5892998228311777,0.3869234121973766,19522.0,581.0,1708.0,1600.0,23411.0,0.14130109777455044
mlp,1337,NF-UNSW-NB15,scrub_r,RETAINED_MACRO,retained_macro,0.7794650315749118,0.6864892083317651,0.8444951301105442,0.6067410431746826,0.6879600014144142,0.755480048800449,0.7936493552437867,0.5377360676655911,21202.0,1166.0,6302.0,28339.0,57009.0,0.6076408988054518
mlp,1337,NF-UNSW-NB15,scrub_r@lr=0.0001,NF-UNSW-NB15,forgotten,0.08669335621008484,0.5046897733990959,0.07711574586965945,0.9981296758104738,0.14317013190252628,0.28103028500582583,0.04860785494795747,15.061574755202924,218.0,19160.0,3.0,1601.0,20982.0,0.07644647793346677
mlp,1337,NF-UNSW-NB15,scrub_r@lr=0.0001,NF-ToN-IoT,retained,0.7844373137749255,0.6977159903942967,0.8417234231566479,0.8750192396490688,0.8580484491736473,0.668372116115572,0.7987488499842921,0.6690828453861576,1160.0,1069.0,812.0,5685.0,8726.0,0.7445564978225991
mlp,1337,NF-UNSW-NB15,scrub_r@lr=0.0001,NF-BoT-IoT,retained,0.9864506272113219,0.7158403571875951,0.9991849708627083,0.9872362699307456,0.9931746835443038,0.9154296630339473,0.9998513507177363,0.030688152086536982,16.0,20.0,317.0,24519.0,24872.0,0.9985525892569959
mlp,1337,NF-UNSW-NB15,scrub_r@lr=0.0001,NF-CSE-CIC-IDS2018,retained,0.7804878048780488,0.7594180553583145,0.36255817444828103,0.7300483675937122,0.48450195606379776,0.8425577441833566,0.6944135271916414,0.43387401572388445,15857.0,4246.0,893.0,2415.0,23411.0,0.14130109777455044
mlp,1337,NF-UNSW-NB15,scrub_r@lr=0.0001,RETAINED_MACRO,retained_macro,0.8504585819547654,0.7243248009800688,0.734488856155879,0.8641012923911756,0.7785750295939163,0.8087865077776253,0.8310045759645566,0.37788167106552634,17033.0,5335.0,2022.0,32619.0,57009.0,0.6076408988054518
mlp,1337,NF-UNSW-NB15,scrub_r@lr=0.001,NF-UNSW-NB15,forgotten,0.22838623582118006,0.48847704765334055,0.07445442875481387,0.7955112219451371,0.1361647636324832,0.37166459818046993,0.056552680414029735,17.962677601053734,3516.0,15862.0,328.0,1276.0,20982.0,0.07644647793346677
mlp,1337,NF-UNSW-NB15,scrub_r@lr=0.001,NF-ToN-IoT,retained,0.34104973641989456,0.4932403145932074,0.730697961704756,0.18208403878713253,0.29152291769344507,0.448356362563168,0.7283892322706295,1.5078197009248617,1793.0,436.0,5314.0,1183.0,8726.0,0.7445564978225991
mlp,1337,NF-UNSW-NB15,scrub_r@lr=0.001,NF-BoT-IoT,retained,0.9848423930524285,0.867591399581253,0.9996323078808678,0.9851827991625061,0.992354957110701,0.9866222419069093,0.9999803304484802,0.033192226336436134,27.0,9.0,368.0,24468.0,24872.0,0.9985525892569959
mlp,1337,NF-UNSW-NB15,scrub_r@lr=0.001,NF-CSE-CIC-IDS2018,retained,0.9175174063474435,0.7448783565123291,0.8514548238897397,0.5042321644498187,0.6333776343269414,0.6321144338218032,0.5913819227100364,0.38126739983864955,19812.0,291.0,1640.0,1668.0,23411.0,0.14130109777455044
mlp,1337,NF-UNSW-NB15,scrub_r@lr=0.001,RETAINED_MACRO,retained_macro,0.7478031786065888,0.7019033568955965,0.8605950311584545,0.5571663341331524,0.6390851697103624,0.6890310127639602,0.7732504951430488,0.6407597756999824,21632.0,736.0,7322.0,27319.0,57009.0,0.6076408988054518
mlp,1337,NF-UNSW-NB15,retrained,NF-UNSW-NB15,forgotten,0.2889619674006291,0.28653309316243913,0.031985940246045695,0.28366583541147133,0.05748941815654811,0.26953430941687995,0.04819544735640101,1.584582293344896,5608.0,13770.0,1149.0,455.0,20982.0,0.07644647793346677
mlp,1337,NF-UNSW-NB15,retrained,NF-ToN-IoT,retained,0.6046298418519367,0.6544778613009297,0.8686184369707235,0.5525627212559643,0.6754468485418627,0.6153153614122762,0.8235390227811519,1.3785717549963659,1686.0,543.0,2907.0,3590.0,8726.0,0.7445564978225991
mlp,1337,NF-UNSW-NB15,retrained,NF-BoT-IoT,retained,0.9860485686715986,0.8404578479268445,0.9995512219003713,0.9864712514092446,0.9929681642247755,0.9911329432186252,0.9999870262546914,0.02574837945948413,25.0,11.0,336.0,24500.0,24872.0,0.9985525892569959
mlp,1337,NF-UNSW-NB15,retrained,NF-CSE-CIC-IDS2018,retained,0.8974413737132118,0.7488468847346685,0.6694060515502428,0.5417170495767836,0.5988304093567252,0.6910885962685158,0.6255567470711525,0.4233693487786666,19218.0,885.0,1516.0,1792.0,23411.0,0.14130109777455044
mlp,1337,NF-UNSW-NB15,retrained,RETAINED_MACRO,retained_macro,0.829373261412249,0.7479275313208142,0.8458585701404459,0.6935836740806641,0.7557484740411211,0.7658456336331391,0.8163609320356652,0.6092298277448389,20929.0,1439.0,4759.0,29882.0,57009.0,0.6076408988054518
mlp,1337,NF-ToN-IoT,original,NF-UNSW-NB15,retained,0.9989514822228577,0.9962872452988696,0.993142144638404,0.993142144638404,0.993142144638404,0.999875813613865,0.9974252804473919,0.003992744322154205,19367.0,11.0,11.0,1593.0,20982.0,0.07644647793346677
mlp,1337,NF-ToN-IoT,original,NF-ToN-IoT,forgotten,0.6093284437313775,0.648791729322841,0.8595714951094551,0.5681083577035555,0.684088592345473,0.7020022631144319,0.8375429097516545,0.9214809030200056,1626.0,603.0,2806.0,3691.0,8726.0,0.7445564978225991
mlp,1337,NF-ToN-IoT,original,NF-BoT-IoT,retained,0.9864908330652943,0.8545480574792863,0.9995921696574225,0.9868738927363505,0.9931923170435205,0.9892986882840321,0.9999843514395088,0.02566502756814451,26.0,10.0,326.0,24510.0,24872.0,0.9985525892569959
mlp,1337,NF-ToN-IoT,original,NF-CSE-CIC-IDS2018,retained,0.8889838110290035,0.7478368280622028,0.6207013959822949,0.5510882708585247,0.5838270616493194,0.6604840196927781,0.6216475043323809,0.5209091700003491,18989.0,1114.0,1485.0,1823.0,23411.0,0.14130109777455044
mlp,1337,NF-ToN-IoT,original,RETAINED_MACRO,retained_macro,0.9581420421057185,0.8662240436134528,0.8711452367593738,0.8437014360777596,0.8567205077770813,0.8832195071968917,0.8730190454064273,0.18352231396354926,38382.0,1135.0,1822.0,27926.0,69265.0,0.4294809788493467
mlp,1337,NF-ToN-IoT,rollback_repair,NF-UNSW-NB15,retained,0.9235535220665332,0.5,0.0,0.0,0.0,0.9028652694818841,0.6808070945254446,0.3381697394366335,19378.0,0.0,1604.0,0.0,20982.0,0.07644647793346677
mlp,1337,NF-ToN-IoT,rollback_repair,NF-ToN-IoT,forgotten,0.25544350217740086,0.5,0.0,0.0,0.0,0.5581433761090548,0.7291947360211247,3.2020755648093204,2229.0,0.0,6497.0,0.0,8726.0,0.7445564978225991
mlp,1337,NF-ToN-IoT,rollback_repair,NF-BoT-IoT,retained,0.0014474107430041815,0.5,0.0,0.0,0.0,0.9871277804620533,0.9999812083371058,4.142921110643553,36.0,0.0,24836.0,0.0,24872.0,0.9985525892569959
mlp,1337,NF-ToN-IoT,rollback_repair,NF-CSE-CIC-IDS2018,retained,0.8586989022254495,0.5,0.0,0.0,0.0,0.7889246438880876,0.30270415568900566,0.6140592214826306,20103.0,0.0,3308.0,0.0,23411.0,0.14130109777455044
mlp,1337,NF-ToN-IoT,rollback_repair,RETAINED_MACRO,retained_macro,0.5945666116783289,0.5,0.0,0.0,0.0,0.892972564610675,0.6611641528505187,1.6983833571876057,39517.0,0.0,29748.0,0.0,69265.0,0.4294809788493467
mlp,1337,NF-ToN-IoT,ssd_canonical,NF-UNSW-NB15,retained,0.9989514822228577,0.9962872452988696,0.993142144638404,0.993142144638404,0.993142144638404,0.999875813613865,0.9974252804473919,0.003992744322154205,19367.0,11.0,11.0,1593.0,20982.0,0.07644647793346677
mlp,1337,NF-ToN-IoT,ssd_canonical,NF-ToN-IoT,forgotten,0.6093284437313775,0.648791729322841,0.8595714951094551,0.5681083577035555,0.684088592345473,0.7020022631144319,0.8375429097516545,0.9214809030200056,1626.0,603.0,2806.0,3691.0,8726.0,0.7445564978225991
mlp,1337,NF-ToN-IoT,ssd_canonical,NF-BoT-IoT,retained,0.9864908330652943,0.8545480574792863,0.9995921696574225,0.9868738927363505,0.9931923170435205,0.9892986882840321,0.9999843514395088,0.02566502756814451,26.0,10.0,326.0,24510.0,24872.0,0.9985525892569959
mlp,1337,NF-ToN-IoT,ssd_canonical,NF-CSE-CIC-IDS2018,retained,0.8889838110290035,0.7478368280622028,0.6207013959822949,0.5510882708585247,0.5838270616493194,0.6604840196927781,0.6216475043323809,0.5209091700003491,18989.0,1114.0,1485.0,1823.0,23411.0,0.14130109777455044
mlp,1337,NF-ToN-IoT,ssd_canonical,RETAINED_MACRO,retained_macro,0.9581420421057185,0.8662240436134528,0.8711452367593738,0.8437014360777596,0.8567205077770813,0.8832195071968917,0.8730190454064273,0.18352231396354926,38382.0,1135.0,1822.0,27926.0,69265.0,0.4294809788493467
mlp,1337,NF-ToN-IoT,ssd_canonical@alpha=1,NF-UNSW-NB15,retained,0.9190734915641979,0.5438933242803817,0.3875598086124402,0.10099750623441396,0.16023738872403562,0.4306293881870821,0.17605616680677147,0.6257211752506378,19122.0,256.0,1442.0,162.0,20982.0,0.07644647793346677
mlp,1337,NF-ToN-IoT,ssd_canonical@alpha=1,NF-ToN-IoT,forgotten,0.2508595003438001,0.42633753798643853,0.4782135076252723,0.06756964752962906,0.1184086311530681,0.6256034033860264,0.7494157122996756,0.7413212169127872,1750.0,479.0,6058.0,439.0,8726.0,0.7445564978225991
mlp,1337,NF-ToN-IoT,ssd_canonical@alpha=1,NF-BoT-IoT,retained,0.5677468639433901,0.4923162613410641,0.9985134848163092,0.5679658560154615,0.7240715550650617,0.5114562642042912,0.9967419873993071,0.6477691093813643,15.0,21.0,10730.0,14106.0,24872.0,0.9985525892569959
mlp,1337,NF-ToN-IoT,ssd_canonical@alpha=1,NF-CSE-CIC-IDS2018,retained,0.8402887531502286,0.5163034465609728,0.24912689173457508,0.06469165659008465,0.10271178305735541,0.5417089068082928,0.186229022996042,0.5885558887636883,19458.0,645.0,3094.0,214.0,23411.0,0.14130109777455044
mlp,1337,NF-ToN-IoT,ssd_canonical@alpha=1,RETAINED_MACRO,retained_macro,0.7757030362192722,0.5175043440608063,0.5450667283877748,0.24455167294665336,0.32900690894881757,0.49459818639988873,0.4530090590673735,0.6206820577985636,38595.0,922.0,15266.0,14482.0,69265.0,0.4294809788493467
mlp,1337,NF-ToN-IoT,ssd_canonical@alpha=2,NF-UNSW-NB15,retained,0.9263177962062721,0.5183657187406137,0.9833333333333333,0.03678304239401496,0.07091346153846154,0.3331084894843086,0.14362361676984803,0.45688078343873006,19377.0,1.0,1545.0,59.0,20982.0,0.07644647793346677
mlp,1337,NF-ToN-IoT,ssd_canonical@alpha=2,NF-ToN-IoT,forgotten,0.24524409809763925,0.47576253056160855,0.19727891156462585,0.004463598583961829,0.008729680915111379,0.5034076534478107,0.6829264949166718,0.9761092540321754,2111.0,118.0,6468.0,29.0,8726.0,0.7445564978225991
mlp,1337,NF-ToN-IoT,ssd_canonical@alpha=2,NF-BoT-IoT,retained,0.0038597619813444837,0.47347041033625026,0.96875,0.002496376228056048,0.00497991967871486,0.10138061237272061,0.9951012859662779,2.2086934185681573,34.0,2.0,24774.0,62.0,24872.0,0.9985525892569959
mlp,1337,NF-ToN-IoT,ssd_canonical@alpha=2,NF-CSE-CIC-IDS2018,retained,0.8585280423732433,0.4999005123613391,0.0,0.0,0.0,0.3614680495809339,0.12126149721856369,0.5145037855521211,20099.0,4.0,3308.0,0.0,23411.0,0.14130109777455044
mlp,1337,NF-ToN-IoT,ssd_canonical@alpha=2,RETAINED_MACRO,retained_macro,0.5962352001869533,0.49724554714606767,0.6506944444444445,0.013093139540690336,0.0252977937390588,0.26531905047932103,0.41999546665156323,1.0600259958530027,39510.0,7.0,29627.0,121.0,69265.0,0.4294809788493467
mlp,1337,NF-ToN-IoT,ssd_canonical@alpha=3,NF-UNSW-NB15,retained,0.7230959870365075,0.48411237877027935,0.06674907292954264,0.20199501246882792,0.10034066274388355,0.39905939107747196,0.11823492449088172,0.6149902815598297,14848.0,4530.0,1280.0,324.0,20982.0,0.07644647793346677
mlp,1337,NF-ToN-IoT,ssd_canonical@alpha=3,NF-ToN-IoT,forgotten,0.7894797157918864,0.6227081167254404,0.7963622487916561,0.9636755425581037,0.8720662998816073,0.657092347484393,0.8383367908814272,0.5801245259886526,628.0,1601.0,236.0,6261.0,8726.0,0.7445564978225991
mlp,1337,NF-ToN-IoT,ssd_canonical@alpha=3,NF-BoT-IoT,retained,0.9327356063042779,0.4809125641989227,0.9984935221452245,0.9340473506200676,0.9651958642784331,0.4518250836599202,0.99687399378634,0.27484597871386585,1.0,35.0,1638.0,23198.0,24872.0,0.9985525892569959
mlp,1337,NF-ToN-IoT,ssd_canonical@alpha=3,NF-CSE-CIC-IDS2018,retained,0.37670325915168085,0.45485164191595867,0.1242173970960437,0.5637847642079806,0.20358039515336754,0.39590296791355234,0.14556028092576406,1.2498697844560573,6954.0,13149.0,1443.0,1865.0,23411.0,0.14130109777455044
mlp,1337,NF-ToN-IoT,ssd_canonical@alpha=3,RETAINED_MACRO,retained_macro,0.6775116174974888,0.4732921949617202,0.3964866640569369,0.566609042432292,0.4230389740585614,0.4155958142169815,0.4202230664009953,0.7132353482432509,21803.0,17714.0,4361.0,25387.0,69265.0,0.4294809788493467
mlp,1337,NF-ToN-IoT,ssd_canonical@alpha=5,NF-UNSW-NB15,retained,0.29673053093127444,0.6058207960849245,0.09572113611213574,0.9706982543640897,0.17425853385562395,0.9250677201876103,0.8014487330315665,1.0233724688260704,4669.0,14709.0,47.0,1557.0,20982.0,0.07644647793346677
mlp,1337,NF-ToN-IoT,ssd_canonical@alpha=5,NF-ToN-IoT,forgotten,0.27767591107036443,0.4894371650842336,0.6796296296296296,0.056487609665999694,0.10430581213585334,0.41763417329031943,0.704787433470932,2.1636098740037437,2056.0,173.0,6130.0,367.0,8726.0,0.7445564978225991
mlp,1337,NF-ToN-IoT,ssd_canonical@alpha=5,NF-BoT-IoT,retained,0.9558539723383724,0.8253386660940212,0.999537037037037,0.956232887743598,0.9774055477817104,0.9104749378142839,0.999849923140687,0.24609961474666944,25.0,11.0,1087.0,23749.0,24872.0,0.9985525892569959
mlp,1337,NF-ToN-IoT,ssd_canonical@alpha=5,NF-CSE-CIC-IDS2018,retained,0.8846695997607962,0.6127341034663021,0.82409381663113,0.23367593712212817,0.3641073951954781,0.8008991450980292,0.6227230054174208,0.314320177579916,19938.0,165.0,2535.0,773.0,23411.0,0.14130109777455044
mlp,1337,NF-ToN-IoT,ssd_canonical@alpha=5,RETAINED_MACRO,retained_macro,0.712418034343481,0.6812978552150826,0.6397839965934343,0.720202359743272,0.5052571589442708,0.878813934366641,0.8080072205298915,0.5279307537175519,24632.0,14885.0,3669.0,26079.0,69265.0,0.4294809788493467
mlp,1337,NF-ToN-IoT,dc_ssd_no_contrast,NF-UNSW-NB15,retained,0.9672099895148222,0.9436489473498626,0.7265084075173096,0.9158354114713217,0.8102592388306674,0.9924808199595962,0.9529443209592013,0.07831745814164959,18825.0,553.0,135.0,1469.0,20982.0,0.07644647793346677
mlp,1337,NF-ToN-IoT,dc_ssd_no_contrast,NF-ToN-IoT,forgotten,0.26277790511116206,0.5002099184680813,0.75,0.014776050484839157,0.028981132075471698,0.5078994943519848,0.7463103829633149,1.9303318613184277,2197.0,32.0,6401.0,96.0,8726.0,0.7445564978225991
mlp,1337,NF-ToN-IoT,dc_ssd_no_contrast,NF-BoT-IoT,retained,0.67537793502734,0.7819786689572484,0.9997614788312462,0.675068449025608,0.8059414507522954,0.8179076967126574,0.9990026541600648,0.7079064716991823,32.0,4.0,8070.0,16766.0,24872.0,0.9985525892569959
mlp,1337,NF-ToN-IoT,dc_ssd_no_contrast,NF-CSE-CIC-IDS2018,retained,0.7673743112212208,0.4575573868940134,0.03682842287694974,0.025695284159613058,0.03027065527065527,0.4041430661717307,0.11529266969129567,0.678544279128238,17880.0,2223.0,3223.0,85.0,23411.0,0.14130109777455044
mlp,1337,NF-ToN-IoT,dc_ssd_no_contrast,RETAINED_MACRO,retained_macro,0.8033207452544611,0.7277283344003748,0.5876994364085019,0.5388663815521809,0.5488237816178727,0.7381771942813281,0.6890798816035205,0.48825606965635665,36737.0,2780.0,11428.0,18320.0,69265.0,0.4294809788493467
mlp,1337,NF-ToN-IoT,dc_ssd_no_class_balance,NF-UNSW-NB15,retained,0.11128586407396816,0.44109183383784323,0.0675901963769219,0.830423940149626,0.1250058655154615,0.5261149492354366,0.09161247657513456,0.7042256762999204,1003.0,18375.0,272.0,1332.0,20982.0,0.07644647793346677
mlp,1337,NF-ToN-IoT,dc_ssd_no_class_balance,NF-ToN-IoT,forgotten,0.7154480861792345,0.6695118560086365,0.839823907890281,0.7634292750500231,0.7998064984277997,0.641837696702754,0.7584497233522862,0.6912901912472103,1283.0,946.0,1537.0,4960.0,8726.0,0.7445564978225991
mlp,1337,NF-ToN-IoT,dc_ssd_no_class_balance,NF-BoT-IoT,retained,0.2440093277581216,0.5382442153862672,0.9990074441687344,0.24315509743920116,0.3911142773873903,0.2369902113419588,0.9969730977902825,2.091662184506702,30.0,6.0,18797.0,6039.0,24872.0,0.9985525892569959
mlp,1337,NF-ToN-IoT,dc_ssd_no_class_balance,NF-CSE-CIC-IDS2018,retained,0.5847251292127632,0.6852072918785065,0.22991409802930773,0.8252720677146312,0.35963641153998155,0.660561161710059,0.19704122284256423,0.5935058061942736,10959.0,9144.0,578.0,2730.0,23411.0,0.14130109777455044
mlp,1337,NF-ToN-IoT,dc_ssd_no_class_balance,RETAINED_MACRO,retained_macro,0.313340107014951,0.554847780367539,0.432170579524988,0.6329503684344862,0.2919188514809445,0.4745554407624848,0.4285422657359938,1.1297978890002984,11992.0,27525.0,19647.0,10101.0,69265.0,0.4294809788493467
mlp,1337,NF-ToN-IoT,dc_ssd,NF-UNSW-NB15,retained,0.5743494423791822,0.6952195190628033,0.1341987019470794,0.8379052369077307,0.2313452104311903,0.7662234553208268,0.3491476991876722,0.7430351402896781,10707.0,8671.0,260.0,1344.0,20982.0,0.07644647793346677
mlp,1337,NF-ToN-IoT,dc_ssd,NF-ToN-IoT,forgotten,0.21613568645427458,0.4043452984788576,0.21273031825795644,0.019547483453901802,0.03580490555398929,0.42707187283802106,0.6746609008330995,1.0744085261782494,1759.0,470.0,6370.0,127.0,8726.0,0.7445564978225991
mlp,1337,NF-ToN-IoT,dc_ssd,NF-BoT-IoT,retained,0.37439691219041493,0.5203199656412734,0.9987096774193548,0.37397326461588015,0.5441762362315444,0.7085570229595033,0.9992736993510734,0.8047999997207277,24.0,12.0,15548.0,9288.0,24872.0,0.9985525892569959
mlp,1337,NF-ToN-IoT,dc_ssd,NF-CSE-CIC-IDS2018,retained,0.7792917859126052,0.46639080200089256,0.04856726566294318,0.030229746070133012,0.037264766163592325,0.6011408612634053,0.1579882239897114,0.46142127564394486,18144.0,1959.0,3208.0,100.0,23411.0,0.14130109777455044
mlp,1337,NF-ToN-IoT,dc_ssd,RETAINED_MACRO,retained_macro,0.5760127134940675,0.5606434289016563,0.3938252150097925,0.41403608253124796,0.27092873760877567,0.6919737798479119,0.502136540842819,0.6697521385514502,28875.0,10642.0,19016.0,10732.0,69265.0,0.4294809788493467
mlp,1337,NF-ToN-IoT,scrub_r,NF-UNSW-NB15,retained,0.9987608426270136,0.9941826077802707,0.9949811794228356,0.9887780548628429,0.991869918699187,0.9998024278245454,0.994173941272012,0.004712087048055986,19370.0,8.0,18.0,1586.0,20982.0,0.07644647793346677
mlp,1337,NF-ToN-IoT,scrub_r,NF-ToN-IoT,forgotten,0.41588356635342655,0.570608010198723,0.8676470588235294,0.2542712020932738,0.3932865135102964,0.7403951425142694,0.845626193597622,1.4079513360636915,1977.0,252.0,4845.0,1652.0,8726.0,0.7445564978225991
mlp,1337,NF-ToN-IoT,scrub_r,NF-BoT-IoT,retained,0.9847619813444838,0.8259448649809416,0.9995098239451002,0.9852230632952166,0.9923150232171463,0.9858561049372775,0.9999792227812079,0.04425324972143106,24.0,12.0,367.0,24469.0,24872.0,0.9985525892569959
mlp,1337,NF-ToN-IoT,scrub_r,NF-CSE-CIC-IDS2018,retained,0.926914698218786,0.7456779342733171,0.9795795795795795,0.4930471584038694,0.6559420872712648,0.648581277100081,0.6134760294493533,0.6337154327621453,20069.0,34.0,1677.0,1631.0,23411.0,0.14130109777455044
mlp,1337,NF-ToN-IoT,scrub_r,RETAINED_MACRO,retained_macro,0.9701458407300945,0.8552684690115098,0.9913568609825051,0.822349425520643,0.8800423430625327,0.8780799366206345,0.8692097311675244,0.2275602565105441,39463.0,54.0,2062.0,27686.0,69265.0,0.4294809788493467
mlp,1337,NF-ToN-IoT,scrub_r@lr=0.0001,NF-UNSW-NB15,retained,0.9989038223238966,0.9954036881168943,0.9943714821763602,0.9912718204488778,0.9928192319700281,0.9998759744770596,0.9973074634358507,0.004206224657365562,19369.0,9.0,14.0,1590.0,20982.0,0.07644647793346677
mlp,1337,NF-ToN-IoT,scrub_r@lr=0.0001,NF-ToN-IoT,forgotten,0.3981205592482237,0.5520483519570374,0.8384991843393148,0.23734031091272895,0.3699616122840691,0.728529190371399,0.8388925070561177,1.2839575397087473,1932.0,297.0,4955.0,1542.0,8726.0,0.7445564978225991
mlp,1337,NF-ToN-IoT,scrub_r@lr=0.0001,NF-BoT-IoT,retained,0.9821888066902541,0.894000196846871,0.9997131970336379,0.9824448381381865,0.9910037974940601,0.9874319983536443,0.999981613479838,0.04302774215419806,29.0,7.0,436.0,24400.0,24872.0,0.9985525892569959
mlp,1337,NF-ToN-IoT,scrub_r@lr=0.0001,NF-CSE-CIC-IDS2018,retained,0.9214471829481867,0.72721483453323,0.973565441650548,0.45646916565900847,0.6215270631817247,0.6313701035796242,0.5963498487117864,0.5047313455705965,20062.0,41.0,1798.0,1510.0,23411.0,0.14130109777455044
mlp,1337,NF-ToN-IoT,scrub_r@lr=0.0001,RETAINED_MACRO,retained_macro,0.9675132706541124,0.8722062398323317,0.9892167069535153,0.8100619414153577,0.8684500308819376,0.872892692136776,0.8645463085424918,0.18398843746072005,39460.0,57.0,2248.0,27500.0,69265.0,0.4294809788493467
mlp,1337,NF-ToN-IoT,scrub_r@lr=0.001,NF-UNSW-NB15,retained,0.9987608426270136,0.9947544442639917,0.9937421777221527,0.9900249376558603,0.9918800749531543,0.9996726755718816,0.9942410136664057,0.005823897596541134,19368.0,10.0,16.0,1588.0,20982.0,0.07644647793346677
mlp,1337,NF-ToN-IoT,scrub_r@lr=0.001,NF-ToN-IoT,forgotten,0.44716937886775154,0.5531574672314854,0.8099296035568729,0.3364629829151916,0.4754240974336668,0.7378011993387845,0.82826933907485,0.9381179053679509,1716.0,513.0,4311.0,2186.0,8726.0,0.7445564978225991
mlp,1337,NF-ToN-IoT,scrub_r@lr=0.001,NF-BoT-IoT,retained,0.9880990672241878,0.8137470696658972,0.9994708133192217,0.9886052504429055,0.9940083397433302,0.9345864426191373,0.9998883430824099,0.03470716990328216,23.0,13.0,283.0,24553.0,24872.0,0.9985525892569959
mlp,1337,NF-ToN-IoT,scrub_r@lr=0.001,NF-CSE-CIC-IDS2018,retained,0.9226004869505788,0.7319272343561252,0.9710327455919395,0.466142684401451,0.6299019607843137,0.670760719838178,0.6123065194533557,0.6837704186097888,20057.0,46.0,1766.0,1542.0,23411.0,0.14130109777455044
mlp,1337,NF-ToN-IoT,scrub_r@lr=0.001,RETAINED_MACRO,retained_macro,0.96982013226726,0.8468095827620047,0.9880819122111046,0.8149242908334057,0.871930125160266,0.8683399460097322,0.8688119587340571,0.24143382870320404,39448.0,69.0,2065.0,27683.0,69265.0,0.4294809788493467
mlp,1337,NF-ToN-IoT,retrained,NF-UNSW-NB15,retained,0.9989038223238966,0.9948318516331732,0.9956112852664577,0.9900249376558603,0.9928102532041263,0.9998993961581751,0.9981121272546689,0.0035942488156595074,19371.0,7.0,16.0,1588.0,20982.0,0.07644647793346677
mlp,1337,NF-ToN-IoT,retrained,NF-ToN-IoT,forgotten,0.24982809993123997,0.4624842207256785,0.4400977995110024,0.027705094659073417,0.052128583840139006,0.4412793826297854,0.6944002216832639,2.7794562762482125,2000.0,229.0,6317.0,180.0,8726.0,0.7445564978225991
mlp,1337,NF-ToN-IoT,retrained,NF-BoT-IoT,retained,0.986691862335156,0.7991736905209283,0.9994293400725554,0.9872362699307456,0.9932953877939598,0.9880001700041159,0.9999824593906637,0.04673348387783123,22.0,14.0,317.0,24519.0,24872.0,0.9985525892569959
mlp,1337,NF-ToN-IoT,retrained,NF-CSE-CIC-IDS2018,retained,0.920464738798001,0.7191924481904889,0.9965659340659341,0.43863361547762997,0.609151973131822,0.6789671568086988,0.6394550319907714,0.4701960007810062,20098.0,5.0,1857.0,1451.0,23411.0,0.14130109777455044
mlp,1337,NF-ToN-IoT,retrained,RETAINED_MACRO,retained_macro,0.9686868078190178,0.8377326634481967,0.9972021864683157,0.8052982743547453,0.865085871376636,0.8889555743236631,0.8791832062120347,0.17350791115816566,39491.0,26.0,2190.0,27558.0,69265.0,0.4294809788493467
mlp,1337,NF-BoT-IoT,original,NF-UNSW-NB15,retained,0.9989514822228577,0.9962872452988696,0.993142144638404,0.993142144638404,0.993142144638404,0.999875813613865,0.9974252804473919,0.003992744322154205,19367.0,11.0,11.0,1593.0,20982.0,0.07644647793346677
mlp,1337,NF-BoT-IoT,original,NF-ToN-IoT,retained,0.6093284437313775,0.648791729322841,0.8595714951094551,0.5681083577035555,0.684088592345473,0.7020022631144319,0.8375429097516545,0.9214809030200056,1626.0,603.0,2806.0,3691.0,8726.0,0.7445564978225991
mlp,1337,NF-BoT-IoT,original,NF-BoT-IoT,forgotten,0.9864908330652943,0.8545480574792863,0.9995921696574225,0.9868738927363505,0.9931923170435205,0.9892986882840321,0.9999843514395088,0.02566502756814451,26.0,10.0,326.0,24510.0,24872.0,0.9985525892569959
mlp,1337,NF-BoT-IoT,original,NF-CSE-CIC-IDS2018,retained,0.8889838110290035,0.7478368280622028,0.6207013959822949,0.5510882708585247,0.5838270616493194,0.6604840196927781,0.6216475043323809,0.5209091700003491,18989.0,1114.0,1485.0,1823.0,23411.0,0.14130109777455044
mlp,1337,NF-BoT-IoT,original,RETAINED_MACRO,retained_macro,0.8324212456610796,0.7976386008946378,0.824471678576718,0.7041129244001615,0.7536859328777322,0.7874540321403583,0.8188718981771425,0.48212760578083635,39982.0,1728.0,4302.0,7107.0,53119.0,0.21478190477983397
mlp,1337,NF-BoT-IoT,rollback_repair,NF-UNSW-NB15,retained,0.9235535220665332,0.5,0.0,0.0,0.0,0.9286528138576049,0.5842328420627515,0.5302590584890817,19378.0,0.0,1604.0,0.0,20982.0,0.07644647793346677
mlp,1337,NF-BoT-IoT,rollback_repair,NF-ToN-IoT,retained,0.25544350217740086,0.5,0.0,0.0,0.0,0.6791947251355891,0.802490898925331,5.154299614129019,2229.0,0.0,6497.0,0.0,8726.0,0.7445564978225991
mlp,1337,NF-BoT-IoT,rollback_repair,NF-BoT-IoT,forgotten,0.0014474107430041815,0.5,0.0,0.0,0.0,0.15634786421144928,0.9942708212579937,6.91943629414725,36.0,0.0,24836.0,0.0,24872.0,0.9985525892569959
mlp,1337,NF-BoT-IoT,rollback_repair,NF-CSE-CIC-IDS2018,retained,0.8586989022254495,0.5,0.0,0.0,0.0,0.3794813647442395,0.10593566791740677,0.9795264725963648,20103.0,0.0,3308.0,0.0,23411.0,0.14130109777455044
mlp,1337,NF-BoT-IoT,rollback_repair,RETAINED_MACRO,retained_macro,0.6792319754897945,0.5,0.0,0.0,0.0,0.6624429679124778,0.49755313630182973,2.2213617150714886,41710.0,0.0,11409.0,0.0,53119.0,0.21478190477983397
mlp,1337,NF-BoT-IoT,ssd_canonical,NF-UNSW-NB15,retained,0.9989514822228577,0.9962872452988696,0.993142144638404,0.993142144638404,0.993142144638404,0.999875813613865,0.9974252804473919,0.003992744322154205,19367.0,11.0,11.0,1593.0,20982.0,0.07644647793346677
mlp,1337,NF-BoT-IoT,ssd_canonical,NF-ToN-IoT,retained,0.6093284437313775,0.648791729322841,0.8595714951094551,0.5681083577035555,0.684088592345473,0.7020022631144319,0.8375429097516545,0.9214809030200056,1626.0,603.0,2806.0,3691.0,8726.0,0.7445564978225991
mlp,1337,NF-BoT-IoT,ssd_canonical,NF-BoT-IoT,forgotten,0.9864908330652943,0.8545480574792863,0.9995921696574225,0.9868738927363505,0.9931923170435205,0.9892986882840321,0.9999843514395088,0.02566502756814451,26.0,10.0,326.0,24510.0,24872.0,0.9985525892569959
mlp,1337,NF-BoT-IoT,ssd_canonical,NF-CSE-CIC-IDS2018,retained,0.8889838110290035,0.7478368280622028,0.6207013959822949,0.5510882708585247,0.5838270616493194,0.6604840196927781,0.6216475043323809,0.5209091700003491,18989.0,1114.0,1485.0,1823.0,23411.0,0.14130109777455044
mlp,1337,NF-BoT-IoT,ssd_canonical,RETAINED_MACRO,retained_macro,0.8324212456610796,0.7976386008946378,0.824471678576718,0.7041129244001615,0.7536859328777322,0.7874540321403583,0.8188718981771425,0.48212760578083635,39982.0,1728.0,4302.0,7107.0,53119.0,0.21478190477983397
mlp,1337,NF-BoT-IoT,ssd_canonical@alpha=1,NF-UNSW-NB15,retained,0.9989514822228577,0.9962872452988696,0.993142144638404,0.993142144638404,0.993142144638404,0.9998731754574757,0.9973878070007247,0.0038792191321909224,19367.0,11.0,11.0,1593.0,20982.0,0.07644647793346677
mlp,1337,NF-BoT-IoT,ssd_canonical@alpha=1,NF-ToN-IoT,retained,0.6093284437313775,0.6492338010441097,0.8600746268656716,0.5676466061259042,0.6839128419100603,0.7067489063696653,0.8390060087780522,0.897988908343591,1629.0,600.0,2809.0,3688.0,8726.0,0.7445564978225991
mlp,1337,NF-BoT-IoT,ssd_canonical@alpha=1,NF-BoT-IoT,forgotten,0.9868928916050177,0.8547493781428392,0.9995923359152059,0.9872765340634563,0.9933962646355792,0.9902046312700201,0.9999856859566039,0.023389650283041012,26.0,10.0,316.0,24520.0,24872.0,0.9985525892569959
mlp,1337,NF-BoT-IoT,ssd_canonical@alpha=1,NF-CSE-CIC-IDS2018,retained,0.890094400068344,0.752903186437489,0.6232807782623281,0.5616686819830713,0.590872952774686,0.687836045213583,0.6391200252915933,0.4908548697999317,18980.0,1123.0,1450.0,1858.0,23411.0,0.14130109777455044
mlp,1337,NF-BoT-IoT,ssd_canonical@alpha=1,RETAINED_MACRO,retained_macro,0.8327914420075263,0.7994747442601561,0.8254991832554679,0.7074858109157932,0.7559759797743834,0.7981527090135746,0.82517128035679,0.4642409990919045,39976.0,1734.0,4270.0,7139.0,53119.0,0.21478190477983397
mlp,1337,NF-BoT-IoT,ssd_canonical@alpha=2,NF-UNSW-NB15,retained,0.9989514822228577,0.9962872452988696,0.993142144638404,0.993142144638404,0.993142144638404,0.9998758457865039,0.9974245578085355,0.003991974484655419,19367.0,11.0,11.0,1593.0,20982.0,0.07644647793346677
mlp,1337,NF-BoT-IoT,ssd_canonical@alpha=2,NF-ToN-IoT,retained,0.6094430437772175,0.649016045159539,0.8597717214069416,0.5681083577035555,0.6841519925857276,0.7028684875298418,0.8377577085007848,0.9215045295785216,1627.0,602.0,2806.0,3691.0,8726.0,0.7445564978225991
mlp,1337,NF-BoT-IoT,ssd_canonical@alpha=2,NF-BoT-IoT,forgotten,0.9864908330652943,0.8545480574792863,0.9995921696574225,0.9868738927363505,0.9931923170435205,0.9893087543172099,0.9999843659176002,0.02565143695511284,26.0,10.0,326.0,24510.0,24872.0,0.9985525892569959
mlp,1337,NF-BoT-IoT,ssd_canonical@alpha=2,NF-CSE-CIC-IDS2018,retained,0.8889838110290035,0.7478368280622028,0.6207013959822949,0.5510882708585247,0.5838270616493194,0.6605253575885881,0.6219305157529984,0.5208330213616286,18989.0,1114.0,1485.0,1823.0,23411.0,0.14130109777455044
mlp,1337,NF-BoT-IoT,ssd_canonical@alpha=2,RETAINED_MACRO,retained_macro,0.8324594456763595,0.7977133728402038,0.8245384206758802,0.7041129244001615,0.7537070662911503,0.787756563634978,0.8190375940207728,0.4821098418082685,39983.0,1727.0,4302.0,7107.0,53119.0,0.21478190477983397
mlp,1337,NF-BoT-IoT,ssd_canonical@alpha=3,NF-UNSW-NB15,retained,0.9989514822228577,0.9962872452988696,0.993142144638404,0.993142144638404,0.993142144638404,0.999875813613865,0.9974252804473919,0.003992744322154205,19367.0,11.0,11.0,1593.0,20982.0,0.07644647793346677
mlp,1337,NF-BoT-IoT,ssd_canonical@alpha=3,NF-ToN-IoT,retained,0.6093284437313775,0.648791729322841,0.8595714951094551,0.5681083577035555,0.684088592345473,0.7020022631144319,0.8375429097516545,0.9214809030200056,1626.0,603.0,2806.0,3691.0,8726.0,0.7445564978225991
mlp,1337,NF-BoT-IoT,ssd_canonical@alpha=3,NF-BoT-IoT,forgotten,0.9864908330652943,0.8545480574792863,0.9995921696574225,0.9868738927363505,0.9931923170435205,0.9892986882840321,0.9999843514395088,0.02566502756814451,26.0,10.0,326.0,24510.0,24872.0,0.9985525892569959
mlp,1337,NF-BoT-IoT,ssd_canonical@alpha=3,NF-CSE-CIC-IDS2018,retained,0.8889838110290035,0.7478368280622028,0.6207013959822949,0.5510882708585247,0.5838270616493194,0.6604840196927781,0.6216475043323809,0.5209091700003491,18989.0,1114.0,1485.0,1823.0,23411.0,0.14130109777455044
mlp,1337,NF-BoT-IoT,ssd_canonical@alpha=3,RETAINED_MACRO,retained_macro,0.8324212456610796,0.7976386008946378,0.824471678576718,0.7041129244001615,0.7536859328777322,0.7874540321403583,0.8188718981771425,0.48212760578083635,39982.0,1728.0,4302.0,7107.0,53119.0,0.21478190477983397
mlp,1337,NF-BoT-IoT,ssd_canonical@alpha=5,NF-UNSW-NB15,retained,0.9989514822228577,0.9962872452988696,0.993142144638404,0.993142144638404,0.993142144638404,0.999875813613865,0.9974252804473919,0.003992744322154205,19367.0,11.0,11.0,1593.0,20982.0,0.07644647793346677
mlp,1337,NF-BoT-IoT,ssd_canonical@alpha=5,NF-ToN-IoT,retained,0.6093284437313775,0.648791729322841,0.8595714951094551,0.5681083577035555,0.684088592345473,0.7020022631144319,0.8375429097516545,0.9214809030200056,1626.0,603.0,2806.0,3691.0,8726.0,0.7445564978225991
mlp,1337,NF-BoT-IoT,ssd_canonical@alpha=5,NF-BoT-IoT,forgotten,0.9864908330652943,0.8545480574792863,0.9995921696574225,0.9868738927363505,0.9931923170435205,0.9892986882840321,0.9999843514395088,0.02566502756814451,26.0,10.0,326.0,24510.0,24872.0,0.9985525892569959
mlp,1337,NF-BoT-IoT,ssd_canonical@alpha=5,NF-CSE-CIC-IDS2018,retained,0.8889838110290035,0.7478368280622028,0.6207013959822949,0.5510882708585247,0.5838270616493194,0.6604840196927781,0.6216475043323809,0.5209091700003491,18989.0,1114.0,1485.0,1823.0,23411.0,0.14130109777455044
mlp,1337,NF-BoT-IoT,ssd_canonical@alpha=5,RETAINED_MACRO,retained_macro,0.8324212456610796,0.7976386008946378,0.824471678576718,0.7041129244001615,0.7536859328777322,0.7874540321403583,0.8188718981771425,0.48212760578083635,39982.0,1728.0,4302.0,7107.0,53119.0,0.21478190477983397
mlp,1337,NF-BoT-IoT,dc_ssd_no_contrast,NF-UNSW-NB15,retained,0.9674006291106663,0.7893563065707596,0.990405117270789,0.5791770573566085,0.7309205350118018,0.9965488410257256,0.9665738895485095,0.07931577566757442,19369.0,9.0,675.0,929.0,20982.0,0.07644647793346677
mlp,1337,NF-BoT-IoT,dc_ssd_no_contrast,NF-ToN-IoT,retained,0.5945450378180152,0.6369484262778424,0.8530183727034121,0.5502539633677082,0.6689745508982036,0.6904061321603863,0.8294058154291556,1.0799178457139935,1613.0,616.0,2922.0,3575.0,8726.0,0.7445564978225991
mlp,1337,NF-BoT-IoT,dc_ssd_no_contrast,NF-BoT-IoT,forgotten,0.7190012865873271,0.6651343927274029,0.9992167832167832,0.7191576743436946,0.8363653391398,0.7766805801614144,0.9996241959810788,0.6224499437937494,22.0,14.0,6975.0,17861.0,24872.0,0.9985525892569959
mlp,1337,NF-BoT-IoT,dc_ssd_no_contrast,NF-CSE-CIC-IDS2018,retained,0.891247704070736,0.7030639997242737,0.6768802228412256,0.4407496977025393,0.5338703771512266,0.6234691971173126,0.5521085483032294,0.5015159473161319,19407.0,696.0,1850.0,1458.0,23411.0,0.14130109777455044
mlp,1337,NF-BoT-IoT,dc_ssd_no_contrast,RETAINED_MACRO,retained_macro,0.8177311236664724,0.7097895775242918,0.8401012376051421,0.523393572808952,0.6445884876870772,0.7701413901011415,0.7826960844269649,0.5535831895658999,40389.0,1321.0,5447.0,5962.0,53119.0,0.21478190477983397
mlp,1337,NF-BoT-IoT,dc_ssd_no_class_balance,NF-UNSW-NB15,retained,0.9989038223238966,0.9959755246006152,0.9931378665003119,0.9925187032418953,0.9928281883380106,0.999872725040531,0.9973160276665681,0.004086503561050822,19367.0,11.0,12.0,1592.0,20982.0,0.07644647793346677
mlp,1337,NF-BoT-IoT,dc_ssd_no_class_balance,NF-ToN-IoT,retained,0.6092138436855374,0.648567413486143,0.8593713620488941,0.5681083577035555,0.6840252038547072,0.7040870504266282,0.8382324595704963,0.9156489216267051,1625.0,604.0,2806.0,3691.0,8726.0,0.7445564978225991
mlp,1337,NF-BoT-IoT,dc_ssd_no_class_balance,NF-BoT-IoT,forgotten,0.9865310389192666,0.8545681895456416,0.999592186289303,0.986914156869061,0.9932127155216078,0.9891342764087973,0.9999841147940884,0.025426065305009463,26.0,10.0,325.0,24511.0,24872.0,0.9985525892569959
mlp,1337,NF-BoT-IoT,dc_ssd_no_class_balance,NF-CSE-CIC-IDS2018,retained,0.888941096065952,0.747685679331852,0.6205722070844687,0.5507859733978234,0.5836002562459962,0.6595030228543075,0.6216894747596671,0.523518180522282,18989.0,1114.0,1486.0,1822.0,23411.0,0.14130109777455044
mlp,1337,NF-BoT-IoT,dc_ssd_no_class_balance,RETAINED_MACRO,retained_macro,0.8323529206917953,0.7974095391395367,0.8243604785445582,0.7038043447810914,0.7534845494795713,0.7878209327738223,0.8190793206655771,0.4810845352366793,39981.0,1729.0,4304.0,7105.0,53119.0,0.21478190477983397
mlp,1337,NF-BoT-IoT,dc_ssd,NF-UNSW-NB15,retained,0.9410447049852254,0.6858810567244805,0.7116493656286044,0.3846633416458853,0.49939295831647107,0.979194308325584,0.7697780317163225,0.11175215302986836,19128.0,250.0,987.0,617.0,20982.0,0.07644647793346677
mlp,1337,NF-BoT-IoT,dc_ssd,NF-ToN-IoT,retained,0.5917946367178547,0.6309754172353973,0.8475017759886336,0.5508696321379098,0.6677238805970149,0.6391570931070578,0.8004787142642882,1.0785747788938203,1585.0,644.0,2918.0,3579.0,8726.0,0.7445564978225991
mlp,1337,NF-BoT-IoT,dc_ssd,NF-BoT-IoT,forgotten,0.9768816339659054,0.7942614663302374,0.9994236073942937,0.9774118215493638,0.988295165394402,0.8726915230579267,0.9997728375049364,0.09363008487776572,22.0,14.0,561.0,24275.0,24872.0,0.9985525892569959
mlp,1337,NF-BoT-IoT,dc_ssd,NF-CSE-CIC-IDS2018,retained,0.9387040280210157,0.7890365825190113,0.9761057447890188,0.5804111245465539,0.7279620853080568,0.7128475097504202,0.6774505115308621,0.3470960066037325,20056.0,47.0,1388.0,1920.0,23411.0,0.14130109777455044
mlp,1337,NF-BoT-IoT,dc_ssd,RETAINED_MACRO,retained_macro,0.823847789908032,0.7019643521596297,0.8450856288020856,0.5053146994434496,0.6316929747405143,0.7770663037276874,0.7492357525038242,0.5124743128424737,40769.0,941.0,5293.0,6116.0,53119.0,0.21478190477983397
mlp,1337,NF-BoT-IoT,scrub_r,NF-UNSW-NB15,retained,0.9987608426270136,0.9933248530546891,0.9968513853904282,0.9869077306733167,0.9918546365914787,0.9969157860586433,0.9934623576539688,0.011277179012415891,19373.0,5.0,21.0,1583.0,20982.0,0.07644647793346677
mlp,1337,NF-BoT-IoT,scrub_r,NF-ToN-IoT,retained,0.5860646344258538,0.6286010598258658,0.8473392728148327,0.5416346005848853,0.6608450704225353,0.6994704323277755,0.8270225839430834,1.2166637757591037,1595.0,634.0,2978.0,3519.0,8726.0,0.7445564978225991
mlp,1337,NF-BoT-IoT,scrub_r,NF-BoT-IoT,forgotten,0.027581215825024125,0.34666076126053574,0.9821958456973294,0.026654855854404896,0.05190121520972168,0.1809749736046241,0.9965018376033027,22.063577472000187,24.0,12.0,24174.0,662.0,24872.0,0.9985525892569959
mlp,1337,NF-BoT-IoT,scrub_r,NF-CSE-CIC-IDS2018,retained,0.9135021998205971,0.745697317520934,0.8050404184498335,0.5117896009673518,0.6257623359822584,0.7790130826244839,0.6387736275204885,0.6292361170335151,19693.0,410.0,1615.0,1693.0,23411.0,0.14130109777455044
mlp,1337,NF-BoT-IoT,scrub_r,RETAINED_MACRO,retained_macro,0.8327758922911549,0.789207743467163,0.8830770255516981,0.6801106440751846,0.7594873476654241,0.8251331003369676,0.8197528563725136,0.6190590239350117,40661.0,1049.0,4614.0,6795.0,53119.0,0.21478190477983397
mlp,1337,NF-BoT-IoT,scrub_r@lr=0.0001,NF-UNSW-NB15,retained,0.9989038223238966,0.9951177698750338,0.9949906073888541,0.9906483790523691,0.9928147453920649,0.9996830351616056,0.9955989789968813,0.00551761365980399,19370.0,8.0,15.0,1589.0,20982.0,0.07644647793346677
mlp,1337,NF-BoT-IoT,scrub_r@lr=0.0001,NF-ToN-IoT,retained,0.5943158377263351,0.6507934469254644,0.8697174293573393,0.5353239956903186,0.6627286585365854,0.7643140399617092,0.8574085540546058,0.9873343768532242,1708.0,521.0,3019.0,3478.0,8726.0,0.7445564978225991
mlp,1337,NF-BoT-IoT,scrub_r@lr=0.0001,NF-BoT-IoT,forgotten,0.011820521067867481,0.38037526171686264,0.967391304347826,0.010750523433725238,0.02126473399171711,0.05955624451960415,0.9948830842670368,10.116958713412615,27.0,9.0,24569.0,267.0,24872.0,0.9985525892569959
mlp,1337,NF-BoT-IoT,scrub_r@lr=0.0001,NF-CSE-CIC-IDS2018,retained,0.9097005681090086,0.7407056275056494,0.7779329608938548,0.5051390568319226,0.6125366568914956,0.7006173872633327,0.6300856668121012,0.5190140655054045,19626.0,477.0,1637.0,1671.0,23411.0,0.14130109777455044
mlp,1337,NF-BoT-IoT,scrub_r@lr=0.0001,RETAINED_MACRO,retained_macro,0.8343067427197468,0.7955389481020493,0.8808803325466826,0.6770371438582035,0.7560266869400486,0.8215381541288825,0.8276977332878629,0.5039553520061443,40704.0,1006.0,4671.0,6738.0,53119.0,0.21478190477983397
mlp,1337,NF-BoT-IoT,scrub_r@lr=0.001,NF-UNSW-NB15,retained,0.9988085025259746,0.993922491994804,0.9962287869264613,0.9881546134663342,0.9921752738654147,0.9969072120503776,0.9934434135222487,0.011213442068387916,19372.0,6.0,19.0,1585.0,20982.0,0.07644647793346677
mlp,1337,NF-BoT-IoT,scrub_r@lr=0.001,NF-ToN-IoT,retained,0.5850332340132937,0.6236350724871258,0.8422179914326511,0.5447129444358935,0.6615571548742873,0.7260080281384658,0.8324670568872267,0.9288080512196113,1566.0,663.0,2958.0,3539.0,8726.0,0.7445564978225991
mlp,1337,NF-BoT-IoT,scrub_r@lr=0.001,NF-BoT-IoT,forgotten,0.23198777742039242,0.5044872139009682,0.9986086956521739,0.23119665002415848,0.37546589943111225,0.30827450296165065,0.9983803161456283,19.10558644616635,28.0,8.0,19094.0,5742.0,24872.0,0.9985525892569959
mlp,1337,NF-BoT-IoT,scrub_r@lr=0.001,NF-CSE-CIC-IDS2018,retained,0.9209773183546196,0.7527017149467425,0.8700507614213198,0.5181378476420798,0.6494884425918909,0.7838201731457841,0.6471931058268233,0.6245893872825384,19847.0,256.0,1594.0,1714.0,23411.0,0.14130109777455044
mlp,1337,NF-BoT-IoT,scrub_r@lr=0.001,RETAINED_MACRO,retained_macro,0.8349396849646293,0.7900864264762241,0.9028325132601441,0.6836684685147691,0.7677402904438644,0.8355784711115426,0.824367858745433,0.5215369601901793,40785.0,925.0,4571.0,6838.0,53119.0,0.21478190477983397
mlp,1337,NF-BoT-IoT,retrained,NF-UNSW-NB15,retained,0.9986655228290916,0.994131002867483,0.993734335839599,0.9887780548628429,0.99125,0.9998590194963618,0.996904480766412,0.004173330481749913,19368.0,10.0,18.0,1586.0,20982.0,0.07644647793346677
mlp,1337,NF-BoT-IoT,retrained,NF-ToN-IoT,retained,0.606463442585377,0.6526146967924527,0.8654259126700071,0.5582576573803294,0.6787050898203593,0.6469789728675547,0.8262785131248563,1.1105601754819128,1665.0,564.0,2870.0,3627.0,8726.0,0.7445564978225991
mlp,1337,NF-BoT-IoT,retrained,NF-BoT-IoT,forgotten,0.00792055323255066,0.2674723967001306,0.9128205128205128,0.0071670156224834915,0.0142223642683073,0.050283191066731084,0.9943127428657148,3.937118717987219,19.0,17.0,24658.0,178.0,24872.0,0.9985525892569959
mlp,1337,NF-BoT-IoT,retrained,NF-CSE-CIC-IDS2018,retained,0.8700610823971637,0.6640831233656945,0.5596947935368043,0.3769649334945586,0.4505057803468208,0.602294773512541,0.49193765578707727,0.5656401659378317,19122.0,981.0,2061.0,1247.0,23411.0,0.14130109777455044
mlp,1337,NF-BoT-IoT,retrained,RETAINED_MACRO,retained_macro,0.8250633492705441,0.7702762743418767,0.8062850140154701,0.6413335485792436,0.7068202900557267,0.7497109219588193,0.7717068832261152,0.5601245573004981,40155.0,1555.0,4949.0,6460.0,53119.0,0.21478190477983397
mlp,1337,NF-CSE-CIC-IDS2018,original,NF-UNSW-NB15,retained,0.9989514822228577,0.9962872452988696,0.993142144638404,0.993142144638404,0.993142144638404,0.999875813613865,0.9974252804473919,0.003992744322154205,19367.0,11.0,11.0,1593.0,20982.0,0.07644647793346677
mlp,1337,NF-CSE-CIC-IDS2018,original,NF-ToN-IoT,retained,0.6093284437313775,0.648791729322841,0.8595714951094551,0.5681083577035555,0.684088592345473,0.7020022631144319,0.8375429097516545,0.9214809030200056,1626.0,603.0,2806.0,3691.0,8726.0,0.7445564978225991
mlp,1337,NF-CSE-CIC-IDS2018,original,NF-BoT-IoT,retained,0.9864908330652943,0.8545480574792863,0.9995921696574225,0.9868738927363505,0.9931923170435205,0.9892986882840321,0.9999843514395088,0.02566502756814451,26.0,10.0,326.0,24510.0,24872.0,0.9985525892569959
mlp,1337,NF-CSE-CIC-IDS2018,original,NF-CSE-CIC-IDS2018,forgotten,0.8889838110290035,0.7478368280622028,0.6207013959822949,0.5510882708585247,0.5838270616493194,0.6604840196927781,0.6216475043323809,0.5209091700003491,18989.0,1114.0,1485.0,1823.0,23411.0,0.14130109777455044
mlp,1337,NF-CSE-CIC-IDS2018,original,RETAINED_MACRO,retained_macro,0.8649235863398431,0.8332090107003323,0.9507686031350939,0.8493747983594367,0.8901410180091326,0.8970589216707764,0.9449841805461849,0.31704622497010143,21019.0,624.0,3143.0,29794.0,54580.0,0.6034628068889704
mlp,1337,NF-CSE-CIC-IDS2018,rollback_repair,NF-UNSW-NB15,retained,0.07644647793346677,0.5,0.07644647793346677,1.0,0.142034888869211,0.20851172525390005,0.10334789807849365,14.621354852267215,0.0,19378.0,0.0,1604.0,20982.0,0.07644647793346677
mlp,1337,NF-CSE-CIC-IDS2018,rollback_repair,NF-ToN-IoT,retained,0.7445564978225991,0.5,0.7445564978225991,1.0,0.8535768245418117,0.5105715700099153,0.6957224134160447,4.045859891061114,0.0,2229.0,0.0,6497.0,8726.0,0.7445564978225991
mlp,1337,NF-CSE-CIC-IDS2018,rollback_repair,NF-BoT-IoT,retained,0.9985525892569959,0.5,0.9985525892569959,1.0,0.9992757704997184,0.016107889980494266,0.9935663537977707,0.022924671067703586,0.0,36.0,0.0,24836.0,24872.0,0.9985525892569959
mlp,1337,NF-CSE-CIC-IDS2018,rollback_repair,NF-CSE-CIC-IDS2018,forgotten,0.14130109777455044,0.5,0.14130109777455044,1.0,0.2476140574123283,0.1759558362101441,0.08364755876491213,13.609211453248566,0.0,20103.0,0.0,3308.0,23411.0,0.14130109777455044
mlp,1337,NF-CSE-CIC-IDS2018,rollback_repair,RETAINED_MACRO,retained_macro,0.6065185216710206,0.5,0.6065185216710206,1.0,0.6649624946369137,0.24506372841476987,0.5975455550974363,6.230046471465344,0.0,21643.0,0.0,32937.0,54580.0,0.6034628068889704
mlp,1337,NF-CSE-CIC-IDS2018,ssd_canonical,NF-UNSW-NB15,retained,0.9989514822228577,0.9962872452988696,0.993142144638404,0.993142144638404,0.993142144638404,0.999875813613865,0.9974252804473919,0.003992744322154205,19367.0,11.0,11.0,1593.0,20982.0,0.07644647793346677
mlp,1337,NF-CSE-CIC-IDS2018,ssd_canonical,NF-ToN-IoT,retained,0.6093284437313775,0.648791729322841,0.8595714951094551,0.5681083577035555,0.684088592345473,0.7020022631144319,0.8375429097516545,0.9214809030200056,1626.0,603.0,2806.0,3691.0,8726.0,0.7445564978225991
mlp,1337,NF-CSE-CIC-IDS2018,ssd_canonical,NF-BoT-IoT,retained,0.9864908330652943,0.8545480574792863,0.9995921696574225,0.9868738927363505,0.9931923170435205,0.9892986882840321,0.9999843514395088,0.02566502756814451,26.0,10.0,326.0,24510.0,24872.0,0.9985525892569959
mlp,1337,NF-CSE-CIC-IDS2018,ssd_canonical,NF-CSE-CIC-IDS2018,forgotten,0.8889838110290035,0.7478368280622028,0.6207013959822949,0.5510882708585247,0.5838270616493194,0.6604840196927781,0.6216475043323809,0.5209091700003491,18989.0,1114.0,1485.0,1823.0,23411.0,0.14130109777455044
mlp,1337,NF-CSE-CIC-IDS2018,ssd_canonical,RETAINED_MACRO,retained_macro,0.8649235863398431,0.8332090107003323,0.9507686031350939,0.8493747983594367,0.8901410180091326,0.8970589216707764,0.9449841805461849,0.31704622497010143,21019.0,624.0,3143.0,29794.0,54580.0,0.6034628068889704
mlp,1337,NF-CSE-CIC-IDS2018,ssd_canonical@alpha=1,NF-UNSW-NB15,retained,0.9989514822228577,0.9965731635407302,0.9925280199252802,0.9937655860349127,0.9931464174454828,0.999853131903444,0.9974711344025757,0.009730914147540529,19366.0,12.0,10.0,1594.0,20982.0,0.07644647793346677
mlp,1337,NF-CSE-CIC-IDS2018,ssd_canonical@alpha=1,NF-ToN-IoT,retained,0.8230575292230117,0.7308715421197609,0.8541398541398542,0.9193473911035863,0.8855448480355819,0.7186560826327477,0.8324223995504053,0.5474255694439548,1209.0,1020.0,524.0,5973.0,8726.0,0.7445564978225991
mlp,1337,NF-CSE-CIC-IDS2018,ssd_canonical@alpha=1,NF-BoT-IoT,retained,0.9892248311354133,0.689491956121043,0.9991061270924753,0.990095023353197,0.9945801650218411,0.9531280757323599,0.9999211994494529,0.05550059751054887,14.0,22.0,246.0,24590.0,24872.0,0.9985525892569959
mlp,1337,NF-CSE-CIC-IDS2018,ssd_canonical@alpha=1,NF-CSE-CIC-IDS2018,forgotten,0.8251676562299773,0.7257051366839254,0.4159348896980081,0.5870616686819831,0.48689983703146544,0.6538051149638611,0.6131296585947837,0.5578119438918682,17376.0,2727.0,1366.0,1942.0,23411.0,0.14130109777455044
mlp,1337,NF-CSE-CIC-IDS2018,ssd_canonical@alpha=1,RETAINED_MACRO,retained_macro,0.9370779475270942,0.8056455539271781,0.9485913337192032,0.9677360001638986,0.9577571435009685,0.8905457634228506,0.9432715778008114,0.20421902703401476,20589.0,1054.0,780.0,32157.0,54580.0,0.6034628068889704
mlp,1337,NF-CSE-CIC-IDS2018,ssd_canonical@alpha=2,NF-UNSW-NB15,retained,0.9989991421218187,0.9965989659971239,0.9931464174454828,0.9937655860349127,0.9934559052664381,0.9998663548580299,0.9971868859512458,0.004537044738184422,19367.0,11.0,10.0,1594.0,20982.0,0.07644647793346677
mlp,1337,NF-CSE-CIC-IDS2018,ssd_canonical@alpha=2,NF-ToN-IoT,retained,0.5931698372679349,0.6444242858266434,0.8624846248462484,0.53963367708173,0.6638894148835448,0.5772797922470065,0.7995205731061926,1.34115377857478,1670.0,559.0,2991.0,3506.0,8726.0,0.7445564978225991
mlp,1337,NF-CSE-CIC-IDS2018,ssd_canonical@alpha=2,NF-BoT-IoT,retained,0.9865310389192666,0.7990931622555073,0.9994292470137388,0.9870752133999033,0.993213815456295,0.9868056674003687,0.9999806439765098,0.027117863430522977,22.0,14.0,321.0,24515.0,24872.0,0.9985525892569959
mlp,1337,NF-CSE-CIC-IDS2018,ssd_canonical@alpha=2,NF-CSE-CIC-IDS2018,forgotten,0.8891973858442612,0.7387429797004916,0.628140703517588,0.5290205562273277,0.5743354118805383,0.649777211448104,0.5864367290560474,0.48671462908445046,19067.0,1036.0,1558.0,1750.0,23411.0,0.14130109777455044
mlp,1337,NF-CSE-CIC-IDS2018,ssd_canonical@alpha=2,RETAINED_MACRO,retained_macro,0.8595666727696735,0.8133721380264248,0.9516867631018234,0.8401581588388488,0.8835197118687592,0.8546506048351351,0.9322293676779827,0.45760289558116246,21059.0,584.0,3322.0,29615.0,54580.0,0.6034628068889704
mlp,1337,NF-CSE-CIC-IDS2018,ssd_canonical@alpha=3,NF-UNSW-NB15,retained,0.9989514822228577,0.9962872452988696,0.993142144638404,0.993142144638404,0.993142144638404,0.9998755562327538,0.9974154452972894,0.003996460328783806,19367.0,11.0,11.0,1593.0,20982.0,0.07644647793346677
mlp,1337,NF-CSE-CIC-IDS2018,ssd_canonical@alpha=3,NF-ToN-IoT,retained,0.6093284437313775,0.6489390865632638,0.8597390493942219,0.5679544405110051,0.6840300305867086,0.7009186971272174,0.8372612330047979,0.9255758855547948,1627.0,602.0,2807.0,3690.0,8726.0,0.7445564978225991
mlp,1337,NF-CSE-CIC-IDS2018,ssd_canonical@alpha=3,NF-BoT-IoT,retained,0.9864908330652943,0.8545480574792863,0.9995921696574225,0.9868738927363505,0.9931923170435205,0.9893669136200139,0.9999844506053308,0.025677544031703307,26.0,10.0,326.0,24510.0,24872.0,0.9985525892569959
mlp,1337,NF-CSE-CIC-IDS2018,ssd_canonical@alpha=3,NF-CSE-CIC-IDS2018,forgotten,0.888941096065952,0.7478119561525375,0.6204901293396868,0.5510882708585247,0.5837335894972783,0.6618552303280187,0.621757135320143,0.5222700033317209,18988.0,1115.0,1485.0,1823.0,23411.0,0.14130109777455044
mlp,1337,NF-CSE-CIC-IDS2018,ssd_canonical@alpha=3,RETAINED_MACRO,retained_macro,0.8649235863398431,0.8332581297804733,0.9508244545633495,0.8493234926285865,0.8901214974228777,0.8967203889933284,0.9448870429691394,0.3184166299717606,21020.0,623.0,3144.0,29793.0,54580.0,0.6034628068889704
mlp,1337,NF-CSE-CIC-IDS2018,ssd_canonical@alpha=5,NF-UNSW-NB15,retained,0.9989514822228577,0.9962872452988696,0.993142144638404,0.993142144638404,0.993142144638404,0.999875813613865,0.9974252804473919,0.003992744322154205,19367.0,11.0,11.0,1593.0,20982.0,0.07644647793346677
mlp,1337,NF-CSE-CIC-IDS2018,ssd_canonical@alpha=5,NF-ToN-IoT,retained,0.6093284437313775,0.648791729322841,0.8595714951094551,0.5681083577035555,0.684088592345473,0.7020022631144319,0.8375429097516545,0.9214809030200056,1626.0,603.0,2806.0,3691.0,8726.0,0.7445564978225991
mlp,1337,NF-CSE-CIC-IDS2018,ssd_canonical@alpha=5,NF-BoT-IoT,retained,0.9864908330652943,0.8545480574792863,0.9995921696574225,0.9868738927363505,0.9931923170435205,0.9892986882840321,0.9999843514395088,0.02566502756814451,26.0,10.0,326.0,24510.0,24872.0,0.9985525892569959
mlp,1337,NF-CSE-CIC-IDS2018,ssd_canonical@alpha=5,NF-CSE-CIC-IDS2018,forgotten,0.8889838110290035,0.7478368280622028,0.6207013959822949,0.5510882708585247,0.5838270616493194,0.6604840196927781,0.6216475043323809,0.5209091700003491,18989.0,1114.0,1485.0,1823.0,23411.0,0.14130109777455044
mlp,1337,NF-CSE-CIC-IDS2018,ssd_canonical@alpha=5,RETAINED_MACRO,retained_macro,0.8649235863398431,0.8332090107003323,0.9507686031350939,0.8493747983594367,0.8901410180091326,0.8970589216707764,0.9449841805461849,0.31704622497010143,21019.0,624.0,3143.0,29794.0,54580.0,0.6034628068889704
mlp,1337,NF-CSE-CIC-IDS2018,dc_ssd_no_contrast,NF-UNSW-NB15,retained,0.9990944619197407,0.9972224073936327,0.9931549471064095,0.9950124688279302,0.9940828402366864,0.9998912886531734,0.9979385287119186,0.004199601140712902,19367.0,11.0,8.0,1596.0,20982.0,0.07644647793346677
mlp,1337,NF-CSE-CIC-IDS2018,dc_ssd_no_contrast,NF-ToN-IoT,retained,0.6157460462984186,0.6445546907697262,0.8519928347514555,0.585654917654302,0.6941530602937153,0.7449837599753567,0.8523062578402827,0.6567884810659169,1568.0,661.0,2692.0,3805.0,8726.0,0.7445564978225991
mlp,1337,NF-CSE-CIC-IDS2018,dc_ssd_no_contrast,NF-BoT-IoT,retained,0.9882598906400772,0.7444838138186504,0.9992676973148902,0.9889676276373007,0.9940909826776753,0.9880874089583221,0.9999825912331901,0.022551231262285903,18.0,18.0,274.0,24562.0,24872.0,0.9985525892569959
mlp,1337,NF-CSE-CIC-IDS2018,dc_ssd_no_contrast,NF-CSE-CIC-IDS2018,forgotten,0.8916321387382,0.7536722983647517,0.6309887869520897,0.56136638452237,0.5941449368101104,0.6539600681640699,0.6322391276837966,0.4817972919345664,19017.0,1086.0,1451.0,1857.0,23411.0,0.14130109777455044
mlp,1337,NF-CSE-CIC-IDS2018,dc_ssd_no_contrast,RETAINED_MACRO,retained_macro,0.8677001329527455,0.795420303994003,0.9481384930575851,0.856545004706511,0.8941089610693589,0.9109874858622841,0.9500757925951304,0.2278464378229719,20953.0,690.0,2974.0,29963.0,54580.0,0.6034628068889704
mlp,1337,NF-CSE-CIC-IDS2018,dc_ssd_no_class_balance,NF-UNSW-NB15,retained,0.9988561624249357,0.9959497221442215,0.9925187032418953,0.9925187032418953,0.9925187032418953,0.9998707303369196,0.9972540884957186,0.005355893835711199,19366.0,12.0,12.0,1592.0,20982.0,0.07644647793346677
mlp,1337,NF-CSE-CIC-IDS2018,dc_ssd_no_class_balance,NF-ToN-IoT,retained,0.5982122392848958,0.6433897468500663,0.8587191172943152,0.5510235493304602,0.6712919557472342,0.579568110705476,0.8012087452913935,1.0489495559761675,1640.0,589.0,2917.0,3580.0,8726.0,0.7445564978225991
mlp,1337,NF-CSE-CIC-IDS2018,dc_ssd_no_class_balance,NF-BoT-IoT,retained,0.9819475715664201,0.8245356203360712,0.999508418335996,0.9824045740054759,0.9908826933620322,0.9802504429054598,0.9999708720330178,0.038234106553272626,24.0,12.0,437.0,24399.0,24872.0,0.9985525892569959
mlp,1337,NF-CSE-CIC-IDS2018,dc_ssd_no_class_balance,NF-CSE-CIC-IDS2018,forgotten,0.8760838921874332,0.6909512744552977,0.5828245828245828,0.4328899637243047,0.49679098005203814,0.617146829860078,0.5306048260356202,0.5207172017864627,19078.0,1025.0,1876.0,1432.0,23411.0,0.14130109777455044
mlp,1337,NF-CSE-CIC-IDS2018,dc_ssd_no_class_balance,RETAINED_MACRO,retained_macro,0.8596719910920839,0.821291696443453,0.9502487462907355,0.8419822755259437,0.8848977841170539,0.8532297613159519,0.9328112352733765,0.36417985212171705,21030.0,613.0,3366.0,29571.0,54580.0,0.6034628068889704
mlp,1337,NF-CSE-CIC-IDS2018,dc_ssd,NF-UNSW-NB15,retained,0.9989991421218187,0.9968848842389846,0.9925326695706285,0.9943890274314214,0.9934599813142323,0.9998817333794217,0.9977571791824742,0.004943982055789594,19366.0,12.0,9.0,1595.0,20982.0,0.07644647793346677
mlp,1337,NF-CSE-CIC-IDS2018,dc_ssd,NF-ToN-IoT,retained,0.6661700664680266,0.6681014663012153,0.855132778438367,0.66415268585501,0.7476392618903231,0.7567243134543996,0.8529005038678454,0.5399042942568248,1498.0,731.0,2182.0,4315.0,8726.0,0.7445564978225991
mlp,1337,NF-CSE-CIC-IDS2018,dc_ssd,NF-BoT-IoT,retained,0.9884609199099389,0.7445844741504268,0.999267846247712,0.9891689483008536,0.9941927520689585,0.9853595139671802,0.9999785049934748,0.02542113821632933,18.0,18.0,269.0,24567.0,24872.0,0.9985525892569959
mlp,1337,NF-CSE-CIC-IDS2018,dc_ssd,NF-CSE-CIC-IDS2018,forgotten,0.8944940412626543,0.7555912699536926,0.6454861111111111,0.5619709794437727,0.6008403361344538,0.6672927049636332,0.6350434182134775,0.42761732933934854,19082.0,1021.0,1449.0,1859.0,23411.0,0.14130109777455044
mlp,1337,NF-CSE-CIC-IDS2018,dc_ssd,RETAINED_MACRO,retained_macro,0.8845433761665947,0.8031902748968754,0.9489777647522358,0.882570220529095,0.9117639984245046,0.9139885202670005,0.9502120626812648,0.19008980484298124,20882.0,761.0,2460.0,30477.0,54580.0,0.6034628068889704
mlp,1337,NF-CSE-CIC-IDS2018,scrub_r,NF-UNSW-NB15,retained,0.9781717662758554,0.8598051843762459,0.9922680412371134,0.720074812967581,0.8345375722543352,0.9971189401869462,0.967362341555603,0.07522057323888837,19369.0,9.0,449.0,1155.0,20982.0,0.07644647793346677
mlp,1337,NF-CSE-CIC-IDS2018,scrub_r,NF-ToN-IoT,retained,0.3344029337611735,0.41642431096161786,0.6354699174203696,0.24873018316145915,0.35752212389380533,0.4024920084246357,0.6867347129803132,1.8087303112656445,1302.0,927.0,4881.0,1616.0,8726.0,0.7445564978225991
mlp,1337,NF-CSE-CIC-IDS2018,scrub_r,NF-BoT-IoT,retained,0.9870939208748793,0.6329499293140781,0.9989416697195425,0.9881220808503784,0.9935024188814444,0.867621597680786,0.9997048144848875,0.03679007993014444,10.0,26.0,295.0,24541.0,24872.0,0.9985525892569959
mlp,1337,NF-CSE-CIC-IDS2018,scrub_r,NF-CSE-CIC-IDS2018,forgotten,0.6598180342574004,0.5967202778123137,0.20979805534779356,0.5087666263603385,0.2970873786407767,0.5926816751649201,0.24731859384914542,1.2349828859526129,13764.0,6339.0,1625.0,1683.0,23411.0,0.14130109777455044
mlp,1337,NF-CSE-CIC-IDS2018,scrub_r,RETAINED_MACRO,retained_macro,0.7665562069706361,0.6363931415506473,0.8755598761256751,0.6523090256598062,0.7285207050098617,0.7557441820974559,0.8846006230069344,0.6402469881448924,20681.0,962.0,5625.0,27312.0,54580.0,0.6034628068889704
mlp,1337,NF-CSE-CIC-IDS2018,scrub_r@lr=0.0001,NF-UNSW-NB15,retained,0.9855590506148127,0.939572899210329,0.9226770630279402,0.885286783042394,0.9035952911231308,0.9978893461979276,0.9762779609286392,0.03346988780543262,19259.0,119.0,184.0,1420.0,20982.0,0.07644647793346677
mlp,1337,NF-CSE-CIC-IDS2018,scrub_r@lr=0.0001,NF-ToN-IoT,retained,0.8395599358239744,0.7096823443307824,0.8364356435643564,0.9752193319993844,0.900511654349062,0.6308874793508245,0.7813655911111139,0.8818648897460225,990.0,1239.0,161.0,6336.0,8726.0,0.7445564978225991
mlp,1337,NF-CSE-CIC-IDS2018,scrub_r@lr=0.0001,NF-BoT-IoT,retained,0.9928031521389514,0.6912837100266638,0.9991093477996842,0.9936785311644387,0.9963865393544219,0.9889676276373007,0.9999838861318311,0.013760914703257453,14.0,22.0,157.0,24679.0,24872.0,0.9985525892569959
mlp,1337,NF-CSE-CIC-IDS2018,scrub_r@lr=0.0001,NF-CSE-CIC-IDS2018,forgotten,0.5842125496561446,0.6827621230108714,0.22890651366857914,0.8201330108827086,0.3579155672823219,0.7382794509124442,0.23477957804281865,2.0577434599736124,10964.0,9139.0,595.0,2713.0,23411.0,0.14130109777455044
mlp,1337,NF-CSE-CIC-IDS2018,scrub_r@lr=0.0001,RETAINED_MACRO,retained_macro,0.9393073795259128,0.7801796511892585,0.9194073514639935,0.951394882068739,0.9334978282755383,0.8725814843953509,0.9192091460571947,0.3096985640849042,20263.0,1380.0,502.0,32435.0,54580.0,0.6034628068889704
mlp,1337,NF-CSE-CIC-IDS2018,scrub_r@lr=0.001,NF-UNSW-NB15,retained,0.9759317510246879,0.8454402298001513,0.9910634495084897,0.6913965087281796,0.8145427836944547,0.9950325767272397,0.950484085879391,0.07206694609872022,19368.0,10.0,495.0,1109.0,20982.0,0.07644647793346677
mlp,1337,NF-CSE-CIC-IDS2018,scrub_r@lr=0.001,NF-ToN-IoT,retained,0.5650928260371304,0.5299345807047777,0.7639703008987886,0.6018162228720948,0.6732673267326733,0.512324423744458,0.7053434149274915,0.7873681912487884,1021.0,1208.0,2587.0,3910.0,8726.0,0.7445564978225991
mlp,1337,NF-CSE-CIC-IDS2018,scrub_r@lr=0.001,NF-BoT-IoT,retained,0.9901495657767772,0.5928736958894795,0.9988234816828269,0.9913029473345144,0.9950490047489138,0.9475078738748413,0.9999186287007146,0.019059036824233367,7.0,29.0,216.0,24620.0,24872.0,0.9985525892569959
mlp,1337,NF-CSE-CIC-IDS2018,scrub_r@lr=0.001,NF-CSE-CIC-IDS2018,forgotten,0.535090342146854,0.5594518113817828,0.1706659711354547,0.593409915356711,0.26509115462525323,0.5457626220731071,0.18388720549561605,1.229369714457611,10564.0,9539.0,1345.0,1963.0,23411.0,0.14130109777455044
mlp,1337,NF-CSE-CIC-IDS2018,scrub_r@lr=0.001,RETAINED_MACRO,retained_macro,0.8437247142795318,0.6560828354648028,0.9179524106967016,0.7615052263115962,0.8276197050586805,0.8182882914488463,0.8852487098358658,0.2928313913905807,20396.0,1247.0,3298.0,29639.0,54580.0,0.6034628068889704
mlp,1337,NF-CSE-CIC-IDS2018,retrained,NF-UNSW-NB15,retained,0.9994280812124678,0.9985466975558317,0.9950248756218906,0.9975062344139651,0.9962640099626401,0.9998806716823382,0.9972336604018247,0.0030664723500241817,19370.0,8.0,4.0,1600.0,20982.0,0.07644647793346677
mlp,1337,NF-CSE-CIC-IDS2018,retrained,NF-ToN-IoT,retained,0.8360073344029337,0.7852486080299477,0.8905334566759173,0.8890257041711559,0.8897789416929831,0.8177143635261689,0.8949765622311507,0.46656322000657885,1519.0,710.0,721.0,5776.0,8726.0,0.7445564978225991
mlp,1337,NF-CSE-CIC-IDS2018,retrained,NF-BoT-IoT,retained,0.9917577999356706,0.8017103308816951,0.9994322559714506,0.992309550652279,0.9958581674916658,0.9887607147330937,0.9999835225564453,0.01748489592908657,22.0,14.0,191.0,24645.0,24872.0,0.9985525892569959
mlp,1337,NF-CSE-CIC-IDS2018,retrained,NF-CSE-CIC-IDS2018,forgotten,0.5041219939344752,0.5137650531443838,0.1479345152260582,0.5272067714631197,0.23103927932701862,0.5170749268835029,0.17503426849685283,1.2934188647044034,10058.0,10045.0,1564.0,1744.0,23411.0,0.14130109777455044
mlp,1337,NF-CSE-CIC-IDS2018,retrained,RETAINED_MACRO,retained_macro,0.9423977385170241,0.8618352121558249,0.9616635294230861,0.9596138297458,0.9606337063824296,0.9354519166472003,0.964064581729807,0.1623715294285632,20911.0,732.0,916.0,32021.0,54580.0,0.6034628068889704
numerical_feature_transformer,1337,NF-UNSW-NB15,original,NF-UNSW-NB15,forgotten,0.9989514822228577,0.9939998993639856,0.9981108312342569,0.9881546134663342,0.9931077694235589,0.999872145933031,0.995517109950965,0.0058878632991396975,19375.0,3.0,19.0,1585.0,20982.0,0.07644647793346677
numerical_feature_transformer,1337,NF-UNSW-NB15,original,NF-ToN-IoT,retained,0.6376346550538621,0.6576328530136386,0.8563795682838213,0.6167461905494844,0.7170722977809592,0.7268784647336628,0.8375352654405349,0.648613628222986,1557.0,672.0,2490.0,4007.0,8726.0,0.7445564978225991
numerical_feature_transformer,1337,NF-UNSW-NB15,original,NF-BoT-IoT,retained,0.9897877130910261,0.7036425618725506,0.9991471734892787,0.9906184570784345,0.9948645369995957,0.9896263935863711,0.9999848739489641,0.021302208136073045,15.0,21.0,233.0,24603.0,24872.0,0.9985525892569959
numerical_feature_transformer,1337,NF-UNSW-NB15,original,NF-CSE-CIC-IDS2018,retained,0.9205928836871556,0.906661865816679,0.6638769509160823,0.8872430471584039,0.759477293310907,0.9551742173513781,0.8989062553761729,0.19716049636068578,18617.0,1486.0,373.0,2935.0,23411.0,0.14130109777455044
numerical_feature_transformer,1337,NF-UNSW-NB15,original,RETAINED_MACRO,retained_macro,0.8493384172773478,0.7559790935676226,0.8398012308963941,0.8315358982621076,0.8238047093638206,0.8905596918904707,0.9121421315885573,0.28902544423991494,20189.0,2179.0,3096.0,31545.0,57009.0,0.6076408988054518
numerical_feature_transformer,1337,NF-UNSW-NB15,rollback_repair,NF-UNSW-NB15,forgotten,0.07644647793346677,0.5,0.07644647793346677,1.0,0.142034888869211,0.8562578292116751,0.6517155729384795,0.774134763438795,0.0,19378.0,0.0,1604.0,20982.0,0.07644647793346677
numerical_feature_transformer,1337,NF-UNSW-NB15,rollback_repair,NF-ToN-IoT,retained,0.7445564978225991,0.5,0.7445564978225991,1.0,0.8535768245418117,0.3653229053572229,0.6379240014567977,0.6533506551094556,0.0,2229.0,0.0,6497.0,8726.0,0.7445564978225991
numerical_feature_transformer,1337,NF-UNSW-NB15,rollback_repair,NF-BoT-IoT,retained,0.9985525892569959,0.5,0.9985525892569959,1.0,0.9992757704997184,0.8666245011721336,0.9997367073574243,0.6034029554610416,0.0,36.0,0.0,24836.0,24872.0,0.9985525892569959
numerical_feature_transformer,1337,NF-UNSW-NB15,rollback_repair,NF-CSE-CIC-IDS2018,retained,0.14130109777455044,0.5,0.14130109777455044,1.0,0.2476140574123283,0.794019498193734,0.36218148794491456,0.7607740508116007,0.0,20103.0,0.0,3308.0,23411.0,0.14130109777455044
numerical_feature_transformer,1337,NF-UNSW-NB15,rollback_repair,RETAINED_MACRO,retained_macro,0.6281367282847151,0.5,0.6281367282847151,1.0,0.7001555508179528,0.6753223015743636,0.6666140655863788,0.6725092204606993,0.0,22368.0,0.0,34641.0,57009.0,0.6076408988054518
numerical_feature_transformer,1337,NF-UNSW-NB15,ssd_canonical,NF-UNSW-NB15,forgotten,0.9989514822228577,0.9939998993639856,0.9981108312342569,0.9881546134663342,0.9931077694235589,0.999872145933031,0.995517109950965,0.0058878632991396975,19375.0,3.0,19.0,1585.0,20982.0,0.07644647793346677
numerical_feature_transformer,1337,NF-UNSW-NB15,ssd_canonical,NF-ToN-IoT,retained,0.6376346550538621,0.6576328530136386,0.8563795682838213,0.6167461905494844,0.7170722977809592,0.7268784647336628,0.8375352654405349,0.648613628222986,1557.0,672.0,2490.0,4007.0,8726.0,0.7445564978225991
numerical_feature_transformer,1337,NF-UNSW-NB15,ssd_canonical,NF-BoT-IoT,retained,0.9897877130910261,0.7036425618725506,0.9991471734892787,0.9906184570784345,0.9948645369995957,0.9896263935863711,0.9999848739489641,0.021302208136073045,15.0,21.0,233.0,24603.0,24872.0,0.9985525892569959
numerical_feature_transformer,1337,NF-UNSW-NB15,ssd_canonical,NF-CSE-CIC-IDS2018,retained,0.9205928836871556,0.906661865816679,0.6638769509160823,0.8872430471584039,0.759477293310907,0.9551742173513781,0.8989062553761729,0.19716049636068578,18617.0,1486.0,373.0,2935.0,23411.0,0.14130109777455044
numerical_feature_transformer,1337,NF-UNSW-NB15,ssd_canonical,RETAINED_MACRO,retained_macro,0.8493384172773478,0.7559790935676226,0.8398012308963941,0.8315358982621076,0.8238047093638206,0.8905596918904707,0.9121421315885573,0.28902544423991494,20189.0,2179.0,3096.0,31545.0,57009.0,0.6076408988054518
numerical_feature_transformer,1337,NF-UNSW-NB15,ssd_canonical@alpha=1,NF-UNSW-NB15,forgotten,0.9987608426270136,0.9927530165709681,0.9981060606060606,0.9856608478802993,0.9918444165621079,0.9998890365684509,0.9964809066171093,0.0073706797351866336,19375.0,3.0,23.0,1581.0,20982.0,0.07644647793346677
numerical_feature_transformer,1337,NF-UNSW-NB15,ssd_canonical@alpha=1,NF-ToN-IoT,retained,0.7965849186339674,0.763637639845232,0.8885780118499013,0.8309989225796521,0.8588244651236777,0.7732199690743142,0.8533630635441981,0.5532156861788282,1552.0,677.0,1098.0,5399.0,8726.0,0.7445564978225991
numerical_feature_transformer,1337,NF-UNSW-NB15,ssd_canonical@alpha=1,NF-BoT-IoT,retained,0.9898681247989707,0.7175515828277947,0.9991877842755036,0.9906587212111451,0.9949049737161343,0.9899988368139438,0.99998542601929,0.021659592562303216,16.0,20.0,232.0,24604.0,24872.0,0.9985525892569959
numerical_feature_transformer,1337,NF-UNSW-NB15,ssd_canonical@alpha=1,NF-CSE-CIC-IDS2018,retained,0.9195250096108667,0.9065451753577901,0.6598563089357881,0.8884522370012092,0.7572790517907756,0.9606519020755322,0.9284265040211899,0.18869194367209421,18588.0,1515.0,369.0,2939.0,23411.0,0.14130109777455044
numerical_feature_transformer,1337,NF-UNSW-NB15,ssd_canonical@alpha=1,RETAINED_MACRO,retained_macro,0.901992684347935,0.7959114660102723,0.849207368353731,0.9033699602640022,0.8703361635435293,0.9079569026545968,0.9272583311948926,0.2545224074710752,20156.0,2212.0,1699.0,32942.0,57009.0,0.6076408988054518
numerical_feature_transformer,1337,NF-UNSW-NB15,ssd_canonical@alpha=2,NF-UNSW-NB15,forgotten,0.9989038223238966,0.9936881786657312,0.998109640831758,0.9875311720698254,0.9927922281416484,0.9998664192033077,0.9950914125511541,0.005925071995762172,19375.0,3.0,20.0,1584.0,20982.0,0.07644647793346677
numerical_feature_transformer,1337,NF-UNSW-NB15,ssd_canonical@alpha=2,NF-ToN-IoT,retained,0.6141416456566583,0.6431825559410276,0.8512118491921006,0.5838079113436971,0.6925956358988405,0.7190168799997625,0.8346096109009149,0.6726887104462675,1566.0,663.0,2704.0,3793.0,8726.0,0.7445564978225991
numerical_feature_transformer,1337,NF-UNSW-NB15,ssd_canonical@alpha=2,NF-BoT-IoT,retained,0.989546477967192,0.7035217694744189,0.9991469656349012,0.9903768722821711,0.9947425890726735,0.9899138347559994,0.9999852989687755,0.02096849724104398,15.0,21.0,239.0,24597.0,24872.0,0.9985525892569959
numerical_feature_transformer,1337,NF-UNSW-NB15,ssd_canonical@alpha=2,NF-CSE-CIC-IDS2018,retained,0.9205074537610525,0.9064858451766631,0.663650757747116,0.8869407496977025,0.7592185276232372,0.9564132640119828,0.9075429046519105,0.19656675690799702,18616.0,1487.0,374.0,2934.0,23411.0,0.14130109777455044
numerical_feature_transformer,1337,NF-UNSW-NB15,ssd_canonical@alpha=2,RETAINED_MACRO,retained_macro,0.8413985257949675,0.7510633901973698,0.8380031908580392,0.8203751777745235,0.8155189175315837,0.8884479929225816,0.9140459381738669,0.2967413215317695,20197.0,2171.0,3317.0,31324.0,57009.0,0.6076408988054518
numerical_feature_transformer,1337,NF-UNSW-NB15,ssd_canonical@alpha=3,NF-UNSW-NB15,forgotten,0.9990468020207797,0.9946233407604943,0.9981132075471698,0.9894014962593516,0.9937382592360676,0.9998708268548363,0.9954584735456694,0.005799652468466273,19375.0,3.0,17.0,1587.0,20982.0,0.07644647793346677
numerical_feature_transformer,1337,NF-UNSW-NB15,ssd_canonical@alpha=3,NF-ToN-IoT,retained,0.6102452440980977,0.6392397485038648,0.8486486486486486,0.5799599815299369,0.6890372131297431,0.7172616439668155,0.8335772373007442,0.6650995948098163,1557.0,672.0,2729.0,3768.0,8726.0,0.7445564978225991
numerical_feature_transformer,1337,NF-UNSW-NB15,ssd_canonical@alpha=3,NF-BoT-IoT,retained,0.9897877130910261,0.7036425618725506,0.9991471734892787,0.9906184570784345,0.9948645369995957,0.9896308673788944,0.9999848805304197,0.02130731948462842,15.0,21.0,233.0,24603.0,24872.0,0.9985525892569959
numerical_feature_transformer,1337,NF-UNSW-NB15,ssd_canonical@alpha=3,NF-CSE-CIC-IDS2018,retained,0.9205928836871556,0.906661865816679,0.6638769509160823,0.8872430471584039,0.759477293310907,0.9553214037188528,0.899830855167709,0.19708525534941135,18617.0,1486.0,373.0,2935.0,23411.0,0.14130109777455044
numerical_feature_transformer,1337,NF-UNSW-NB15,ssd_canonical@alpha=3,RETAINED_MACRO,retained_macro,0.8402086136254264,0.7498480587310313,0.8372242576846699,0.8192738285889251,0.8144596811467486,0.8874046383548543,0.9111309909996242,0.2944973898812853,20189.0,2179.0,3335.0,31306.0,57009.0,0.6076408988054518
numerical_feature_transformer,1337,NF-UNSW-NB15,ssd_canonical@alpha=5,NF-UNSW-NB15,forgotten,0.9989514822228577,0.9939998993639856,0.9981108312342569,0.9881546134663342,0.9931077694235589,0.999872145933031,0.995517109950965,0.0058878632991396975,19375.0,3.0,19.0,1585.0,20982.0,0.07644647793346677
numerical_feature_transformer,1337,NF-UNSW-NB15,ssd_canonical@alpha=5,NF-ToN-IoT,retained,0.6376346550538621,0.6576328530136386,0.8563795682838213,0.6167461905494844,0.7170722977809592,0.7268784647336628,0.8375352654405349,0.648613628222986,1557.0,672.0,2490.0,4007.0,8726.0,0.7445564978225991
numerical_feature_transformer,1337,NF-UNSW-NB15,ssd_canonical@alpha=5,NF-BoT-IoT,retained,0.9897877130910261,0.7036425618725506,0.9991471734892787,0.9906184570784345,0.9948645369995957,0.9896263935863711,0.9999848739489641,0.021302208136073045,15.0,21.0,233.0,24603.0,24872.0,0.9985525892569959
numerical_feature_transformer,1337,NF-UNSW-NB15,ssd_canonical@alpha=5,NF-CSE-CIC-IDS2018,retained,0.9205928836871556,0.906661865816679,0.6638769509160823,0.8872430471584039,0.759477293310907,0.9551742173513781,0.8989062553761729,0.19716049636068578,18617.0,1486.0,373.0,2935.0,23411.0,0.14130109777455044
numerical_feature_transformer,1337,NF-UNSW-NB15,ssd_canonical@alpha=5,RETAINED_MACRO,retained_macro,0.8493384172773478,0.7559790935676226,0.8398012308963941,0.8315358982621076,0.8238047093638206,0.8905596918904707,0.9121421315885573,0.28902544423991494,20189.0,2179.0,3096.0,31545.0,57009.0,0.6076408988054518
numerical_feature_transformer,1337,NF-UNSW-NB15,dc_ssd_no_contrast,NF-UNSW-NB15,forgotten,0.9566294919454771,0.7163341645885286,1.0,0.43266832917705733,0.6040034812880766,0.9997471874035625,0.9974390978908827,0.12983957474020122,19378.0,0.0,910.0,694.0,20982.0,0.07644647793346677
numerical_feature_transformer,1337,NF-UNSW-NB15,dc_ssd_no_contrast,NF-ToN-IoT,retained,0.8246619298647719,0.7848502117794229,0.894895849896645,0.8662459596736956,0.8803378695448146,0.7684889315999317,0.8464235380584374,0.5508884981820019,1568.0,661.0,869.0,5628.0,8726.0,0.7445564978225991
numerical_feature_transformer,1337,NF-UNSW-NB15,dc_ssd_no_contrast,NF-BoT-IoT,retained,0.9889835960115793,0.7171086773679785,0.9991870579627673,0.9897729102915124,0.9944577045997006,0.9888088080027201,0.9999836679652394,0.02783631098862779,16.0,20.0,254.0,24582.0,24872.0,0.9985525892569959
numerical_feature_transformer,1337,NF-UNSW-NB15,dc_ssd_no_contrast,NF-CSE-CIC-IDS2018,retained,0.922002477467857,0.9079877461183732,0.6685623293903549,0.8884522370012092,0.7629802699896158,0.960176538829863,0.9261820930953164,0.1951043310094172,18646.0,1457.0,369.0,2939.0,23411.0,0.14130109777455044
numerical_feature_transformer,1337,NF-UNSW-NB15,dc_ssd_no_contrast,RETAINED_MACRO,retained_macro,0.9118826677814026,0.8033155450885916,0.8542150790832558,0.9148237023221392,0.879258614711377,0.905824759477505,0.9241964330396645,0.25794304672668233,20230.0,2138.0,1492.0,33149.0,57009.0,0.6076408988054518
numerical_feature_transformer,1337,NF-UNSW-NB15,dc_ssd_no_class_balance,NF-UNSW-NB15,forgotten,0.9844628729387094,0.8986649706109379,0.99921875,0.7973815461346634,0.8869625520110958,0.9980472012506663,0.9950620964335185,0.061955870784451195,19377.0,1.0,325.0,1279.0,20982.0,0.07644647793346677
numerical_feature_transformer,1337,NF-UNSW-NB15,dc_ssd_no_class_balance,NF-ToN-IoT,retained,0.5778134311253724,0.6179025374792506,0.8388340158997832,0.5359396644605202,0.6540195341848234,0.7225274901699117,0.8300486469234003,0.6678972104503595,1560.0,669.0,3015.0,3482.0,8726.0,0.7445564978225991
numerical_feature_transformer,1337,NF-UNSW-NB15,dc_ssd_no_class_balance,NF-BoT-IoT,retained,0.9884207140559665,0.7168268284390042,0.9991865950870343,0.9892092124335642,0.9941728714794432,0.9898959395859058,0.9999852715125104,0.024175354782097813,16.0,20.0,268.0,24568.0,24872.0,0.9985525892569959
numerical_feature_transformer,1337,NF-UNSW-NB15,dc_ssd_no_class_balance,NF-CSE-CIC-IDS2018,retained,0.9238819358421255,0.9083244492195304,0.6758064516129032,0.8866384522370012,0.7669979079497908,0.9589825443103446,0.9243237249189462,0.19086056531260587,18696.0,1407.0,375.0,2933.0,23411.0,0.14130109777455044
numerical_feature_transformer,1337,NF-UNSW-NB15,dc_ssd_no_class_balance,RETAINED_MACRO,retained_macro,0.8300386936744882,0.7476846050459285,0.837942354199907,0.8039291097103618,0.8050634378713525,0.890468658022054,0.918119214451619,0.2943110435150211,20272.0,2096.0,3658.0,30983.0,57009.0,0.6076408988054518
numerical_feature_transformer,1337,NF-UNSW-NB15,dc_ssd,NF-UNSW-NB15,forgotten,0.9653035935563816,0.7733532499126834,0.9988610478359908,0.5467581047381546,0.7066881547139404,0.9967213828881197,0.9688876038226061,0.13903436981837647,19377.0,1.0,727.0,877.0,20982.0,0.07644647793346677
numerical_feature_transformer,1337,NF-UNSW-NB15,dc_ssd,NF-ToN-IoT,retained,0.831652532661013,0.7858607551416387,0.8928125,0.8794828382330306,0.8860975420640459,0.7552968678714468,0.824620507846706,0.5521808064709736,1543.0,686.0,783.0,5714.0,8726.0,0.7445564978225991
numerical_feature_transformer,1337,NF-UNSW-NB15,dc_ssd,NF-BoT-IoT,retained,0.9891444194274687,0.7171892056333995,0.9991871901162318,0.9899339668223547,0.9945390558634359,0.9903757538340402,0.9999859749711437,0.02654031034237295,16.0,20.0,250.0,24586.0,24872.0,0.9985525892569959
numerical_feature_transformer,1337,NF-UNSW-NB15,dc_ssd,NF-CSE-CIC-IDS2018,retained,0.9334500875656743,0.9136432033431696,0.7127918287937743,0.8860338573155986,0.7900269541778976,0.9595943647169917,0.9263517946336833,0.1773576495712845,18922.0,1181.0,377.0,2931.0,23411.0,0.14130109777455044
numerical_feature_transformer,1337,NF-UNSW-NB15,dc_ssd,RETAINED_MACRO,retained_macro,0.9180823465513853,0.8055643880394024,0.8682638396366688,0.9184835541236612,0.8902211840351265,0.9017556621408263,0.9169860924838443,0.25202625546154367,20481.0,1887.0,1410.0,33231.0,57009.0,0.6076408988054518
numerical_feature_transformer,1337,NF-UNSW-NB15,scrub_r,NF-UNSW-NB15,forgotten,0.12877704699266038,0.465715002152993,0.07122287359868354,0.8634663341645885,0.13159144893111638,0.6203373320491732,0.1314378690271989,7.314536077455587,1317.0,18061.0,219.0,1385.0,20982.0,0.07644647793346677
numerical_feature_transformer,1337,NF-UNSW-NB15,scrub_r,NF-ToN-IoT,retained,0.32649553059821224,0.4949604376192401,0.7320359281437125,0.1505310143142989,0.24971275373420146,0.3501057498809023,0.6921625309103049,2.0131580129233786,1871.0,358.0,5519.0,978.0,8726.0,0.7445564978225991
numerical_feature_transformer,1337,NF-UNSW-NB15,scrub_r,NF-BoT-IoT,retained,0.9724991958829206,0.958492152967914,0.9999172048352376,0.9725398614913835,0.9860385369039844,0.9821752921386517,0.9999738899742046,0.06686151512554461,34.0,2.0,682.0,24154.0,24872.0,0.9985525892569959
numerical_feature_transformer,1337,NF-UNSW-NB15,scrub_r,NF-CSE-CIC-IDS2018,retained,0.9094869932937508,0.68666106552464,0.9576597382602001,0.37605804111245467,0.5400477534187107,0.8544535470019845,0.6974533395020945,0.2578365863321418,20048.0,55.0,2064.0,1244.0,23411.0,0.14130109777455044
numerical_feature_transformer,1337,NF-UNSW-NB15,scrub_r,RETAINED_MACRO,retained_macro,0.7361605732582945,0.7133712187039314,0.8965376237463835,0.4997096389727124,0.5919330146856322,0.7289115296738462,0.7965299201288681,0.779285371460355,21953.0,415.0,8265.0,26376.0,57009.0,0.6076408988054518
numerical_feature_transformer,1337,NF-UNSW-NB15,scrub_r@lr=0.0001,NF-UNSW-NB15,forgotten,0.08650271661424078,0.49972595346189175,0.07640731272008104,0.9875311720698254,0.14184016118200135,0.20893751404335686,0.04506671594187452,13.249989591964836,231.0,19147.0,20.0,1584.0,20982.0,0.07644647793346677
numerical_feature_transformer,1337,NF-UNSW-NB15,scrub_r@lr=0.0001,NF-ToN-IoT,retained,0.3654595461838185,0.5112534252444774,0.7651933701657458,0.2131753116823149,0.3334537137354039,0.47854609087964334,0.7297930930379883,2.1833609532741085,1804.0,425.0,5112.0,1385.0,8726.0,0.7445564978225991
numerical_feature_transformer,1337,NF-UNSW-NB15,scrub_r@lr=0.0001,NF-BoT-IoT,retained,0.973986812479897,0.7928119575526565,0.9994218937110294,0.9745128039942019,0.9868101849020448,0.9788031710241406,0.9999688662232357,0.07171347567920582,22.0,14.0,633.0,24203.0,24872.0,0.9985525892569959
numerical_feature_transformer,1337,NF-UNSW-NB15,scrub_r@lr=0.0001,NF-CSE-CIC-IDS2018,retained,0.9196104395369697,0.7829699117260738,0.7858861267040899,0.592503022974607,0.6756290934160635,0.8409707013114623,0.7219156163586105,0.27920584097443785,19569.0,534.0,1348.0,1960.0,23411.0,0.14130109777455044
numerical_feature_transformer,1337,NF-UNSW-NB15,scrub_r@lr=0.0001,RETAINED_MACRO,retained_macro,0.7530189327335618,0.6956784315077359,0.8501671301936217,0.5933970462170413,0.6652976640178374,0.7661066544050822,0.8172258585399449,0.8447600899759173,21395.0,973.0,7093.0,27548.0,57009.0,0.6076408988054518
numerical_feature_transformer,1337,NF-UNSW-NB15,scrub_r@lr=0.001,NF-UNSW-NB15,forgotten,0.7663711752931084,0.7128303068317441,0.19360832404310666,0.6496259351620948,0.2983109075293444,0.7720086909879806,0.3683191560504753,0.9327873908942513,15038.0,4340.0,562.0,1042.0,20982.0,0.07644647793346677
numerical_feature_transformer,1337,NF-UNSW-NB15,scrub_r@lr=0.001,NF-ToN-IoT,retained,0.3926197570479028,0.5268401822340891,0.7873259721555449,0.25242419578266895,0.3822843822843823,0.4045969589581083,0.71281573894047,2.076788140327246,1786.0,443.0,4857.0,1640.0,8726.0,0.7445564978225991
numerical_feature_transformer,1337,NF-UNSW-NB15,scrub_r@lr=0.001,NF-BoT-IoT,retained,0.9794548086201351,0.7816811617544426,0.9993841100390064,0.9800289901755517,0.9896119208798357,0.9839189527746461,0.9999764542210164,0.05604404161900982,21.0,15.0,496.0,24340.0,24872.0,0.9985525892569959
numerical_feature_transformer,1337,NF-UNSW-NB15,scrub_r@lr=0.001,NF-CSE-CIC-IDS2018,retained,0.9236683610268677,0.7344431844080375,0.9774011299435028,0.470677146311971,0.6353805345847786,0.8031320305625546,0.6601924439845002,0.26563736061292514,20067.0,36.0,1751.0,1557.0,23411.0,0.14130109777455044
numerical_feature_transformer,1337,NF-UNSW-NB15,scrub_r@lr=0.001,RETAINED_MACRO,retained_macro,0.7652476422316351,0.6809881761321898,0.9213704040460181,0.5677101107567305,0.6690922792496655,0.7305493140984364,0.7909948790486622,0.7994898475197271,21874.0,494.0,7104.0,27537.0,57009.0,0.6076408988054518
numerical_feature_transformer,1337,NF-UNSW-NB15,retrained,NF-UNSW-NB15,forgotten,0.5571918787532171,0.43718176434236944,0.05489287782281413,0.2955112219451372,0.09258716671549956,0.3708139696944037,0.07988500446844429,1.053080560230916,11217.0,8161.0,1130.0,474.0,20982.0,0.07644647793346677
numerical_feature_transformer,1337,NF-UNSW-NB15,retrained,NF-ToN-IoT,retained,0.5505386202154481,0.6057753956635126,0.8362496735440063,0.49284285054640603,0.6201820646910711,0.6300053038939255,0.8388473781691321,1.012577581331247,1602.0,627.0,3295.0,3202.0,8726.0,0.7445564978225991
numerical_feature_transformer,1337,NF-UNSW-NB15,retrained,NF-BoT-IoT,retained,0.9858475394017369,0.6600633489021313,0.9990216859611936,0.9867933644709292,0.9928698752228164,0.9870282385784077,0.9999810388028705,0.034326195131000256,12.0,24.0,328.0,24508.0,24872.0,0.9985525892569959
numerical_feature_transformer,1337,NF-UNSW-NB15,retrained,NF-CSE-CIC-IDS2018,retained,0.8798855238990219,0.7472113536688714,0.5769230769230769,0.562273276904474,0.5695039804041642,0.9141408370230675,0.7294882186248011,0.26994316031010807,18739.0,1364.0,1448.0,1860.0,23411.0,0.14130109777455044
numerical_feature_transformer,1337,NF-UNSW-NB15,retrained,RETAINED_MACRO,retained_macro,0.8054238945054023,0.6710166994115051,0.804064812142759,0.6806364973072698,0.7275186401060173,0.8437247931651335,0.8561055451989347,0.4389489789241185,20353.0,2015.0,5071.0,29570.0,57009.0,0.6076408988054518
numerical_feature_transformer,1337,NF-ToN-IoT,original,NF-UNSW-NB15,retained,0.9989514822228577,0.9939998993639856,0.9981108312342569,0.9881546134663342,0.9931077694235589,0.999872145933031,0.995517109950965,0.0058878632991396975,19375.0,3.0,19.0,1585.0,20982.0,0.07644647793346677
numerical_feature_transformer,1337,NF-ToN-IoT,original,NF-ToN-IoT,forgotten,0.6376346550538621,0.6576328530136386,0.8563795682838213,0.6167461905494844,0.7170722977809592,0.7268784647336628,0.8375352654405349,0.648613628222986,1557.0,672.0,2490.0,4007.0,8726.0,0.7445564978225991
numerical_feature_transformer,1337,NF-ToN-IoT,original,NF-BoT-IoT,retained,0.9897877130910261,0.7036425618725506,0.9991471734892787,0.9906184570784345,0.9948645369995957,0.9896263935863711,0.9999848739489641,0.021302208136073045,15.0,21.0,233.0,24603.0,24872.0,0.9985525892569959
numerical_feature_transformer,1337,NF-ToN-IoT,original,NF-CSE-CIC-IDS2018,retained,0.9205928836871556,0.906661865816679,0.6638769509160823,0.8872430471584039,0.759477293310907,0.9551742173513781,0.8989062553761729,0.19716049636068578,18617.0,1486.0,373.0,2935.0,23411.0,0.14130109777455044
numerical_feature_transformer,1337,NF-ToN-IoT,original,RETAINED_MACRO,retained_macro,0.9697773596670132,0.8681014423510717,0.8870449852132061,0.9553387059010575,0.9158165332446871,0.9815575856235933,0.9648027464253673,0.07478352259863284,38007.0,1510.0,625.0,29123.0,69265.0,0.4294809788493467
numerical_feature_transformer,1337,NF-ToN-IoT,rollback_repair,NF-UNSW-NB15,retained,0.9235535220665332,0.5,0.0,0.0,0.0,0.8721234604427108,0.41323232957446665,0.3799348521516569,19378.0,0.0,1604.0,0.0,20982.0,0.07644647793346677
numerical_feature_transformer,1337,NF-ToN-IoT,rollback_repair,NF-ToN-IoT,forgotten,0.25544350217740086,0.5,0.0,0.0,0.0,0.20614777307233562,0.5817577840370257,1.0508252715198712,2229.0,0.0,6497.0,0.0,8726.0,0.7445564978225991
numerical_feature_transformer,1337,NF-ToN-IoT,rollback_repair,NF-BoT-IoT,retained,0.0014474107430041815,0.5,0.0,0.0,0.0,0.5067968092911723,0.9978045984295831,1.2445374326840426,36.0,0.0,24836.0,0.0,24872.0,0.9985525892569959
numerical_feature_transformer,1337,NF-ToN-IoT,rollback_repair,NF-CSE-CIC-IDS2018,retained,0.8586989022254495,0.5,0.0,0.0,0.0,0.2877342057208279,0.09315044152323791,0.5375226364497105,20103.0,0.0,3308.0,0.0,23411.0,0.14130109777455044
numerical_feature_transformer,1337,NF-ToN-IoT,rollback_repair,RETAINED_MACRO,retained_macro,0.5945666116783289,0.5,0.0,0.0,0.0,0.555551491818237,0.5013957898424292,0.7206649737618033,39517.0,0.0,29748.0,0.0,69265.0,0.4294809788493467
numerical_feature_transformer,1337,NF-ToN-IoT,ssd_canonical,NF-UNSW-NB15,retained,0.9989514822228577,0.9939998993639856,0.9981108312342569,0.9881546134663342,0.9931077694235589,0.999872145933031,0.995517109950965,0.0058878632991396975,19375.0,3.0,19.0,1585.0,20982.0,0.07644647793346677
numerical_feature_transformer,1337,NF-ToN-IoT,ssd_canonical,NF-ToN-IoT,forgotten,0.6376346550538621,0.6576328530136386,0.8563795682838213,0.6167461905494844,0.7170722977809592,0.7268784647336628,0.8375352654405349,0.648613628222986,1557.0,672.0,2490.0,4007.0,8726.0,0.7445564978225991
numerical_feature_transformer,1337,NF-ToN-IoT,ssd_canonical,NF-BoT-IoT,retained,0.9897877130910261,0.7036425618725506,0.9991471734892787,0.9906184570784345,0.9948645369995957,0.9896263935863711,0.9999848739489641,0.021302208136073045,15.0,21.0,233.0,24603.0,24872.0,0.9985525892569959
numerical_feature_transformer,1337,NF-ToN-IoT,ssd_canonical,NF-CSE-CIC-IDS2018,retained,0.9205928836871556,0.906661865816679,0.6638769509160823,0.8872430471584039,0.759477293310907,0.9551742173513781,0.8989062553761729,0.19716049636068578,18617.0,1486.0,373.0,2935.0,23411.0,0.14130109777455044
numerical_feature_transformer,1337,NF-ToN-IoT,ssd_canonical,RETAINED_MACRO,retained_macro,0.9697773596670132,0.8681014423510717,0.8870449852132061,0.9553387059010575,0.9158165332446871,0.9815575856235933,0.9648027464253673,0.07478352259863284,38007.0,1510.0,625.0,29123.0,69265.0,0.4294809788493467
numerical_feature_transformer,1337,NF-ToN-IoT,ssd_canonical@alpha=1,NF-UNSW-NB15,retained,0.9235535220665332,0.5,0.0,0.0,0.0,0.701346042083356,0.24236233640505087,0.631296513728584,19378.0,0.0,1604.0,0.0,20982.0,0.07644647793346677
numerical_feature_transformer,1337,NF-ToN-IoT,ssd_canonical@alpha=1,NF-ToN-IoT,forgotten,0.25544350217740086,0.5,0.0,0.0,0.0,0.27155895466955693,0.6019492528088324,0.7378380629092317,2229.0,0.0,6497.0,0.0,8726.0,0.7445564978225991
numerical_feature_transformer,1337,NF-ToN-IoT,ssd_canonical@alpha=1,NF-BoT-IoT,retained,0.0014474107430041815,0.5,0.0,0.0,0.0,0.5850786716415239,0.9971241702685406,0.7605697819516851,36.0,0.0,24836.0,0.0,24872.0,0.9985525892569959
numerical_feature_transformer,1337,NF-ToN-IoT,ssd_canonical@alpha=1,NF-CSE-CIC-IDS2018,retained,0.8586989022254495,0.5,0.0,0.0,0.0,0.18049386199163786,0.0834486236259252,0.64593800892688,20103.0,0.0,3308.0,0.0,23411.0,0.14130109777455044
numerical_feature_transformer,1337,NF-ToN-IoT,ssd_canonical@alpha=1,RETAINED_MACRO,retained_macro,0.5945666116783289,0.5,0.0,0.0,0.0,0.4889728585721726,0.4409783767665056,0.6792681015357163,39517.0,0.0,29748.0,0.0,69265.0,0.4294809788493467
numerical_feature_transformer,1337,NF-ToN-IoT,ssd_canonical@alpha=2,NF-UNSW-NB15,retained,0.9235535220665332,0.5,0.0,0.0,0.0,0.8521159075940039,0.4144683902981358,0.6442549990267514,19378.0,0.0,1604.0,0.0,20982.0,0.07644647793346677
numerical_feature_transformer,1337,NF-ToN-IoT,ssd_canonical@alpha=2,NF-ToN-IoT,forgotten,0.25544350217740086,0.5,0.0,0.0,0.0,0.23196584571282616,0.5875692861929656,0.7288238419354095,2229.0,0.0,6497.0,0.0,8726.0,0.7445564978225991
numerical_feature_transformer,1337,NF-ToN-IoT,ssd_canonical@alpha=2,NF-BoT-IoT,retained,0.0014474107430041815,0.5,0.0,0.0,0.0,0.5476179291709169,0.99684082642268,0.7292682236741604,36.0,0.0,24836.0,0.0,24872.0,0.9985525892569959
numerical_feature_transformer,1337,NF-ToN-IoT,ssd_canonical@alpha=2,NF-CSE-CIC-IDS2018,retained,0.8586989022254495,0.5,0.0,0.0,0.0,0.1724231528667267,0.0835506189446373,0.6664872138885107,20103.0,0.0,3308.0,0.0,23411.0,0.14130109777455044
numerical_feature_transformer,1337,NF-ToN-IoT,ssd_canonical@alpha=2,RETAINED_MACRO,retained_macro,0.5945666116783289,0.5,0.0,0.0,0.0,0.5240523298772158,0.4982866118884844,0.6800034788631409,39517.0,0.0,29748.0,0.0,69265.0,0.4294809788493467
numerical_feature_transformer,1337,NF-ToN-IoT,ssd_canonical@alpha=3,NF-UNSW-NB15,retained,0.3985320751120008,0.6246232262258998,0.10305563562986451,0.8915211970074813,0.1847545219638243,0.8359909327208349,0.4699651778459332,0.6955982378552197,6932.0,12446.0,174.0,1430.0,20982.0,0.07644647793346677
numerical_feature_transformer,1337,NF-ToN-IoT,ssd_canonical@alpha=3,NF-ToN-IoT,forgotten,0.7420352968141187,0.4983069108819455,0.7439108455882353,0.996613821763891,0.851917636997566,0.17234917340805325,0.573017853327112,0.669024124860107,0.0,2229.0,22.0,6475.0,8726.0,0.7445564978225991
numerical_feature_transformer,1337,NF-ToN-IoT,ssd_canonical@alpha=3,NF-BoT-IoT,retained,0.9985525892569959,0.5,0.9985525892569959,1.0,0.9992757704997184,0.5672746550705964,0.9970411912967034,0.5480111357675385,0.0,36.0,0.0,24836.0,24872.0,0.9985525892569959
numerical_feature_transformer,1337,NF-ToN-IoT,ssd_canonical@alpha=3,NF-CSE-CIC-IDS2018,retained,0.14228354192473625,0.4072534834357593,0.11725239616613418,0.776602176541717,0.2037433579189468,0.16738125287177325,0.08285430883016193,0.8093192612176023,762.0,19341.0,739.0,2569.0,23411.0,0.14130109777455044
numerical_feature_transformer,1337,NF-ToN-IoT,ssd_canonical@alpha=3,RETAINED_MACRO,retained_macro,0.5131227354312443,0.5106255698872197,0.40628687368433153,0.8893744578497328,0.4625912167941631,0.5235489468877349,0.5166202259909328,0.6843095449467868,7694.0,31823.0,913.0,28835.0,69265.0,0.4294809788493467
numerical_feature_transformer,1337,NF-ToN-IoT,ssd_canonical@alpha=5,NF-UNSW-NB15,retained,0.922695643885235,0.5021088199616554,0.25,0.005610972568578554,0.01097560975609756,0.8008660198765137,0.18584023041917241,0.23390142907415348,19351.0,27.0,1595.0,9.0,20982.0,0.07644647793346677
numerical_feature_transformer,1337,NF-ToN-IoT,ssd_canonical@alpha=5,NF-ToN-IoT,forgotten,0.3355489342195737,0.5537940587963676,1.0,0.10758811759273511,0.1942745969983324,0.7495479329832528,0.8989268167208273,1.3618684351376227,2229.0,0.0,5798.0,699.0,8726.0,0.7445564978225991
numerical_feature_transformer,1337,NF-ToN-IoT,ssd_canonical@alpha=5,NF-BoT-IoT,retained,0.16170794467674493,0.5802464164921888,1.0,0.16049283298437753,0.27659426826729583,0.744159463860704,0.9995679065267328,1.4929774679744652,36.0,0.0,20850.0,3986.0,24872.0,0.9985525892569959
numerical_feature_transformer,1337,NF-ToN-IoT,ssd_canonical@alpha=5,NF-CSE-CIC-IDS2018,retained,0.8585280423732433,0.4999005123613391,0.0,0.0,0.0,0.8901656168435098,0.5844322362669659,0.3734217578544502,20099.0,4.0,3308.0,0.0,23411.0,0.14130109777455044
numerical_feature_transformer,1337,NF-ToN-IoT,ssd_canonical@alpha=5,RETAINED_MACRO,retained_macro,0.6476438769784078,0.5274185829383945,0.4166666666666667,0.0553679351843187,0.0958566260077978,0.8117303668602425,0.589946791070957,0.700100218301023,39486.0,31.0,25753.0,3995.0,69265.0,0.4294809788493467
numerical_feature_transformer,1337,NF-ToN-IoT,dc_ssd_no_contrast,NF-UNSW-NB15,retained,0.9640167762844343,0.8976028552830948,0.7386172006745363,0.8192019950124688,0.7768253029855158,0.9750881144234057,0.8791559811290938,0.107142388189109,18913.0,465.0,290.0,1314.0,20982.0,0.07644647793346677
numerical_feature_transformer,1337,NF-ToN-IoT,dc_ssd_no_contrast,NF-ToN-IoT,forgotten,0.22793949117579648,0.3993045967379913,0.363013698630137,0.04894566723102971,0.08626068086260681,0.20669394087604914,0.5878534511497515,3.0594920948884954,1671.0,558.0,6179.0,318.0,8726.0,0.7445564978225991
numerical_feature_transformer,1337,NF-ToN-IoT,dc_ssd_no_contrast,NF-BoT-IoT,retained,0.7254744290768735,0.5574256008303359,0.9987812984710835,0.7259623127717829,0.8407946278679351,0.5307494944614448,0.9959949978685317,0.5287850528094855,14.0,22.0,6806.0,18030.0,24872.0,0.9985525892569959
numerical_feature_transformer,1337,NF-ToN-IoT,dc_ssd_no_contrast,NF-CSE-CIC-IDS2018,retained,0.8549827004399642,0.6034035659521542,0.4752700397953383,0.25272067714631197,0.32997829090191433,0.5208418257220778,0.28934527071442645,0.5304033582005419,19180.0,923.0,2472.0,836.0,23411.0,0.14130109777455044
numerical_feature_transformer,1337,NF-ToN-IoT,dc_ssd_no_contrast,RETAINED_MACRO,retained_macro,0.848157968600424,0.6861440073551949,0.7375561796469859,0.5992949949768546,0.6491994072517885,0.6755598115356428,0.7214987499040174,0.38877693306637884,38107.0,1410.0,9568.0,20180.0,69265.0,0.4294809788493467
numerical_feature_transformer,1337,NF-ToN-IoT,dc_ssd_no_class_balance,NF-UNSW-NB15,retained,0.07358688399580593,0.48129675810473815,0.07379791606920945,0.9625935162094763,0.13708603391636331,0.13768512458146615,0.04215939549304336,0.694138672317855,0.0,19378.0,60.0,1544.0,20982.0,0.07644647793346677
numerical_feature_transformer,1337,NF-ToN-IoT,dc_ssd_no_class_balance,NF-ToN-IoT,forgotten,0.7449002979601191,0.5006729475100942,0.7448125644846957,1.0,0.8537450722733245,0.5296281273622301,0.7207023031272612,0.6927798621066565,3.0,2226.0,0.0,6497.0,8726.0,0.7445564978225991
numerical_feature_transformer,1337,NF-ToN-IoT,dc_ssd_no_class_balance,NF-BoT-IoT,retained,0.44471695078803475,0.3197620837136057,0.9973833799512767,0.44507972298276693,0.615495977059495,0.2852065102628801,0.9971478398432286,0.6929948341601262,7.0,29.0,13782.0,11054.0,24872.0,0.9985525892569959
numerical_feature_transformer,1337,NF-ToN-IoT,dc_ssd_no_class_balance,NF-CSE-CIC-IDS2018,retained,0.14138652770065355,0.5000497438193304,0.14131317014823358,1.0,0.24763259347980687,0.2972720868422425,0.09605766865417939,0.6940325687380696,2.0,20101.0,0.0,3308.0,23411.0,0.14130109777455044
numerical_feature_transformer,1337,NF-ToN-IoT,dc_ssd_no_class_balance,RETAINED_MACRO,retained_macro,0.2198967874948314,0.43370286187922474,0.4041648220562399,0.8025577463974144,0.3334048681518884,0.24005457389552956,0.37845496799681716,0.693722025072017,9.0,39508.0,13842.0,15906.0,69265.0,0.4294809788493467
numerical_feature_transformer,1337,NF-ToN-IoT,dc_ssd,NF-UNSW-NB15,retained,0.9235535220665332,0.5,0.0,0.0,0.0,0.8500662692015961,0.6906183865627324,0.28261005358370583,19378.0,0.0,1604.0,0.0,20982.0,0.07644647793346677
numerical_feature_transformer,1337,NF-ToN-IoT,dc_ssd,NF-ToN-IoT,forgotten,0.25544350217740086,0.5,0.0,0.0,0.0,0.5632681488153451,0.7167567954581888,2.765963341529311,2229.0,0.0,6497.0,0.0,8726.0,0.7445564978225991
numerical_feature_transformer,1337,NF-ToN-IoT,dc_ssd,NF-BoT-IoT,retained,0.0014474107430041815,0.5,0.0,0.0,0.0,0.881434432096777,0.9993907267289505,3.5074465224716764,36.0,0.0,24836.0,0.0,24872.0,0.9985525892569959
numerical_feature_transformer,1337,NF-ToN-IoT,dc_ssd,NF-CSE-CIC-IDS2018,retained,0.8586989022254495,0.5,0.0,0.0,0.0,0.8315794877661782,0.4102553195950393,0.5431952525280471,20103.0,0.0,3308.0,0.0,23411.0,0.14130109777455044
numerical_feature_transformer,1337,NF-ToN-IoT,dc_ssd,RETAINED_MACRO,retained_macro,0.5945666116783289,0.5,0.0,0.0,0.0,0.8543600630215171,0.7000881442955741,1.4444172761944765,39517.0,0.0,29748.0,0.0,69265.0,0.4294809788493467
numerical_feature_transformer,1337,NF-ToN-IoT,scrub_r,NF-UNSW-NB15,retained,0.9993327614145459,0.997923256159323,0.9950186799501868,0.9962593516209476,0.9956386292834891,0.999833796147468,0.9966309709603883,0.0037774058221526304,19370.0,8.0,6.0,1598.0,20982.0,0.07644647793346677
numerical_feature_transformer,1337,NF-ToN-IoT,scrub_r,NF-ToN-IoT,forgotten,0.8095347238138896,0.6419228034500929,0.8037441889684633,0.9846082807449592,0.8850304371887106,0.7818466168566047,0.8453632422454632,1.1792862936434672,667.0,1562.0,100.0,6397.0,8726.0,0.7445564978225991
numerical_feature_transformer,1337,NF-ToN-IoT,scrub_r,NF-BoT-IoT,retained,0.992039240913477,0.6909012007659133,0.9991086621829673,0.9929135126429377,0.9960014540167212,0.9811049372774289,0.9999721596924575,0.026421998591703733,14.0,22.0,176.0,24660.0,24872.0,0.9985525892569959
numerical_feature_transformer,1337,NF-ToN-IoT,scrub_r,NF-CSE-CIC-IDS2018,retained,0.9792405279569433,0.9352548176768722,0.9766891891891892,0.8739419588875453,0.9224633056796426,0.9510928933645896,0.9199547255954464,0.11557549408959622,20034.0,69.0,417.0,2891.0,23411.0,0.14130109777455044
numerical_feature_transformer,1337,NF-ToN-IoT,scrub_r,RETAINED_MACRO,retained_macro,0.9902041767616554,0.8746930915340361,0.9902721771074477,0.9543716077171435,0.9713677963266177,0.9773438755964955,0.9721859520827641,0.0485916328344842,39418.0,99.0,599.0,29149.0,69265.0,0.4294809788493467
numerical_feature_transformer,1337,NF-ToN-IoT,scrub_r@lr=0.0001,NF-UNSW-NB15,retained,0.9989514822228577,0.994285817605846,0.9974842767295597,0.9887780548628429,0.9931120851596744,0.9998374638283021,0.9927808893809296,0.005455299543071092,19374.0,4.0,18.0,1586.0,20982.0,0.07644647793346677
numerical_feature_transformer,1337,NF-ToN-IoT,scrub_r@lr=0.0001,NF-ToN-IoT,forgotten,0.8361219344487738,0.7775156328838109,0.884271196723798,0.897337232568878,0.8907563025210085,0.8294098950179787,0.918065591320839,0.49591764671032396,1466.0,763.0,667.0,5830.0,8726.0,0.7445564978225991
numerical_feature_transformer,1337,NF-ToN-IoT,scrub_r@lr=0.0001,NF-BoT-IoT,retained,0.9897877130910261,0.6620362914049498,0.9990255785627283,0.9907392494765662,0.9948651599078154,0.988533669762531,0.9999832728349469,0.02568813905118181,12.0,24.0,230.0,24606.0,24872.0,0.9985525892569959
numerical_feature_transformer,1337,NF-ToN-IoT,scrub_r@lr=0.0001,NF-CSE-CIC-IDS2018,retained,0.9582674810986288,0.926704737831125,0.8321459105158164,0.8827085852478839,0.8566818248496406,0.9587647346516106,0.9254412317997532,0.1290732292273536,19514.0,589.0,388.0,2920.0,23411.0,0.14130109777455044
numerical_feature_transformer,1337,NF-ToN-IoT,scrub_r@lr=0.0001,RETAINED_MACRO,retained_macro,0.9823355588041709,0.861008948947307,0.9428852552693682,0.9540752965290977,0.9482196899723768,0.9823786227474812,0.9727351313385433,0.0534055559405355,38900.0,617.0,636.0,29112.0,69265.0,0.4294809788493467
numerical_feature_transformer,1337,NF-ToN-IoT,scrub_r@lr=0.001,NF-UNSW-NB15,retained,0.9989514822228577,0.9948576540895671,0.9962358845671268,0.9900249376558603,0.9931207004377736,0.9998380429358023,0.9982191191102758,0.004307749559667864,19372.0,6.0,16.0,1588.0,20982.0,0.07644647793346677
numerical_feature_transformer,1337,NF-ToN-IoT,scrub_r@lr=0.001,NF-ToN-IoT,forgotten,0.8119413247765299,0.662548017986422,0.8144263144263144,0.9679852239495151,0.8845910401575356,0.6903476104821958,0.7947749327473236,1.0596091101651444,796.0,1433.0,208.0,6289.0,8726.0,0.7445564978225991
numerical_feature_transformer,1337,NF-ToN-IoT,scrub_r@lr=0.001,NF-BoT-IoT,retained,0.9910743004181409,0.5655992197705839,0.9987437185929648,0.992309550652279,0.9955162384876394,0.9788087632647948,0.9999688634585671,0.028188072134116924,5.0,31.0,191.0,24645.0,24872.0,0.9985525892569959
numerical_feature_transformer,1337,NF-ToN-IoT,scrub_r@lr=0.001,NF-CSE-CIC-IDS2018,retained,0.9780017940284481,0.9332707640897263,0.9703603907039408,0.870918984280532,0.9179544368328819,0.9574017494907274,0.9247486843056656,0.0980344333919069,20015.0,88.0,427.0,2881.0,23411.0,0.14130109777455044
numerical_feature_transformer,1337,NF-ToN-IoT,scrub_r@lr=0.001,RETAINED_MACRO,retained_macro,0.9893425255564822,0.8312425459832924,0.988446664621344,0.9510844908628905,0.9688637919194316,0.9786828518971081,0.9743122222915028,0.0435100850285639,39392.0,125.0,634.0,29114.0,69265.0,0.4294809788493467
numerical_feature_transformer,1337,NF-ToN-IoT,retrained,NF-UNSW-NB15,retained,0.9981889238394814,0.9890123681919157,0.9980916030534351,0.9781795511221946,0.9880352644836272,0.9999279654615141,0.9986960888443155,0.004650488299794374,19375.0,3.0,35.0,1569.0,20982.0,0.07644647793346677
numerical_feature_transformer,1337,NF-ToN-IoT,retrained,NF-ToN-IoT,forgotten,0.8639697455878982,0.7599666906346602,0.8623089519650655,0.9726027397260274,0.9141410488245931,0.7196526774651765,0.8159857816983457,0.880710042711303,1220.0,1009.0,178.0,6319.0,8726.0,0.7445564978225991
numerical_feature_transformer,1337,NF-ToN-IoT,retrained,NF-BoT-IoT,retained,0.99191862335156,0.6908408045668474,0.9991085538311925,0.9927927202448059,0.9959406240533172,0.8301630921064405,0.9996460266460134,0.022412853620759253,14.0,22.0,179.0,24657.0,24872.0,0.9985525892569959
numerical_feature_transformer,1337,NF-ToN-IoT,retrained,NF-CSE-CIC-IDS2018,retained,0.9820170005552945,0.9385130904740225,0.9941800753166724,0.8778718258766627,0.932412907368759,0.9536167982171142,0.9252631253170663,0.09662861007593106,20086.0,17.0,404.0,2904.0,23411.0,0.14130109777455044
numerical_feature_transformer,1337,NF-ToN-IoT,retrained,RETAINED_MACRO,retained_macro,0.9907081825821119,0.8727887544109286,0.9971267440671,0.9496146990812212,0.9721295986352345,0.9279026185950229,0.9745350802691317,0.041230650665494896,39475.0,42.0,618.0,29130.0,69265.0,0.4294809788493467
numerical_feature_transformer,1337,NF-BoT-IoT,original,NF-UNSW-NB15,retained,0.9989514822228577,0.9939998993639856,0.9981108312342569,0.9881546134663342,0.9931077694235589,0.999872145933031,0.995517109950965,0.0058878632991396975,19375.0,3.0,19.0,1585.0,20982.0,0.07644647793346677
numerical_feature_transformer,1337,NF-BoT-IoT,original,NF-ToN-IoT,retained,0.6376346550538621,0.6576328530136386,0.8563795682838213,0.6167461905494844,0.7170722977809592,0.7268784647336628,0.8375352654405349,0.648613628222986,1557.0,672.0,2490.0,4007.0,8726.0,0.7445564978225991
numerical_feature_transformer,1337,NF-BoT-IoT,original,NF-BoT-IoT,forgotten,0.9897877130910261,0.7036425618725506,0.9991471734892787,0.9906184570784345,0.9948645369995957,0.9896263935863711,0.9999848739489641,0.021302208136073045,15.0,21.0,233.0,24603.0,24872.0,0.9985525892569959
numerical_feature_transformer,1337,NF-BoT-IoT,original,NF-CSE-CIC-IDS2018,retained,0.9205928836871556,0.906661865816679,0.6638769509160823,0.8872430471584039,0.759477293310907,0.9551742173513781,0.8989062553761729,0.19716049636068578,18617.0,1486.0,373.0,2935.0,23411.0,0.14130109777455044
numerical_feature_transformer,1337,NF-BoT-IoT,original,RETAINED_MACRO,retained_macro,0.8523930069879584,0.8527648727314343,0.8394557834780536,0.830714617058074,0.8232191201718084,0.8939749426726906,0.9106528769225576,0.28388732929427046,39549.0,2161.0,2882.0,8527.0,53119.0,0.21478190477983397
numerical_feature_transformer,1337,NF-BoT-IoT,rollback_repair,NF-UNSW-NB15,retained,0.9235535220665332,0.5,0.0,0.0,0.0,0.10525766230002453,0.04107611598368619,0.31615517098607815,19378.0,0.0,1604.0,0.0,20982.0,0.07644647793346677
numerical_feature_transformer,1337,NF-BoT-IoT,rollback_repair,NF-ToN-IoT,retained,0.25544350217740086,0.5,0.0,0.0,0.0,0.658648299076918,0.7777242297633045,1.362894520336581,2229.0,0.0,6497.0,0.0,8726.0,0.7445564978225991
numerical_feature_transformer,1337,NF-BoT-IoT,rollback_repair,NF-BoT-IoT,forgotten,0.0014474107430041815,0.5,0.0,0.0,0.0,0.567247812315456,0.9986672419908706,1.77316884898469,36.0,0.0,24836.0,0.0,24872.0,0.9985525892569959
numerical_feature_transformer,1337,NF-BoT-IoT,rollback_repair,NF-CSE-CIC-IDS2018,retained,0.8586989022254495,0.5,0.0,0.0,0.0,0.8439471350717926,0.5184116438867977,0.4062370529123491,20103.0,0.0,3308.0,0.0,23411.0,0.14130109777455044
numerical_feature_transformer,1337,NF-BoT-IoT,rollback_repair,RETAINED_MACRO,retained_macro,0.6792319754897945,0.5,0.0,0.0,0.0,0.5359510321495784,0.44573732987792947,0.6950955814116694,41710.0,0.0,11409.0,0.0,53119.0,0.21478190477983397
numerical_feature_transformer,1337,NF-BoT-IoT,ssd_canonical,NF-UNSW-NB15,retained,0.9989514822228577,0.9939998993639856,0.9981108312342569,0.9881546134663342,0.9931077694235589,0.999872145933031,0.995517109950965,0.0058878632991396975,19375.0,3.0,19.0,1585.0,20982.0,0.07644647793346677
numerical_feature_transformer,1337,NF-BoT-IoT,ssd_canonical,NF-ToN-IoT,retained,0.6376346550538621,0.6576328530136386,0.8563795682838213,0.6167461905494844,0.7170722977809592,0.7268784647336628,0.8375352654405349,0.648613628222986,1557.0,672.0,2490.0,4007.0,8726.0,0.7445564978225991
numerical_feature_transformer,1337,NF-BoT-IoT,ssd_canonical,NF-BoT-IoT,forgotten,0.9897877130910261,0.7036425618725506,0.9991471734892787,0.9906184570784345,0.9948645369995957,0.9896263935863711,0.9999848739489641,0.021302208136073045,15.0,21.0,233.0,24603.0,24872.0,0.9985525892569959
numerical_feature_transformer,1337,NF-BoT-IoT,ssd_canonical,NF-CSE-CIC-IDS2018,retained,0.9205928836871556,0.906661865816679,0.6638769509160823,0.8872430471584039,0.759477293310907,0.9551742173513781,0.8989062553761729,0.19716049636068578,18617.0,1486.0,373.0,2935.0,23411.0,0.14130109777455044
numerical_feature_transformer,1337,NF-BoT-IoT,ssd_canonical,RETAINED_MACRO,retained_macro,0.8523930069879584,0.8527648727314343,0.8394557834780536,0.830714617058074,0.8232191201718084,0.8939749426726906,0.9106528769225576,0.28388732929427046,39549.0,2161.0,2882.0,8527.0,53119.0,0.21478190477983397
numerical_feature_transformer,1337,NF-BoT-IoT,ssd_canonical@alpha=1,NF-UNSW-NB15,retained,0.9991421218187018,0.995246782157003,0.9981155778894473,0.9906483790523691,0.9943679599499374,0.9998722424509476,0.9954852955523927,0.005686847959181677,19375.0,3.0,15.0,1589.0,20982.0,0.07644647793346677
numerical_feature_transformer,1337,NF-BoT-IoT,ssd_canonical@alpha=1,NF-ToN-IoT,retained,0.6729314691725876,0.6823676013493614,0.8662779006635833,0.6630752655071571,0.7511769834350479,0.7463241653513962,0.8431963263107171,0.6295633163334975,1564.0,665.0,2189.0,4308.0,8726.0,0.7445564978225991
numerical_feature_transformer,1337,NF-BoT-IoT,ssd_canonical@alpha=1,NF-BoT-IoT,forgotten,0.9871341267288517,0.6884450886705679,0.9991042345276873,0.9880012884522468,0.9935217426512268,0.9827926755068807,0.9999747337422432,0.050361370979291636,14.0,22.0,298.0,24538.0,24872.0,0.9985525892569959
numerical_feature_transformer,1337,NF-BoT-IoT,ssd_canonical@alpha=1,NF-CSE-CIC-IDS2018,retained,0.9183717056084747,0.9089042774932796,0.6542283064694193,0.8957073760580411,0.7561566926119688,0.9570393850148158,0.9097975172804965,0.196864241350996,18537.0,1566.0,345.0,2963.0,23411.0,0.14130109777455044
numerical_feature_transformer,1337,NF-BoT-IoT,ssd_canonical@alpha=1,RETAINED_MACRO,retained_macro,0.8634817655332547,0.8621728869998814,0.8395405950074833,0.8498103402058558,0.8339005453323182,0.90107859760572,0.9161597130478687,0.27737146854789174,39476.0,2234.0,2549.0,8860.0,53119.0,0.21478190477983397
numerical_feature_transformer,1337,NF-BoT-IoT,ssd_canonical@alpha=2,NF-UNSW-NB15,retained,0.9991421218187018,0.995246782157003,0.9981155778894473,0.9906483790523691,0.9943679599499374,0.9998716633434476,0.9954857515388588,0.00575311791778796,19375.0,3.0,15.0,1589.0,20982.0,0.07644647793346677
numerical_feature_transformer,1337,NF-BoT-IoT,ssd_canonical@alpha=2,NF-ToN-IoT,retained,0.6165482466192986,0.6431777568181554,0.8501889308735274,0.5887332615053101,0.695707530010913,0.7283701287953381,0.835366531706187,0.6666476731167967,1555.0,674.0,2672.0,3825.0,8726.0,0.7445564978225991
numerical_feature_transformer,1337,NF-BoT-IoT,ssd_canonical@alpha=2,NF-BoT-IoT,forgotten,0.9892248311354133,0.7172294697661101,0.9991872561768531,0.9900144950877758,0.9945797265593399,0.9893859272382384,0.9999845271999506,0.023279458551904702,16.0,20.0,248.0,24588.0,24872.0,0.9985525892569959
numerical_feature_transformer,1337,NF-BoT-IoT,ssd_canonical@alpha=2,NF-CSE-CIC-IDS2018,retained,0.9245226602878989,0.9103391265334193,0.6770857274189841,0.8905683192261185,0.7692910301605954,0.9569594309980746,0.9060231200552342,0.1935658866741547,18698.0,1405.0,362.0,2946.0,23411.0,0.14130109777455044
numerical_feature_transformer,1337,NF-BoT-IoT,ssd_canonical@alpha=2,RETAINED_MACRO,retained_macro,0.8467376762419665,0.8495878885028593,0.8417967453939862,0.823316653261266,0.8197888400404819,0.8950670743789534,0.9122918011000932,0.2886555592362465,39628.0,2082.0,3049.0,8360.0,53119.0,0.21478190477983397
numerical_feature_transformer,1337,NF-BoT-IoT,ssd_canonical@alpha=3,NF-UNSW-NB15,retained,0.9989514822228577,0.9939998993639856,0.9981108312342569,0.9881546134663342,0.9931077694235589,0.999872145933031,0.995517109950965,0.0058878632991396975,19375.0,3.0,19.0,1585.0,20982.0,0.07644647793346677
numerical_feature_transformer,1337,NF-BoT-IoT,ssd_canonical@alpha=3,NF-ToN-IoT,retained,0.6376346550538621,0.6576328530136386,0.8563795682838213,0.6167461905494844,0.7170722977809592,0.7268784647336628,0.8375352654405349,0.648613628222986,1557.0,672.0,2490.0,4007.0,8726.0,0.7445564978225991
numerical_feature_transformer,1337,NF-BoT-IoT,ssd_canonical@alpha=3,NF-BoT-IoT,forgotten,0.9897877130910261,0.7036425618725506,0.9991471734892787,0.9906184570784345,0.9948645369995957,0.9896263935863711,0.9999848739489641,0.021302208136073045,15.0,21.0,233.0,24603.0,24872.0,0.9985525892569959
numerical_feature_transformer,1337,NF-BoT-IoT,ssd_canonical@alpha=3,NF-CSE-CIC-IDS2018,retained,0.9205928836871556,0.906661865816679,0.6638769509160823,0.8872430471584039,0.759477293310907,0.9551742173513781,0.8989062553761729,0.19716049636068578,18617.0,1486.0,373.0,2935.0,23411.0,0.14130109777455044
numerical_feature_transformer,1337,NF-BoT-IoT,ssd_canonical@alpha=3,RETAINED_MACRO,retained_macro,0.8523930069879584,0.8527648727314343,0.8394557834780536,0.830714617058074,0.8232191201718084,0.8939749426726906,0.9106528769225576,0.28388732929427046,39549.0,2161.0,2882.0,8527.0,53119.0,0.21478190477983397
numerical_feature_transformer,1337,NF-BoT-IoT,ssd_canonical@alpha=5,NF-UNSW-NB15,retained,0.9989514822228577,0.9939998993639856,0.9981108312342569,0.9881546134663342,0.9931077694235589,0.999872145933031,0.995517109950965,0.0058878632991396975,19375.0,3.0,19.0,1585.0,20982.0,0.07644647793346677
numerical_feature_transformer,1337,NF-BoT-IoT,ssd_canonical@alpha=5,NF-ToN-IoT,retained,0.6376346550538621,0.6576328530136386,0.8563795682838213,0.6167461905494844,0.7170722977809592,0.7268784647336628,0.8375352654405349,0.648613628222986,1557.0,672.0,2490.0,4007.0,8726.0,0.7445564978225991
numerical_feature_transformer,1337,NF-BoT-IoT,ssd_canonical@alpha=5,NF-BoT-IoT,forgotten,0.9897877130910261,0.7036425618725506,0.9991471734892787,0.9906184570784345,0.9948645369995957,0.9896263935863711,0.9999848739489641,0.021302208136073045,15.0,21.0,233.0,24603.0,24872.0,0.9985525892569959
numerical_feature_transformer,1337,NF-BoT-IoT,ssd_canonical@alpha=5,NF-CSE-CIC-IDS2018,retained,0.9205928836871556,0.906661865816679,0.6638769509160823,0.8872430471584039,0.759477293310907,0.9551742173513781,0.8989062553761729,0.19716049636068578,18617.0,1486.0,373.0,2935.0,23411.0,0.14130109777455044
numerical_feature_transformer,1337,NF-BoT-IoT,ssd_canonical@alpha=5,RETAINED_MACRO,retained_macro,0.8523930069879584,0.8527648727314343,0.8394557834780536,0.830714617058074,0.8232191201718084,0.8939749426726906,0.9106528769225576,0.28388732929427046,39549.0,2161.0,2882.0,8527.0,53119.0,0.21478190477983397
numerical_feature_transformer,1337,NF-BoT-IoT,dc_ssd_no_contrast,NF-UNSW-NB15,retained,0.08140310742541226,0.47695081369751385,0.07314716397719587,0.9438902743142145,0.13577257645054255,0.6679864741078463,0.201872453649954,1.3434259205243335,194.0,19184.0,90.0,1514.0,20982.0,0.07644647793346677
numerical_feature_transformer,1337,NF-BoT-IoT,dc_ssd_no_contrast,NF-ToN-IoT,retained,0.8545725418290168,0.7540981574613621,0.861049723756906,0.9595197783592427,0.9076217514741209,0.6720225568442294,0.7790424158916793,0.5012030937917121,1223.0,1006.0,263.0,6234.0,8726.0,0.7445564978225991
numerical_feature_transformer,1337,NF-BoT-IoT,dc_ssd_no_contrast,NF-BoT-IoT,forgotten,0.029068832422000642,0.31966813407061434,0.9804195804195804,0.028225157030117572,0.05487065085515244,0.3647046849555305,0.9966898826021183,1.0706425371540174,22.0,14.0,24135.0,701.0,24872.0,0.9985525892569959
numerical_feature_transformer,1337,NF-BoT-IoT,dc_ssd_no_contrast,NF-CSE-CIC-IDS2018,retained,0.8704455170646277,0.748912440411927,0.5386344478786176,0.5795042321644498,0.5583224115334207,0.7804233229099882,0.6168486096063728,0.4800962850304364,18461.0,1642.0,1391.0,1917.0,23411.0,0.14130109777455044
numerical_feature_transformer,1337,NF-BoT-IoT,dc_ssd_no_contrast,RETAINED_MACRO,retained_macro,0.6021403887730189,0.6599871371902676,0.4909437785375732,0.8276380949459691,0.5339055798193614,0.706810784620688,0.5325878263826688,0.774908433115494,19878.0,21832.0,1744.0,9665.0,53119.0,0.21478190477983397
numerical_feature_transformer,1337,NF-BoT-IoT,dc_ssd_no_class_balance,NF-UNSW-NB15,retained,0.9991421218187018,0.995246782157003,0.9981155778894473,0.9906483790523691,0.9943679599499374,0.9998717920340031,0.9954550188844764,0.00557990195806401,19375.0,3.0,15.0,1589.0,20982.0,0.07644647793346677
numerical_feature_transformer,1337,NF-BoT-IoT,dc_ssd_no_class_balance,NF-ToN-IoT,retained,0.6543662617465047,0.6690161653102411,0.8608749740825212,0.6390641834692935,0.7335689045936395,0.7361583111175376,0.8385884525155813,0.6471599526679686,1558.0,671.0,2345.0,4152.0,8726.0,0.7445564978225991
numerical_feature_transformer,1337,NF-BoT-IoT,dc_ssd_no_class_balance,NF-BoT-IoT,forgotten,0.989305242843358,0.6895322202537535,0.9991061997237345,0.9901755516186181,0.9946208291203236,0.9878749038134609,0.9999823226280887,0.022201380642590952,14.0,22.0,244.0,24592.0,24872.0,0.9985525892569959
numerical_feature_transformer,1337,NF-BoT-IoT,dc_ssd_no_class_balance,NF-CSE-CIC-IDS2018,retained,0.9258895391055487,0.9094934289737958,0.6832052177964127,0.8866384522370012,0.771740560452572,0.9569724985249785,0.9080217923639672,0.19177605315489457,18743.0,1360.0,375.0,2933.0,23411.0,0.14130109777455044
numerical_feature_transformer,1337,NF-BoT-IoT,dc_ssd_no_class_balance,RETAINED_MACRO,retained_macro,0.8597993075569184,0.8579187921470134,0.8473985899227937,0.8387836715862212,0.8332258083320495,0.897667533892173,0.9140217545880084,0.28150530259364237,39676.0,2034.0,2735.0,8674.0,53119.0,0.21478190477983397
numerical_feature_transformer,1337,NF-BoT-IoT,dc_ssd,NF-UNSW-NB15,retained,0.07644647793346677,0.5,0.07644647793346677,1.0,0.142034888869211,0.3939025353068974,0.057313915341883424,1.2189068528942077,0.0,19378.0,0.0,1604.0,20982.0,0.07644647793346677
numerical_feature_transformer,1337,NF-BoT-IoT,dc_ssd,NF-ToN-IoT,retained,0.7445564978225991,0.5,0.7445564978225991,1.0,0.8535768245418117,0.5255749055729417,0.7451014499283891,0.5678855040208827,0.0,2229.0,0.0,6497.0,8726.0,0.7445564978225991
numerical_feature_transformer,1337,NF-BoT-IoT,dc_ssd,NF-BoT-IoT,forgotten,0.9985525892569959,0.5,0.9985525892569959,1.0,0.9992757704997184,0.40245119092356973,0.9972546671760059,0.3300187410061324,0.0,36.0,0.0,24836.0,24872.0,0.9985525892569959
numerical_feature_transformer,1337,NF-BoT-IoT,dc_ssd,NF-CSE-CIC-IDS2018,retained,0.14130109777455044,0.5,0.14130109777455044,1.0,0.2476140574123283,0.5358087454807259,0.3722762031328129,1.1067222524386353,0.0,20103.0,0.0,3308.0,23411.0,0.14130109777455044
numerical_feature_transformer,1337,NF-BoT-IoT,dc_ssd,RETAINED_MACRO,retained_macro,0.3207680245102055,0.5,0.3207680245102055,1.0,0.4144085902744503,0.4850953954535217,0.3915638561343618,0.9645048697845753,0.0,41710.0,0.0,11409.0,53119.0,0.21478190477983397
numerical_feature_transformer,1337,NF-BoT-IoT,scrub_r,NF-UNSW-NB15,retained,0.9991421218187018,0.9961045368825845,0.9962453066332916,0.9925187032418953,0.9943785134291068,0.9998329274862179,0.9962235138554163,0.0038701597035566662,19372.0,6.0,12.0,1592.0,20982.0,0.07644647793346677
numerical_feature_transformer,1337,NF-BoT-IoT,scrub_r,NF-ToN-IoT,retained,0.5990144396057758,0.6063523607161617,0.8198890311566368,0.5913498537786671,0.6871143700259322,0.663078303800774,0.828758920709303,1.187174672298546,1385.0,844.0,2655.0,3842.0,8726.0,0.7445564978225991
numerical_feature_transformer,1337,NF-BoT-IoT,scrub_r,NF-BoT-IoT,forgotten,0.010172081055001609,0.29633730606109415,0.9392712550607287,0.009341278788854887,0.018498584698799985,0.2865117392315814,0.9952032420215363,4.695568940649696,21.0,15.0,24604.0,232.0,24872.0,0.9985525892569959
numerical_feature_transformer,1337,NF-BoT-IoT,scrub_r,NF-CSE-CIC-IDS2018,retained,0.8185041219939345,0.7705679715607306,0.41593710916562443,0.7037484885126964,0.5228523301516003,0.8710280808371349,0.6663738628290121,0.3549561588553525,16834.0,3269.0,980.0,2328.0,23411.0,0.14130109777455044
numerical_feature_transformer,1337,NF-BoT-IoT,scrub_r,RETAINED_MACRO,retained_macro,0.8055535611394706,0.7910082897198256,0.7440238156518509,0.762539015177753,0.7347817378688797,0.8446464373747089,0.8304520991312438,0.5153336636191517,37591.0,4119.0,3647.0,7762.0,53119.0,0.21478190477983397
numerical_feature_transformer,1337,NF-BoT-IoT,scrub_r@lr=0.0001,NF-UNSW-NB15,retained,0.9989038223238966,0.9936881786657312,0.998109640831758,0.9875311720698254,0.9927922281416484,0.9991646696037284,0.99424908089483,0.005943075268187138,19375.0,3.0,20.0,1584.0,20982.0,0.07644647793346677
numerical_feature_transformer,1337,NF-BoT-IoT,scrub_r@lr=0.0001,NF-ToN-IoT,retained,0.630758652303461,0.6696667054049104,0.8727521056225814,0.5901185162382638,0.7041322314049587,0.7817045421039479,0.8851561671361238,0.7765480531712134,1670.0,559.0,2663.0,3834.0,8726.0,0.7445564978225991
numerical_feature_transformer,1337,NF-BoT-IoT,scrub_r@lr=0.0001,NF-BoT-IoT,forgotten,0.010734963010614345,0.3798316959252698,0.963855421686747,0.00966339185053954,0.01913494119992027,0.054085914711619346,0.9945986091315635,7.618732621613082,27.0,9.0,24596.0,240.0,24872.0,0.9985525892569959
numerical_feature_transformer,1337,NF-BoT-IoT,scrub_r@lr=0.0001,NF-CSE-CIC-IDS2018,retained,0.8051343385587971,0.6568368112804306,0.3518431001890359,0.4501209189842805,0.3949602122015915,0.8442837930606588,0.5752711200136562,0.41988437988065935,17360.0,2743.0,1819.0,1489.0,23411.0,0.14130109777455044
numerical_feature_transformer,1337,NF-BoT-IoT,scrub_r@lr=0.0001,RETAINED_MACRO,retained_macro,0.8115989377287183,0.7733972317836907,0.7409016155477918,0.6759235357641232,0.6972948905827329,0.875051001589445,0.81822545601487,0.40079183610668667,38405.0,3305.0,4502.0,6907.0,53119.0,0.21478190477983397
numerical_feature_transformer,1337,NF-BoT-IoT,scrub_r@lr=0.001,NF-UNSW-NB15,retained,0.9993327614145459,0.998495092643044,0.9937888198757764,0.9975062344139651,0.9956440572495333,0.9987978693476856,0.9965743888780338,0.01323049200978263,19368.0,10.0,4.0,1600.0,20982.0,0.07644647793346677
numerical_feature_transformer,1337,NF-BoT-IoT,scrub_r@lr=0.001,NF-ToN-IoT,retained,0.8082741233096493,0.6294350368976591,0.7975573649148778,0.9950746498383869,0.8854344997603232,0.571598701074237,0.7213275290733712,0.513225029431508,588.0,1641.0,32.0,6465.0,8726.0,0.7445564978225991
numerical_feature_transformer,1337,NF-BoT-IoT,scrub_r@lr=0.001,NF-BoT-IoT,forgotten,0.5143132840141524,0.4100857178647483,0.9980477900983914,0.514615880173941,0.6790818766271718,0.5847884343515686,0.999048597730494,1.4300095584788812,11.0,25.0,12055.0,12781.0,24872.0,0.9985525892569959
numerical_feature_transformer,1337,NF-BoT-IoT,scrub_r@lr=0.001,NF-CSE-CIC-IDS2018,retained,0.6897185083934902,0.782078786089607,0.30184331797235026,0.9108222490931076,0.45342362678705794,0.8485264536368056,0.4266419855203113,0.6835774120847021,13134.0,6969.0,295.0,3013.0,23411.0,0.14130109777455044
numerical_feature_transformer,1337,NF-BoT-IoT,scrub_r@lr=0.001,RETAINED_MACRO,retained_macro,0.832441797705895,0.8033363052101034,0.6977298342543348,0.9678010444484865,0.7781673945989714,0.8063076746862428,0.7148479678239054,0.403344311175331,33090.0,8620.0,331.0,11078.0,53119.0,0.21478190477983397
numerical_feature_transformer,1337,NF-BoT-IoT,retrained,NF-UNSW-NB15,retained,0.9997140406062339,0.999273348777916,0.9975093399750934,0.9987531172069826,0.9981308411214953,0.999912619112761,0.9984511670416716,0.002604858787456137,19374.0,4.0,2.0,1602.0,20982.0,0.07644647793346677
numerical_feature_transformer,1337,NF-BoT-IoT,retrained,NF-ToN-IoT,retained,0.5763236305294522,0.5684215436285498,0.7919099249374478,0.5845774973064491,0.6726290622509519,0.6371660095320938,0.7900062513785232,0.7063356929522266,1231.0,998.0,2699.0,3798.0,8726.0,0.7445564978225991
numerical_feature_transformer,1337,NF-BoT-IoT,retrained,NF-BoT-IoT,forgotten,0.012101962045673851,0.33890991571374884,0.9584775086505191,0.011153164760831051,0.022049751243781095,0.13957114224870706,0.9949872742502992,2.5138411930553093,24.0,12.0,24559.0,277.0,24872.0,0.9985525892569959
numerical_feature_transformer,1337,NF-BoT-IoT,retrained,NF-CSE-CIC-IDS2018,retained,0.8797146640468156,0.7237506542034038,0.586074177746676,0.5063482466747279,0.5433019785922802,0.881891082870015,0.6844938429126789,0.2799256692367416,18920.0,1183.0,1633.0,1675.0,23411.0,0.14130109777455044
numerical_feature_transformer,1337,NF-BoT-IoT,retrained,RETAINED_MACRO,retained_macro,0.8185841117275006,0.7638151822032899,0.7918311475530725,0.6965596203960532,0.7380206273215758,0.8396565705049565,0.8243170871109579,0.3296220736588081,39525.0,2185.0,4334.0,7075.0,53119.0,0.21478190477983397
numerical_feature_transformer,1337,NF-CSE-CIC-IDS2018,original,NF-UNSW-NB15,retained,0.9989514822228577,0.9939998993639856,0.9981108312342569,0.9881546134663342,0.9931077694235589,0.999872145933031,0.995517109950965,0.0058878632991396975,19375.0,3.0,19.0,1585.0,20982.0,0.07644647793346677
numerical_feature_transformer,1337,NF-CSE-CIC-IDS2018,original,NF-ToN-IoT,retained,0.6376346550538621,0.6576328530136386,0.8563795682838213,0.6167461905494844,0.7170722977809592,0.7268784647336628,0.8375352654405349,0.648613628222986,1557.0,672.0,2490.0,4007.0,8726.0,0.7445564978225991
numerical_feature_transformer,1337,NF-CSE-CIC-IDS2018,original,NF-BoT-IoT,retained,0.9897877130910261,0.7036425618725506,0.9991471734892787,0.9906184570784345,0.9948645369995957,0.9896263935863711,0.9999848739489641,0.021302208136073045,15.0,21.0,233.0,24603.0,24872.0,0.9985525892569959
numerical_feature_transformer,1337,NF-CSE-CIC-IDS2018,original,NF-CSE-CIC-IDS2018,forgotten,0.9205928836871556,0.906661865816679,0.6638769509160823,0.8872430471584039,0.759477293310907,0.9551742173513781,0.8989062553761729,0.19716049636068578,18617.0,1486.0,373.0,2935.0,23411.0,0.14130109777455044
numerical_feature_transformer,1337,NF-CSE-CIC-IDS2018,original,RETAINED_MACRO,retained_macro,0.8754579501225819,0.785091771416725,0.9512125243357857,0.8651730870314177,0.9016815347347046,0.9054590014176882,0.9443457497801546,0.22526789988606624,20947.0,696.0,2742.0,30195.0,54580.0,0.6034628068889704
numerical_feature_transformer,1337,NF-CSE-CIC-IDS2018,rollback_repair,NF-UNSW-NB15,retained,0.07644647793346677,0.5,0.07644647793346677,1.0,0.142034888869211,0.947557343868114,0.6505484062494299,0.7855359870629393,0.0,19378.0,0.0,1604.0,20982.0,0.07644647793346677
numerical_feature_transformer,1337,NF-CSE-CIC-IDS2018,rollback_repair,NF-ToN-IoT,retained,0.7445564978225991,0.5,0.7445564978225991,1.0,0.8535768245418117,0.3696000286704434,0.6725932514882125,0.6349693672954282,0.0,2229.0,0.0,6497.0,8726.0,0.7445564978225991
numerical_feature_transformer,1337,NF-CSE-CIC-IDS2018,rollback_repair,NF-BoT-IoT,retained,0.9985525892569959,0.5,0.9985525892569959,1.0,0.9992757704997184,0.5878887725702832,0.9971951847093435,0.48400684237655045,0.0,36.0,0.0,24836.0,24872.0,0.9985525892569959
numerical_feature_transformer,1337,NF-CSE-CIC-IDS2018,rollback_repair,NF-CSE-CIC-IDS2018,forgotten,0.14130109777455044,0.5,0.14130109777455044,1.0,0.2476140574123283,0.5771456337828743,0.3882229845170003,0.8543157038096986,0.0,20103.0,0.0,3308.0,23411.0,0.14130109777455044
numerical_feature_transformer,1337,NF-CSE-CIC-IDS2018,rollback_repair,RETAINED_MACRO,retained_macro,0.6065185216710206,0.5,0.6065185216710206,1.0,0.6649624946369137,0.6350153817029468,0.7734456141489953,0.6348373989116393,0.0,21643.0,0.0,32937.0,54580.0,0.6034628068889704
numerical_feature_transformer,1337,NF-CSE-CIC-IDS2018,ssd_canonical,NF-UNSW-NB15,retained,0.9989514822228577,0.9939998993639856,0.9981108312342569,0.9881546134663342,0.9931077694235589,0.999872145933031,0.995517109950965,0.0058878632991396975,19375.0,3.0,19.0,1585.0,20982.0,0.07644647793346677
numerical_feature_transformer,1337,NF-CSE-CIC-IDS2018,ssd_canonical,NF-ToN-IoT,retained,0.6376346550538621,0.6576328530136386,0.8563795682838213,0.6167461905494844,0.7170722977809592,0.7268784647336628,0.8375352654405349,0.648613628222986,1557.0,672.0,2490.0,4007.0,8726.0,0.7445564978225991
numerical_feature_transformer,1337,NF-CSE-CIC-IDS2018,ssd_canonical,NF-BoT-IoT,retained,0.9897877130910261,0.7036425618725506,0.9991471734892787,0.9906184570784345,0.9948645369995957,0.9896263935863711,0.9999848739489641,0.021302208136073045,15.0,21.0,233.0,24603.0,24872.0,0.9985525892569959
numerical_feature_transformer,1337,NF-CSE-CIC-IDS2018,ssd_canonical,NF-CSE-CIC-IDS2018,forgotten,0.9205928836871556,0.906661865816679,0.6638769509160823,0.8872430471584039,0.759477293310907,0.9551742173513781,0.8989062553761729,0.19716049636068578,18617.0,1486.0,373.0,2935.0,23411.0,0.14130109777455044
numerical_feature_transformer,1337,NF-CSE-CIC-IDS2018,ssd_canonical,RETAINED_MACRO,retained_macro,0.8754579501225819,0.785091771416725,0.9512125243357857,0.8651730870314177,0.9016815347347046,0.9054590014176882,0.9443457497801546,0.22526789988606624,20947.0,696.0,2742.0,30195.0,54580.0,0.6034628068889704
numerical_feature_transformer,1337,NF-CSE-CIC-IDS2018,ssd_canonical@alpha=1,NF-UNSW-NB15,retained,0.9548660756839196,0.7050864169949778,0.9984825493171472,0.4102244389027431,0.5815289438798056,0.999695518145497,0.9953954887499212,0.12029068021790783,19377.0,1.0,946.0,658.0,20982.0,0.07644647793346677
numerical_feature_transformer,1337,NF-CSE-CIC-IDS2018,ssd_canonical@alpha=1,NF-ToN-IoT,retained,0.5469860187944076,0.6131152570468905,0.8469721767594108,0.47791288286901645,0.6110400472301486,0.7325665646973898,0.824693205466251,0.9388991841203437,1668.0,561.0,3392.0,3105.0,8726.0,0.7445564978225991
numerical_feature_transformer,1337,NF-CSE-CIC-IDS2018,ssd_canonical@alpha=1,NF-BoT-IoT,retained,0.893776133805082,0.946811080689322,1.0,0.8936221613786439,0.9438230916436318,0.9683210751418193,0.9999530478686274,0.22215169859588382,36.0,0.0,2642.0,22194.0,24872.0,0.9985525892569959
numerical_feature_transformer,1337,NF-CSE-CIC-IDS2018,ssd_canonical@alpha=1,NF-CSE-CIC-IDS2018,forgotten,0.9069240955106573,0.6708994702072717,0.9982347749338041,0.34189842805320436,0.5093447421751858,0.8451552347009033,0.6414795619586182,0.2857676776733239,20101.0,2.0,2177.0,1131.0,23411.0,0.14130109777455044
numerical_feature_transformer,1337,NF-CSE-CIC-IDS2018,ssd_canonical@alpha=1,RETAINED_MACRO,retained_macro,0.7985427427611365,0.7550042515770633,0.948484908692186,0.5939198277168012,0.7121306942511954,0.9001943859949021,0.9400139140282665,0.42711385431137844,21081.0,562.0,6980.0,25957.0,54580.0,0.6034628068889704
numerical_feature_transformer,1337,NF-CSE-CIC-IDS2018,ssd_canonical@alpha=2,NF-UNSW-NB15,retained,0.996759126870651,0.9796607472442849,0.9980544747081712,0.9594763092269327,0.9783852511125238,0.9998945380897019,0.9946986724662081,0.01947727471639279,19375.0,3.0,65.0,1539.0,20982.0,0.07644647793346677
numerical_feature_transformer,1337,NF-CSE-CIC-IDS2018,ssd_canonical@alpha=2,NF-ToN-IoT,retained,0.8338299335319734,0.7470944418354248,0.8623115577889447,0.9244266584577497,0.8922894072203239,0.7130353775456154,0.8243855094722286,0.5563740685305468,1270.0,959.0,491.0,6006.0,8726.0,0.7445564978225991
numerical_feature_transformer,1337,NF-CSE-CIC-IDS2018,ssd_canonical@alpha=2,NF-BoT-IoT,retained,0.9899887423608877,0.565055653978991,0.9987423424885391,0.9912224190690933,0.9949681721733858,0.9883994559868291,0.9999830826905838,0.017568426170846686,5.0,31.0,218.0,24618.0,24872.0,0.9985525892569959
numerical_feature_transformer,1337,NF-CSE-CIC-IDS2018,ssd_canonical@alpha=2,NF-CSE-CIC-IDS2018,forgotten,0.8480201614625603,0.8814518620879978,0.48043818466353677,0.9280532043530835,0.6331202309754589,0.9384752262246047,0.7721334280482947,0.38438558499597925,16783.0,3320.0,238.0,3070.0,23411.0,0.14130109777455044
numerical_feature_transformer,1337,NF-CSE-CIC-IDS2018,ssd_canonical@alpha=2,RETAINED_MACRO,retained_macro,0.9401926009211707,0.7639369476862337,0.9530361249952183,0.9583751289179253,0.9552142768354113,0.9004431238740488,0.9396890882096735,0.19780658980592877,20650.0,993.0,774.0,32163.0,54580.0,0.6034628068889704
numerical_feature_transformer,1337,NF-CSE-CIC-IDS2018,ssd_canonical@alpha=3,NF-UNSW-NB15,retained,0.9989514822228577,0.9939998993639856,0.9981108312342569,0.9881546134663342,0.9931077694235589,0.999872145933031,0.995517109950965,0.0058878632991396975,19375.0,3.0,19.0,1585.0,20982.0,0.07644647793346677
numerical_feature_transformer,1337,NF-CSE-CIC-IDS2018,ssd_canonical@alpha=3,NF-ToN-IoT,retained,0.6376346550538621,0.6576328530136386,0.8563795682838213,0.6167461905494844,0.7170722977809592,0.7268784647336628,0.8375352654405349,0.648613628222986,1557.0,672.0,2490.0,4007.0,8726.0,0.7445564978225991
numerical_feature_transformer,1337,NF-CSE-CIC-IDS2018,ssd_canonical@alpha=3,NF-BoT-IoT,retained,0.9897877130910261,0.7036425618725506,0.9991471734892787,0.9906184570784345,0.9948645369995957,0.9896263935863711,0.9999848739489641,0.021302208136073045,15.0,21.0,233.0,24603.0,24872.0,0.9985525892569959
numerical_feature_transformer,1337,NF-CSE-CIC-IDS2018,ssd_canonical@alpha=3,NF-CSE-CIC-IDS2018,forgotten,0.9205928836871556,0.906661865816679,0.6638769509160823,0.8872430471584039,0.759477293310907,0.9551742173513781,0.8989062553761729,0.19716049636068578,18617.0,1486.0,373.0,2935.0,23411.0,0.14130109777455044
numerical_feature_transformer,1337,NF-CSE-CIC-IDS2018,ssd_canonical@alpha=3,RETAINED_MACRO,retained_macro,0.8754579501225819,0.785091771416725,0.9512125243357857,0.8651730870314177,0.9016815347347046,0.9054590014176882,0.9443457497801546,0.22526789988606624,20947.0,696.0,2742.0,30195.0,54580.0,0.6034628068889704
numerical_feature_transformer,1337,NF-CSE-CIC-IDS2018,ssd_canonical@alpha=5,NF-UNSW-NB15,retained,0.9989514822228577,0.9939998993639856,0.9981108312342569,0.9881546134663342,0.9931077694235589,0.999872145933031,0.995517109950965,0.0058878632991396975,19375.0,3.0,19.0,1585.0,20982.0,0.07644647793346677
numerical_feature_transformer,1337,NF-CSE-CIC-IDS2018,ssd_canonical@alpha=5,NF-ToN-IoT,retained,0.6376346550538621,0.6576328530136386,0.8563795682838213,0.6167461905494844,0.7170722977809592,0.7268784647336628,0.8375352654405349,0.648613628222986,1557.0,672.0,2490.0,4007.0,8726.0,0.7445564978225991
numerical_feature_transformer,1337,NF-CSE-CIC-IDS2018,ssd_canonical@alpha=5,NF-BoT-IoT,retained,0.9897877130910261,0.7036425618725506,0.9991471734892787,0.9906184570784345,0.9948645369995957,0.9896263935863711,0.9999848739489641,0.021302208136073045,15.0,21.0,233.0,24603.0,24872.0,0.9985525892569959
numerical_feature_transformer,1337,NF-CSE-CIC-IDS2018,ssd_canonical@alpha=5,NF-CSE-CIC-IDS2018,forgotten,0.9205928836871556,0.906661865816679,0.6638769509160823,0.8872430471584039,0.759477293310907,0.9551742173513781,0.8989062553761729,0.19716049636068578,18617.0,1486.0,373.0,2935.0,23411.0,0.14130109777455044
numerical_feature_transformer,1337,NF-CSE-CIC-IDS2018,ssd_canonical@alpha=5,RETAINED_MACRO,retained_macro,0.8754579501225819,0.785091771416725,0.9512125243357857,0.8651730870314177,0.9016815347347046,0.9054590014176882,0.9443457497801546,0.22526789988606624,20947.0,696.0,2742.0,30195.0,54580.0,0.6034628068889704
numerical_feature_transformer,1337,NF-CSE-CIC-IDS2018,dc_ssd_no_contrast,NF-UNSW-NB15,retained,0.9988561624249357,0.9933764579674769,0.998108448928121,0.9869077306733167,0.9924764890282132,0.9998529066949717,0.9933523547987646,0.008113144491685004,19375.0,3.0,21.0,1583.0,20982.0,0.07644647793346677
numerical_feature_transformer,1337,NF-CSE-CIC-IDS2018,dc_ssd_no_contrast,NF-ToN-IoT,retained,0.524868209947284,0.5842633101256037,0.8209118209118209,0.4628289979990765,0.5919291338582677,0.5629450539100319,0.778852743362873,1.1309656426321963,1573.0,656.0,3490.0,3007.0,8726.0,0.7445564978225991
numerical_feature_transformer,1337,NF-CSE-CIC-IDS2018,dc_ssd_no_contrast,NF-BoT-IoT,retained,0.9881794789321325,0.7028372792183389,0.9991457858769932,0.9890078917700112,0.9940509915014164,0.9896442887564645,0.9999849052249016,0.02468774614251116,15.0,21.0,273.0,24563.0,24872.0,0.9985525892569959
numerical_feature_transformer,1337,NF-CSE-CIC-IDS2018,dc_ssd_no_contrast,NF-CSE-CIC-IDS2018,forgotten,0.9322967835632823,0.9132242154235795,0.7079411054791214,0.8866384522370012,0.7872768755871695,0.958761674534551,0.926558599314523,0.18401847319046616,18893.0,1210.0,375.0,2933.0,23411.0,0.14130109777455044
numerical_feature_transformer,1337,NF-CSE-CIC-IDS2018,dc_ssd_no_contrast,RETAINED_MACRO,retained_macro,0.8373012837681175,0.7601590157704732,0.9393886852389784,0.8129148734808015,0.8594855381292991,0.8508140831204895,0.9240633344621797,0.3879221777554642,20963.0,680.0,3784.0,29153.0,54580.0,0.6034628068889704
numerical_feature_transformer,1337,NF-CSE-CIC-IDS2018,dc_ssd_no_class_balance,NF-UNSW-NB15,retained,0.9685921265846916,0.7948619780922346,0.9989440337909187,0.5897755610972568,0.7416699333594668,0.9999036429465092,0.9985719008266647,0.07386052955892795,19377.0,1.0,658.0,946.0,20982.0,0.07644647793346677
numerical_feature_transformer,1337,NF-CSE-CIC-IDS2018,dc_ssd_no_class_balance,NF-ToN-IoT,retained,0.5845748338299336,0.6249481677466764,0.8438697318007663,0.5424041865476373,0.6603579124894594,0.7083001278914456,0.8203580158236823,0.7165906624757847,1577.0,652.0,2973.0,3524.0,8726.0,0.7445564978225991
numerical_feature_transformer,1337,NF-CSE-CIC-IDS2018,dc_ssd_no_class_balance,NF-BoT-IoT,retained,0.9872547442907688,0.6885054848696337,0.9991043439319302,0.9881220808503784,0.9935828660499201,0.9882551761779496,0.999982862035372,0.02885332017211845,14.0,22.0,295.0,24541.0,24872.0,0.9985525892569959
numerical_feature_transformer,1337,NF-CSE-CIC-IDS2018,dc_ssd_no_class_balance,NF-CSE-CIC-IDS2018,forgotten,0.923155781470249,0.9086592876793342,0.6726939803158618,0.8884522370012092,0.7656636707047023,0.9577194377613092,0.9122413759516171,0.2167638905351492,18673.0,1430.0,369.0,2939.0,23411.0,0.14130109777455044
numerical_feature_transformer,1337,NF-CSE-CIC-IDS2018,dc_ssd_no_class_balance,RETAINED_MACRO,retained_macro,0.846807234901798,0.7027718769028483,0.9473060365078717,0.7067672761650909,0.7985369039662822,0.8988196490053015,0.9396375928952397,0.27310150406894373,20968.0,675.0,3926.0,29011.0,54580.0,0.6034628068889704
numerical_feature_transformer,1337,NF-CSE-CIC-IDS2018,dc_ssd,NF-UNSW-NB15,retained,0.9976646649509103,0.9855834405111177,0.9980781550288277,0.9713216957605985,0.9845181674565561,0.9998554161608055,0.9928555836061007,0.02468536214912844,19375.0,3.0,46.0,1558.0,20982.0,0.07644647793346677
numerical_feature_transformer,1337,NF-CSE-CIC-IDS2018,dc_ssd,NF-ToN-IoT,retained,0.5975246390098556,0.6357074904916946,0.8502698896972541,0.5576419886101277,0.6735452686372931,0.6724189160569881,0.8119570730623369,0.7730407732069103,1591.0,638.0,2874.0,3623.0,8726.0,0.7445564978225991
numerical_feature_transformer,1337,NF-CSE-CIC-IDS2018,dc_ssd,NF-BoT-IoT,retained,0.9872145384367964,0.8687791914962152,0.999633192044343,0.9875583829924304,0.9935591023252046,0.9905983250120791,0.9999862991463251,0.0252333671123041,27.0,9.0,309.0,24527.0,24872.0,0.9985525892569959
numerical_feature_transformer,1337,NF-CSE-CIC-IDS2018,dc_ssd,NF-CSE-CIC-IDS2018,forgotten,0.940028191875614,0.9173472006109287,0.7406471183013145,0.8857315598548973,0.8067180616740088,0.9587055924383621,0.925912296373215,0.209534497927474,19077.0,1026.0,378.0,2930.0,23411.0,0.14130109777455044
numerical_feature_transformer,1337,NF-CSE-CIC-IDS2018,dc_ssd,RETAINED_MACRO,retained_macro,0.8608012807991874,0.8300233741663425,0.949327078923475,0.8388406891210521,0.8838741794730179,0.8876242190766241,0.9349329852715874,0.2743198341561143,20993.0,650.0,3229.0,29708.0,54580.0,0.6034628068889704
numerical_feature_transformer,1337,NF-CSE-CIC-IDS2018,scrub_r,NF-UNSW-NB15,retained,0.9995710609093509,0.9994818596505948,0.9950341402855369,0.9993765586034913,0.9972006220839813,0.9998454104701092,0.9967233427325258,0.002678221923419452,19370.0,8.0,1.0,1603.0,20982.0,0.07644647793346677
numerical_feature_transformer,1337,NF-CSE-CIC-IDS2018,scrub_r,NF-ToN-IoT,retained,0.781572312628925,0.5939681723552155,0.7830107261743312,0.9775280898876404,0.8695235487404163,0.5382319534163299,0.7001740435486978,0.874551539329176,469.0,1760.0,146.0,6351.0,8726.0,0.7445564978225991
numerical_feature_transformer,1337,NF-CSE-CIC-IDS2018,scrub_r,NF-BoT-IoT,retained,0.9948536506915406,0.539754120362914,0.9986679583434246,0.9961749073924948,0.9974198750251966,0.9639512982945903,0.9999416409378324,0.016765526769204942,3.0,33.0,95.0,24741.0,24872.0,0.9985525892569959
numerical_feature_transformer,1337,NF-CSE-CIC-IDS2018,scrub_r,NF-CSE-CIC-IDS2018,forgotten,0.6347443509461365,0.7397139390542575,0.2639351643403872,0.8860338573155986,0.40671615902310415,0.8819597663327695,0.717970460587129,0.7040666580383097,11929.0,8174.0,377.0,2931.0,23411.0,0.14130109777455044
numerical_feature_transformer,1337,NF-CSE-CIC-IDS2018,scrub_r,RETAINED_MACRO,retained_macro,0.9253323414099389,0.7110680507895748,0.9255709416010977,0.9910265186278755,0.9547146819498646,0.834009554060343,0.8989463424063521,0.2979984293406001,19842.0,1801.0,242.0,32695.0,54580.0,0.6034628068889704
numerical_feature_transformer,1337,NF-CSE-CIC-IDS2018,scrub_r@lr=0.0001,NF-UNSW-NB15,retained,0.9970450862644171,0.9829606626431135,0.9948652118100129,0.9663341645885287,0.9803921568627451,0.9995084342503221,0.9913906138900651,0.0072091759201894715,19370.0,8.0,54.0,1550.0,20982.0,0.07644647793346677
numerical_feature_transformer,1337,NF-CSE-CIC-IDS2018,scrub_r@lr=0.0001,NF-ToN-IoT,retained,0.8136603254641301,0.6491140301286862,0.8069313169502206,0.9855317839002616,0.8873337028824834,0.7451573224982257,0.8230346953125536,0.7954570268866407,697.0,1532.0,94.0,6403.0,8726.0,0.7445564978225991
numerical_feature_transformer,1337,NF-CSE-CIC-IDS2018,scrub_r@lr=0.0001,NF-BoT-IoT,retained,0.9917577999356706,0.5798102217211575,0.9987849823822446,0.9929537767756482,0.9958608435802694,0.9865573719153201,0.9999803613215663,0.09734571206809625,6.0,30.0,175.0,24661.0,24872.0,0.9985525892569959
numerical_feature_transformer,1337,NF-CSE-CIC-IDS2018,scrub_r@lr=0.0001,NF-CSE-CIC-IDS2018,forgotten,0.8685660586903592,0.7532479796761311,0.5313092979127134,0.592503022974607,0.5602401029012434,0.7684232956621646,0.5728900191005444,0.5593432187394777,18374.0,1729.0,1348.0,1960.0,23411.0,0.14130109777455044
numerical_feature_transformer,1337,NF-CSE-CIC-IDS2018,scrub_r@lr=0.0001,RETAINED_MACRO,retained_macro,0.9341544038880727,0.7372949714976524,0.933527170380826,0.9816065750881462,0.9545289011084993,0.9104077095546227,0.9381352235080617,0.30000397162497544,20073.0,1570.0,323.0,32614.0,54580.0,0.6034628068889704
numerical_feature_transformer,1337,NF-CSE-CIC-IDS2018,scrub_r@lr=0.001,NF-UNSW-NB15,retained,0.9994757411114289,0.9988584182540861,0.9950279676817899,0.9981296758104738,0.9965764083411143,0.9998600490208065,0.9967167419517394,0.0028089669493377824,19370.0,8.0,3.0,1601.0,20982.0,0.07644647793346677
numerical_feature_transformer,1337,NF-CSE-CIC-IDS2018,scrub_r@lr=0.001,NF-ToN-IoT,retained,0.7757277102910841,0.6217250906360965,0.7975098296199213,0.936586116669232,0.8614709421674807,0.5063386745844598,0.6898261414023068,0.8542933040574983,684.0,1545.0,412.0,6085.0,8726.0,0.7445564978225991
numerical_feature_transformer,1337,NF-CSE-CIC-IDS2018,scrub_r@lr=0.001,NF-BoT-IoT,retained,0.9922402701833387,0.5661830496948873,0.9987451932807124,0.9934772105008858,0.9961042368946933,0.9060201589091104,0.9998300547797523,0.018833780764366634,5.0,31.0,162.0,24674.0,24872.0,0.9985525892569959
numerical_feature_transformer,1337,NF-CSE-CIC-IDS2018,scrub_r@lr=0.001,NF-CSE-CIC-IDS2018,forgotten,0.5693477425142027,0.6800417090195889,0.22449975597852612,0.8343409915356711,0.3538007947699013,0.7831673832603687,0.6040732367562901,1.107034007687307,10569.0,9534.0,548.0,2760.0,23411.0,0.14130109777455044
numerical_feature_transformer,1337,NF-CSE-CIC-IDS2018,scrub_r@lr=0.001,RETAINED_MACRO,retained_macro,0.9224812405286172,0.7289221861950232,0.9304276635274745,0.9760643343268639,0.9513838624677629,0.8040729608381255,0.8954576460445995,0.2919786839237342,20059.0,1584.0,577.0,32360.0,54580.0,0.6034628068889704
numerical_feature_transformer,1337,NF-CSE-CIC-IDS2018,retrained,NF-UNSW-NB15,retained,0.9996663807072729,0.998675709837801,0.9981285090455396,0.9975062344139651,0.9978172747115684,0.9999059272038708,0.9981132586204079,0.003515405958903222,19375.0,3.0,4.0,1600.0,20982.0,0.07644647793346677
numerical_feature_transformer,1337,NF-CSE-CIC-IDS2018,retrained,NF-ToN-IoT,retained,0.8691267476506991,0.7694714743243819,0.8672335756412015,0.973218408496229,0.9171743545111691,0.8732939377134618,0.9129897053670873,0.3481396922872599,1261.0,968.0,174.0,6323.0,8726.0,0.7445564978225991
numerical_feature_transformer,1337,NF-CSE-CIC-IDS2018,retrained,NF-BoT-IoT,retained,0.992039240913477,0.6770324439433797,0.9990682223302544,0.9929537767756482,0.9960016155088853,0.9904227286555358,0.9999860326720991,0.015889704234796995,13.0,23.0,175.0,24661.0,24872.0,0.9985525892569959
numerical_feature_transformer,1337,NF-CSE-CIC-IDS2018,retrained,NF-CSE-CIC-IDS2018,forgotten,0.5039084191192175,0.5757688893732946,0.17498826107372045,0.6759371221281741,0.278005719258983,0.7567658812255939,0.3742817968582353,1.2111528298548897,9561.0,10542.0,1072.0,2236.0,23411.0,0.14130109777455044
numerical_feature_transformer,1337,NF-CSE-CIC-IDS2018,retrained,RETAINED_MACRO,retained_macro,0.9536107897571496,0.8150598760351876,0.9548101023389984,0.9878928065619474,0.9703310815772076,0.9545408645242895,0.9703629988865314,0.12251493416032004,20649.0,994.0,353.0,32584.0,54580.0,0.6034628068889704
mlp,2026,NF-UNSW-NB15,original,NF-UNSW-NB15,forgotten,0.9988561624249357,0.9965215586279424,0.9912935323383084,0.9937655860349127,0.9925280199252802,0.9999203083734569,0.9987643067390719,0.0037544784839063285,19364.0,14.0,10.0,1594.0,20982.0,0.07644647793346677
mlp,2026,NF-UNSW-NB15,original,NF-ToN-IoT,retained,0.6179234471693789,0.6645839163922362,0.8736120954405858,0.5691857780514084,0.68928238583411,0.612623433267644,0.8221147165180834,1.547089840157814,1694.0,535.0,2799.0,3698.0,8726.0,0.7445564978225991
mlp,2026,NF-UNSW-NB15,original,NF-BoT-IoT,retained,0.9894660662592474,0.8560378303895779,0.9995933967634383,0.9898534385569335,0.9946995751567874,0.9888356507578604,0.9999835761058589,0.02098719144057624,26.0,10.0,252.0,24584.0,24872.0,0.9985525892569959
mlp,2026,NF-UNSW-NB15,original,NF-CSE-CIC-IDS2018,retained,0.8897099654008799,0.7501538028367931,0.6230508474576271,0.5556227327690447,0.5874081176094599,0.8400471173817596,0.6790455198467145,0.3562264482850743,18991.0,1112.0,1470.0,1838.0,23411.0,0.14130109777455044
mlp,2026,NF-UNSW-NB15,original,RETAINED_MACRO,retained_macro,0.8323664929431688,0.7569251832062024,0.8320854465538838,0.7048873164591288,0.757130026200119,0.8138354004690881,0.8337146041568856,0.6414344932944881,20711.0,1657.0,4521.0,30120.0,57009.0,0.6076408988054518
mlp,2026,NF-UNSW-NB15,rollback_repair,NF-UNSW-NB15,forgotten,0.06967877228100276,0.45144688721997256,0.06953387794329649,0.9021197007481296,0.12911573123940395,0.24456756949096964,0.12395302510202706,0.7477201597620778,15.0,19363.0,157.0,1447.0,20982.0,0.07644647793346677
mlp,2026,NF-UNSW-NB15,rollback_repair,NF-ToN-IoT,retained,0.7447856979142792,0.5004486316733961,0.7447271893626777,1.0,0.8536889823270482,0.38113408176172414,0.6449478266321491,0.6377542035070172,2.0,2227.0,0.0,6497.0,8726.0,0.7445564978225991
mlp,2026,NF-UNSW-NB15,rollback_repair,NF-BoT-IoT,retained,0.9985525892569959,0.5,0.9985525892569959,1.0,0.9992757704997184,0.5055206599738731,0.9974916618110925,0.4792456368749292,0.0,36.0,0.0,24836.0,24872.0,0.9985525892569959
mlp,2026,NF-UNSW-NB15,rollback_repair,NF-CSE-CIC-IDS2018,retained,0.15766092862329675,0.5052325294984759,0.142595818815331,0.9897218863361548,0.2492766864626161,0.1984371478421799,0.085065051435292,0.9766688944415074,417.0,19686.0,34.0,3274.0,23411.0,0.14130109777455044
mlp,2026,NF-UNSW-NB15,rollback_repair,RETAINED_MACRO,retained_macro,0.6336664052648573,0.5018937203906241,0.6286251991450015,0.9965739621120516,0.7007471464297942,0.3616972965259257,0.5758348466261779,0.6978895782744846,419.0,21949.0,34.0,34607.0,57009.0,0.6076408988054518
mlp,2026,NF-UNSW-NB15,ssd_canonical,NF-UNSW-NB15,forgotten,0.9988561624249357,0.9965215586279424,0.9912935323383084,0.9937655860349127,0.9925280199252802,0.9999203083734569,0.9987643067390719,0.0037544784839063285,19364.0,14.0,10.0,1594.0,20982.0,0.07644647793346677
mlp,2026,NF-UNSW-NB15,ssd_canonical,NF-ToN-IoT,retained,0.6179234471693789,0.6645839163922362,0.8736120954405858,0.5691857780514084,0.68928238583411,0.612623433267644,0.8221147165180834,1.547089840157814,1694.0,535.0,2799.0,3698.0,8726.0,0.7445564978225991
mlp,2026,NF-UNSW-NB15,ssd_canonical,NF-BoT-IoT,retained,0.9894660662592474,0.8560378303895779,0.9995933967634383,0.9898534385569335,0.9946995751567874,0.9888356507578604,0.9999835761058589,0.02098719144057624,26.0,10.0,252.0,24584.0,24872.0,0.9985525892569959
mlp,2026,NF-UNSW-NB15,ssd_canonical,NF-CSE-CIC-IDS2018,retained,0.8897099654008799,0.7501538028367931,0.6230508474576271,0.5556227327690447,0.5874081176094599,0.8400471173817596,0.6790455198467145,0.3562264482850743,18991.0,1112.0,1470.0,1838.0,23411.0,0.14130109777455044
mlp,2026,NF-UNSW-NB15,ssd_canonical,RETAINED_MACRO,retained_macro,0.8323664929431688,0.7569251832062024,0.8320854465538838,0.7048873164591288,0.757130026200119,0.8138354004690881,0.8337146041568856,0.6414344932944881,20711.0,1657.0,4521.0,30120.0,57009.0,0.6076408988054518
mlp,2026,NF-UNSW-NB15,ssd_canonical@alpha=1,NF-UNSW-NB15,forgotten,0.9977599847488323,0.9890660643262317,0.9917877447883765,0.9788029925187033,0.9852525886413555,0.9998345039455238,0.9975552530880962,0.007624791760201076,19365.0,13.0,34.0,1570.0,20982.0,0.07644647793346677
mlp,2026,NF-UNSW-NB15,ssd_canonical@alpha=1,NF-ToN-IoT,retained,0.6170066468026587,0.6641156048624575,0.8735496092825006,0.5678005233184547,0.6882462686567165,0.6054971155890495,0.8200571609306551,1.5927460818513197,1695.0,534.0,2808.0,3689.0,8726.0,0.7445564978225991
mlp,2026,NF-UNSW-NB15,ssd_canonical@alpha=1,NF-BoT-IoT,retained,0.9889433901576069,0.855776113526959,0.9995931817257231,0.989330004831696,0.9944351134225065,0.9884922871816897,0.9999830708363673,0.021443749694071354,26.0,10.0,265.0,24571.0,24872.0,0.9985525892569959
mlp,2026,NF-UNSW-NB15,ssd_canonical@alpha=1,NF-CSE-CIC-IDS2018,retained,0.8892401008073127,0.7501327654718466,0.6205733558178752,0.5562273276904474,0.5866411605292523,0.8443698898676653,0.6823355380099922,0.3368976650626368,18978.0,1125.0,1468.0,1840.0,23411.0,0.14130109777455044
mlp,2026,NF-UNSW-NB15,ssd_canonical@alpha=1,RETAINED_MACRO,retained_macro,0.8317300459225261,0.7566748279537544,0.8312387156086997,0.7044526186135327,0.7564408475361585,0.8127864308794681,0.8341252565923382,0.6503624988693426,20699.0,1669.0,4541.0,30100.0,57009.0,0.6076408988054518
mlp,2026,NF-UNSW-NB15,ssd_canonical@alpha=2,NF-UNSW-NB15,forgotten,0.9988085025259746,0.9962098379296881,0.9912881144990666,0.993142144638404,0.9922142634693242,0.9998887791873398,0.9984161460186403,0.004464325292801426,19364.0,14.0,11.0,1593.0,20982.0,0.07644647793346677
mlp,2026,NF-UNSW-NB15,ssd_canonical@alpha=2,NF-ToN-IoT,retained,0.6173504469401788,0.6636096944491687,0.8727573182247403,0.5690318608588579,0.6889033820926116,0.6115629652171313,0.8217535311124473,1.5511161572045657,1690.0,539.0,2800.0,3697.0,8726.0,0.7445564978225991
mlp,2026,NF-UNSW-NB15,ssd_canonical@alpha=2,NF-BoT-IoT,retained,0.9891042135734963,0.8558566417923803,0.9995932479153956,0.9894910613625383,0.9945165010825358,0.9885605125176714,0.9999831737180787,0.02097830139573188,26.0,10.0,261.0,24575.0,24872.0,0.9985525892569959
mlp,2026,NF-UNSW-NB15,ssd_canonical@alpha=2,NF-CSE-CIC-IDS2018,retained,0.889795395326983,0.750329823476809,0.6233898305084746,0.555925030229746,0.5877277085330777,0.8417519108513766,0.6801220189533366,0.3483146399166727,18992.0,1111.0,1469.0,1839.0,23411.0,0.14130109777455044
mlp,2026,NF-UNSW-NB15,ssd_canonical@alpha=2,RETAINED_MACRO,retained_macro,0.8320833519468861,0.7565987199061194,0.8319134655495368,0.7048159841503807,0.757049197236075,0.8139584628620598,0.8339529079279542,0.6401363661723235,20708.0,1660.0,4530.0,30111.0,57009.0,0.6076408988054518
mlp,2026,NF-UNSW-NB15,ssd_canonical@alpha=3,NF-UNSW-NB15,forgotten,0.9989038223238966,0.9965473610843363,0.9919103920348475,0.9937655860349127,0.9928371223917782,0.9999175415265119,0.9987055336151004,0.003652352661712766,19365.0,13.0,10.0,1594.0,20982.0,0.07644647793346677
mlp,2026,NF-UNSW-NB15,ssd_canonical@alpha=3,NF-ToN-IoT,retained,0.6178088471235389,0.664506957795961,0.8735822306238186,0.5690318608588579,0.689160219964582,0.612912243791575,0.8221786322406872,1.5454005652261291,1694.0,535.0,2800.0,3697.0,8726.0,0.7445564978225991
mlp,2026,NF-UNSW-NB15,ssd_canonical@alpha=3,NF-BoT-IoT,retained,0.9896268896751367,0.856118358654999,0.9995934628831612,0.9900144950877758,0.9947809200145649,0.9888378876541221,0.9999835794240428,0.021010812878229434,26.0,10.0,248.0,24588.0,24872.0,0.9985525892569959
mlp,2026,NF-UNSW-NB15,ssd_canonical@alpha=3,NF-CSE-CIC-IDS2018,retained,0.8897526803639315,0.7503049515671438,0.6231785835310064,0.555925030229746,0.5876338073174628,0.8398449541692208,0.6790897928272721,0.3572281881673328,18991.0,1112.0,1469.0,1839.0,23411.0,0.14130109777455044
mlp,2026,NF-UNSW-NB15,ssd_canonical@alpha=3,RETAINED_MACRO,retained_macro,0.8323961390542024,0.7569767560060345,0.8321180923459953,0.7049904620587933,0.7571916490988699,0.8138650285383059,0.8337506681640008,0.6412131887572304,20711.0,1657.0,4517.0,30124.0,57009.0,0.6076408988054518
mlp,2026,NF-UNSW-NB15,ssd_canonical@alpha=5,NF-UNSW-NB15,forgotten,0.9988561624249357,0.9965215586279424,0.9912935323383084,0.9937655860349127,0.9925280199252802,0.9999203083734569,0.9987643067390719,0.0037544784839063285,19364.0,14.0,10.0,1594.0,20982.0,0.07644647793346677
mlp,2026,NF-UNSW-NB15,ssd_canonical@alpha=5,NF-ToN-IoT,retained,0.6179234471693789,0.6645839163922362,0.8736120954405858,0.5691857780514084,0.68928238583411,0.612623433267644,0.8221147165180834,1.547089840157814,1694.0,535.0,2799.0,3698.0,8726.0,0.7445564978225991
mlp,2026,NF-UNSW-NB15,ssd_canonical@alpha=5,NF-BoT-IoT,retained,0.9894660662592474,0.8560378303895779,0.9995933967634383,0.9898534385569335,0.9946995751567874,0.9888356507578604,0.9999835761058589,0.02098719144057624,26.0,10.0,252.0,24584.0,24872.0,0.9985525892569959
mlp,2026,NF-UNSW-NB15,ssd_canonical@alpha=5,NF-CSE-CIC-IDS2018,retained,0.8897099654008799,0.7501538028367931,0.6230508474576271,0.5556227327690447,0.5874081176094599,0.8400471173817596,0.6790455198467145,0.3562264482850743,18991.0,1112.0,1470.0,1838.0,23411.0,0.14130109777455044
mlp,2026,NF-UNSW-NB15,ssd_canonical@alpha=5,RETAINED_MACRO,retained_macro,0.8323664929431688,0.7569251832062024,0.8320854465538838,0.7048873164591288,0.757130026200119,0.8138354004690881,0.8337146041568856,0.6414344932944881,20711.0,1657.0,4521.0,30120.0,57009.0,0.6076408988054518
mlp,2026,NF-UNSW-NB15,dc_ssd_no_contrast,NF-UNSW-NB15,forgotten,0.9969021065675341,0.9837410099995135,0.9910657306955967,0.9682044887780549,0.9795017344686219,0.9990190562400891,0.9928806916344912,0.01495857614437045,19364.0,14.0,51.0,1553.0,20982.0,0.07644647793346677
mlp,2026,NF-UNSW-NB15,dc_ssd_no_contrast,NF-ToN-IoT,retained,0.619069447627779,0.6657955740762569,0.874439461883408,0.5702631983992612,0.6903297931805478,0.5813517616889543,0.8143775489686749,1.724915762766707,1697.0,532.0,2792.0,3705.0,8726.0,0.7445564978225991
mlp,2026,NF-UNSW-NB15,dc_ssd_no_contrast,NF-BoT-IoT,retained,0.9887423608877453,0.8556754531951827,0.9995930989583334,0.989128684168143,0.9943333603173318,0.9882026091157997,0.9999826295137036,0.021901881585126598,26.0,10.0,270.0,24566.0,24872.0,0.9985525892569959
mlp,2026,NF-UNSW-NB15,dc_ssd_no_contrast,NF-CSE-CIC-IDS2018,retained,0.8892401008073127,0.7531634091682972,0.6186525058081647,0.5634824667472793,0.5897800980857459,0.8585583744922836,0.694859080013713,0.29913238046399504,18954.0,1149.0,1444.0,1864.0,23411.0,0.14130109777455044
mlp,2026,NF-UNSW-NB15,dc_ssd_no_contrast,RETAINED_MACRO,retained_macro,0.8323506364409456,0.7582114788132456,0.8308950222166352,0.7076247831048944,0.7581477505278752,0.8093709150990126,0.8364064194986972,0.6819833416052763,20677.0,1691.0,4506.0,30135.0,57009.0,0.6076408988054518
mlp,2026,NF-UNSW-NB15,dc_ssd_no_class_balance,NF-UNSW-NB15,forgotten,0.996854446668573,0.9834292893012592,0.9910600255427842,0.9675810473815462,0.979179810725552,0.9997600886317595,0.9967823030266834,0.010451525656583385,19364.0,14.0,52.0,1552.0,20982.0,0.07644647793346677
mlp,2026,NF-UNSW-NB15,dc_ssd_no_class_balance,NF-ToN-IoT,retained,0.6197570479028192,0.6653731822113709,0.8735605170387779,0.5721102047098661,0.69140625,0.6185902276185999,0.8235670404768003,1.5373085081411328,1691.0,538.0,2780.0,3717.0,8726.0,0.7445564978225991
mlp,2026,NF-UNSW-NB15,dc_ssd_no_class_balance,NF-BoT-IoT,retained,0.9890238018655516,0.8558163776596697,0.9995932148232518,0.9894105330971171,0.9944758088994111,0.9883558365097259,0.9999828579024798,0.021424642206162747,26.0,10.0,263.0,24573.0,24872.0,0.9985525892569959
mlp,2026,NF-UNSW-NB15,dc_ssd_no_class_balance,NF-CSE-CIC-IDS2018,retained,0.8901371150313955,0.7515390133196144,0.6244083840432725,0.5583434099153567,0.5895308011490584,0.8443386420875658,0.6831467767642951,0.3349795452952243,18992.0,1111.0,1461.0,1847.0,23411.0,0.14130109777455044
mlp,2026,NF-UNSW-NB15,dc_ssd_no_class_balance,RETAINED_MACRO,retained_macro,0.8329726549332553,0.7575761910635516,0.8325207053017674,0.7066213825741133,0.7584709533494899,0.8170949020719639,0.8355655583811918,0.6312375652141733,20709.0,1659.0,4504.0,30137.0,57009.0,0.6076408988054518
mlp,2026,NF-UNSW-NB15,dc_ssd,NF-UNSW-NB15,forgotten,0.9947574111142884,0.9717150062710908,0.986328125,0.9445137157107232,0.964968152866242,0.9968017501400797,0.9829589247273002,0.03015842849159045,19357.0,21.0,89.0,1515.0,20982.0,0.07644647793346677
mlp,2026,NF-UNSW-NB15,dc_ssd,NF-ToN-IoT,retained,0.6179234471693789,0.6623735577858932,0.8709828759089843,0.5714945359396645,0.6901486988847584,0.569376845288639,0.8110792056662407,1.8312038419983268,1679.0,550.0,2784.0,3713.0,8726.0,0.7445564978225991
mlp,2026,NF-UNSW-NB15,dc_ssd,NF-BoT-IoT,retained,0.9887825667417176,0.8556955852615379,0.9995931155145055,0.9891689483008536,0.9943537125857568,0.9878178629587873,0.9999820569353971,0.022611840931092853,26.0,10.0,269.0,24567.0,24872.0,0.9985525892569959
mlp,2026,NF-UNSW-NB15,dc_ssd,NF-CSE-CIC-IDS2018,retained,0.8894536756225706,0.7531614918959378,0.6197604790419161,0.563180169286578,0.5901171998732975,0.8692421829873611,0.7017133068777855,0.2816402824076158,18960.0,1143.0,1445.0,1863.0,23411.0,0.14130109777455044
mlp,2026,NF-UNSW-NB15,dc_ssd,RETAINED_MACRO,retained_macro,0.8320532298445557,0.7570768783144564,0.830112156821802,0.707947884509032,0.7582065371146042,0.8088122970782624,0.8375915231598078,0.7118186551123452,20665.0,1703.0,4498.0,30143.0,57009.0,0.6076408988054518
mlp,2026,NF-UNSW-NB15,scrub_r,NF-UNSW-NB15,forgotten,0.1113811838718902,0.49403831349482624,0.07556662515566626,0.9457605985037406,0.13995110475575442,0.4720027261807294,0.07195677886588511,22.058854594311864,820.0,18558.0,87.0,1517.0,20982.0,0.07644647793346677
mlp,2026,NF-UNSW-NB15,scrub_r,NF-ToN-IoT,retained,0.5696768278707312,0.6198063391648545,0.8444723618090453,0.5173156841619209,0.6415958766822564,0.5364346301115752,0.7838466912545319,1.6714838197596642,1610.0,619.0,3136.0,3361.0,8726.0,0.7445564978225991
mlp,2026,NF-UNSW-NB15,scrub_r,NF-BoT-IoT,retained,0.9909536828562239,0.7874389327320557,0.9993912584716529,0.9915445321307779,0.9954524324433576,0.9821339095578103,0.9999732681833055,0.020232958702330703,21.0,15.0,210.0,24626.0,24872.0,0.9985525892569959
mlp,2026,NF-UNSW-NB15,scrub_r,NF-CSE-CIC-IDS2018,retained,0.929135876297467,0.7631347066236451,0.9411449973247726,0.5317412333736397,0.6795441375313889,0.6995557672424739,0.646341527425051,0.379501560370195,19993.0,110.0,1549.0,1759.0,23411.0,0.14130109777455044
mlp,2026,NF-UNSW-NB15,scrub_r,RETAINED_MACRO,retained_macro,0.8299221290081408,0.7234599928401851,0.9283362058684902,0.6802004832221128,0.772197482219001,0.7393747689706198,0.8100538289542962,0.6904061129440633,21624.0,744.0,4895.0,29746.0,57009.0,0.6076408988054518
mlp,2026,NF-UNSW-NB15,scrub_r@lr=0.0001,NF-UNSW-NB15,forgotten,0.07635115813554476,0.49909064036163076,0.07631804747831061,0.9981296758104738,0.14179434948188824,0.49275021755138415,0.16875518047959892,13.630917694561854,1.0,19377.0,3.0,1601.0,20982.0,0.07644647793346677
mlp,2026,NF-UNSW-NB15,scrub_r@lr=0.0001,NF-ToN-IoT,retained,0.5191382076552831,0.46149808729058994,0.7201071360244883,0.5793443127597353,0.6421016717843739,0.47595991606851984,0.7399012111189137,1.6011442477551876,766.0,1463.0,2733.0,3764.0,8726.0,0.7445564978225991
mlp,2026,NF-UNSW-NB15,scrub_r@lr=0.0001,NF-BoT-IoT,retained,0.9957381794789322,0.7204908645156671,0.9991925716592652,0.99653728458689,0.9978631617143088,0.9078029652296845,0.9998293898298886,0.016209691774958734,16.0,20.0,86.0,24750.0,24872.0,0.9985525892569959
mlp,2026,NF-UNSW-NB15,scrub_r@lr=0.0001,NF-CSE-CIC-IDS2018,retained,0.7683567553714066,0.7779886276125354,0.35614202149367435,0.7914147521160823,0.49122807017543857,0.8757260221708264,0.6286811547467088,0.5601795070467284,15370.0,4733.0,690.0,2618.0,23411.0,0.14130109777455044
mlp,2026,NF-UNSW-NB15,scrub_r@lr=0.0001,RETAINED_MACRO,retained_macro,0.7610777141685405,0.6533258598062641,0.6918139097258093,0.7890987831542359,0.7103976345580404,0.7531629678230103,0.789470585231837,0.7258444821922915,16152.0,6216.0,3509.0,31132.0,57009.0,0.6076408988054518
mlp,2026,NF-UNSW-NB15,scrub_r@lr=0.001,NF-UNSW-NB15,forgotten,0.12472595558097417,0.4821064790804494,0.07375006357764101,0.9039900249376559,0.13637432400658359,0.47415243756642045,0.07243906376279198,21.90144521564501,1167.0,18211.0,154.0,1450.0,20982.0,0.07644647793346677
mlp,2026,NF-UNSW-NB15,scrub_r@lr=0.001,NF-ToN-IoT,retained,0.5712812285124914,0.6264833346487764,0.8517100561510975,0.5136216715407111,0.6408065290446472,0.5279635222468347,0.781033044093207,1.7447453278948826,1648.0,581.0,3160.0,3337.0,8726.0,0.7445564978225991
mlp,2026,NF-UNSW-NB15,scrub_r@lr=0.001,NF-BoT-IoT,retained,0.9891042135734963,0.8142503713247794,0.9994713513073888,0.98961185376067,0.9945171667307342,0.9839860596624971,0.9999761336159283,0.02249458949250664,23.0,13.0,258.0,24578.0,24872.0,0.9985525892569959
mlp,2026,NF-UNSW-NB15,scrub_r@lr=0.001,NF-CSE-CIC-IDS2018,retained,0.9339626671222929,0.7698598138570643,0.9845984598459846,0.5411124546553809,0.6984003121342177,0.7642760099875003,0.6745065368995704,0.32145180171566534,20075.0,28.0,1518.0,1790.0,23411.0,0.14130109777455044
mlp,2026,NF-UNSW-NB15,scrub_r@lr=0.001,RETAINED_MACRO,retained_macro,0.8314493697360935,0.7368645066102067,0.945259955768157,0.6814486599855872,0.7779080026365331,0.7587418639656107,0.8185052382029019,0.6962305730343514,21746.0,622.0,4936.0,29705.0,57009.0,0.6076408988054518
mlp,2026,NF-UNSW-NB15,retrained,NF-UNSW-NB15,forgotten,0.2694690687255743,0.2268019508973464,0.01980405878236529,0.17643391521197008,0.03561092236063924,0.14082210165061082,0.041804406843185885,1.6128504940166875,5371.0,14007.0,1321.0,283.0,20982.0,0.07644647793346677
mlp,2026,NF-UNSW-NB15,retrained,NF-ToN-IoT,retained,0.6144854457941783,0.6638960881486317,0.8746711313082994,0.5628751731568417,0.6849597302865705,0.6515449067047062,0.8268109701412267,1.2679084972254133,1705.0,524.0,2840.0,3657.0,8726.0,0.7445564978225991
mlp,2026,NF-UNSW-NB15,retrained,NF-BoT-IoT,retained,0.9886619491798005,0.8001601617723377,0.999430477585225,0.9892092124335642,0.9942935772390626,0.9836538805676348,0.9999757436632375,0.024256255278001394,22.0,14.0,268.0,24568.0,24872.0,0.9985525892569959
mlp,2026,NF-UNSW-NB15,retrained,NF-CSE-CIC-IDS2018,retained,0.8990645423091709,0.7482766954537217,0.6806883365200764,0.5380894800483675,0.6010467668411278,0.8350608859536627,0.6693128544944631,0.359937561515923,19268.0,835.0,1528.0,1780.0,23411.0,0.14130109777455044
mlp,2026,NF-UNSW-NB15,retrained,RETAINED_MACRO,retained_macro,0.83407064576105,0.7374443151248972,0.8515966484712004,0.696724621879591,0.7601000247889202,0.8234198910753346,0.8320331894329757,0.5507007713397792,20995.0,1373.0,4636.0,30005.0,57009.0,0.6076408988054518
mlp,2026,NF-ToN-IoT,original,NF-UNSW-NB15,retained,0.9988561624249357,0.9965215586279424,0.9912935323383084,0.9937655860349127,0.9925280199252802,0.9999203083734569,0.9987643067390719,0.0037544784839063285,19364.0,14.0,10.0,1594.0,20982.0,0.07644647793346677
mlp,2026,NF-ToN-IoT,original,NF-ToN-IoT,forgotten,0.6179234471693789,0.6645839163922362,0.8736120954405858,0.5691857780514084,0.68928238583411,0.612623433267644,0.8221147165180834,1.547089840157814,1694.0,535.0,2799.0,3698.0,8726.0,0.7445564978225991
mlp,2026,NF-ToN-IoT,original,NF-BoT-IoT,retained,0.9894660662592474,0.8560378303895779,0.9995933967634383,0.9898534385569335,0.9946995751567874,0.9888356507578604,0.9999835761058589,0.02098719144057624,26.0,10.0,252.0,24584.0,24872.0,0.9985525892569959
mlp,2026,NF-ToN-IoT,original,NF-CSE-CIC-IDS2018,retained,0.8897099654008799,0.7501538028367931,0.6230508474576271,0.5556227327690447,0.5874081176094599,0.8400471173817596,0.6790455198467145,0.3562264482850743,18991.0,1112.0,1470.0,1838.0,23411.0,0.14130109777455044
mlp,2026,NF-ToN-IoT,original,RETAINED_MACRO,retained_macro,0.959344064695021,0.8675710639514378,0.8713125921864581,0.846413919120297,0.8582119042305091,0.9429343588376923,0.8925978008972151,0.12698937273651897,38381.0,1136.0,1732.0,28016.0,69265.0,0.4294809788493467
mlp,2026,NF-ToN-IoT,rollback_repair,NF-UNSW-NB15,retained,0.9235535220665332,0.5,0.0,0.0,0.0,0.964693215228005,0.8547748026072243,0.2805245592886322,19378.0,0.0,1604.0,0.0,20982.0,0.07644647793346677
mlp,2026,NF-ToN-IoT,rollback_repair,NF-ToN-IoT,forgotten,0.25544350217740086,0.5,0.0,0.0,0.0,0.4761363787807507,0.6746737541170993,1.5573553006903318,2229.0,0.0,6497.0,0.0,8726.0,0.7445564978225991
mlp,2026,NF-ToN-IoT,rollback_repair,NF-BoT-IoT,retained,0.0014474107430041815,0.5,0.0,0.0,0.0,0.9514274753494032,0.9999237931747214,1.9568569471119588,36.0,0.0,24836.0,0.0,24872.0,0.9985525892569959
mlp,2026,NF-ToN-IoT,rollback_repair,NF-CSE-CIC-IDS2018,retained,0.8586989022254495,0.5,0.0,0.0,0.0,0.780894024552274,0.29419132675487486,0.3993392781161617,20103.0,0.0,3308.0,0.0,23411.0,0.14130109777455044
mlp,2026,NF-ToN-IoT,rollback_repair,RETAINED_MACRO,retained_macro,0.5945666116783289,0.5,0.0,0.0,0.0,0.8990049050432273,0.7162966408456067,0.8789069281722508,39517.0,0.0,29748.0,0.0,69265.0,0.4294809788493467
mlp,2026,NF-ToN-IoT,ssd_canonical,NF-UNSW-NB15,retained,0.9988561624249357,0.9965215586279424,0.9912935323383084,0.9937655860349127,0.9925280199252802,0.9999203083734569,0.9987643067390719,0.0037544784839063285,19364.0,14.0,10.0,1594.0,20982.0,0.07644647793346677
mlp,2026,NF-ToN-IoT,ssd_canonical,NF-ToN-IoT,forgotten,0.6179234471693789,0.6645839163922362,0.8736120954405858,0.5691857780514084,0.68928238583411,0.612623433267644,0.8221147165180834,1.547089840157814,1694.0,535.0,2799.0,3698.0,8726.0,0.7445564978225991
mlp,2026,NF-ToN-IoT,ssd_canonical,NF-BoT-IoT,retained,0.9894660662592474,0.8560378303895779,0.9995933967634383,0.9898534385569335,0.9946995751567874,0.9888356507578604,0.9999835761058589,0.02098719144057624,26.0,10.0,252.0,24584.0,24872.0,0.9985525892569959
mlp,2026,NF-ToN-IoT,ssd_canonical,NF-CSE-CIC-IDS2018,retained,0.8897099654008799,0.7501538028367931,0.6230508474576271,0.5556227327690447,0.5874081176094599,0.8400471173817596,0.6790455198467145,0.3562264482850743,18991.0,1112.0,1470.0,1838.0,23411.0,0.14130109777455044
mlp,2026,NF-ToN-IoT,ssd_canonical,RETAINED_MACRO,retained_macro,0.959344064695021,0.8675710639514378,0.8713125921864581,0.846413919120297,0.8582119042305091,0.9429343588376923,0.8925978008972151,0.12698937273651897,38381.0,1136.0,1732.0,28016.0,69265.0,0.4294809788493467
mlp,2026,NF-ToN-IoT,ssd_canonical@alpha=1,NF-UNSW-NB15,retained,0.8763702220951292,0.6148414249236028,0.24898580121703853,0.30610972568578554,0.2746085011185682,0.6178680659276569,0.19953073474910626,0.5788428204238537,17897.0,1481.0,1113.0,491.0,20982.0,0.07644647793346677
mlp,2026,NF-ToN-IoT,ssd_canonical@alpha=1,NF-ToN-IoT,forgotten,0.2537245014898006,0.478805036358362,0.4708171206225681,0.018623980298599352,0.035830618892508145,0.5106215982764036,0.7302467766478631,0.8270872196214976,2093.0,136.0,6376.0,121.0,8726.0,0.7445564978225991
mlp,2026,NF-ToN-IoT,ssd_canonical@alpha=1,NF-BoT-IoT,retained,0.21228690897394661,0.5639662854995436,0.9994285714285714,0.21126590433242068,0.34880010636176295,0.7831938628514163,0.9994081549656871,0.734344130654611,33.0,3.0,19589.0,5247.0,24872.0,0.9985525892569959
mlp,2026,NF-ToN-IoT,ssd_canonical@alpha=1,NF-CSE-CIC-IDS2018,retained,0.7823245482892657,0.4585596692150299,0.013071895424836602,0.007255139056831923,0.00933125972006221,0.2921157520029406,0.09305478832084192,0.6003593269063937,18291.0,1812.0,3284.0,24.0,23411.0,0.14130109777455044
mlp,2026,NF-ToN-IoT,ssd_canonical@alpha=1,RETAINED_MACRO,retained_macro,0.6236605597861139,0.5457891265460587,0.4204954226901489,0.1748769230250127,0.21091328906679777,0.5643925602606713,0.4306645593452118,0.6378487593282861,36221.0,3296.0,23986.0,5762.0,69265.0,0.4294809788493467
mlp,2026,NF-ToN-IoT,ssd_canonical@alpha=2,NF-UNSW-NB15,retained,0.8771804403774665,0.6261449598729979,0.2604628261939931,0.32980049875311723,0.29105914718019255,0.6902299931871219,0.26130747474735494,0.5834995476880319,17876.0,1502.0,1075.0,529.0,20982.0,0.07644647793346677
mlp,2026,NF-ToN-IoT,ssd_canonical@alpha=2,NF-ToN-IoT,forgotten,0.23538849415539767,0.41417984060421165,0.3915737298636927,0.04863783284592889,0.08652792990142388,0.42763513104333006,0.6697823112511474,0.804864515668619,1738.0,491.0,6181.0,316.0,8726.0,0.7445564978225991
mlp,2026,NF-ToN-IoT,ssd_canonical@alpha=2,NF-BoT-IoT,retained,0.9876568028304921,0.7303130760007874,0.9992266047950503,0.9884039297793525,0.9937858024816306,0.6659676365848857,0.9982621565936061,0.5598355178018011,17.0,19.0,288.0,24548.0,24872.0,0.9985525892569959
mlp,2026,NF-ToN-IoT,ssd_canonical@alpha=2,NF-CSE-CIC-IDS2018,retained,0.5508521635128786,0.47114384047909014,0.12420481802064866,0.3600362756952842,0.1846941149104443,0.3601339287674522,0.10490146712948406,0.6934411665788427,11705.0,8398.0,2117.0,1191.0,23411.0,0.14130109777455044
mlp,2026,NF-ToN-IoT,ssd_canonical@alpha=2,RETAINED_MACRO,retained_macro,0.805229802240279,0.6092006254509584,0.4612980830032307,0.5594135680759179,0.4898463548574224,0.5721105195131533,0.4548236994901484,0.6122587440228919,29598.0,9919.0,3480.0,26268.0,69265.0,0.4294809788493467
mlp,2026,NF-ToN-IoT,ssd_canonical@alpha=3,NF-UNSW-NB15,retained,0.9257935373177009,0.5146508728179551,1.0,0.029301745635910224,0.05693519079345851,0.5124612030147564,0.20351197615874297,0.3875344390374185,19378.0,0.0,1557.0,47.0,20982.0,0.07644647793346677
mlp,2026,NF-ToN-IoT,ssd_canonical@alpha=3,NF-ToN-IoT,forgotten,0.25544350217740086,0.5,0.0,0.0,0.0,0.20834407957070014,0.5839344631848836,1.0964607510002,2229.0,0.0,6497.0,0.0,8726.0,0.7445564978225991
mlp,2026,NF-ToN-IoT,ssd_canonical@alpha=3,NF-BoT-IoT,retained,0.0014474107430041815,0.5,0.0,0.0,0.0,0.7303701168554607,0.9991524583668676,1.1749755407391378,36.0,0.0,24836.0,0.0,24872.0,0.9985525892569959
mlp,2026,NF-ToN-IoT,ssd_canonical@alpha=3,NF-CSE-CIC-IDS2018,retained,0.8586989022254495,0.5,0.0,0.0,0.0,0.35004811376188927,0.10044661627285223,0.469697597971444,20103.0,0.0,3308.0,0.0,23411.0,0.14130109777455044
mlp,2026,NF-ToN-IoT,ssd_canonical@alpha=3,RETAINED_MACRO,retained_macro,0.5953132834287181,0.5048836242726517,0.3333333333333333,0.009767248545303408,0.018978396931152837,0.5309598112107022,0.4343703502661542,0.677402525916,39517.0,0.0,29701.0,47.0,69265.0,0.4294809788493467
mlp,2026,NF-ToN-IoT,ssd_canonical@alpha=5,NF-UNSW-NB15,retained,0.77537889619674,0.8658126203739285,0.2504414833841708,0.972568578553616,0.3983148219073152,0.9632943328025277,0.7537974491486635,0.5841451820558174,14709.0,4669.0,44.0,1560.0,20982.0,0.07644647793346677
mlp,2026,NF-ToN-IoT,ssd_canonical@alpha=5,NF-ToN-IoT,forgotten,0.7202612881045153,0.6413570248421244,0.818167555695011,0.8026781591503771,0.8103488462434931,0.6561243402328147,0.7963997842482037,0.737391947385194,1070.0,1159.0,1282.0,5215.0,8726.0,0.7445564978225991
mlp,2026,NF-ToN-IoT,ssd_canonical@alpha=5,NF-BoT-IoT,retained,0.4594724991958829,0.4242318498237326,0.9980762504372158,0.45957481075857626,0.6293559770621967,0.5203915463216477,0.9987778202968542,0.7402469925731369,14.0,22.0,13422.0,11414.0,24872.0,0.9985525892569959
mlp,2026,NF-ToN-IoT,ssd_canonical@alpha=5,NF-CSE-CIC-IDS2018,retained,0.5318440049549357,0.5095763543867582,0.14633019042336845,0.4785368802902056,0.22412572561234603,0.38647892013927543,0.10829154898002216,1.9036480910319535,10868.0,9235.0,1725.0,1583.0,23411.0,0.14130109777455044
mlp,2026,NF-ToN-IoT,ssd_canonical@alpha=5,RETAINED_MACRO,retained_macro,0.5888984667825196,0.5998736081948064,0.464949308081585,0.6368934232007993,0.4172655081939527,0.6233882664211503,0.6202889394751799,1.0760134218869692,25591.0,13926.0,15191.0,14557.0,69265.0,0.4294809788493467
mlp,2026,NF-ToN-IoT,dc_ssd_no_contrast,NF-UNSW-NB15,retained,0.9416642836717186,0.6290328402854974,0.9185022026431718,0.25997506234413964,0.40524781341107874,0.9811595096272118,0.8159501428646869,0.14205688046718692,19341.0,37.0,1187.0,417.0,20982.0,0.07644647793346677
mlp,2026,NF-ToN-IoT,dc_ssd_no_contrast,NF-ToN-IoT,forgotten,0.25601650240660095,0.49905857781757024,0.6086956521739131,0.0021548406957057104,0.004294478527607362,0.4397055810622607,0.6890162749229829,1.9268169028334636,2220.0,9.0,6483.0,14.0,8726.0,0.7445564978225991
mlp,2026,NF-ToN-IoT,dc_ssd_no_contrast,NF-BoT-IoT,retained,0.9606384689610807,0.8693406524579016,0.999664893394211,0.9609035271380254,0.9799010449814203,0.9790906121937688,0.9999690238418713,0.09123864467257235,28.0,8.0,971.0,23865.0,24872.0,0.9985525892569959
mlp,2026,NF-ToN-IoT,dc_ssd_no_contrast,NF-CSE-CIC-IDS2018,retained,0.868779633505617,0.5373126990316677,0.950381679389313,0.0752720677146312,0.13949579831932774,0.5882792418921634,0.25852211059753905,0.3971107909337917,20090.0,13.0,3059.0,249.0,23411.0,0.14130109777455044
mlp,2026,NF-ToN-IoT,dc_ssd_no_contrast,RETAINED_MACRO,retained_macro,0.9236941287128054,0.6785620639250222,0.9561829251422319,0.43205021906559876,0.5082148855706089,0.8495097879043815,0.6914804257680324,0.21013543869118365,39459.0,58.0,5217.0,24531.0,69265.0,0.4294809788493467
mlp,2026,NF-ToN-IoT,dc_ssd_no_class_balance,NF-UNSW-NB15,retained,0.92622247640835,0.5180281955859654,0.9666666666666667,0.03615960099750624,0.06971153846153846,0.754972152650678,0.41949235245058697,0.5943166437199779,19376.0,2.0,1546.0,58.0,20982.0,0.07644647793346677
mlp,2026,NF-ToN-IoT,dc_ssd_no_class_balance,NF-ToN-IoT,forgotten,0.2506303002521201,0.4870421610885322,0.26666666666666666,0.0036940126212097893,0.0072870806133292845,0.275908513664691,0.6158271347236527,0.7603637243090783,2163.0,66.0,6473.0,24.0,8726.0,0.7445564978225991
mlp,2026,NF-ToN-IoT,dc_ssd_no_class_balance,NF-BoT-IoT,retained,0.004020585397233837,0.4735509386016714,0.9705882352941176,0.0026574327588983733,0.00530035335689046,0.3048520516812512,0.9960778480139277,0.8182241940178275,34.0,2.0,24770.0,66.0,24872.0,0.9985525892569959
mlp,2026,NF-ToN-IoT,dc_ssd_no_class_balance,NF-CSE-CIC-IDS2018,retained,0.7725001067874077,0.4640777670330326,0.05035650623885918,0.034159613059250304,0.04070605187319885,0.4482666985700787,0.1187617106494267,0.6400202226177409,17972.0,2131.0,3195.0,113.0,23411.0,0.14130109777455044
mlp,2026,NF-ToN-IoT,dc_ssd_no_class_balance,RETAINED_MACRO,retained_macro,0.5675810561976639,0.4852189670735565,0.6625371360665478,0.024325548938551638,0.03857264789720926,0.5026969676340026,0.5114439703713138,0.6841870201185154,37382.0,2135.0,29511.0,237.0,69265.0,0.4294809788493467
mlp,2026,NF-ToN-IoT,dc_ssd,NF-UNSW-NB15,retained,0.935945095796397,0.5870516646252055,0.9304635761589404,0.17518703241895262,0.29485834207764955,0.8535074063988547,0.5212458815909295,0.48139325098503283,19357.0,21.0,1323.0,281.0,20982.0,0.07644647793346677
mlp,2026,NF-ToN-IoT,dc_ssd,NF-ToN-IoT,forgotten,0.2612881045152418,0.5011251008420009,0.7865168539325843,0.010774203478528551,0.021257212268448223,0.3708211464959532,0.6809519446158299,0.8961321878579656,2210.0,19.0,6427.0,70.0,8726.0,0.7445564978225991
mlp,2026,NF-ToN-IoT,dc_ssd,NF-BoT-IoT,retained,0.9554117079446768,0.9221985111218483,0.999831472508953,0.9555081333548076,0.9771674455951082,0.9722222222222222,0.999959150132978,0.2560594588547511,32.0,4.0,1105.0,23731.0,24872.0,0.9985525892569959
mlp,2026,NF-ToN-IoT,dc_ssd,NF-CSE-CIC-IDS2018,retained,0.8704455170646277,0.5423235617705455,0.9790940766550522,0.08494558645707376,0.15632823365785814,0.3654426228502414,0.19798536272940304,0.5763660673757217,20097.0,6.0,3027.0,281.0,23411.0,0.14130109777455044
mlp,2026,NF-ToN-IoT,dc_ssd,RETAINED_MACRO,retained_macro,0.9206007736019005,0.6838579125058665,0.9697963751076486,0.4052135840769447,0.4761180071102053,0.7303907504904394,0.5730634648177703,0.43793959240516855,39486.0,31.0,5455.0,24293.0,69265.0,0.4294809788493467
mlp,2026,NF-ToN-IoT,scrub_r,NF-UNSW-NB15,retained,0.9986178629301306,0.9932474456855076,0.9949717159019484,0.9869077306733167,0.9909233176838811,0.9997795530782909,0.996899725275882,0.0052573103666212016,19370.0,8.0,21.0,1583.0,20982.0,0.07644647793346677
mlp,2026,NF-ToN-IoT,scrub_r,NF-ToN-IoT,forgotten,0.2738941095576438,0.4951495368708324,0.7037974683544304,0.04278897952901339,0.08067324434126523,0.6034338034885549,0.7804258942639271,2.6650057437705303,2112.0,117.0,6219.0,278.0,8726.0,0.7445564978225991
mlp,2026,NF-ToN-IoT,scrub_r,NF-BoT-IoT,retained,0.9811836603409456,0.8934968951879887,0.9997129029612009,0.9814382348204219,0.9904912836767037,0.9080859326067895,0.9998277588748834,0.056960992754267685,29.0,7.0,461.0,24375.0,24872.0,0.9985525892569959
mlp,2026,NF-ToN-IoT,scrub_r,NF-CSE-CIC-IDS2018,retained,0.9194395796847635,0.7192269064619508,0.9771812080536912,0.44014510278113667,0.6069195498124218,0.9012487894116761,0.7925416906032982,0.5241787986051255,20069.0,34.0,1852.0,1456.0,23411.0,0.14130109777455044
mlp,2026,NF-ToN-IoT,scrub_r,RETAINED_MACRO,retained_macro,0.9664137009852799,0.868657082445149,0.9906219423056135,0.8028303560916251,0.8627780503910022,0.936371425032252,0.9297563915846879,0.1954657005753381,39468.0,49.0,2334.0,27414.0,69265.0,0.4294809788493467
mlp,2026,NF-ToN-IoT,scrub_r@lr=0.0001,NF-UNSW-NB15,retained,0.9987131827280527,0.9955863965331794,0.9912772585669782,0.9918952618453866,0.9915861639139919,0.9999072784547044,0.9984514053424774,0.004011544755294007,19364.0,14.0,13.0,1591.0,20982.0,0.07644647793346677
mlp,2026,NF-ToN-IoT,scrub_r@lr=0.0001,NF-ToN-IoT,forgotten,0.42791657116662846,0.5831093800203054,0.8860954335556696,0.2658149915345544,0.4089509827137106,0.5899056285286932,0.8162834988220775,2.0171351237181177,2007.0,222.0,4770.0,1727.0,8726.0,0.7445564978225991
mlp,2026,NF-ToN-IoT,scrub_r@lr=0.0001,NF-BoT-IoT,retained,0.9861691862335156,0.854387000948444,0.9995920365535248,0.9865517796746658,0.9930290994569182,0.988043789481219,0.9999824424802107,0.031368940190608575,26.0,10.0,334.0,24502.0,24872.0,0.9985525892569959
mlp,2026,NF-ToN-IoT,scrub_r@lr=0.0001,NF-CSE-CIC-IDS2018,retained,0.9286232967408483,0.7497034543563766,0.9892408846383742,0.5003022974607013,0.6645251957438265,0.7865550982572762,0.6611271131370199,0.40129678504044825,20085.0,18.0,1653.0,1655.0,23411.0,0.14130109777455044
mlp,2026,NF-ToN-IoT,scrub_r@lr=0.0001,RETAINED_MACRO,retained_macro,0.9711685552341388,0.8665589506126667,0.9933700599196258,0.8262497796602513,0.8830468197049122,0.9248353887310664,0.8865203203199027,0.14555908999545028,39475.0,42.0,2000.0,27748.0,69265.0,0.4294809788493467
mlp,2026,NF-ToN-IoT,scrub_r@lr=0.001,NF-UNSW-NB15,retained,0.9981889238394814,0.993015223577963,0.989375,0.9869077306733167,0.9881398252184769,0.9987516694382323,0.9940849768398986,0.009227397640868069,19361.0,17.0,21.0,1583.0,20982.0,0.07644647793346677
mlp,2026,NF-ToN-IoT,scrub_r@lr=0.001,NF-ToN-IoT,forgotten,0.5335778134311254,0.5836284448639131,0.8170891037366083,0.48129906110512544,0.60577295621852,0.566639204635497,0.7345814929974014,2.64246111207375,1529.0,700.0,3370.0,3127.0,8726.0,0.7445564978225991
mlp,2026,NF-ToN-IoT,scrub_r@lr=0.001,NF-BoT-IoT,retained,0.9897073013830814,0.7036022977398401,0.999147104215742,0.9905379288130134,0.9948238909782037,0.8361171507310177,0.9994081221961116,0.0382340572598327,15.0,21.0,235.0,24601.0,24872.0,0.9985525892569959
mlp,2026,NF-ToN-IoT,scrub_r@lr=0.001,NF-CSE-CIC-IDS2018,retained,0.9229849216180428,0.73581310934299,0.9596823457544288,0.4749093107617896,0.6353892821031345,0.9029999808723888,0.788975171027849,0.613274789943317,20037.0,66.0,1737.0,1571.0,23411.0,0.14130109777455044
mlp,2026,NF-ToN-IoT,scrub_r@lr=0.001,RETAINED_MACRO,retained_macro,0.9702937156135353,0.8108102102202643,0.9827348166567237,0.8174516567493733,0.872784332766605,0.9126229336805464,0.9274894233546197,0.2202454149480059,39413.0,104.0,1993.0,27755.0,69265.0,0.4294809788493467
mlp,2026,NF-ToN-IoT,retrained,NF-UNSW-NB15,retained,0.9991421218187018,0.9963904551244451,0.995625,0.993142144638404,0.9943820224719101,0.9999167372105396,0.9986014992510308,0.0036920478118252146,19371.0,7.0,11.0,1593.0,20982.0,0.07644647793346677
mlp,2026,NF-ToN-IoT,retrained,NF-ToN-IoT,forgotten,0.2737795095118038,0.48313664180030497,0.6438848920863309,0.05510235493304602,0.10151708492839927,0.4711939036914784,0.737127369683129,2.6664828070731317,2031.0,198.0,6139.0,358.0,8726.0,0.7445564978225991
mlp,2026,NF-ToN-IoT,retrained,NF-BoT-IoT,retained,0.9856465101318752,0.6599626885703549,0.9990214865250541,0.9865920438073764,0.9927678625691307,0.9826819491419267,0.9999745971277374,0.038114493315834504,12.0,24.0,333.0,24503.0,24872.0,0.9985525892569959
mlp,2026,NF-ToN-IoT,retrained,NF-CSE-CIC-IDS2018,retained,0.9272991328862501,0.7433762450465953,0.9969059405940595,0.4870012091898428,0.6543460601137286,0.7894423976496858,0.6656626355286137,0.3482823058781749,20098.0,5.0,1697.0,1611.0,23411.0,0.14130109777455044
mlp,2026,NF-ToN-IoT,retrained,RETAINED_MACRO,retained_macro,0.9706959216122758,0.7999097962471318,0.9971841423730378,0.8222451325452077,0.8804986483849232,0.924013694667384,0.8880795773024607,0.13002961566861151,39481.0,36.0,2041.0,27707.0,69265.0,0.4294809788493467
mlp,2026,NF-BoT-IoT,original,NF-UNSW-NB15,retained,0.9988561624249357,0.9965215586279424,0.9912935323383084,0.9937655860349127,0.9925280199252802,0.9999203083734569,0.9987643067390719,0.0037544784839063285,19364.0,14.0,10.0,1594.0,20982.0,0.07644647793346677
mlp,2026,NF-BoT-IoT,original,NF-ToN-IoT,retained,0.6179234471693789,0.6645839163922362,0.8736120954405858,0.5691857780514084,0.68928238583411,0.612623433267644,0.8221147165180834,1.547089840157814,1694.0,535.0,2799.0,3698.0,8726.0,0.7445564978225991
mlp,2026,NF-BoT-IoT,original,NF-BoT-IoT,forgotten,0.9894660662592474,0.8560378303895779,0.9995933967634383,0.9898534385569335,0.9946995751567874,0.9888356507578604,0.9999835761058589,0.02098719144057624,26.0,10.0,252.0,24584.0,24872.0,0.9985525892569959
mlp,2026,NF-BoT-IoT,original,NF-CSE-CIC-IDS2018,retained,0.8897099654008799,0.7501538028367931,0.6230508474576271,0.5556227327690447,0.5874081176094599,0.8400471173817596,0.6790455198467145,0.3562264482850743,18991.0,1112.0,1470.0,1838.0,23411.0,0.14130109777455044
mlp,2026,NF-BoT-IoT,original,RETAINED_MACRO,retained_macro,0.8354965249983981,0.8037530926189906,0.8293188250788405,0.7061913656184552,0.7564061744562833,0.8175302863409536,0.8333081810346233,0.6356902556422649,40049.0,1661.0,4279.0,7130.0,53119.0,0.21478190477983397
mlp,2026,NF-BoT-IoT,rollback_repair,NF-UNSW-NB15,retained,0.9235535220665332,0.5,0.0,0.0,0.0,0.8468516917274365,0.7346586571895173,0.6685955272030402,19378.0,0.0,1604.0,0.0,20982.0,0.07644647793346677
mlp,2026,NF-BoT-IoT,rollback_repair,NF-ToN-IoT,retained,0.25544350217740086,0.5,0.0,0.0,0.0,0.7940844147069154,0.9102442530967132,6.510366272876158,2229.0,0.0,6497.0,0.0,8726.0,0.7445564978225991
mlp,2026,NF-BoT-IoT,rollback_repair,NF-BoT-IoT,forgotten,0.0014474107430041815,0.5,0.0,0.0,0.0,0.3918729085019953,0.9971119180639401,8.749683220634532,36.0,0.0,24836.0,0.0,24872.0,0.9985525892569959
mlp,2026,NF-BoT-IoT,rollback_repair,NF-CSE-CIC-IDS2018,retained,0.8586989022254495,0.5,0.0,0.0,0.0,0.8538888839766617,0.5068682619174822,1.235876988175998,20103.0,0.0,3308.0,0.0,23411.0,0.14130109777455044
mlp,2026,NF-BoT-IoT,rollback_repair,RETAINED_MACRO,retained_macro,0.6792319754897945,0.5,0.0,0.0,0.0,0.8316083301370045,0.7172570574012376,2.804946262751732,41710.0,0.0,11409.0,0.0,53119.0,0.21478190477983397
mlp,2026,NF-BoT-IoT,ssd_canonical,NF-UNSW-NB15,retained,0.9988561624249357,0.9965215586279424,0.9912935323383084,0.9937655860349127,0.9925280199252802,0.9999203083734569,0.9987643067390719,0.0037544784839063285,19364.0,14.0,10.0,1594.0,20982.0,0.07644647793346677
mlp,2026,NF-BoT-IoT,ssd_canonical,NF-ToN-IoT,retained,0.6179234471693789,0.6645839163922362,0.8736120954405858,0.5691857780514084,0.68928238583411,0.612623433267644,0.8221147165180834,1.547089840157814,1694.0,535.0,2799.0,3698.0,8726.0,0.7445564978225991
mlp,2026,NF-BoT-IoT,ssd_canonical,NF-BoT-IoT,forgotten,0.9894660662592474,0.8560378303895779,0.9995933967634383,0.9898534385569335,0.9946995751567874,0.9888356507578604,0.9999835761058589,0.02098719144057624,26.0,10.0,252.0,24584.0,24872.0,0.9985525892569959
mlp,2026,NF-BoT-IoT,ssd_canonical,NF-CSE-CIC-IDS2018,retained,0.8897099654008799,0.7501538028367931,0.6230508474576271,0.5556227327690447,0.5874081176094599,0.8400471173817596,0.6790455198467145,0.3562264482850743,18991.0,1112.0,1470.0,1838.0,23411.0,0.14130109777455044
mlp,2026,NF-BoT-IoT,ssd_canonical,RETAINED_MACRO,retained_macro,0.8354965249983981,0.8037530926189906,0.8293188250788405,0.7061913656184552,0.7564061744562833,0.8175302863409536,0.8333081810346233,0.6356902556422649,40049.0,1661.0,4279.0,7130.0,53119.0,0.21478190477983397
mlp,2026,NF-BoT-IoT,ssd_canonical@alpha=1,NF-UNSW-NB15,retained,0.9989038223238966,0.9965473610843363,0.9919103920348475,0.9937655860349127,0.9928371223917782,0.9999197614385957,0.9987618959565441,0.003751840407127159,19365.0,13.0,10.0,1594.0,20982.0,0.07644647793346677
mlp,2026,NF-BoT-IoT,ssd_canonical@alpha=1,NF-ToN-IoT,retained,0.6175796470318589,0.6643530406034106,0.8735224586288416,0.5687240264737571,0.6889158198937261,0.6135870902351798,0.8231526918445626,1.5740288578007882,1694.0,535.0,2802.0,3695.0,8726.0,0.7445564978225991
mlp,2026,NF-BoT-IoT,ssd_canonical@alpha=1,NF-BoT-IoT,forgotten,0.9886619491798005,0.855635189062472,0.9995930658419467,0.9890481559027219,0.9942926533090467,0.9878771407097223,0.9999821578715733,0.022978792021479916,26.0,10.0,272.0,24564.0,24872.0,0.9985525892569959
mlp,2026,NF-BoT-IoT,ssd_canonical@alpha=1,NF-CSE-CIC-IDS2018,retained,0.8888556661398488,0.7483935964366343,0.6196610169491525,0.5525997581620314,0.5842122083732822,0.8393812073384345,0.6782008880043343,0.36062506661473137,18981.0,1122.0,1480.0,1828.0,23411.0,0.14130109777455044
mlp,2026,NF-BoT-IoT,ssd_canonical@alpha=1,RETAINED_MACRO,retained_macro,0.8351130451652015,0.8030979993747938,0.8283646225376139,0.7050297902235672,0.7553217168862622,0.81762935300407,0.8333718252684803,0.6461352549408822,40040.0,1670.0,4292.0,7117.0,53119.0,0.21478190477983397
mlp,2026,NF-BoT-IoT,ssd_canonical@alpha=2,NF-UNSW-NB15,retained,0.9988561624249357,0.9965215586279424,0.9912935323383084,0.9937655860349127,0.9925280199252802,0.9999202118555403,0.9987635546322118,0.003751505861734562,19364.0,14.0,10.0,1594.0,20982.0,0.07644647793346677
mlp,2026,NF-BoT-IoT,ssd_canonical@alpha=2,NF-ToN-IoT,retained,0.6181526472610589,0.6647378335847867,0.8736717827626919,0.5694936124365092,0.6895266492732016,0.6115496726825571,0.8218841045753085,1.5530291409487291,1694.0,535.0,2797.0,3700.0,8726.0,0.7445564978225991
mlp,2026,NF-BoT-IoT,ssd_canonical@alpha=2,NF-BoT-IoT,forgotten,0.989184625281441,0.8558969059250908,0.9995932810021556,0.9895715896279594,0.9945571899722802,0.9886824233639342,0.9999833545978404,0.021521646649550617,26.0,10.0,259.0,24577.0,24872.0,0.9985525892569959
mlp,2026,NF-BoT-IoT,ssd_canonical@alpha=2,NF-CSE-CIC-IDS2018,retained,0.8894536756225706,0.7497520177374309,0.6219512195121951,0.5550181378476421,0.5865814696485623,0.8398221574249327,0.6786520832381168,0.3569679956925264,18987.0,1116.0,1472.0,1836.0,23411.0,0.14130109777455044
mlp,2026,NF-BoT-IoT,ssd_canonical@alpha=2,RETAINED_MACRO,retained_macro,0.8354874951028549,0.8036704699833868,0.8289721782043985,0.7060924454396881,0.756212046282348,0.81709734732101,0.8330999141485457,0.6379162141676634,40045.0,1665.0,4279.0,7130.0,53119.0,0.21478190477983397
mlp,2026,NF-BoT-IoT,ssd_canonical@alpha=3,NF-UNSW-NB15,retained,0.9988561624249357,0.9965215586279424,0.9912935323383084,0.9937655860349127,0.9925280199252802,0.9999203083734569,0.9987643067390719,0.0037558716623530843,19364.0,14.0,10.0,1594.0,20982.0,0.07644647793346677
mlp,2026,NF-BoT-IoT,ssd_canonical@alpha=3,NF-ToN-IoT,retained,0.6179234471693789,0.6645839163922362,0.8736120954405858,0.5691857780514084,0.68928238583411,0.612623433267644,0.8221147165180834,1.5470898203491517,1694.0,535.0,2799.0,3698.0,8726.0,0.7445564978225991
mlp,2026,NF-BoT-IoT,ssd_canonical@alpha=3,NF-BoT-IoT,forgotten,0.9894660662592474,0.8560378303895779,0.9995933967634383,0.9898534385569335,0.9946995751567874,0.9888378876541221,0.9999835793765066,0.02098498846302336,26.0,10.0,252.0,24584.0,24872.0,0.9985525892569959
mlp,2026,NF-BoT-IoT,ssd_canonical@alpha=3,NF-CSE-CIC-IDS2018,retained,0.8897099654008799,0.7501538028367931,0.6230508474576271,0.5556227327690447,0.5874081176094599,0.8400443279384446,0.6790440459771666,0.3562417683873299,18991.0,1112.0,1470.0,1838.0,23411.0,0.14130109777455044
mlp,2026,NF-BoT-IoT,ssd_canonical@alpha=3,RETAINED_MACRO,retained_macro,0.8354965249983981,0.8037530926189906,0.8293188250788405,0.7061913656184552,0.7564061744562833,0.8175293565265153,0.8333076897447741,0.6356958201329449,40049.0,1661.0,4279.0,7130.0,53119.0,0.21478190477983397
mlp,2026,NF-BoT-IoT,ssd_canonical@alpha=5,NF-UNSW-NB15,retained,0.9988561624249357,0.9965215586279424,0.9912935323383084,0.9937655860349127,0.9925280199252802,0.9999203083734569,0.9987643067390719,0.0037544784839063285,19364.0,14.0,10.0,1594.0,20982.0,0.07644647793346677
mlp,2026,NF-BoT-IoT,ssd_canonical@alpha=5,NF-ToN-IoT,retained,0.6179234471693789,0.6645839163922362,0.8736120954405858,0.5691857780514084,0.68928238583411,0.612623433267644,0.8221147165180834,1.547089840157814,1694.0,535.0,2799.0,3698.0,8726.0,0.7445564978225991
mlp,2026,NF-BoT-IoT,ssd_canonical@alpha=5,NF-BoT-IoT,forgotten,0.9894660662592474,0.8560378303895779,0.9995933967634383,0.9898534385569335,0.9946995751567874,0.9888356507578604,0.9999835761058589,0.02098719144057624,26.0,10.0,252.0,24584.0,24872.0,0.9985525892569959
mlp,2026,NF-BoT-IoT,ssd_canonical@alpha=5,NF-CSE-CIC-IDS2018,retained,0.8897099654008799,0.7501538028367931,0.6230508474576271,0.5556227327690447,0.5874081176094599,0.8400471173817596,0.6790455198467145,0.3562264482850743,18991.0,1112.0,1470.0,1838.0,23411.0,0.14130109777455044
mlp,2026,NF-BoT-IoT,ssd_canonical@alpha=5,RETAINED_MACRO,retained_macro,0.8354965249983981,0.8037530926189906,0.8293188250788405,0.7061913656184552,0.7564061744562833,0.8175302863409536,0.8333081810346233,0.6356902556422649,40049.0,1661.0,4279.0,7130.0,53119.0,0.21478190477983397
mlp,2026,NF-BoT-IoT,dc_ssd_no_contrast,NF-UNSW-NB15,retained,0.9762653703174149,0.8481941111716529,0.9893805309734514,0.6970074812967582,0.8178493050475494,0.998816465132967,0.98516678516743,0.055252245116729375,19366.0,12.0,486.0,1118.0,20982.0,0.07644647793346677
mlp,2026,NF-BoT-IoT,dc_ssd_no_contrast,NF-ToN-IoT,retained,0.5993582397432959,0.6531481244786133,0.8698545723440966,0.5431737725103895,0.6687511843850673,0.5240842427671177,0.7843891974423491,1.8303230606045453,1701.0,528.0,2968.0,3529.0,8726.0,0.7445564978225991
mlp,2026,NF-BoT-IoT,dc_ssd_no_contrast,NF-BoT-IoT,forgotten,0.6786346091990993,0.7003968253968254,0.9994069857083556,0.6785714285714286,0.808316746204945,0.6371407544603711,0.9991610954469631,1.3356385573258303,26.0,10.0,7983.0,16853.0,24872.0,0.9985525892569959
mlp,2026,NF-BoT-IoT,dc_ssd_no_contrast,NF-CSE-CIC-IDS2018,retained,0.8254239460082867,0.6990836821566033,0.40811512149091766,0.5229746070133011,0.4584603153570955,0.670789990196197,0.571454683540477,0.5064148134525358,17594.0,2509.0,1578.0,1730.0,23411.0,0.14130109777455044
mlp,2026,NF-BoT-IoT,dc_ssd_no_contrast,RETAINED_MACRO,retained_macro,0.8003491853563326,0.7334753059356233,0.7557834082694885,0.5877186202734829,0.6483536015965708,0.7312302326987606,0.780336888716752,0.7973300397246036,38661.0,3049.0,5032.0,6377.0,53119.0,0.21478190477983397
mlp,2026,NF-BoT-IoT,dc_ssd_no_class_balance,NF-UNSW-NB15,retained,0.9988561624249357,0.9965215586279424,0.9912935323383084,0.9937655860349127,0.9925280199252802,0.9999175736991508,0.9987113446843692,0.003723889841702402,19364.0,14.0,10.0,1594.0,20982.0,0.07644647793346677
mlp,2026,NF-BoT-IoT,dc_ssd_no_class_balance,NF-ToN-IoT,retained,0.6183818473527389,0.6648917507773371,0.873731413736134,0.5698014468216099,0.6897708216880939,0.6139558631229391,0.8225286100433451,1.5315195663010208,1694.0,535.0,2795.0,3702.0,8726.0,0.7445564978225991
mlp,2026,NF-BoT-IoT,dc_ssd_no_class_balance,NF-BoT-IoT,forgotten,0.9896268896751367,0.856118358654999,0.9995934628831612,0.9900144950877758,0.9947809200145649,0.9885672232064566,0.9999831871131946,0.021325147118469046,26.0,10.0,248.0,24588.0,24872.0,0.9985525892569959
mlp,2026,NF-BoT-IoT,dc_ssd_no_class_balance,NF-CSE-CIC-IDS2018,retained,0.8896245354747768,0.7503566126588336,0.6224627875507442,0.5562273276904474,0.5874840357598978,0.8425069853374829,0.6806858262196401,0.34762293187208604,18987.0,1116.0,1468.0,1840.0,23411.0,0.14130109777455044
mlp,2026,NF-BoT-IoT,dc_ssd_no_class_balance,RETAINED_MACRO,retained_macro,0.8356208484174839,0.8039233073547044,0.8291625778750622,0.7065981201823234,0.7565942924577573,0.8187934740531909,0.8339752603157847,0.6276221293382698,40045.0,1665.0,4273.0,7136.0,53119.0,0.21478190477983397
mlp,2026,NF-BoT-IoT,dc_ssd,NF-UNSW-NB15,retained,0.9399961872080831,0.6101169050745002,0.9752066115702479,0.22069825436408977,0.3599389933909507,0.995038882564463,0.9412319981402003,0.16137023180450072,19369.0,9.0,1250.0,354.0,20982.0,0.07644647793346677
mlp,2026,NF-BoT-IoT,dc_ssd,NF-ToN-IoT,retained,0.49977079990831996,0.5778717416113577,0.8228346456692913,0.4181930121594582,0.5545463822839065,0.5010731045898742,0.7658565755458253,1.9329236186655088,1644.0,585.0,3780.0,2717.0,8726.0,0.7445564978225991
mlp,2026,NF-BoT-IoT,dc_ssd,NF-BoT-IoT,forgotten,0.6878015439047925,0.6911181797032981,0.9993564617094717,0.6877919149621518,0.8148059815402228,0.6008046115853332,0.9990829980295343,1.6550287813047329,25.0,11.0,7754.0,17082.0,24872.0,0.9985525892569959
mlp,2026,NF-BoT-IoT,dc_ssd,NF-CSE-CIC-IDS2018,retained,0.8419546367092392,0.7167908277209132,0.4507537688442211,0.5423216444981862,0.49231613611416025,0.6933121585262741,0.596318121435649,0.47908485284613,17917.0,2186.0,1514.0,1794.0,23411.0,0.14130109777455044
mlp,2026,NF-BoT-IoT,dc_ssd,RETAINED_MACRO,retained_macro,0.7605738746085473,0.6349264914689238,0.7495983420279201,0.39373763700724473,0.46893383726300586,0.7298080485602038,0.767802231707225,0.8577929011053799,38930.0,2780.0,6544.0,4865.0,53119.0,0.21478190477983397
mlp,2026,NF-BoT-IoT,scrub_r,NF-UNSW-NB15,retained,0.9969974263654561,0.9817911872192776,0.996776273372018,0.9638403990024937,0.9800316957210776,0.9958006663082206,0.9900372524848414,0.01722098293499641,19373.0,5.0,58.0,1546.0,20982.0,0.07644647793346677
mlp,2026,NF-BoT-IoT,scrub_r,NF-ToN-IoT,retained,0.5512262204904882,0.6131629375410386,0.8449612403100775,0.48653224565183933,0.6175034186364524,0.5919489500382307,0.8023941941266844,2.323398835325732,1649.0,580.0,3336.0,3161.0,8726.0,0.7445564978225991
mlp,2026,NF-BoT-IoT,scrub_r,NF-BoT-IoT,forgotten,0.019821486008362817,0.3982502997440991,0.9830866807610994,0.01872282171042036,0.0367458216444743,0.15523612676938495,0.9965693407328221,26.084839172198066,28.0,8.0,24371.0,465.0,24872.0,0.9985525892569959
mlp,2026,NF-BoT-IoT,scrub_r,NF-CSE-CIC-IDS2018,retained,0.9218743325787023,0.729105152298793,0.9719208679004467,0.46039903264812576,0.6248205128205129,0.8416491751277775,0.6729033532571339,0.44528232531128537,20059.0,44.0,1785.0,1523.0,23411.0,0.14130109777455044
mlp,2026,NF-BoT-IoT,scrub_r,RETAINED_MACRO,retained_macro,0.8233659931448822,0.7746864256863697,0.9378861271941807,0.6369238924341529,0.7407852090593477,0.8097995971580763,0.8217782666228866,0.9286340478573379,41081.0,629.0,5179.0,6230.0,53119.0,0.21478190477983397
mlp,2026,NF-BoT-IoT,scrub_r@lr=0.0001,NF-UNSW-NB15,retained,0.9990468020207797,0.9960529319697968,0.995,0.9925187032418953,0.9937578027465668,0.9995199520550466,0.9971439550754447,0.00565572061346862,19370.0,8.0,12.0,1592.0,20982.0,0.07644647793346677
mlp,2026,NF-BoT-IoT,scrub_r@lr=0.0001,NF-ToN-IoT,retained,0.5911070364428146,0.6455441041808785,0.8649389484176426,0.5342465753424658,0.6605137963843958,0.6557620927711192,0.8282214601033335,1.5476682495113436,1687.0,542.0,3026.0,3471.0,8726.0,0.7445564978225991
mlp,2026,NF-BoT-IoT,scrub_r@lr=0.0001,NF-BoT-IoT,forgotten,0.010212286908973947,0.4627825199978526,0.9866071428571429,0.008898373329038492,0.017637669592976857,0.07870743186413987,0.9951561596396087,9.538608883592318,33.0,3.0,24615.0,221.0,24872.0,0.9985525892569959
mlp,2026,NF-BoT-IoT,scrub_r@lr=0.0001,NF-CSE-CIC-IDS2018,retained,0.9265302635513221,0.7422971665691941,0.9889162561576355,0.48548972188633616,0.6512570965125709,0.8599753966588394,0.7033754603407268,0.3696407360465957,20085.0,18.0,1702.0,1606.0,23411.0,0.14130109777455044
mlp,2026,NF-BoT-IoT,scrub_r@lr=0.0001,RETAINED_MACRO,retained_macro,0.8388947006716387,0.7946314009066232,0.9496184015250927,0.6707516668235658,0.7685095652145112,0.8384191471616683,0.8429136251731683,0.6409882353904693,41142.0,568.0,4740.0,6669.0,53119.0,0.21478190477983397
mlp,2026,NF-BoT-IoT,scrub_r@lr=0.001,NF-UNSW-NB15,retained,0.9980459441425984,0.9886490425808736,0.9968213604577241,0.9775561097256857,0.9870947434686811,0.9992060757899862,0.9933334709769978,0.008366715591510284,19373.0,5.0,36.0,1568.0,20982.0,0.07644647793346677
mlp,2026,NF-BoT-IoT,scrub_r@lr=0.001,NF-ToN-IoT,retained,0.5568416227366491,0.6313749183199645,0.865887590428492,0.4789903032168693,0.6167872361510257,0.5053411820743715,0.7765650127821797,2.355789208121566,1747.0,482.0,3385.0,3112.0,8726.0,0.7445564978225991
mlp,2026,NF-BoT-IoT,scrub_r@lr=0.001,NF-BoT-IoT,forgotten,0.15089256995818592,0.46388083606234676,0.997856951513528,0.14998389434691578,0.2607721656340789,0.29945106565737906,0.9980402110831051,17.015907958668922,28.0,8.0,21111.0,3725.0,24872.0,0.9985525892569959
mlp,2026,NF-BoT-IoT,scrub_r@lr=0.001,NF-CSE-CIC-IDS2018,retained,0.9256332493272393,0.7411434723627972,0.9792048929663608,0.4839782345828295,0.6477847461056039,0.7846685548867107,0.657430841385643,0.43112384115440333,20069.0,34.0,1707.0,1601.0,23411.0,0.14130109777455044
mlp,2026,NF-BoT-IoT,scrub_r@lr=0.001,RETAINED_MACRO,retained_macro,0.8268402720688289,0.7870558110878786,0.9473046146175257,0.6468415491751283,0.7505555752417702,0.7630719375836895,0.8091097750482735,0.9317599216224931,41189.0,521.0,5128.0,6281.0,53119.0,0.21478190477983397
mlp,2026,NF-BoT-IoT,retrained,NF-UNSW-NB15,retained,0.9991421218187018,0.9972482098500266,0.9937733499377335,0.9950124688279302,0.994392523364486,0.9999356868948487,0.9989533246952583,0.003147214813406686,19368.0,10.0,8.0,1596.0,20982.0,0.07644647793346677
mlp,2026,NF-BoT-IoT,retrained,NF-ToN-IoT,retained,0.6129956451982581,0.6565592650588707,0.8667136812411848,0.5674926889333538,0.6858896846804948,0.6441264640000531,0.8268748447036874,1.2334136611858768,1662.0,567.0,2810.0,3687.0,8726.0,0.7445564978225991
mlp,2026,NF-BoT-IoT,retrained,NF-BoT-IoT,forgotten,0.014755548407848183,0.25702609115799646,0.9509536784741145,0.014052182315992914,0.02769511566083403,0.20087552119682897,0.9953476477804755,2.8841290623990896,18.0,18.0,24487.0,349.0,24872.0,0.9985525892569959
mlp,2026,NF-BoT-IoT,retrained,NF-CSE-CIC-IDS2018,retained,0.8938960317799325,0.7546116791149522,0.6428571428571429,0.560459492140266,0.5988372093023255,0.8497258541125057,0.66916648433168,0.31981845616291477,19073.0,1030.0,1454.0,1854.0,23411.0,0.14130109777455044
mlp,2026,NF-BoT-IoT,retrained,RETAINED_MACRO,retained_macro,0.835344599598964,0.8028063846746165,0.8344480580120203,0.7076548833005166,0.7597064724491022,0.8312626683358024,0.8316648845768753,0.5187931107207328,40103.0,1607.0,4272.0,7137.0,53119.0,0.21478190477983397
mlp,2026,NF-CSE-CIC-IDS2018,original,NF-UNSW-NB15,retained,0.9988561624249357,0.9965215586279424,0.9912935323383084,0.9937655860349127,0.9925280199252802,0.9999203083734569,0.9987643067390719,0.0037544784839063285,19364.0,14.0,10.0,1594.0,20982.0,0.07644647793346677
mlp,2026,NF-CSE-CIC-IDS2018,original,NF-ToN-IoT,retained,0.6179234471693789,0.6645839163922362,0.8736120954405858,0.5691857780514084,0.68928238583411,0.612623433267644,0.8221147165180834,1.547089840157814,1694.0,535.0,2799.0,3698.0,8726.0,0.7445564978225991
mlp,2026,NF-CSE-CIC-IDS2018,original,NF-BoT-IoT,retained,0.9894660662592474,0.8560378303895779,0.9995933967634383,0.9898534385569335,0.9946995751567874,0.9888356507578604,0.9999835761058589,0.02098719144057624,26.0,10.0,252.0,24584.0,24872.0,0.9985525892569959
mlp,2026,NF-CSE-CIC-IDS2018,original,NF-CSE-CIC-IDS2018,forgotten,0.8897099654008799,0.7501538028367931,0.6230508474576271,0.5556227327690447,0.5874081176094599,0.8400471173817596,0.6790455198467145,0.3562264482850743,18991.0,1112.0,1470.0,1838.0,23411.0,0.14130109777455044
mlp,2026,NF-CSE-CIC-IDS2018,original,RETAINED_MACRO,retained_macro,0.8687485586178539,0.839047768469919,0.9548330081807775,0.8509349342144182,0.8921699936387258,0.8671264641329871,0.9402875331210048,0.5239438366940988,21084.0,559.0,3061.0,29876.0,54580.0,0.6034628068889704
mlp,2026,NF-CSE-CIC-IDS2018,rollback_repair,NF-UNSW-NB15,retained,0.07644647793346677,0.5,0.07644647793346677,1.0,0.142034888869211,0.8430869782144905,0.49966422209674843,23.23867511853746,0.0,19378.0,0.0,1604.0,20982.0,0.07644647793346677
mlp,2026,NF-CSE-CIC-IDS2018,rollback_repair,NF-ToN-IoT,retained,0.7445564978225991,0.5,0.7445564978225991,1.0,0.8535768245418117,0.49340900894107664,0.6850584746140659,6.425713084816808,0.0,2229.0,0.0,6497.0,8726.0,0.7445564978225991
mlp,2026,NF-CSE-CIC-IDS2018,rollback_repair,NF-BoT-IoT,retained,0.9985525892569959,0.5,0.9985525892569959,1.0,0.9992757704997184,0.9877457230543476,0.9999821148348256,0.03641159167654073,0.0,36.0,0.0,24836.0,24872.0,0.9985525892569959
mlp,2026,NF-CSE-CIC-IDS2018,rollback_repair,NF-CSE-CIC-IDS2018,forgotten,0.14130109777455044,0.5,0.14130109777455044,1.0,0.2476140574123283,0.803570476916913,0.3381495814311123,21.578606338219767,0.0,20103.0,0.0,3308.0,23411.0,0.14130109777455044
mlp,2026,NF-CSE-CIC-IDS2018,rollback_repair,RETAINED_MACRO,retained_macro,0.6065185216710206,0.5,0.6065185216710206,1.0,0.6649624946369137,0.7747472367366383,0.7282349371818798,9.900266598343604,0.0,21643.0,0.0,32937.0,54580.0,0.6034628068889704
mlp,2026,NF-CSE-CIC-IDS2018,ssd_canonical,NF-UNSW-NB15,retained,0.9988561624249357,0.9965215586279424,0.9912935323383084,0.9937655860349127,0.9925280199252802,0.9999203083734569,0.9987643067390719,0.0037544784839063285,19364.0,14.0,10.0,1594.0,20982.0,0.07644647793346677
mlp,2026,NF-CSE-CIC-IDS2018,ssd_canonical,NF-ToN-IoT,retained,0.6179234471693789,0.6645839163922362,0.8736120954405858,0.5691857780514084,0.68928238583411,0.612623433267644,0.8221147165180834,1.547089840157814,1694.0,535.0,2799.0,3698.0,8726.0,0.7445564978225991
mlp,2026,NF-CSE-CIC-IDS2018,ssd_canonical,NF-BoT-IoT,retained,0.9894660662592474,0.8560378303895779,0.9995933967634383,0.9898534385569335,0.9946995751567874,0.9888356507578604,0.9999835761058589,0.02098719144057624,26.0,10.0,252.0,24584.0,24872.0,0.9985525892569959
mlp,2026,NF-CSE-CIC-IDS2018,ssd_canonical,NF-CSE-CIC-IDS2018,forgotten,0.8897099654008799,0.7501538028367931,0.6230508474576271,0.5556227327690447,0.5874081176094599,0.8400471173817596,0.6790455198467145,0.3562264482850743,18991.0,1112.0,1470.0,1838.0,23411.0,0.14130109777455044
mlp,2026,NF-CSE-CIC-IDS2018,ssd_canonical,RETAINED_MACRO,retained_macro,0.8687485586178539,0.839047768469919,0.9548330081807775,0.8509349342144182,0.8921699936387258,0.8671264641329871,0.9402875331210048,0.5239438366940988,21084.0,559.0,3061.0,29876.0,54580.0,0.6034628068889704
mlp,2026,NF-CSE-CIC-IDS2018,ssd_canonical@alpha=1,NF-UNSW-NB15,retained,0.9871318272805262,0.9229833675178346,0.9819364161849711,0.8472568578553616,0.9096385542168675,0.9915914556163005,0.9519226142435331,0.07095643982251044,19353.0,25.0,245.0,1359.0,20982.0,0.07644647793346677
mlp,2026,NF-CSE-CIC-IDS2018,ssd_canonical@alpha=1,NF-ToN-IoT,retained,0.850332340132936,0.7285576743740579,0.8455598455598455,0.9775280898876404,0.9067675613934895,0.8035759749141906,0.8802796046964086,0.43136528364114857,1069.0,1160.0,146.0,6351.0,8726.0,0.7445564978225991
mlp,2026,NF-CSE-CIC-IDS2018,ssd_canonical@alpha=1,NF-BoT-IoT,retained,0.9915165648118366,0.7322457543708953,0.9992296152130722,0.9922692865195684,0.9957372876219721,0.7757813478642115,0.9994847380949671,0.10412823106617458,17.0,19.0,192.0,24644.0,24872.0,0.9985525892569959
mlp,2026,NF-CSE-CIC-IDS2018,ssd_canonical@alpha=1,NF-CSE-CIC-IDS2018,forgotten,0.6697706206484131,0.7090930694228231,0.26664556294185926,0.7639056831922612,0.3953070003910833,0.8583675720583133,0.7124191278438919,0.5320570790637315,13153.0,6950.0,781.0,2527.0,23411.0,0.14130109777455044
mlp,2026,NF-CSE-CIC-IDS2018,ssd_canonical@alpha=1,RETAINED_MACRO,retained_macro,0.9429935774084329,0.7945955987542627,0.9422419589859629,0.9390180780875235,0.9373811344107764,0.8569829261315675,0.9438956523449696,0.20214998484327787,20439.0,1204.0,583.0,32354.0,54580.0,0.6034628068889704
mlp,2026,NF-CSE-CIC-IDS2018,ssd_canonical@alpha=2,NF-UNSW-NB15,retained,0.9988085025259746,0.9967816744134091,0.9900682805710739,0.9943890274314214,0.9922239502332815,0.9998614324442788,0.9973215995695597,0.004679138764589179,19362.0,16.0,9.0,1595.0,20982.0,0.07644647793346677
mlp,2026,NF-CSE-CIC-IDS2018,ssd_canonical@alpha=2,NF-ToN-IoT,retained,0.6178088471235389,0.6566970240535491,0.8644536652835408,0.5771894720640296,0.6922011998154131,0.6658520241906175,0.8372185310065108,1.152748061488502,1641.0,588.0,2747.0,3750.0,8726.0,0.7445564978225991
mlp,2026,NF-CSE-CIC-IDS2018,ssd_canonical@alpha=2,NF-BoT-IoT,retained,0.989425860405275,0.8560176983232226,0.9995933802301468,0.9898131744242229,0.9946792368852293,0.9850407562498881,0.9999778540156155,0.021365845326172875,26.0,10.0,253.0,24583.0,24872.0,0.9985525892569959
mlp,2026,NF-CSE-CIC-IDS2018,ssd_canonical@alpha=2,NF-CSE-CIC-IDS2018,forgotten,0.8949211908931699,0.7574815877192556,0.6464088397790055,0.56590084643289,0.6034816247582205,0.8261075473403869,0.6783232461835886,0.37005554290041554,19079.0,1024.0,1436.0,1872.0,23411.0,0.14130109777455044
mlp,2026,NF-CSE-CIC-IDS2018,ssd_canonical@alpha=2,RETAINED_MACRO,retained_macro,0.8686810700182628,0.8364987989300602,0.9513717753615872,0.8537972246398913,0.8930347956446413,0.8835847376282615,0.9448393281972286,0.39293101519308804,21029.0,614.0,3009.0,29928.0,54580.0,0.6034628068889704
mlp,2026,NF-CSE-CIC-IDS2018,ssd_canonical@alpha=3,NF-UNSW-NB15,retained,0.9988561624249357,0.9965215586279424,0.9912935323383084,0.9937655860349127,0.9925280199252802,0.9999203405460958,0.9987654264331527,0.003755984447812622,19364.0,14.0,10.0,1594.0,20982.0,0.07644647793346677
mlp,2026,NF-CSE-CIC-IDS2018,ssd_canonical@alpha=3,NF-ToN-IoT,retained,0.6179234471693789,0.6645839163922362,0.8736120954405858,0.5691857780514084,0.68928238583411,0.6109250961878875,0.8217048369271265,1.5571898209084225,1694.0,535.0,2799.0,3698.0,8726.0,0.7445564978225991
mlp,2026,NF-CSE-CIC-IDS2018,ssd_canonical@alpha=3,NF-BoT-IoT,retained,0.9894660662592474,0.8560378303895779,0.9995933967634383,0.9898534385569335,0.9946995751567874,0.988787557488234,0.9999835035530905,0.02097343873286926,26.0,10.0,252.0,24584.0,24872.0,0.9985525892569959
mlp,2026,NF-CSE-CIC-IDS2018,ssd_canonical@alpha=3,NF-CSE-CIC-IDS2018,forgotten,0.8897526803639315,0.7503049515671438,0.6231785835310064,0.555925030229746,0.5876338073174628,0.8402132584300888,0.6791010901461001,0.356550097777193,18991.0,1112.0,1469.0,1839.0,23411.0,0.14130109777455044
mlp,2026,NF-CSE-CIC-IDS2018,ssd_canonical@alpha=3,RETAINED_MACRO,retained_macro,0.8687485586178539,0.839047768469919,0.9548330081807775,0.8509349342144182,0.8921699936387258,0.8665443314074057,0.9401512556377899,0.5273064146963681,21084.0,559.0,3061.0,29876.0,54580.0,0.6034628068889704
mlp,2026,NF-CSE-CIC-IDS2018,ssd_canonical@alpha=5,NF-UNSW-NB15,retained,0.9988561624249357,0.9965215586279424,0.9912935323383084,0.9937655860349127,0.9925280199252802,0.9999203083734569,0.9987643067390719,0.0037544784839063285,19364.0,14.0,10.0,1594.0,20982.0,0.07644647793346677
mlp,2026,NF-CSE-CIC-IDS2018,ssd_canonical@alpha=5,NF-ToN-IoT,retained,0.6179234471693789,0.6645839163922362,0.8736120954405858,0.5691857780514084,0.68928238583411,0.612623433267644,0.8221147165180834,1.547089840157814,1694.0,535.0,2799.0,3698.0,8726.0,0.7445564978225991
mlp,2026,NF-CSE-CIC-IDS2018,ssd_canonical@alpha=5,NF-BoT-IoT,retained,0.9894660662592474,0.8560378303895779,0.9995933967634383,0.9898534385569335,0.9946995751567874,0.9888356507578604,0.9999835761058589,0.02098719144057624,26.0,10.0,252.0,24584.0,24872.0,0.9985525892569959
mlp,2026,NF-CSE-CIC-IDS2018,ssd_canonical@alpha=5,NF-CSE-CIC-IDS2018,forgotten,0.8897099654008799,0.7501538028367931,0.6230508474576271,0.5556227327690447,0.5874081176094599,0.8400471173817596,0.6790455198467145,0.3562264482850743,18991.0,1112.0,1470.0,1838.0,23411.0,0.14130109777455044
mlp,2026,NF-CSE-CIC-IDS2018,ssd_canonical@alpha=5,RETAINED_MACRO,retained_macro,0.8687485586178539,0.839047768469919,0.9548330081807775,0.8509349342144182,0.8921699936387258,0.8671264641329871,0.9402875331210048,0.5239438366940988,21084.0,559.0,3061.0,29876.0,54580.0,0.6034628068889704
mlp,2026,NF-CSE-CIC-IDS2018,dc_ssd_no_contrast,NF-UNSW-NB15,retained,0.9990468020207797,0.9977684414209599,0.9913151364764268,0.9962593516209476,0.9937810945273632,0.9999244586438744,0.9988742078331112,0.0037720362965159198,19364.0,14.0,6.0,1598.0,20982.0,0.07644647793346677
mlp,2026,NF-CSE-CIC-IDS2018,dc_ssd_no_contrast,NF-ToN-IoT,retained,0.618725647490259,0.6546602624961391,0.8617069831127339,0.5811913190703402,0.6941814505009651,0.6895245781726363,0.8464090047340106,1.0106819759853014,1623.0,606.0,2721.0,3776.0,8726.0,0.7445564978225991
mlp,2026,NF-CSE-CIC-IDS2018,dc_ssd_no_contrast,NF-BoT-IoT,retained,0.9903908009006112,0.8565008679157495,0.9995937766584068,0.9907795136092769,0.9951671283845267,0.9858516311447538,0.999979141127139,0.01730670249044708,26.0,10.0,229.0,24607.0,24872.0,0.9985525892569959
mlp,2026,NF-CSE-CIC-IDS2018,dc_ssd_no_contrast,NF-CSE-CIC-IDS2018,forgotten,0.9015847251292127,0.7681805539440443,0.6762640449438202,0.5822249093107618,0.6257309941520468,0.8275894710559842,0.694165109427857,0.3331620485098604,19181.0,922.0,1382.0,1926.0,23411.0,0.14130109777455044
mlp,2026,NF-CSE-CIC-IDS2018,dc_ssd_no_contrast,RETAINED_MACRO,retained_macro,0.8693877501372166,0.8363098572776161,0.9508719654158558,0.8560767281001881,0.8943765578042852,0.8917668893204215,0.9484207845647536,0.3439202382574214,21013.0,630.0,2956.0,29981.0,54580.0,0.6034628068889704
mlp,2026,NF-CSE-CIC-IDS2018,dc_ssd_no_class_balance,NF-UNSW-NB15,retained,0.9990944619197407,0.9986519986029354,0.9901051329622759,0.9981296758104738,0.9941012108040981,0.9999134234287334,0.9988640591417955,0.004741221448408577,19362.0,16.0,3.0,1601.0,20982.0,0.07644647793346677
mlp,2026,NF-CSE-CIC-IDS2018,dc_ssd_no_class_balance,NF-ToN-IoT,retained,0.649438459775384,0.6571602257258811,0.8511029411764706,0.6413729413575496,0.7315017993504783,0.7878972750166019,0.8778709750122149,0.5126934905934866,1500.0,729.0,2330.0,4167.0,8726.0,0.7445564978225991
mlp,2026,NF-CSE-CIC-IDS2018,dc_ssd_no_class_balance,NF-BoT-IoT,retained,0.989667095529109,0.7313196793185519,0.9992281756509729,0.9904171364148816,0.9948031464218551,0.9262741361106638,0.9998743681850305,0.024591581264705925,17.0,19.0,238.0,24598.0,24872.0,0.9985525892569959
mlp,2026,NF-CSE-CIC-IDS2018,dc_ssd_no_class_balance,NF-CSE-CIC-IDS2018,forgotten,0.8906069796249626,0.7669658228081848,0.6171948540947599,0.5946191051995163,0.6056966897613549,0.8398427060733955,0.6974904641931254,0.31353311646709353,18883.0,1220.0,1341.0,1967.0,23411.0,0.14130109777455044
mlp,2026,NF-CSE-CIC-IDS2018,dc_ssd_no_class_balance,RETAINED_MACRO,retained_macro,0.8794000057414112,0.7957106345491228,0.9468120832632397,0.8766399178609684,0.9068020521921438,0.9046949448519997,0.9588698007796803,0.18067543110220038,20879.0,764.0,2571.0,30366.0,54580.0,0.6034628068889704
mlp,2026,NF-CSE-CIC-IDS2018,dc_ssd,NF-UNSW-NB15,retained,0.9988561624249357,0.9970933951116635,0.9900744416873449,0.9950124688279302,0.9925373134328358,0.9997798104594021,0.9974718844961538,0.007360565392065838,19362.0,16.0,8.0,1596.0,20982.0,0.07644647793346677
mlp,2026,NF-CSE-CIC-IDS2018,dc_ssd,NF-ToN-IoT,retained,0.6005042402016961,0.6377084139948499,0.8511779799393515,0.5616438356164384,0.6767433234421365,0.7162425726668339,0.8523498682453939,0.8934343974660862,1591.0,638.0,2848.0,3649.0,8726.0,0.7445564978225991
mlp,2026,NF-CSE-CIC-IDS2018,dc_ssd,NF-BoT-IoT,retained,0.9903103891926665,0.8564606037830389,0.9995937436522445,0.9906989853438557,0.9951264888475461,0.9780135466437608,0.9999669244453502,0.01954910161852811,26.0,10.0,231.0,24605.0,24872.0,0.9985525892569959
mlp,2026,NF-CSE-CIC-IDS2018,dc_ssd,NF-CSE-CIC-IDS2018,forgotten,0.9057707915082653,0.7707442779119217,0.700218023255814,0.5825272067714631,0.635973597359736,0.8464669798181446,0.7012162684321013,0.29070991015243164,19278.0,825.0,1381.0,1927.0,23411.0,0.14130109777455044
mlp,2026,NF-CSE-CIC-IDS2018,dc_ssd,RETAINED_MACRO,retained_macro,0.8632235972730995,0.8304208042965174,0.9469487217596471,0.849118429929408,0.8881357085741728,0.898011976589999,0.9499295590622993,0.30678135482556007,20979.0,664.0,3087.0,29850.0,54580.0,0.6034628068889704
mlp,2026,NF-CSE-CIC-IDS2018,scrub_r,NF-UNSW-NB15,retained,0.936278715089124,0.5852308541269389,0.9750889679715302,0.1708229426433915,0.2907161803713528,0.9834710976455032,0.9047525808015663,0.1426993034866917,19371.0,7.0,1330.0,274.0,20982.0,0.07644647793346677
mlp,2026,NF-CSE-CIC-IDS2018,scrub_r,NF-ToN-IoT,retained,0.6740774696309878,0.5580308901930995,0.7733872174824128,0.7952901339079576,0.7841857641523752,0.45936244308637325,0.6803243642725121,0.9794441673487487,715.0,1514.0,1330.0,5167.0,8726.0,0.7445564978225991
mlp,2026,NF-CSE-CIC-IDS2018,scrub_r,NF-BoT-IoT,retained,0.9944917980057897,0.6089167158783844,0.9988689153706322,0.9956112095345466,0.9972374019479341,0.8771809738551566,0.9997801832998142,0.01744558017277719,8.0,28.0,109.0,24727.0,24872.0,0.9985525892569959
mlp,2026,NF-CSE-CIC-IDS2018,scrub_r,NF-CSE-CIC-IDS2018,forgotten,0.7019349878262355,0.645110299851773,0.25249527920151066,0.56590084643289,0.34918858421936205,0.6970908617476105,0.24830076899981843,1.167805478504954,14561.0,5542.0,1436.0,1872.0,23411.0,0.14130109777455044
mlp,2026,NF-CSE-CIC-IDS2018,scrub_r,RETAINED_MACRO,retained_macro,0.8682826609086338,0.5840594867328076,0.9157817002748584,0.6539080953619653,0.690713115490554,0.773338171529011,0.8616190427912976,0.3798630170027391,20094.0,1549.0,2769.0,30168.0,54580.0,0.6034628068889704
mlp,2026,NF-CSE-CIC-IDS2018,scrub_r@lr=0.0001,NF-UNSW-NB15,retained,0.983414355161567,0.8998128260214362,0.9779299847792998,0.8011221945137157,0.8807402330363262,0.9946306117768846,0.9578104144512579,0.05075449532296863,19349.0,29.0,319.0,1285.0,20982.0,0.07644647793346677
mlp,2026,NF-CSE-CIC-IDS2018,scrub_r@lr=0.0001,NF-ToN-IoT,retained,0.8323401329360531,0.6859722259913175,0.8240216271884655,0.9852239495151608,0.8974412898703119,0.6727591704160245,0.7718647686826089,0.7151410308608162,862.0,1367.0,96.0,6401.0,8726.0,0.7445564978225991
mlp,2026,NF-CSE-CIC-IDS2018,scrub_r@lr=0.0001,NF-BoT-IoT,retained,0.9951752975233193,0.5260464200712227,0.9986281471917366,0.99653728458689,0.9975816203143894,0.9605165440847514,0.9999363832518542,0.011656007702626137,2.0,34.0,86.0,24750.0,24872.0,0.9985525892569959
mlp,2026,NF-CSE-CIC-IDS2018,scrub_r@lr=0.0001,NF-CSE-CIC-IDS2018,forgotten,0.58079535261202,0.6843081212168457,0.22864531197864532,0.8285973397823458,0.35839435146443516,0.7316036664503082,0.22781540831413208,1.9945766284981379,10856.0,9247.0,567.0,2741.0,23411.0,0.14130109777455044
mlp,2026,NF-CSE-CIC-IDS2018,scrub_r@lr=0.0001,RETAINED_MACRO,retained_macro,0.9369765952069798,0.7039438240279922,0.9335265863865007,0.9276278095385888,0.9252543810736759,0.8759687754258868,0.9098705221285736,0.2591838446288036,20213.0,1430.0,501.0,32436.0,54580.0,0.6034628068889704
mlp,2026,NF-CSE-CIC-IDS2018,scrub_r@lr=0.001,NF-UNSW-NB15,retained,0.9877990658659803,0.92420235663293,0.9898255813953488,0.8491271820448878,0.9140939597315436,0.9989719876693857,0.989104720548824,0.03168592786053719,19364.0,14.0,242.0,1362.0,20982.0,0.07644647793346677
mlp,2026,NF-CSE-CIC-IDS2018,scrub_r@lr=0.001,NF-ToN-IoT,retained,0.5664680265872106,0.5345420148706519,0.7671259842519685,0.5998152993689395,0.6732314071002851,0.5719998248838043,0.7278137590695557,0.7329190890359751,1046.0,1183.0,2600.0,3897.0,8726.0,0.7445564978225991
mlp,2026,NF-CSE-CIC-IDS2018,scrub_r@lr=0.001,NF-BoT-IoT,retained,0.9920794467674493,0.5799712782519998,0.9987853759261509,0.993275889837333,0.9960230140304835,0.9862263112685886,0.9999798038549638,0.015573520228101309,6.0,30.0,167.0,24669.0,24872.0,0.9985525892569959
mlp,2026,NF-CSE-CIC-IDS2018,scrub_r@lr=0.001,NF-CSE-CIC-IDS2018,forgotten,0.7639143992140447,0.6971103201823787,0.3214802896218825,0.6039903264812576,0.4196156673317232,0.7768400762072906,0.3626356265135042,0.630420402957398,15886.0,4217.0,1310.0,1998.0,23411.0,0.14130109777455044
mlp,2026,NF-CSE-CIC-IDS2018,scrub_r@lr=0.001,RETAINED_MACRO,retained_macro,0.8487821797402134,0.6795718832518606,0.9185789805244894,0.8140727904170534,0.8611161269541041,0.8523993746072596,0.9056327611577811,0.2600595123748712,20416.0,1227.0,3009.0,29928.0,54580.0,0.6034628068889704
mlp,2026,NF-CSE-CIC-IDS2018,retrained,NF-UNSW-NB15,retained,0.9992374416166238,0.9987294059721169,0.9919454770755886,0.9981296758104738,0.9950279676817899,0.9999494567842959,0.9993126341583343,0.003102504651983546,19365.0,13.0,3.0,1601.0,20982.0,0.07644647793346677
mlp,2026,NF-CSE-CIC-IDS2018,retrained,NF-ToN-IoT,retained,0.8224845289938116,0.7531797641635063,0.8703592814371257,0.8948745574880714,0.8824466874098809,0.7818113312193715,0.8763845471923267,0.4694288794004536,1363.0,866.0,683.0,5814.0,8726.0,0.7445564978225991
mlp,2026,NF-CSE-CIC-IDS2018,retrained,NF-BoT-IoT,retained,0.9916371823737536,0.565881068699558,0.9987444309437019,0.9928732485102271,0.9958001857610144,0.9838563196793185,0.9999762535774808,0.013597452633789996,5.0,31.0,177.0,24659.0,24872.0,0.9985525892569959
mlp,2026,NF-CSE-CIC-IDS2018,retrained,NF-CSE-CIC-IDS2018,forgotten,0.4939131177651531,0.5930575206970679,0.18081925549409478,0.7312575574365175,0.2899436653481961,0.6712237899846023,0.22958047445609386,1.1233935482442259,9144.0,10959.0,889.0,2419.0,23411.0,0.14130109777455044
mlp,2026,NF-CSE-CIC-IDS2018,retrained,RETAINED_MACRO,retained_macro,0.937786384328063,0.7725967462783938,0.9536830631521388,0.9619591606029241,0.9577582802842284,0.9218723692276619,0.9585578116427138,0.16204294556207569,20733.0,910.0,863.0,32074.0,54580.0,0.6034628068889704
numerical_feature_transformer,2026,NF-UNSW-NB15,original,NF-UNSW-NB15,forgotten,0.9980936040415594,0.9883889267954069,0.9980891719745223,0.976932668329177,0.9873976055450535,0.999868446079558,0.9953984451954956,0.005620020804474411,19375.0,3.0,37.0,1567.0,20982.0,0.07644647793346677
numerical_feature_transformer,2026,NF-UNSW-NB15,original,NF-ToN-IoT,retained,0.8299335319734128,0.7822013031103219,0.8904813833930518,0.8797906726181315,0.8851037472901827,0.7639680197500133,0.8367612991205162,0.5101396218332253,1526.0,703.0,781.0,5716.0,8726.0,0.7445564978225991
numerical_feature_transformer,2026,NF-UNSW-NB15,original,NF-BoT-IoT,retained,0.9932454165326472,0.6498988922889712,0.9989885913099765,0.9942422290223869,0.9966097590507326,0.9362831284336358,0.9998845309291368,0.02041975510368469,11.0,25.0,143.0,24693.0,24872.0,0.9985525892569959
numerical_feature_transformer,2026,NF-UNSW-NB15,original,NF-CSE-CIC-IDS2018,retained,0.9555337234633292,0.9281435793090012,0.8130350731842032,0.8899637243047158,0.8497618703997691,0.9589796195301574,0.9256639548015417,0.1632995156457003,19426.0,677.0,364.0,2944.0,23411.0,0.14130109777455044
numerical_feature_transformer,2026,NF-UNSW-NB15,original,RETAINED_MACRO,retained_macro,0.9262375573231297,0.7867479249027648,0.9008350159624104,0.9213322086484114,0.9104917922468948,0.8864102559046021,0.9207699282837316,0.23128629752753674,20963.0,1405.0,1288.0,33353.0,57009.0,0.6076408988054518
numerical_feature_transformer,2026,NF-UNSW-NB15,rollback_repair,NF-UNSW-NB15,forgotten,0.07644647793346677,0.5,0.07644647793346677,1.0,0.142034888869211,0.9347493037197491,0.741048682113205,0.8513571388292316,0.0,19378.0,0.0,1604.0,20982.0,0.07644647793346677
numerical_feature_transformer,2026,NF-UNSW-NB15,rollback_repair,NF-ToN-IoT,retained,0.7445564978225991,0.5,0.7445564978225991,1.0,0.8535768245418117,0.45491244777156015,0.673956569493249,0.6243862180011323,0.0,2229.0,0.0,6497.0,8726.0,0.7445564978225991
numerical_feature_transformer,2026,NF-UNSW-NB15,rollback_repair,NF-BoT-IoT,retained,0.9985525892569959,0.5,0.9985525892569959,1.0,0.9992757704997184,0.6151252214527299,0.9983073550876842,0.5355093922724912,0.0,36.0,0.0,24836.0,24872.0,0.9985525892569959
numerical_feature_transformer,2026,NF-UNSW-NB15,rollback_repair,NF-CSE-CIC-IDS2018,retained,0.14130109777455044,0.5,0.14130109777455044,1.0,0.2476140574123283,0.5832600559356316,0.19469176395190974,0.8302665708071776,0.0,20103.0,0.0,3308.0,23411.0,0.14130109777455044
numerical_feature_transformer,2026,NF-UNSW-NB15,rollback_repair,RETAINED_MACRO,retained_macro,0.6281367282847151,0.5,0.6281367282847151,1.0,0.7001555508179528,0.5510992417199738,0.622318562844281,0.6633873936936002,0.0,22368.0,0.0,34641.0,57009.0,0.6076408988054518
numerical_feature_transformer,2026,NF-UNSW-NB15,ssd_canonical,NF-UNSW-NB15,forgotten,0.9980936040415594,0.9883889267954069,0.9980891719745223,0.976932668329177,0.9873976055450535,0.999868446079558,0.9953984451954956,0.005620020804474411,19375.0,3.0,37.0,1567.0,20982.0,0.07644647793346677
numerical_feature_transformer,2026,NF-UNSW-NB15,ssd_canonical,NF-ToN-IoT,retained,0.8299335319734128,0.7822013031103219,0.8904813833930518,0.8797906726181315,0.8851037472901827,0.7639680197500133,0.8367612991205162,0.5101396218332253,1526.0,703.0,781.0,5716.0,8726.0,0.7445564978225991
numerical_feature_transformer,2026,NF-UNSW-NB15,ssd_canonical,NF-BoT-IoT,retained,0.9932454165326472,0.6498988922889712,0.9989885913099765,0.9942422290223869,0.9966097590507326,0.9362831284336358,0.9998845309291368,0.02041975510368469,11.0,25.0,143.0,24693.0,24872.0,0.9985525892569959
numerical_feature_transformer,2026,NF-UNSW-NB15,ssd_canonical,NF-CSE-CIC-IDS2018,retained,0.9555337234633292,0.9281435793090012,0.8130350731842032,0.8899637243047158,0.8497618703997691,0.9589796195301574,0.9256639548015417,0.1632995156457003,19426.0,677.0,364.0,2944.0,23411.0,0.14130109777455044
numerical_feature_transformer,2026,NF-UNSW-NB15,ssd_canonical,RETAINED_MACRO,retained_macro,0.9262375573231297,0.7867479249027648,0.9008350159624104,0.9213322086484114,0.9104917922468948,0.8864102559046021,0.9207699282837316,0.23128629752753674,20963.0,1405.0,1288.0,33353.0,57009.0,0.6076408988054518
numerical_feature_transformer,2026,NF-UNSW-NB15,ssd_canonical@alpha=1,NF-UNSW-NB15,forgotten,0.9993804213135068,0.9968053856482748,0.9981214777708203,0.9937655860349127,0.9959387691346454,0.9998843071905335,0.9973434058008565,0.005628973154885308,19375.0,3.0,10.0,1594.0,20982.0,0.07644647793346677
numerical_feature_transformer,2026,NF-UNSW-NB15,ssd_canonical@alpha=1,NF-ToN-IoT,retained,0.7092596837038735,0.6929118957688516,0.8614457831325302,0.7263352316453748,0.7881419624217119,0.7387483873738738,0.8315172267970155,0.5734814068513908,1470.0,759.0,1778.0,4719.0,8726.0,0.7445564978225991
numerical_feature_transformer,2026,NF-UNSW-NB15,ssd_canonical@alpha=1,NF-BoT-IoT,retained,0.9933660340945641,0.5528779907303019,0.9987062866383667,0.9946448703494927,0.9966714409634665,0.9349163848177379,0.9998838040870857,0.024820790461425504,4.0,32.0,133.0,24703.0,24872.0,0.9985525892569959
numerical_feature_transformer,2026,NF-UNSW-NB15,ssd_canonical@alpha=1,NF-CSE-CIC-IDS2018,retained,0.908888983811029,0.8545135839423342,0.6477244153884838,0.7787182587666264,0.7072065888812629,0.940491753142417,0.8498395786278693,0.24975047033966458,18702.0,1401.0,732.0,2576.0,23411.0,0.14130109777455044
numerical_feature_transformer,2026,NF-UNSW-NB15,ssd_canonical@alpha=1,RETAINED_MACRO,retained_macro,0.8705049005364889,0.7001011568138292,0.8359588283864602,0.833232786920498,0.8306733307554804,0.8713855084446762,0.8937468698373235,0.282684222550827,20176.0,2192.0,2643.0,31998.0,57009.0,0.6076408988054518
numerical_feature_transformer,2026,NF-UNSW-NB15,ssd_canonical@alpha=2,NF-UNSW-NB15,forgotten,0.9995234010103898,0.9977405477430379,0.998125,0.9956359102244389,0.9968789013732834,0.9998719850698364,0.9961222292799532,0.0038492281045633707,19375.0,3.0,7.0,1597.0,20982.0,0.07644647793346677
numerical_feature_transformer,2026,NF-UNSW-NB15,ssd_canonical@alpha=2,NF-ToN-IoT,retained,0.8057529223011689,0.771267899951477,0.891297262059974,0.8417731260581807,0.8658275943956305,0.7588833663298926,0.8343508331928184,0.5416584307957687,1562.0,667.0,1028.0,5469.0,8726.0,0.7445564978225991
numerical_feature_transformer,2026,NF-UNSW-NB15,ssd_canonical@alpha=2,NF-BoT-IoT,retained,0.9931247989707301,0.6498384960899053,0.9989884685413717,0.9941214366242551,0.9965490101107949,0.9503699826416848,0.9999093226806794,0.022192592144671723,11.0,25.0,146.0,24690.0,24872.0,0.9985525892569959
numerical_feature_transformer,2026,NF-UNSW-NB15,ssd_canonical@alpha=2,NF-CSE-CIC-IDS2018,retained,0.9425910896587074,0.92250154299072,0.7483560950935761,0.8944981862152358,0.8149270173505921,0.9599104515012499,0.9229030208076426,0.17968116970185466,19108.0,995.0,349.0,2959.0,23411.0,0.14130109777455044
numerical_feature_transformer,2026,NF-UNSW-NB15,ssd_canonical@alpha=2,RETAINED_MACRO,retained_macro,0.9138229369768688,0.7812026463440341,0.8795472752316407,0.9101309162992238,0.8924345406190058,0.8897212668242758,0.9190543922270469,0.24784406421409835,20681.0,1687.0,1523.0,33118.0,57009.0,0.6076408988054518
numerical_feature_transformer,2026,NF-UNSW-NB15,ssd_canonical@alpha=3,NF-UNSW-NB15,forgotten,0.9987131827280527,0.9924412958727138,0.998104864181933,0.9850374064837906,0.9915280828365234,0.9998685425974747,0.9954014358553449,0.005106093369503707,19375.0,3.0,24.0,1580.0,20982.0,0.07644647793346677
numerical_feature_transformer,2026,NF-UNSW-NB15,ssd_canonical@alpha=3,NF-ToN-IoT,retained,0.8305065322026128,0.7833228822938123,0.8911755534767696,0.8797906726181315,0.8854465184726202,0.7642487166489444,0.8368551843929843,0.5099085315693754,1531.0,698.0,781.0,5716.0,8726.0,0.7445564978225991
numerical_feature_transformer,2026,NF-UNSW-NB15,ssd_canonical@alpha=3,NF-BoT-IoT,retained,0.9930041814088131,0.6497780998908395,0.9989883457429589,0.9940006442261233,0.9964882538144829,0.935776471430361,0.9998836595664159,0.020488802728468484,11.0,25.0,149.0,24687.0,24872.0,0.9985525892569959
numerical_feature_transformer,2026,NF-UNSW-NB15,ssd_canonical@alpha=3,NF-CSE-CIC-IDS2018,retained,0.9555337234633292,0.9281435793090012,0.8130350731842032,0.8899637243047158,0.8497618703997691,0.9589836721176148,0.9256423167970628,0.16339690490443226,19426.0,677.0,364.0,2944.0,23411.0,0.14130109777455044
numerical_feature_transformer,2026,NF-UNSW-NB15,ssd_canonical@alpha=3,RETAINED_MACRO,retained_macro,0.926348145691585,0.7870815204978844,0.9010663241346438,0.9212516803829902,0.9105655475622907,0.8863362867323068,0.9207937202521542,0.23126474640075875,20968.0,1400.0,1294.0,33347.0,57009.0,0.6076408988054518
numerical_feature_transformer,2026,NF-UNSW-NB15,ssd_canonical@alpha=5,NF-UNSW-NB15,forgotten,0.9980936040415594,0.9883889267954069,0.9980891719745223,0.976932668329177,0.9873976055450535,0.999868446079558,0.9953984451954956,0.005620020804474411,19375.0,3.0,37.0,1567.0,20982.0,0.07644647793346677
numerical_feature_transformer,2026,NF-UNSW-NB15,ssd_canonical@alpha=5,NF-ToN-IoT,retained,0.8299335319734128,0.7822013031103219,0.8904813833930518,0.8797906726181315,0.8851037472901827,0.7639680197500133,0.8367612991205162,0.5101396218332253,1526.0,703.0,781.0,5716.0,8726.0,0.7445564978225991
numerical_feature_transformer,2026,NF-UNSW-NB15,ssd_canonical@alpha=5,NF-BoT-IoT,retained,0.9932454165326472,0.6498988922889712,0.9989885913099765,0.9942422290223869,0.9966097590507326,0.9362831284336358,0.9998845309291368,0.02041975510368469,11.0,25.0,143.0,24693.0,24872.0,0.9985525892569959
numerical_feature_transformer,2026,NF-UNSW-NB15,ssd_canonical@alpha=5,NF-CSE-CIC-IDS2018,retained,0.9555337234633292,0.9281435793090012,0.8130350731842032,0.8899637243047158,0.8497618703997691,0.9589796195301574,0.9256639548015417,0.1632995156457003,19426.0,677.0,364.0,2944.0,23411.0,0.14130109777455044
numerical_feature_transformer,2026,NF-UNSW-NB15,ssd_canonical@alpha=5,RETAINED_MACRO,retained_macro,0.9262375573231297,0.7867479249027648,0.9008350159624104,0.9213322086484114,0.9104917922468948,0.8864102559046021,0.9207699282837316,0.23128629752753674,20963.0,1405.0,1288.0,33353.0,57009.0,0.6076408988054518
numerical_feature_transformer,2026,NF-UNSW-NB15,dc_ssd_no_contrast,NF-UNSW-NB15,forgotten,0.9970450862644171,0.981531071433811,0.998062015503876,0.963216957605985,0.9803299492385786,0.9998799638842825,0.9973537195447856,0.010545183973878292,19375.0,3.0,59.0,1545.0,20982.0,0.07644647793346677
numerical_feature_transformer,2026,NF-UNSW-NB15,dc_ssd_no_contrast,NF-ToN-IoT,retained,0.6908090763236305,0.674774629392052,0.8520852641334569,0.7075573341542251,0.7731247897746384,0.7302587044867932,0.8283746839716049,0.5726190808272732,1431.0,798.0,1900.0,4597.0,8726.0,0.7445564978225991
numerical_feature_transformer,2026,NF-UNSW-NB15,dc_ssd_no_contrast,NF-BoT-IoT,retained,0.992159858475394,0.6632240833199119,0.9990279071651342,0.9931148333064905,0.9960625946491671,0.9068701794885561,0.9998216686305008,0.022333292537478292,12.0,24.0,171.0,24665.0,24872.0,0.9985525892569959
numerical_feature_transformer,2026,NF-UNSW-NB15,dc_ssd_no_contrast,NF-CSE-CIC-IDS2018,retained,0.9513049421212251,0.916210498700736,0.8036414565826331,0.8672914147521161,0.8342541436464088,0.9559780807799928,0.8974422154108831,0.17517933529263746,19402.0,701.0,439.0,2869.0,23411.0,0.14130109777455044
numerical_feature_transformer,2026,NF-UNSW-NB15,dc_ssd_no_contrast,RETAINED_MACRO,retained_macro,0.8780912923067499,0.7514030704709,0.8849182092937413,0.8559878607376105,0.8678138426900714,0.8643689882517807,0.9085461893376628,0.25671056955246296,20845.0,1523.0,2510.0,32131.0,57009.0,0.6076408988054518
numerical_feature_transformer,2026,NF-UNSW-NB15,dc_ssd_no_class_balance,NF-UNSW-NB15,forgotten,0.9979506243446764,0.9874537647006438,0.998085513720485,0.9750623441396509,0.9864396089561652,0.9998756205780317,0.9964629325748893,0.0066310157962621635,19375.0,3.0,40.0,1564.0,20982.0,0.07644647793346677
numerical_feature_transformer,2026,NF-UNSW-NB15,dc_ssd_no_class_balance,NF-ToN-IoT,retained,0.6721292688517075,0.6822709628967036,0.8665322580645162,0.6615360935816531,0.7502836693724361,0.73923903726695,0.8295378533357899,0.6004868848222873,1567.0,662.0,2199.0,4298.0,8726.0,0.7445564978225991
numerical_feature_transformer,2026,NF-UNSW-NB15,dc_ssd_no_class_balance,NF-BoT-IoT,retained,0.9928031521389514,0.649677439559063,0.9989881410126685,0.9937993235625705,0.9963869769695013,0.9548202877543351,0.9999196956239267,0.02317570515820427,11.0,25.0,154.0,24682.0,24872.0,0.9985525892569959
numerical_feature_transformer,2026,NF-UNSW-NB15,dc_ssd_no_class_balance,NF-CSE-CIC-IDS2018,retained,0.9401990517278203,0.9156788127599934,0.7431192660550459,0.8814993954050786,0.8064159292035398,0.9534651908451403,0.8915967116393356,0.1980526080800658,19095.0,1008.0,392.0,2916.0,23411.0,0.14130109777455044
numerical_feature_transformer,2026,NF-UNSW-NB15,dc_ssd_no_class_balance,RETAINED_MACRO,retained_macro,0.8683771575728265,0.7492090717385866,0.8695465550440767,0.8456116041831008,0.851028858515159,0.8825081719554752,0.9070180868663508,0.2739050660201858,20673.0,1695.0,2745.0,31896.0,57009.0,0.6076408988054518
numerical_feature_transformer,2026,NF-UNSW-NB15,dc_ssd,NF-UNSW-NB15,forgotten,0.9991421218187018,0.995246782157003,0.9981155778894473,0.9906483790523691,0.9943679599499374,0.9999005543731753,0.9978105105688203,0.006539249099399106,19375.0,3.0,15.0,1589.0,20982.0,0.07644647793346677
numerical_feature_transformer,2026,NF-UNSW-NB15,dc_ssd,NF-ToN-IoT,retained,0.6990602796241119,0.684441651055707,0.8576972833117723,0.714329690626443,0.7794759825327511,0.7350831694898974,0.8278290489472578,0.5834977200026744,1459.0,770.0,1856.0,4641.0,8726.0,0.7445564978225991
numerical_feature_transformer,2026,NF-UNSW-NB15,dc_ssd,NF-BoT-IoT,retained,0.9914763589578642,0.6767505950144056,0.999067693554925,0.9923900789177001,0.9957176907849553,0.9493320627762568,0.9999068925142838,0.02359671364883744,13.0,23.0,189.0,24647.0,24872.0,0.9985525892569959
numerical_feature_transformer,2026,NF-UNSW-NB15,dc_ssd,NF-CSE-CIC-IDS2018,retained,0.9048310623211311,0.8731127047579211,0.6226158038147139,0.8288996372430472,0.7110995850622407,0.9385151205271087,0.8534536788667622,0.28593992341434876,18441.0,1662.0,566.0,2742.0,23411.0,0.14130109777455044
numerical_feature_transformer,2026,NF-UNSW-NB15,dc_ssd,RETAINED_MACRO,retained_macro,0.8651225669677024,0.744768316942678,0.8264602602271371,0.8452064689290634,0.8287644194599824,0.8743101175977545,0.893729873442768,0.2976781190219535,19913.0,2455.0,2611.0,32030.0,57009.0,0.6076408988054518
numerical_feature_transformer,2026,NF-UNSW-NB15,scrub_r,NF-UNSW-NB15,forgotten,0.7721380230673911,0.46091333231582,0.04314063848144953,0.09351620947630923,0.059043495374926196,0.4976663737240653,0.07462438973610537,0.7866109092845367,16051.0,3327.0,1454.0,150.0,20982.0,0.07644647793346677
numerical_feature_transformer,2026,NF-UNSW-NB15,scrub_r,NF-ToN-IoT,retained,0.2642677057070823,0.46982328800958834,0.5679012345679012,0.04956133600123134,0.0911664779161948,0.42827779919544606,0.7038746757905405,2.3701715467838547,1984.0,245.0,6175.0,322.0,8726.0,0.7445564978225991
numerical_feature_transformer,2026,NF-UNSW-NB15,scrub_r,NF-BoT-IoT,retained,0.9785300739787713,0.878299421986006,0.9996710255777613,0.9788210661942341,0.989136184237295,0.9853416187970866,0.9999783328339807,0.05846340700851454,28.0,8.0,526.0,24310.0,24872.0,0.9985525892569959
numerical_feature_transformer,2026,NF-UNSW-NB15,scrub_r,NF-CSE-CIC-IDS2018,retained,0.9194822946478152,0.7198831624750431,0.9746497665110073,0.4416565900846433,0.6078635323486582,0.7421017702002763,0.631611871995994,0.35534907824797596,20065.0,38.0,1847.0,1461.0,23411.0,0.14130109777455044
numerical_feature_transformer,2026,NF-UNSW-NB15,scrub_r,RETAINED_MACRO,retained_macro,0.7207600247778897,0.6893352908235458,0.84740734221889,0.49001299742670296,0.5627220648340493,0.718573729397603,0.7784882935401717,0.9279946773467818,22077.0,291.0,8548.0,26093.0,57009.0,0.6076408988054518
numerical_feature_transformer,2026,NF-UNSW-NB15,scrub_r@lr=0.0001,NF-UNSW-NB15,forgotten,0.110713945286436,0.4536485252448402,0.06951385733757383,0.8584788029925187,0.12861345911362257,0.5076607879105004,0.0874399848279037,3.3790491161505996,946.0,18432.0,227.0,1377.0,20982.0,0.07644647793346677
numerical_feature_transformer,2026,NF-UNSW-NB15,scrub_r@lr=0.0001,NF-ToN-IoT,retained,0.2539537015814806,0.45803422541086536,0.4880294659300184,0.04078805602585809,0.07528409090909091,0.3496055362681454,0.6601630421686203,2.5554591623045,1951.0,278.0,6232.0,265.0,8726.0,0.7445564978225991
numerical_feature_transformer,2026,NF-UNSW-NB15,scrub_r@lr=0.0001,NF-BoT-IoT,retained,0.9796960437439691,0.8788832519103094,0.9996714174230912,0.979988726042841,0.9897322245491328,0.9276900914443192,0.9998735883253684,0.06055278238058692,28.0,8.0,497.0,24339.0,24872.0,0.9985525892569959
numerical_feature_transformer,2026,NF-UNSW-NB15,scrub_r@lr=0.0001,NF-CSE-CIC-IDS2018,retained,0.914869078638247,0.7049481446247111,0.9653220099079972,0.41233373639661425,0.5778436771870367,0.6877372417779992,0.5657917239319721,0.36791431800898217,20054.0,49.0,1944.0,1364.0,23411.0,0.14130109777455044
numerical_feature_transformer,2026,NF-UNSW-NB15,scrub_r@lr=0.0001,RETAINED_MACRO,retained_macro,0.7161729413212322,0.680621873981962,0.8176742977537023,0.47770350615510443,0.5476199975484201,0.6550109564968213,0.7419427848086536,0.9946420875646896,22033.0,335.0,8673.0,25968.0,57009.0,0.6076408988054518
numerical_feature_transformer,2026,NF-UNSW-NB15,scrub_r@lr=0.001,NF-UNSW-NB15,forgotten,0.6695739205032886,0.42711623253765674,0.03909358242518595,0.14089775561097256,0.061205145565335135,0.23163103182285796,0.05315034478428298,1.2649627016551985,13823.0,5555.0,1378.0,226.0,20982.0,0.07644647793346677
numerical_feature_transformer,2026,NF-UNSW-NB15,scrub_r@lr=0.001,NF-ToN-IoT,retained,0.4077469630987852,0.525946923910701,0.7809725158562368,0.28428505464060333,0.41683592868426994,0.5305865018420001,0.7411468054920668,1.8723901619313446,1711.0,518.0,4650.0,1847.0,8726.0,0.7445564978225991
numerical_feature_transformer,2026,NF-UNSW-NB15,scrub_r@lr=0.001,NF-BoT-IoT,retained,0.9848825989064007,0.8537427748250748,0.9995915032679739,0.9852633274279272,0.9923756995701193,0.9900267980172152,0.9999853706923295,0.035517930564413644,26.0,10.0,366.0,24470.0,24872.0,0.9985525892569959
numerical_feature_transformer,2026,NF-UNSW-NB15,scrub_r@lr=0.001,NF-CSE-CIC-IDS2018,retained,0.9719362692751271,0.9022106060078383,0.9955140186915887,0.8050181378476421,0.8901888684606385,0.9619867597230972,0.928316072204274,0.13587768417021845,20091.0,12.0,645.0,2663.0,23411.0,0.14130109777455044
numerical_feature_transformer,2026,NF-UNSW-NB15,scrub_r@lr=0.001,RETAINED_MACRO,retained_macro,0.7881886104267709,0.760633434914538,0.9253593459385998,0.6915221733053909,0.7664668322383426,0.8275333531941041,0.8898160827962235,0.6812619255553255,21828.0,540.0,5661.0,28980.0,57009.0,0.6076408988054518
numerical_feature_transformer,2026,NF-UNSW-NB15,retrained,NF-UNSW-NB15,forgotten,0.7536459822705176,0.7462555230769191,0.19946046197943013,0.7375311720698254,0.3140013271400133,0.8257468910292131,0.3932949226967024,0.5077955337704632,14630.0,4748.0,421.0,1183.0,20982.0,0.07644647793346677
numerical_feature_transformer,2026,NF-UNSW-NB15,retrained,NF-ToN-IoT,retained,0.5670410268164108,0.5738291193236648,0.7983322361202545,0.5599507464983838,0.6582232675954406,0.48100496809342863,0.7521889916541623,1.5177068554700082,1310.0,919.0,2859.0,3638.0,8726.0,0.7445564978225991
numerical_feature_transformer,2026,NF-UNSW-NB15,retrained,NF-BoT-IoT,retained,0.9876970086844644,0.7303332080671427,0.999226636274829,0.9884441939120632,0.9938061695409278,0.9802224817021885,0.9999701439365762,0.027373180991074372,17.0,19.0,287.0,24549.0,24872.0,0.9985525892569959
numerical_feature_transformer,2026,NF-UNSW-NB15,retrained,NF-CSE-CIC-IDS2018,retained,0.9268719832557345,0.7782324821004956,0.8657195233730522,0.5710399032648126,0.6881602914389799,0.8526802580374914,0.7034593178538142,0.2610346861169822,19810.0,293.0,1419.0,1889.0,23411.0,0.14130109777455044
numerical_feature_transformer,2026,NF-UNSW-NB15,retrained,RETAINED_MACRO,retained_macro,0.8272033395855365,0.6941316031637678,0.8877594652560452,0.7064782812250865,0.7800632428584494,0.7713025692777028,0.8185394844815175,0.602038240859355,21137.0,1231.0,4565.0,30076.0,57009.0,0.6076408988054518
numerical_feature_transformer,2026,NF-ToN-IoT,original,NF-UNSW-NB15,retained,0.9980936040415594,0.9883889267954069,0.9980891719745223,0.976932668329177,0.9873976055450535,0.999868446079558,0.9953984451954956,0.005620020804474411,19375.0,3.0,37.0,1567.0,20982.0,0.07644647793346677
numerical_feature_transformer,2026,NF-ToN-IoT,original,NF-ToN-IoT,forgotten,0.8299335319734128,0.7822013031103219,0.8904813833930518,0.8797906726181315,0.8851037472901827,0.7639680197500133,0.8367612991205162,0.5101396218332253,1526.0,703.0,781.0,5716.0,8726.0,0.7445564978225991
numerical_feature_transformer,2026,NF-ToN-IoT,original,NF-BoT-IoT,retained,0.9932454165326472,0.6498988922889712,0.9989885913099765,0.9942422290223869,0.9966097590507326,0.9362831284336358,0.9998845309291368,0.02041975510368469,11.0,25.0,143.0,24693.0,24872.0,0.9985525892569959
numerical_feature_transformer,2026,NF-ToN-IoT,original,NF-CSE-CIC-IDS2018,retained,0.9555337234633292,0.9281435793090012,0.8130350731842032,0.8899637243047158,0.8497618703997691,0.9589796195301574,0.9256639548015417,0.1632995156457003,19426.0,677.0,364.0,2944.0,23411.0,0.14130109777455044
numerical_feature_transformer,2026,NF-ToN-IoT,original,RETAINED_MACRO,retained_macro,0.9822909146791786,0.8554771327977931,0.9367042788229006,0.9537128738854266,0.9445897449985184,0.9650437313477838,0.9736489769753914,0.0631130971846198,38812.0,705.0,544.0,29204.0,69265.0,0.4294809788493467
numerical_feature_transformer,2026,NF-ToN-IoT,rollback_repair,NF-UNSW-NB15,retained,0.9235535220665332,0.5,0.0,0.0,0.0,0.19595080314488833,0.04639551683183957,0.3150965863657976,19378.0,0.0,1604.0,0.0,20982.0,0.07644647793346677
numerical_feature_transformer,2026,NF-ToN-IoT,rollback_repair,NF-ToN-IoT,forgotten,0.25544350217740086,0.5,0.0,0.0,0.0,0.6650799523512698,0.8320671885346607,1.3335419066992014,2229.0,0.0,6497.0,0.0,8726.0,0.7445564978225991
numerical_feature_transformer,2026,NF-ToN-IoT,rollback_repair,NF-BoT-IoT,retained,0.0014474107430041815,0.5,0.0,0.0,0.0,0.35109932266781196,0.9984487202916547,1.7112750818000029,36.0,0.0,24836.0,0.0,24872.0,0.9985525892569959
numerical_feature_transformer,2026,NF-ToN-IoT,rollback_repair,NF-CSE-CIC-IDS2018,retained,0.8586989022254495,0.5,0.0,0.0,0.0,0.3207171624176603,0.10639169873092506,0.4149700012801309,20103.0,0.0,3308.0,0.0,23411.0,0.14130109777455044
numerical_feature_transformer,2026,NF-ToN-IoT,rollback_repair,RETAINED_MACRO,retained_macro,0.5945666116783289,0.5,0.0,0.0,0.0,0.28925576274345355,0.3837453119514731,0.8137805564819772,39517.0,0.0,29748.0,0.0,69265.0,0.4294809788493467
numerical_feature_transformer,2026,NF-ToN-IoT,ssd_canonical,NF-UNSW-NB15,retained,0.9980936040415594,0.9883889267954069,0.9980891719745223,0.976932668329177,0.9873976055450535,0.999868446079558,0.9953984451954956,0.005620020804474411,19375.0,3.0,37.0,1567.0,20982.0,0.07644647793346677
numerical_feature_transformer,2026,NF-ToN-IoT,ssd_canonical,NF-ToN-IoT,forgotten,0.8299335319734128,0.7822013031103219,0.8904813833930518,0.8797906726181315,0.8851037472901827,0.7639680197500133,0.8367612991205162,0.5101396218332253,1526.0,703.0,781.0,5716.0,8726.0,0.7445564978225991
numerical_feature_transformer,2026,NF-ToN-IoT,ssd_canonical,NF-BoT-IoT,retained,0.9932454165326472,0.6498988922889712,0.9989885913099765,0.9942422290223869,0.9966097590507326,0.9362831284336358,0.9998845309291368,0.02041975510368469,11.0,25.0,143.0,24693.0,24872.0,0.9985525892569959
numerical_feature_transformer,2026,NF-ToN-IoT,ssd_canonical,NF-CSE-CIC-IDS2018,retained,0.9555337234633292,0.9281435793090012,0.8130350731842032,0.8899637243047158,0.8497618703997691,0.9589796195301574,0.9256639548015417,0.1632995156457003,19426.0,677.0,364.0,2944.0,23411.0,0.14130109777455044
numerical_feature_transformer,2026,NF-ToN-IoT,ssd_canonical,RETAINED_MACRO,retained_macro,0.9822909146791786,0.8554771327977931,0.9367042788229006,0.9537128738854266,0.9445897449985184,0.9650437313477838,0.9736489769753914,0.0631130971846198,38812.0,705.0,544.0,29204.0,69265.0,0.4294809788493467
numerical_feature_transformer,2026,NF-ToN-IoT,ssd_canonical@alpha=1,NF-UNSW-NB15,retained,0.07644647793346677,0.5,0.07644647793346677,1.0,0.142034888869211,0.983964561580876,0.8567131859940201,0.7137174781715927,0.0,19378.0,0.0,1604.0,20982.0,0.07644647793346677
numerical_feature_transformer,2026,NF-ToN-IoT,ssd_canonical@alpha=1,NF-ToN-IoT,forgotten,0.7445564978225991,0.5,0.7445564978225991,1.0,0.8535768245418117,0.14757920848722464,0.5690649653528169,0.6764433753823332,0.0,2229.0,0.0,6497.0,8726.0,0.7445564978225991
numerical_feature_transformer,2026,NF-ToN-IoT,ssd_canonical@alpha=1,NF-BoT-IoT,retained,0.9985525892569959,0.5,0.9985525892569959,1.0,0.9992757704997184,0.8133270923927631,0.9996601079992087,0.6232778290729093,0.0,36.0,0.0,24836.0,24872.0,0.9985525892569959
numerical_feature_transformer,2026,NF-ToN-IoT,ssd_canonical@alpha=1,NF-CSE-CIC-IDS2018,retained,0.14130109777455044,0.5,0.14130109777455044,1.0,0.2476140574123283,0.15168325084701334,0.08084468187668566,0.7385338319217394,0.0,20103.0,0.0,3308.0,23411.0,0.14130109777455044
numerical_feature_transformer,2026,NF-ToN-IoT,ssd_canonical@alpha=1,RETAINED_MACRO,retained_macro,0.405433388321671,0.5,0.405433388321671,1.0,0.4629749055937526,0.6496583016068842,0.6457393252899716,0.6918430463887472,0.0,39517.0,0.0,29748.0,69265.0,0.4294809788493467
numerical_feature_transformer,2026,NF-ToN-IoT,ssd_canonical@alpha=2,NF-UNSW-NB15,retained,0.9755028119340386,0.9101114485949436,0.8445006321112516,0.8329177057356608,0.8386691776522285,0.9894449936671377,0.9084336796886848,0.6449683707884466,19132.0,246.0,268.0,1336.0,20982.0,0.07644647793346677
numerical_feature_transformer,2026,NF-ToN-IoT,ssd_canonical@alpha=2,NF-ToN-IoT,forgotten,0.3010543204217282,0.21351673992752151,0.5423224159931944,0.3924888410035401,0.4553978033753014,0.12999812247264897,0.5644449169671757,0.7012148814070611,77.0,2152.0,3947.0,2550.0,8726.0,0.7445564978225991
numerical_feature_transformer,2026,NF-ToN-IoT,ssd_canonical@alpha=2,NF-BoT-IoT,retained,0.9944515921518173,0.5118152860542939,0.9985868863049095,0.9958527943308101,0.9972179662930409,0.8058072063849966,0.9996333625232778,0.6076932270425308,1.0,35.0,103.0,24733.0,24872.0,0.9985525892569959
numerical_feature_transformer,2026,NF-ToN-IoT,ssd_canonical@alpha=2,NF-CSE-CIC-IDS2018,retained,0.11131519371235744,0.36371343115001276,0.10647294318744097,0.7155380894800484,0.18536356161165277,0.18964681497302197,0.08270407930421249,0.7341195051376866,239.0,19864.0,941.0,2367.0,23411.0,0.14130109777455044
numerical_feature_transformer,2026,NF-ToN-IoT,ssd_canonical@alpha=2,RETAINED_MACRO,retained_macro,0.6937565325994045,0.59521338859975,0.6498534872012007,0.8481028631821731,0.6737502351856408,0.6616330050083854,0.6635903738387251,0.6622603676562213,19372.0,20145.0,1312.0,28436.0,69265.0,0.4294809788493467
numerical_feature_transformer,2026,NF-ToN-IoT,ssd_canonical@alpha=3,NF-UNSW-NB15,retained,0.077209036316843,0.5004128393023016,0.07650481732328532,1.0,0.14213557820115197,0.9822949946580549,0.8589629134776103,0.7061401860388862,16.0,19362.0,0.0,1604.0,20982.0,0.07644647793346677
numerical_feature_transformer,2026,NF-ToN-IoT,ssd_canonical@alpha=3,NF-ToN-IoT,forgotten,0.7445564978225991,0.5,0.7445564978225991,1.0,0.8535768245418117,0.2512446473380094,0.6000412408254973,0.6781313047267863,0.0,2229.0,0.0,6497.0,8726.0,0.7445564978225991
numerical_feature_transformer,2026,NF-ToN-IoT,ssd_canonical@alpha=3,NF-BoT-IoT,retained,0.9985525892569959,0.5,0.9985525892569959,1.0,0.9992757704997184,0.6840540613088528,0.9994424821246684,0.5900082923150664,0.0,36.0,0.0,24836.0,24872.0,0.9985525892569959
numerical_feature_transformer,2026,NF-ToN-IoT,ssd_canonical@alpha=3,NF-CSE-CIC-IDS2018,retained,0.14130109777455044,0.5,0.14130109777455044,1.0,0.2476140574123283,0.3701413461303068,0.1056364284248001,0.7464109057016208,0.0,20103.0,0.0,3308.0,23411.0,0.14130109777455044
numerical_feature_transformer,2026,NF-ToN-IoT,ssd_canonical@alpha=3,RETAINED_MACRO,retained_macro,0.4056875744494631,0.5001376131007672,0.4054528347849438,1.0,0.46300846870439955,0.6788301340324049,0.6546806080090263,0.6808531280185245,16.0,39501.0,0.0,29748.0,69265.0,0.4294809788493467
numerical_feature_transformer,2026,NF-ToN-IoT,ssd_canonical@alpha=5,NF-UNSW-NB15,retained,0.8127919168811362,0.8909281587547284,0.2878787878787879,0.9831670822942643,0.4453544196554646,0.96429503056272,0.7569921379325483,0.5291650229639826,15477.0,3901.0,27.0,1577.0,20982.0,0.07644647793346677
numerical_feature_transformer,2026,NF-ToN-IoT,ssd_canonical@alpha=5,NF-ToN-IoT,forgotten,0.5601650240660097,0.5064374191270112,0.7485511310525332,0.6162844389718332,0.6760087793347965,0.5482731340337015,0.7317316908792321,0.7029117144253899,884.0,1345.0,2493.0,4004.0,8726.0,0.7445564978225991
numerical_feature_transformer,2026,NF-ToN-IoT,ssd_canonical@alpha=5,NF-BoT-IoT,retained,0.7334753940173689,0.519825611567438,0.9986306622117544,0.7340956675793203,0.8461699115865686,0.5415570587498434,0.9983539223905717,0.5307829926762092,11.0,25.0,6604.0,18232.0,24872.0,0.9985525892569959
numerical_feature_transformer,2026,NF-ToN-IoT,ssd_canonical@alpha=5,NF-CSE-CIC-IDS2018,retained,0.5102729486138995,0.6845371187236999,0.2146505282306024,0.9274486094316807,0.34861655587750695,0.8347756334201716,0.6328362093938527,0.8484718545833485,8878.0,11225.0,240.0,3068.0,23411.0,0.14130109777455044
numerical_feature_transformer,2026,NF-ToN-IoT,ssd_canonical@alpha=5,RETAINED_MACRO,retained_macro,0.6855134198374682,0.6984302963486222,0.5003866594403815,0.8815704531017552,0.5467136290398468,0.7802092409109117,0.7960607565723242,0.6361399567411801,24366.0,15151.0,6871.0,22877.0,69265.0,0.4294809788493467
numerical_feature_transformer,2026,NF-ToN-IoT,dc_ssd_no_contrast,NF-UNSW-NB15,retained,0.989848441521304,0.9353190007229835,0.9957234497505346,0.8709476309226932,0.9291652810109744,0.9994680575885089,0.9926736427880645,0.028628601299396265,19372.0,6.0,207.0,1397.0,20982.0,0.07644647793346677
numerical_feature_transformer,2026,NF-ToN-IoT,dc_ssd_no_contrast,NF-ToN-IoT,forgotten,0.4691725876690351,0.3716536734730658,0.6678667866786678,0.5710327843620132,0.6156654497178892,0.3983997376571565,0.7162257226535027,1.3612354356162188,384.0,1845.0,2787.0,3710.0,8726.0,0.7445564978225991
numerical_feature_transformer,2026,NF-ToN-IoT,dc_ssd_no_contrast,NF-BoT-IoT,retained,0.4913959472499196,0.27379162863943024,0.99722539578913,0.4920277017233049,0.6589377190617417,0.13907790662300246,0.9941782663938753,0.7193299465511883,2.0,34.0,12616.0,12220.0,24872.0,0.9985525892569959
numerical_feature_transformer,2026,NF-ToN-IoT,dc_ssd_no_contrast,NF-CSE-CIC-IDS2018,retained,0.20567254709324675,0.23883728694442485,0.054908582741353205,0.2850665054413543,0.09208085147934772,0.19116180599778132,0.08419159970894871,1.6339011934497967,3872.0,16231.0,2365.0,943.0,23411.0,0.14130109777455044
numerical_feature_transformer,2026,NF-ToN-IoT,dc_ssd_no_contrast,RETAINED_MACRO,retained_macro,0.5623056452881569,0.48264930543561285,0.6826191427603393,0.5493472793624509,0.5600612838506879,0.44323592340309753,0.6903478362969628,0.7939532471001272,23246.0,16271.0,15188.0,14560.0,69265.0,0.4294809788493467
numerical_feature_transformer,2026,NF-ToN-IoT,dc_ssd_no_class_balance,NF-UNSW-NB15,retained,0.9235535220665332,0.5,0.0,0.0,0.0,0.6655713867102293,0.16784693506120074,0.46077636832153157,19378.0,0.0,1604.0,0.0,20982.0,0.07644647793346677
numerical_feature_transformer,2026,NF-ToN-IoT,dc_ssd_no_class_balance,NF-ToN-IoT,forgotten,0.25544350217740086,0.5,0.0,0.0,0.0,0.45254423600139015,0.6712295654513065,0.9095937248126064,2229.0,0.0,6497.0,0.0,8726.0,0.7445564978225991
numerical_feature_transformer,2026,NF-ToN-IoT,dc_ssd_no_class_balance,NF-BoT-IoT,retained,0.0014474107430041815,0.5,0.0,0.0,0.0,0.49572305434763164,0.998281944762432,1.078556771952995,36.0,0.0,24836.0,0.0,24872.0,0.9985525892569959
numerical_feature_transformer,2026,NF-ToN-IoT,dc_ssd_no_class_balance,NF-CSE-CIC-IDS2018,retained,0.8586989022254495,0.5,0.0,0.0,0.0,0.23956685043007953,0.08815478557096514,0.5133250876307917,20103.0,0.0,3308.0,0.0,23411.0,0.14130109777455044
numerical_feature_transformer,2026,NF-ToN-IoT,dc_ssd_no_class_balance,RETAINED_MACRO,retained_macro,0.5945666116783289,0.5,0.0,0.0,0.0,0.4669537638293135,0.41809455513153265,0.6842194093017727,39517.0,0.0,29748.0,0.0,69265.0,0.4294809788493467
numerical_feature_transformer,2026,NF-ToN-IoT,dc_ssd,NF-UNSW-NB15,retained,0.580688208940997,0.7681293785352904,0.15306712962962962,0.9894014962593516,0.2651186100902105,0.9762880895089142,0.8746977736438571,0.616398187913848,10597.0,8781.0,17.0,1587.0,20982.0,0.07644647793346677
numerical_feature_transformer,2026,NF-ToN-IoT,dc_ssd,NF-ToN-IoT,forgotten,0.7444418977767591,0.4999230414037248,0.7445272206303725,0.9998460828074496,0.853501510970963,0.4850542193853767,0.6973754046258483,0.6079900381715135,0.0,2229.0,1.0,6496.0,8726.0,0.7445564978225991
numerical_feature_transformer,2026,NF-ToN-IoT,dc_ssd,NF-BoT-IoT,retained,0.9922804760373111,0.4968593976485747,0.998543453633274,0.9937187952971493,0.996125282531482,0.42187304271577103,0.995683156690145,0.48415697776652694,0.0,36.0,156.0,24680.0,24872.0,0.9985525892569959
numerical_feature_transformer,2026,NF-ToN-IoT,dc_ssd,NF-CSE-CIC-IDS2018,retained,0.19665968988936824,0.5236471711195204,0.14741344010191545,0.9794437726723095,0.2562581563649306,0.17841577935301875,0.08429016466053581,0.9047340664619,1364.0,18739.0,68.0,3240.0,23411.0,0.14130109777455044
numerical_feature_transformer,2026,NF-ToN-IoT,dc_ssd,RETAINED_MACRO,retained_macro,0.5898761249558921,0.5962119824344617,0.433008007788273,0.9875213547429368,0.5058340163288744,0.525525637192568,0.651557031664846,0.6684297440474251,11961.0,27556.0,241.0,29507.0,69265.0,0.4294809788493467
numerical_feature_transformer,2026,NF-ToN-IoT,scrub_r,NF-UNSW-NB15,retained,0.9992851015155848,0.9970396989773476,0.9962523422860712,0.9943890274314214,0.9953198127925117,0.9999156755134561,0.9981563542832872,0.0035443488970364773,19372.0,6.0,9.0,1595.0,20982.0,0.07644647793346677
numerical_feature_transformer,2026,NF-ToN-IoT,scrub_r,NF-ToN-IoT,forgotten,0.5489342195736878,0.5083263400791047,0.7499512004684755,0.5913498537786671,0.6612736660929432,0.6133986815048642,0.7805346383112115,1.116154733890119,948.0,1281.0,2655.0,3842.0,8726.0,0.7445564978225991
numerical_feature_transformer,2026,NF-ToN-IoT,scrub_r,NF-BoT-IoT,retained,0.9930443872627854,0.6775357456022619,0.9990691650815492,0.9939603800934128,0.9965082248460995,0.9265157209069271,0.9998716165585295,0.015580235077027833,13.0,23.0,150.0,24686.0,24872.0,0.9985525892569959
numerical_feature_transformer,2026,NF-ToN-IoT,scrub_r,NF-CSE-CIC-IDS2018,retained,0.9820170005552945,0.938639367294708,0.9938419432090319,0.878174123337364,0.9324346011876103,0.958971221125352,0.9316668080244574,0.09024169561205943,20085.0,18.0,403.0,2905.0,23411.0,0.14130109777455044
numerical_feature_transformer,2026,NF-ToN-IoT,scrub_r,RETAINED_MACRO,retained_macro,0.9914488297778883,0.8710716039581058,0.9963878168588841,0.9555078436207327,0.974754212942074,0.9618008725152452,0.976564926288758,0.03645542652870792,39470.0,47.0,562.0,29186.0,69265.0,0.4294809788493467
numerical_feature_transformer,2026,NF-ToN-IoT,scrub_r@lr=0.0001,NF-UNSW-NB15,retained,0.9993804213135068,0.9976631403738563,0.9962570180910792,0.9956359102244389,0.9959463673214842,0.9998947311255353,0.997821736496012,0.003120284564189848,19372.0,6.0,7.0,1597.0,20982.0,0.07644647793346677
numerical_feature_transformer,2026,NF-ToN-IoT,scrub_r@lr=0.0001,NF-ToN-IoT,forgotten,0.8529681411872565,0.7549363812390064,0.8620833333333333,0.9553640141603817,0.906329853252537,0.740439473980226,0.8422467430637458,0.5295303416185606,1236.0,993.0,290.0,6207.0,8726.0,0.7445564978225991
numerical_feature_transformer,2026,NF-ToN-IoT,scrub_r@lr=0.0001,NF-BoT-IoT,retained,0.9961804438726278,0.6513685331329074,0.9989915695211972,0.9971815107102593,0.9980857194672255,0.7989902650274691,0.9978268115882205,0.014407246369470491,11.0,25.0,70.0,24766.0,24872.0,0.9985525892569959
numerical_feature_transformer,2026,NF-ToN-IoT,scrub_r@lr=0.0001,NF-CSE-CIC-IDS2018,retained,0.9808636965529025,0.9416298535336247,0.9753989361702128,0.8869407496977025,0.9290690310322989,0.9585437896886656,0.9280266889255667,0.11461134404861924,20029.0,74.0,374.0,2934.0,23411.0,0.14130109777455044
numerical_feature_transformer,2026,NF-ToN-IoT,scrub_r@lr=0.0001,RETAINED_MACRO,retained_macro,0.9921415205796791,0.863553842346796,0.9902158412608296,0.9599193902108003,0.9743670392736696,0.91914292861389,0.9745584123365997,0.04404629166075986,39412.0,105.0,451.0,29297.0,69265.0,0.4294809788493467
numerical_feature_transformer,2026,NF-ToN-IoT,scrub_r@lr=0.001,NF-UNSW-NB15,retained,0.9989038223238966,0.9936881786657312,0.998109640831758,0.9875311720698254,0.9927922281416484,0.9999409310349887,0.9988806459076771,0.003727181267551469,19375.0,3.0,20.0,1584.0,20982.0,0.07644647793346677
numerical_feature_transformer,2026,NF-ToN-IoT,scrub_r@lr=0.001,NF-ToN-IoT,forgotten,0.8082741233096493,0.6745263524670564,0.821857485988791,0.9479759889179621,0.8804231291544564,0.7128669248801928,0.8287267301861553,0.9276712529057354,894.0,1335.0,338.0,6159.0,8726.0,0.7445564978225991
numerical_feature_transformer,2026,NF-ToN-IoT,scrub_r@lr=0.001,NF-BoT-IoT,retained,0.9936876809263429,0.6778578586639465,0.9990697674418605,0.994604606216782,0.9968321865983334,0.9875315402372901,0.9999816949224736,0.015892099192614,13.0,23.0,134.0,24702.0,24872.0,0.9985525892569959
numerical_feature_transformer,2026,NF-ToN-IoT,scrub_r@lr=0.001,NF-CSE-CIC-IDS2018,retained,0.9821024304813977,0.9386891111140384,0.9945224238274564,0.878174123337364,0.9327339861936105,0.9572159018900306,0.9306906224842735,0.08954271981226453,20087.0,16.0,403.0,2905.0,23411.0,0.14130109777455044
numerical_feature_transformer,2026,NF-ToN-IoT,scrub_r@lr=0.001,RETAINED_MACRO,retained_macro,0.9915646445772124,0.8700783828145721,0.9972339440336917,0.9534366338746572,0.974119466977864,0.981562791054103,0.9765176544381413,0.03638733342414333,39475.0,42.0,557.0,29191.0,69265.0,0.4294809788493467
numerical_feature_transformer,2026,NF-ToN-IoT,retrained,NF-UNSW-NB15,retained,0.9994280812124678,0.9979748610721106,0.9962593516209476,0.9962593516209476,0.9962593516209476,0.9998777439721988,0.9971309629516614,0.0030654154669846156,19372.0,6.0,6.0,1598.0,20982.0,0.07644647793346677
numerical_feature_transformer,2026,NF-ToN-IoT,retrained,NF-ToN-IoT,forgotten,0.7541829016731607,0.7037758670133359,0.8548597521200261,0.8068339233492381,0.8301528228680022,0.6749064153776879,0.7831514563968744,0.6606260285670927,1339.0,890.0,1255.0,5242.0,8726.0,0.7445564978225991
numerical_feature_transformer,2026,NF-ToN-IoT,retrained,NF-BoT-IoT,retained,0.9906320360244452,0.7595403625561461,0.9993099809230019,0.9913029473345144,0.9952903603986013,0.9267315813961811,0.999872273320636,0.021748621294427048,19.0,17.0,216.0,24620.0,24872.0,0.9985525892569959
numerical_feature_transformer,2026,NF-ToN-IoT,retrained,NF-CSE-CIC-IDS2018,retained,0.9767630600999531,0.9186590284340364,0.9974802015838733,0.8376662636033857,0.9106145251396648,0.9564308653241128,0.9245669682056286,0.10574495108346268,20096.0,7.0,537.0,2771.0,23411.0,0.14130109777455044
numerical_feature_transformer,2026,NF-ToN-IoT,retrained,RETAINED_MACRO,retained_macro,0.9889410591122886,0.8920580840207645,0.9976831780426076,0.9417428541862826,0.9673880790530712,0.9610133968974975,0.9738567348259753,0.04351966261495812,39487.0,30.0,759.0,28989.0,69265.0,0.4294809788493467
numerical_feature_transformer,2026,NF-BoT-IoT,original,NF-UNSW-NB15,retained,0.9980936040415594,0.9883889267954069,0.9980891719745223,0.976932668329177,0.9873976055450535,0.999868446079558,0.9953984451954956,0.005620020804474411,19375.0,3.0,37.0,1567.0,20982.0,0.07644647793346677
numerical_feature_transformer,2026,NF-BoT-IoT,original,NF-ToN-IoT,retained,0.8299335319734128,0.7822013031103219,0.8904813833930518,0.8797906726181315,0.8851037472901827,0.7639680197500133,0.8367612991205162,0.5101396218332253,1526.0,703.0,781.0,5716.0,8726.0,0.7445564978225991
numerical_feature_transformer,2026,NF-BoT-IoT,original,NF-BoT-IoT,forgotten,0.9932454165326472,0.6498988922889712,0.9989885913099765,0.9942422290223869,0.9966097590507326,0.9362831284336358,0.9998845309291368,0.02041975510368469,11.0,25.0,143.0,24693.0,24872.0,0.9985525892569959
numerical_feature_transformer,2026,NF-BoT-IoT,original,NF-CSE-CIC-IDS2018,retained,0.9555337234633292,0.9281435793090012,0.8130350731842032,0.8899637243047158,0.8497618703997691,0.9589796195301574,0.9256639548015417,0.1632995156457003,19426.0,677.0,364.0,2944.0,23411.0,0.14130109777455044
numerical_feature_transformer,2026,NF-BoT-IoT,original,RETAINED_MACRO,retained_macro,0.9278536198261005,0.8995779364049099,0.9005352095172592,0.9155623550840081,0.9074210744116685,0.9076053617865764,0.9192745663725178,0.22635305276113335,40327.0,1383.0,1182.0,10227.0,53119.0,0.21478190477983397
numerical_feature_transformer,2026,NF-BoT-IoT,rollback_repair,NF-UNSW-NB15,retained,0.9235535220665332,0.5,0.0,0.0,0.0,0.1483089803615638,0.0420431046963691,0.29623967495949,19378.0,0.0,1604.0,0.0,20982.0,0.07644647793346677
numerical_feature_transformer,2026,NF-BoT-IoT,rollback_repair,NF-ToN-IoT,retained,0.25544350217740086,0.5,0.0,0.0,0.0,0.444306904114837,0.6733783709702497,1.4512920660151285,2229.0,0.0,6497.0,0.0,8726.0,0.7445564978225991
numerical_feature_transformer,2026,NF-BoT-IoT,rollback_repair,NF-BoT-IoT,forgotten,0.0014474107430041815,0.5,0.0,0.0,0.0,0.28005549739625274,0.994604083485153,1.8926259194623458,36.0,0.0,24836.0,0.0,24872.0,0.9985525892569959
numerical_feature_transformer,2026,NF-BoT-IoT,rollback_repair,NF-CSE-CIC-IDS2018,retained,0.8586989022254495,0.5,0.0,0.0,0.0,0.2174449409001923,0.08565577343285201,0.40839209253173314,20103.0,0.0,3308.0,0.0,23411.0,0.14130109777455044
numerical_feature_transformer,2026,NF-BoT-IoT,rollback_repair,RETAINED_MACRO,retained_macro,0.6792319754897945,0.5,0.0,0.0,0.0,0.270020275125531,0.26702574969982357,0.7186412778354505,41710.0,0.0,11409.0,0.0,53119.0,0.21478190477983397
numerical_feature_transformer,2026,NF-BoT-IoT,ssd_canonical,NF-UNSW-NB15,retained,0.9980936040415594,0.9883889267954069,0.9980891719745223,0.976932668329177,0.9873976055450535,0.999868446079558,0.9953984451954956,0.005620020804474411,19375.0,3.0,37.0,1567.0,20982.0,0.07644647793346677
numerical_feature_transformer,2026,NF-BoT-IoT,ssd_canonical,NF-ToN-IoT,retained,0.8299335319734128,0.7822013031103219,0.8904813833930518,0.8797906726181315,0.8851037472901827,0.7639680197500133,0.8367612991205162,0.5101396218332253,1526.0,703.0,781.0,5716.0,8726.0,0.7445564978225991
numerical_feature_transformer,2026,NF-BoT-IoT,ssd_canonical,NF-BoT-IoT,forgotten,0.9932454165326472,0.6498988922889712,0.9989885913099765,0.9942422290223869,0.9966097590507326,0.9362831284336358,0.9998845309291368,0.02041975510368469,11.0,25.0,143.0,24693.0,24872.0,0.9985525892569959
numerical_feature_transformer,2026,NF-BoT-IoT,ssd_canonical,NF-CSE-CIC-IDS2018,retained,0.9555337234633292,0.9281435793090012,0.8130350731842032,0.8899637243047158,0.8497618703997691,0.9589796195301574,0.9256639548015417,0.1632995156457003,19426.0,677.0,364.0,2944.0,23411.0,0.14130109777455044
numerical_feature_transformer,2026,NF-BoT-IoT,ssd_canonical,RETAINED_MACRO,retained_macro,0.9278536198261005,0.8995779364049099,0.9005352095172592,0.9155623550840081,0.9074210744116685,0.9076053617865764,0.9192745663725178,0.22635305276113335,40327.0,1383.0,1182.0,10227.0,53119.0,0.21478190477983397
numerical_feature_transformer,2026,NF-BoT-IoT,ssd_canonical@alpha=1,NF-UNSW-NB15,retained,0.9980936040415594,0.9883889267954069,0.9980891719745223,0.976932668329177,0.9873976055450535,0.9998684460795579,0.9954365284986284,0.005654924202632307,19375.0,3.0,37.0,1567.0,20982.0,0.07644647793346677
numerical_feature_transformer,2026,NF-BoT-IoT,ssd_canonical@alpha=1,NF-ToN-IoT,retained,0.8297043318817328,0.7827841721198858,0.891056656781645,0.8787132522702786,0.8848419094854308,0.7637880699053358,0.8368786466787732,0.5104976541743117,1531.0,698.0,788.0,5709.0,8726.0,0.7445564978225991
numerical_feature_transformer,2026,NF-BoT-IoT,ssd_canonical@alpha=1,NF-BoT-IoT,forgotten,0.9932454165326472,0.6498988922889712,0.9989885913099765,0.9942422290223869,0.9966097590507326,0.9360068717453159,0.9998840443679267,0.02098666513724928,11.0,25.0,143.0,24693.0,24872.0,0.9985525892569959
numerical_feature_transformer,2026,NF-BoT-IoT,ssd_canonical@alpha=1,NF-CSE-CIC-IDS2018,retained,0.9550211439067106,0.9278451163930186,0.8103495733553537,0.8899637243047158,0.8482927532055899,0.9588776883090777,0.9253474700806255,0.16441849361179786,19414.0,689.0,364.0,2944.0,23411.0,0.14130109777455044
numerical_feature_transformer,2026,NF-BoT-IoT,ssd_canonical@alpha=1,RETAINED_MACRO,retained_macro,0.9276063599433342,0.8996727384361037,0.8998318007038404,0.9152032149680572,0.9068440894120249,0.9075114014313238,0.9192208817526758,0.2268570239962473,40320.0,1390.0,1189.0,10220.0,53119.0,0.21478190477983397
numerical_feature_transformer,2026,NF-BoT-IoT,ssd_canonical@alpha=2,NF-UNSW-NB15,retained,0.9980936040415594,0.9883889267954069,0.9980891719745223,0.976932668329177,0.9873976055450535,0.9998684782521969,0.9954111684893019,0.005620627027711342,19375.0,3.0,37.0,1567.0,20982.0,0.07644647793346677
numerical_feature_transformer,2026,NF-BoT-IoT,ssd_canonical@alpha=2,NF-ToN-IoT,retained,0.8298189319275727,0.7821243445140467,0.8904643191025241,0.8796367554255811,0.8850174216027874,0.7639425395149074,0.836752537992182,0.5102137992809971,1526.0,703.0,782.0,5715.0,8726.0,0.7445564978225991
numerical_feature_transformer,2026,NF-BoT-IoT,ssd_canonical@alpha=2,NF-BoT-IoT,forgotten,0.9932454165326472,0.6498988922889712,0.9989885913099765,0.9942422290223869,0.9966097590507326,0.9362831284336358,0.9998845309273752,0.020422686618259557,11.0,25.0,143.0,24693.0,24872.0,0.9985525892569959
numerical_feature_transformer,2026,NF-BoT-IoT,ssd_canonical@alpha=2,NF-CSE-CIC-IDS2018,retained,0.9555337234633292,0.9281435793090012,0.8130350731842032,0.8899637243047158,0.8497618703997691,0.9589785293164628,0.9256634951607273,0.16331535436263775,19426.0,677.0,364.0,2944.0,23411.0,0.14130109777455044
numerical_feature_transformer,2026,NF-BoT-IoT,ssd_canonical@alpha=2,RETAINED_MACRO,retained_macro,0.9278154198108205,0.8995522835394848,0.9005295214204166,0.915511049353158,0.9073922991825367,0.9075965156945224,0.919275733880737,0.22638326022378208,40327.0,1383.0,1183.0,10226.0,53119.0,0.21478190477983397
numerical_feature_transformer,2026,NF-BoT-IoT,ssd_canonical@alpha=3,NF-UNSW-NB15,retained,0.9980936040415594,0.9883889267954069,0.9980891719745223,0.976932668329177,0.9873976055450535,0.999868446079558,0.9953984451954956,0.005620020804474411,19375.0,3.0,37.0,1567.0,20982.0,0.07644647793346677
numerical_feature_transformer,2026,NF-BoT-IoT,ssd_canonical@alpha=3,NF-ToN-IoT,retained,0.8299335319734128,0.7822013031103219,0.8904813833930518,0.8797906726181315,0.8851037472901827,0.7639680197500133,0.8367612991205162,0.5101396218332253,1526.0,703.0,781.0,5716.0,8726.0,0.7445564978225991
numerical_feature_transformer,2026,NF-BoT-IoT,ssd_canonical@alpha=3,NF-BoT-IoT,forgotten,0.9932454165326472,0.6498988922889712,0.9989885913099765,0.9942422290223869,0.9966097590507326,0.9362831284336358,0.9998845309291368,0.02041975510368469,11.0,25.0,143.0,24693.0,24872.0,0.9985525892569959
numerical_feature_transformer,2026,NF-BoT-IoT,ssd_canonical@alpha=3,NF-CSE-CIC-IDS2018,retained,0.9555337234633292,0.9281435793090012,0.8130350731842032,0.8899637243047158,0.8497618703997691,0.9589796195301574,0.9256639548015417,0.1632995156457003,19426.0,677.0,364.0,2944.0,23411.0,0.14130109777455044
numerical_feature_transformer,2026,NF-BoT-IoT,ssd_canonical@alpha=3,RETAINED_MACRO,retained_macro,0.9278536198261005,0.8995779364049099,0.9005352095172592,0.9155623550840081,0.9074210744116685,0.9076053617865764,0.9192745663725178,0.22635305276113335,40327.0,1383.0,1182.0,10227.0,53119.0,0.21478190477983397
numerical_feature_transformer,2026,NF-BoT-IoT,ssd_canonical@alpha=5,NF-UNSW-NB15,retained,0.9980936040415594,0.9883889267954069,0.9980891719745223,0.976932668329177,0.9873976055450535,0.999868446079558,0.9953984451954956,0.005620020804474411,19375.0,3.0,37.0,1567.0,20982.0,0.07644647793346677
numerical_feature_transformer,2026,NF-BoT-IoT,ssd_canonical@alpha=5,NF-ToN-IoT,retained,0.8299335319734128,0.7822013031103219,0.8904813833930518,0.8797906726181315,0.8851037472901827,0.7639680197500133,0.8367612991205162,0.5101396218332253,1526.0,703.0,781.0,5716.0,8726.0,0.7445564978225991
numerical_feature_transformer,2026,NF-BoT-IoT,ssd_canonical@alpha=5,NF-BoT-IoT,forgotten,0.9932454165326472,0.6498988922889712,0.9989885913099765,0.9942422290223869,0.9966097590507326,0.9362831284336358,0.9998845309291368,0.02041975510368469,11.0,25.0,143.0,24693.0,24872.0,0.9985525892569959
numerical_feature_transformer,2026,NF-BoT-IoT,ssd_canonical@alpha=5,NF-CSE-CIC-IDS2018,retained,0.9555337234633292,0.9281435793090012,0.8130350731842032,0.8899637243047158,0.8497618703997691,0.9589796195301574,0.9256639548015417,0.1632995156457003,19426.0,677.0,364.0,2944.0,23411.0,0.14130109777455044
numerical_feature_transformer,2026,NF-BoT-IoT,ssd_canonical@alpha=5,RETAINED_MACRO,retained_macro,0.9278536198261005,0.8995779364049099,0.9005352095172592,0.9155623550840081,0.9074210744116685,0.9076053617865764,0.9192745663725178,0.22635305276113335,40327.0,1383.0,1182.0,10227.0,53119.0,0.21478190477983397
numerical_feature_transformer,2026,NF-BoT-IoT,dc_ssd_no_contrast,NF-UNSW-NB15,retained,0.9249833190353637,0.5107812121569335,0.875,0.021820448877805487,0.04257907542579075,0.9174544030057996,0.736770898484741,0.20352629545940235,19373.0,5.0,1569.0,35.0,20982.0,0.07644647793346677
numerical_feature_transformer,2026,NF-BoT-IoT,dc_ssd_no_contrast,NF-ToN-IoT,retained,0.2618611047444419,0.4931105311192735,0.6346153846153846,0.02031706941665384,0.039373601789709174,0.33020309680839,0.6526836933124989,1.4946666691661283,2153.0,76.0,6365.0,132.0,8726.0,0.7445564978225991
numerical_feature_transformer,2026,NF-BoT-IoT,dc_ssd_no_contrast,NF-BoT-IoT,forgotten,0.004302026375040206,0.5014293767112257,1.0,0.0028587534224512805,0.005701208495603646,0.47763942574399165,0.9974111738656712,1.7394308173799933,36.0,0.0,24765.0,71.0,24872.0,0.9985525892569959
numerical_feature_transformer,2026,NF-BoT-IoT,dc_ssd_no_contrast,NF-CSE-CIC-IDS2018,retained,0.777284182649182,0.4585291507502986,0.0235,0.014207980652962516,0.017709118311981915,0.24638806939906396,0.088460758511029,0.6386277402737173,18150.0,1953.0,3261.0,47.0,23411.0,0.14130109777455044
numerical_feature_transformer,2026,NF-BoT-IoT,dc_ssd_no_contrast,RETAINED_MACRO,retained_macro,0.6547095354763292,0.4874736313421686,0.5110384615384616,0.018781832982473948,0.03322059850916061,0.49801518973775116,0.4926384501027563,0.778940234966416,39676.0,2034.0,11195.0,214.0,53119.0,0.21478190477983397
numerical_feature_transformer,2026,NF-BoT-IoT,dc_ssd_no_class_balance,NF-UNSW-NB15,retained,0.9980936040415594,0.9883889267954069,0.9980891719745223,0.976932668329177,0.9873976055450535,0.9998681243531691,0.9954071989099292,0.005667880251822184,19375.0,3.0,37.0,1567.0,20982.0,0.07644647793346677
numerical_feature_transformer,2026,NF-BoT-IoT,dc_ssd_no_class_balance,NF-ToN-IoT,retained,0.8315379326151731,0.7837207951794434,0.8910844873191225,0.8814837617361859,0.8862581244196843,0.7639810015500131,0.8368548064262673,0.5097054172843585,1529.0,700.0,770.0,5727.0,8726.0,0.7445564978225991
numerical_feature_transformer,2026,NF-BoT-IoT,dc_ssd_no_class_balance,NF-BoT-IoT,forgotten,0.9932052106786748,0.6498787602226159,0.9989885503904196,0.9942019648896763,0.9965895102213791,0.945137882285571,0.9999002634664322,0.021133668269837,11.0,25.0,144.0,24692.0,24872.0,0.9985525892569959
numerical_feature_transformer,2026,NF-BoT-IoT,dc_ssd_no_class_balance,NF-CSE-CIC-IDS2018,retained,0.9554910085002777,0.928118707399336,0.8128106018774158,0.8899637243047158,0.8496392496392496,0.9588579441631342,0.9251945507742357,0.1638601012422971,19425.0,678.0,364.0,2944.0,23411.0,0.14130109777455044
numerical_feature_transformer,2026,NF-BoT-IoT,dc_ssd_no_class_balance,RETAINED_MACRO,retained_macro,0.9283741817190033,0.9000761431247287,0.9006614203903536,0.9161267181233596,0.9077649932013291,0.9075690233554387,0.9191521853701441,0.22641113292615925,40329.0,1381.0,1171.0,10238.0,53119.0,0.21478190477983397
numerical_feature_transformer,2026,NF-BoT-IoT,dc_ssd,NF-UNSW-NB15,retained,0.07425412258126013,0.48566084788029923,0.07441727168513565,0.9713216957605985,0.13824312333629105,0.7567125958969847,0.26890237846083137,1.6758077756115184,0.0,19378.0,46.0,1558.0,20982.0,0.07644647793346677
numerical_feature_transformer,2026,NF-BoT-IoT,dc_ssd,NF-ToN-IoT,retained,0.7445564978225991,0.5,0.7445564978225991,1.0,0.8535768245418117,0.7422081061259388,0.8400492901368266,0.5047150158844796,0.0,2229.0,0.0,6497.0,8726.0,0.7445564978225991
numerical_feature_transformer,2026,NF-BoT-IoT,dc_ssd,NF-BoT-IoT,forgotten,0.9985525892569959,0.5,0.9985525892569959,1.0,0.9992757704997184,0.4912805783718974,0.9982223367942565,0.435455264568554,0.0,36.0,0.0,24836.0,24872.0,0.9985525892569959
numerical_feature_transformer,2026,NF-BoT-IoT,dc_ssd,NF-CSE-CIC-IDS2018,retained,0.14130109777455044,0.5,0.14130109777455044,1.0,0.2476140574123283,0.8558484340711839,0.4363512251917279,0.9547054081330402,0.0,20103.0,0.0,3308.0,23411.0,0.14130109777455044
numerical_feature_transformer,2026,NF-BoT-IoT,dc_ssd,RETAINED_MACRO,retained_macro,0.3200372393928032,0.49522028262676643,0.32009162242742845,0.9904405652535329,0.4131446684301437,0.7849230453647024,0.5151009645964619,1.0450760665430128,0.0,41710.0,46.0,11363.0,53119.0,0.21478190477983397
numerical_feature_transformer,2026,NF-BoT-IoT,scrub_r,NF-UNSW-NB15,retained,0.9980459441425984,0.9880772060971525,0.9980879541108987,0.9763092269326683,0.987078474629688,0.9998912243078958,0.9973299758826262,0.005949560878173452,19375.0,3.0,38.0,1566.0,20982.0,0.07644647793346677
numerical_feature_transformer,2026,NF-BoT-IoT,scrub_r,NF-ToN-IoT,retained,0.5807930323172129,0.6085569534698453,0.8277534056799816,0.5517931352932123,0.6621721462874031,0.6342170003161897,0.8067894935386604,1.2897215488003206,1483.0,746.0,2912.0,3585.0,8726.0,0.7445564978225991
numerical_feature_transformer,2026,NF-BoT-IoT,scrub_r,NF-BoT-IoT,forgotten,0.9874959794146028,0.8273138454931014,0.9995111817181963,0.9879610243195361,0.9937025412574668,0.9434859343963063,0.9999041778237708,0.038942264967083216,24.0,12.0,299.0,24537.0,24872.0,0.9985525892569959
numerical_feature_transformer,2026,NF-BoT-IoT,scrub_r,NF-CSE-CIC-IDS2018,retained,0.9407970612105421,0.7908866901960345,0.9984439834024896,0.5819226118500604,0.7352941176470589,0.9596327552764687,0.9263979886022824,0.1551016322929179,20100.0,3.0,1383.0,1925.0,23411.0,0.14130109777455044
numerical_feature_transformer,2026,NF-BoT-IoT,scrub_r,RETAINED_MACRO,retained_macro,0.839878679223451,0.7958402832543441,0.9414284477311233,0.7033416580253137,0.79484824618805,0.864580326633518,0.9101724860078564,0.48359091399047066,40958.0,752.0,4333.0,7076.0,53119.0,0.21478190477983397
numerical_feature_transformer,2026,NF-BoT-IoT,scrub_r@lr=0.0001,NF-UNSW-NB15,retained,0.9978553045467543,0.9868303233041351,0.9980830670926517,0.9738154613466334,0.9857999368886083,0.9999230752204018,0.9984056612199006,0.005965163341504713,19375.0,3.0,42.0,1562.0,20982.0,0.07644647793346677
numerical_feature_transformer,2026,NF-BoT-IoT,scrub_r@lr=0.0001,NF-ToN-IoT,retained,0.8457483382993353,0.7857484418560025,0.8871185931158876,0.9084192704325074,0.8976425855513308,0.7708969173956327,0.8548370144445768,0.5306231557126296,1478.0,751.0,595.0,5902.0,8726.0,0.7445564978225991
numerical_feature_transformer,2026,NF-BoT-IoT,scrub_r@lr=0.0001,NF-BoT-IoT,forgotten,0.9907928594403345,0.7041458635314328,0.9991480384599781,0.991625060396199,0.9953723350510255,0.9150840625615146,0.9998336079858337,0.020129752656919676,15.0,21.0,208.0,24628.0,24872.0,0.9985525892569959
numerical_feature_transformer,2026,NF-BoT-IoT,scrub_r@lr=0.0001,NF-CSE-CIC-IDS2018,retained,0.9822732903336039,0.9382834914699576,0.9972499140598143,0.8769649334945586,0.9332475470484156,0.9609802293280296,0.9319037569431875,0.09493836340757361,20095.0,8.0,407.0,2901.0,23411.0,0.14130109777455044
numerical_feature_transformer,2026,NF-BoT-IoT,scrub_r@lr=0.0001,RETAINED_MACRO,retained_macro,0.9419589777265646,0.9036207522100318,0.9608171914227844,0.9197332217578998,0.9388966898294516,0.9106000739813548,0.9283821442025549,0.2105088941539027,40948.0,762.0,1044.0,10365.0,53119.0,0.21478190477983397
numerical_feature_transformer,2026,NF-BoT-IoT,scrub_r@lr=0.001,NF-UNSW-NB15,retained,0.9981889238394814,0.9895842046756367,0.9968274111675127,0.979426433915212,0.9880503144654088,0.9998208305739934,0.9974967706842821,0.0073600816727479035,19373.0,5.0,33.0,1571.0,20982.0,0.07644647793346677
numerical_feature_transformer,2026,NF-BoT-IoT,scrub_r@lr=0.001,NF-ToN-IoT,retained,0.8317671327068531,0.7215425996731211,0.8456357388316151,0.9468985685701092,0.8934069125762416,0.6762440241425574,0.8148430629233608,0.7222551452362279,1106.0,1123.0,345.0,6152.0,8726.0,0.7445564978225991
numerical_feature_transformer,2026,NF-BoT-IoT,scrub_r@lr=0.001,NF-BoT-IoT,forgotten,0.9743084593116758,0.6958917163257636,0.999133627624902,0.9751167659848606,0.9869791136016302,0.7947412805783719,0.9992662097702372,0.05785586277398889,15.0,21.0,618.0,24218.0,24872.0,0.9985525892569959
numerical_feature_transformer,2026,NF-BoT-IoT,scrub_r@lr=0.001,NF-CSE-CIC-IDS2018,retained,0.9818888556661398,0.9385647515657123,0.992822966507177,0.878174123337364,0.9319858838626884,0.9524125632075826,0.9194826860279239,0.14969948726808208,20082.0,21.0,403.0,2905.0,23411.0,0.14130109777455044
numerical_feature_transformer,2026,NF-BoT-IoT,scrub_r@lr=0.001,RETAINED_MACRO,retained_macro,0.937281637404158,0.8832305186381566,0.9450953721687684,0.934833041940895,0.9378143703014463,0.8761591393080445,0.910607506545189,0.29310490472568596,40561.0,1149.0,781.0,10628.0,53119.0,0.21478190477983397
numerical_feature_transformer,2026,NF-BoT-IoT,retrained,NF-UNSW-NB15,retained,0.9982842436374035,0.9896358095884245,0.9980940279542567,0.979426433915212,0.9886721208307111,0.9999360729665154,0.9988856198549931,0.004828575323148986,19375.0,3.0,33.0,1571.0,20982.0,0.07644647793346677
numerical_feature_transformer,2026,NF-BoT-IoT,retrained,NF-ToN-IoT,retained,0.8034609213843685,0.7555824329453777,0.8790424857324033,0.8534708326920117,0.8660679422100742,0.7490686421651764,0.8294813688350514,0.537859258567051,1466.0,763.0,952.0,5545.0,8726.0,0.7445564978225991
numerical_feature_transformer,2026,NF-BoT-IoT,retrained,NF-BoT-IoT,forgotten,0.010533933740752654,0.2965184946582917,0.94140625,0.00970365598325012,0.019209309740156225,0.013595855478606323,0.9936235372300511,4.2133173430215995,21.0,15.0,24595.0,241.0,24872.0,0.9985525892569959
numerical_feature_transformer,2026,NF-BoT-IoT,retrained,NF-CSE-CIC-IDS2018,retained,0.9515612318995345,0.8287236166030313,0.9995404411764706,0.657496977025393,0.7932166301969366,0.9287349638479124,0.8173918138122535,0.20461732449342648,20102.0,1.0,1133.0,2175.0,23411.0,0.14130109777455044
numerical_feature_transformer,2026,NF-BoT-IoT,retrained,RETAINED_MACRO,retained_macro,0.917768798973769,0.8579806197122779,0.9588923182877102,0.8301314145442057,0.8826522310792407,0.8925798929932015,0.8819196008340993,0.24910171946120882,40943.0,767.0,2118.0,9291.0,53119.0,0.21478190477983397
numerical_feature_transformer,2026,NF-CSE-CIC-IDS2018,original,NF-UNSW-NB15,retained,0.9980936040415594,0.9883889267954069,0.9980891719745223,0.976932668329177,0.9873976055450535,0.999868446079558,0.9953984451954956,0.005620020804474411,19375.0,3.0,37.0,1567.0,20982.0,0.07644647793346677
numerical_feature_transformer,2026,NF-CSE-CIC-IDS2018,original,NF-ToN-IoT,retained,0.8299335319734128,0.7822013031103219,0.8904813833930518,0.8797906726181315,0.8851037472901827,0.7639680197500133,0.8367612991205162,0.5101396218332253,1526.0,703.0,781.0,5716.0,8726.0,0.7445564978225991
numerical_feature_transformer,2026,NF-CSE-CIC-IDS2018,original,NF-BoT-IoT,retained,0.9932454165326472,0.6498988922889712,0.9989885913099765,0.9942422290223869,0.9966097590507326,0.9362831284336358,0.9998845309291368,0.02041975510368469,11.0,25.0,143.0,24693.0,24872.0,0.9985525892569959
numerical_feature_transformer,2026,NF-CSE-CIC-IDS2018,original,NF-CSE-CIC-IDS2018,forgotten,0.9555337234633292,0.9281435793090012,0.8130350731842032,0.8899637243047158,0.8497618703997691,0.9589796195301574,0.9256639548015417,0.1632995156457003,19426.0,677.0,364.0,2944.0,23411.0,0.14130109777455044
numerical_feature_transformer,2026,NF-CSE-CIC-IDS2018,original,RETAINED_MACRO,retained_macro,0.9404241841825399,0.8068297073982333,0.9625197155591835,0.9503218566565651,0.9563703706286564,0.9000398647544023,0.9440147584150496,0.1787264659137948,20912.0,731.0,961.0,31976.0,54580.0,0.6034628068889704
numerical_feature_transformer,2026,NF-CSE-CIC-IDS2018,rollback_repair,NF-UNSW-NB15,retained,0.9205032885330283,0.5586773918233625,0.43415637860082307,0.13154613466334164,0.20191387559808613,0.32113425153186803,0.08268546427942514,0.2734574912456158,19103.0,275.0,1393.0,211.0,20982.0,0.07644647793346677
numerical_feature_transformer,2026,NF-CSE-CIC-IDS2018,rollback_repair,NF-ToN-IoT,retained,0.7826037130414852,0.5987868024535326,0.785218253968254,0.9746036632291827,0.8697204862303414,0.5399330871072565,0.7043860329498892,0.5742066037706453,497.0,1732.0,165.0,6332.0,8726.0,0.7445564978225991
numerical_feature_transformer,2026,NF-CSE-CIC-IDS2018,rollback_repair,NF-BoT-IoT,retained,0.9971855902219363,0.49931550974392014,0.9985506079394476,0.9986310194878403,0.9985908120948584,0.7332434101036132,0.9984250278537554,0.3707486230696488,0.0,36.0,34.0,24802.0,24872.0,0.9985525892569959
numerical_feature_transformer,2026,NF-CSE-CIC-IDS2018,rollback_repair,NF-CSE-CIC-IDS2018,forgotten,0.128230319080774,0.3594197034606721,0.10434500948590995,0.6816807738814994,0.18098639592278984,0.13792427282445827,0.07955226349110066,1.3308298116383026,747.0,19356.0,1053.0,2255.0,23411.0,0.14130109777455044
numerical_feature_transformer,2026,NF-CSE-CIC-IDS2018,rollback_repair,RETAINED_MACRO,retained_macro,0.9000975305988166,0.5522599013402717,0.7393084135028416,0.7015936057934549,0.6900750579744286,0.5314369162475793,0.5951655083610232,0.4061375726953033,19600.0,2043.0,1592.0,31345.0,54580.0,0.6034628068889704
numerical_feature_transformer,2026,NF-CSE-CIC-IDS2018,ssd_canonical,NF-UNSW-NB15,retained,0.9980936040415594,0.9883889267954069,0.9980891719745223,0.976932668329177,0.9873976055450535,0.999868446079558,0.9953984451954956,0.005620020804474411,19375.0,3.0,37.0,1567.0,20982.0,0.07644647793346677
numerical_feature_transformer,2026,NF-CSE-CIC-IDS2018,ssd_canonical,NF-ToN-IoT,retained,0.8299335319734128,0.7822013031103219,0.8904813833930518,0.8797906726181315,0.8851037472901827,0.7639680197500133,0.8367612991205162,0.5101396218332253,1526.0,703.0,781.0,5716.0,8726.0,0.7445564978225991
numerical_feature_transformer,2026,NF-CSE-CIC-IDS2018,ssd_canonical,NF-BoT-IoT,retained,0.9932454165326472,0.6498988922889712,0.9989885913099765,0.9942422290223869,0.9966097590507326,0.9362831284336358,0.9998845309291368,0.02041975510368469,11.0,25.0,143.0,24693.0,24872.0,0.9985525892569959
numerical_feature_transformer,2026,NF-CSE-CIC-IDS2018,ssd_canonical,NF-CSE-CIC-IDS2018,forgotten,0.9555337234633292,0.9281435793090012,0.8130350731842032,0.8899637243047158,0.8497618703997691,0.9589796195301574,0.9256639548015417,0.1632995156457003,19426.0,677.0,364.0,2944.0,23411.0,0.14130109777455044
numerical_feature_transformer,2026,NF-CSE-CIC-IDS2018,ssd_canonical,RETAINED_MACRO,retained_macro,0.9404241841825399,0.8068297073982333,0.9625197155591835,0.9503218566565651,0.9563703706286564,0.9000398647544023,0.9440147584150496,0.1787264659137948,20912.0,731.0,961.0,31976.0,54580.0,0.6034628068889704
numerical_feature_transformer,2026,NF-CSE-CIC-IDS2018,ssd_canonical@alpha=1,NF-UNSW-NB15,retained,0.07644647793346677,0.5,0.07644647793346677,1.0,0.142034888869211,0.9883233267846999,0.7144215458971359,3.1418747845052626,0.0,19378.0,0.0,1604.0,20982.0,0.07644647793346677
numerical_feature_transformer,2026,NF-CSE-CIC-IDS2018,ssd_canonical@alpha=1,NF-ToN-IoT,retained,0.7445564978225991,0.5,0.7445564978225991,1.0,0.8535768245418117,0.5907835572797411,0.756384542522897,1.4175963007863577,0.0,2229.0,0.0,6497.0,8726.0,0.7445564978225991
numerical_feature_transformer,2026,NF-CSE-CIC-IDS2018,ssd_canonical@alpha=1,NF-BoT-IoT,retained,0.9985525892569959,0.5,0.9985525892569959,1.0,0.9992757704997184,0.14768995723054343,0.9938497680604795,0.012320203304441623,0.0,36.0,0.0,24836.0,24872.0,0.9985525892569959
numerical_feature_transformer,2026,NF-CSE-CIC-IDS2018,ssd_canonical@alpha=1,NF-CSE-CIC-IDS2018,forgotten,0.14130109777455044,0.5,0.14130109777455044,1.0,0.2476140574123283,0.47261266659292306,0.12104817565048066,4.605143809962812,0.0,20103.0,0.0,3308.0,23411.0,0.14130109777455044
numerical_feature_transformer,2026,NF-CSE-CIC-IDS2018,ssd_canonical@alpha=1,RETAINED_MACRO,retained_macro,0.6065185216710206,0.5,0.6065185216710206,1.0,0.6649624946369137,0.5755989470983282,0.8215519521601707,1.5239304295320206,0.0,21643.0,0.0,32937.0,54580.0,0.6034628068889704
numerical_feature_transformer,2026,NF-CSE-CIC-IDS2018,ssd_canonical@alpha=2,NF-UNSW-NB15,retained,0.9796492231436469,0.9486678790174939,0.8364779874213837,0.9120947630922693,0.872651356993737,0.9928129863698685,0.9551190493678086,0.06249855583425259,19092.0,286.0,141.0,1463.0,20982.0,0.07644647793346677
numerical_feature_transformer,2026,NF-CSE-CIC-IDS2018,ssd_canonical@alpha=2,NF-ToN-IoT,retained,0.47157918863167547,0.5243109754282838,0.7674418604651163,0.4164999230414037,0.5399580963783298,0.5699483206971392,0.7897153577326089,1.4806142591217692,1409.0,820.0,3791.0,2706.0,8726.0,0.7445564978225991
numerical_feature_transformer,2026,NF-CSE-CIC-IDS2018,ssd_canonical@alpha=2,NF-BoT-IoT,retained,0.9852846574461241,0.8816816091336948,0.9996732826921506,0.9855854404896118,0.992579376343214,0.9125854494371969,0.9997714924005711,0.03852145291762854,28.0,8.0,358.0,24478.0,24872.0,0.9985525892569959
numerical_feature_transformer,2026,NF-CSE-CIC-IDS2018,ssd_canonical@alpha=2,NF-CSE-CIC-IDS2018,forgotten,0.8681389090598437,0.8656381846308921,0.5201532008024804,0.8621523579201935,0.6488454100784894,0.9109402252522845,0.8040289092013735,0.35291722857931546,17472.0,2631.0,456.0,2852.0,23411.0,0.14130109777455044
numerical_feature_transformer,2026,NF-CSE-CIC-IDS2018,ssd_canonical@alpha=2,RETAINED_MACRO,retained_macro,0.8121710230738155,0.7848868211931576,0.8678643768595502,0.7713933755410949,0.8017296099050936,0.8251155855014015,0.9148686331669961,0.5272114226245501,20529.0,1114.0,4290.0,28647.0,54580.0,0.6034628068889704
numerical_feature_transformer,2026,NF-CSE-CIC-IDS2018,ssd_canonical@alpha=3,NF-UNSW-NB15,retained,0.9980936040415594,0.9883889267954069,0.9980891719745223,0.976932668329177,0.9873976055450535,0.999868478252197,0.9953792625435984,0.005678338667415473,19375.0,3.0,37.0,1567.0,20982.0,0.07644647793346677
numerical_feature_transformer,2026,NF-CSE-CIC-IDS2018,ssd_canonical@alpha=3,NF-ToN-IoT,retained,0.8511345404538162,0.7958492144595432,0.8930732002419842,0.9088810220101585,0.9009077732855291,0.7694028710355533,0.8388599406576752,0.48872134268953094,1522.0,707.0,592.0,5905.0,8726.0,0.7445564978225991
numerical_feature_transformer,2026,NF-CSE-CIC-IDS2018,ssd_canonical@alpha=3,NF-BoT-IoT,retained,0.9932454165326472,0.6498988922889712,0.9989885913099765,0.9942422290223869,0.9966097590507326,0.939023326354217,0.9998896086104934,0.01999205600716528,11.0,25.0,143.0,24693.0,24872.0,0.9985525892569959
numerical_feature_transformer,2026,NF-CSE-CIC-IDS2018,ssd_canonical@alpha=3,NF-CSE-CIC-IDS2018,forgotten,0.9503652129340908,0.9255129087015654,0.7862860192102454,0.8908706166868199,0.8353174603174603,0.9574842749080447,0.9182772007987414,0.16969591373915693,19302.0,801.0,361.0,2947.0,23411.0,0.14130109777455044
numerical_feature_transformer,2026,NF-CSE-CIC-IDS2018,ssd_canonical@alpha=3,RETAINED_MACRO,retained_macro,0.9474911870093411,0.8113790111813071,0.9633836545088276,0.9600186397872408,0.9616383792937717,0.9027648918806558,0.9447096039372557,0.1714639124547039,20908.0,735.0,772.0,32165.0,54580.0,0.6034628068889704
numerical_feature_transformer,2026,NF-CSE-CIC-IDS2018,ssd_canonical@alpha=5,NF-UNSW-NB15,retained,0.9980936040415594,0.9883889267954069,0.9980891719745223,0.976932668329177,0.9873976055450535,0.999868446079558,0.9953984451954956,0.005620020804474411,19375.0,3.0,37.0,1567.0,20982.0,0.07644647793346677
numerical_feature_transformer,2026,NF-CSE-CIC-IDS2018,ssd_canonical@alpha=5,NF-ToN-IoT,retained,0.8299335319734128,0.7822013031103219,0.8904813833930518,0.8797906726181315,0.8851037472901827,0.7639680197500133,0.8367612991205162,0.5101396218332253,1526.0,703.0,781.0,5716.0,8726.0,0.7445564978225991
numerical_feature_transformer,2026,NF-CSE-CIC-IDS2018,ssd_canonical@alpha=5,NF-BoT-IoT,retained,0.9932454165326472,0.6498988922889712,0.9989885913099765,0.9942422290223869,0.9966097590507326,0.9362831284336358,0.9998845309291368,0.02041975510368469,11.0,25.0,143.0,24693.0,24872.0,0.9985525892569959
numerical_feature_transformer,2026,NF-CSE-CIC-IDS2018,ssd_canonical@alpha=5,NF-CSE-CIC-IDS2018,forgotten,0.9555337234633292,0.9281435793090012,0.8130350731842032,0.8899637243047158,0.8497618703997691,0.9589796195301574,0.9256639548015417,0.1632995156457003,19426.0,677.0,364.0,2944.0,23411.0,0.14130109777455044
numerical_feature_transformer,2026,NF-CSE-CIC-IDS2018,ssd_canonical@alpha=5,RETAINED_MACRO,retained_macro,0.9404241841825399,0.8068297073982333,0.9625197155591835,0.9503218566565651,0.9563703706286564,0.9000398647544023,0.9440147584150496,0.1787264659137948,20912.0,731.0,961.0,31976.0,54580.0,0.6034628068889704
numerical_feature_transformer,2026,NF-CSE-CIC-IDS2018,dc_ssd_no_contrast,NF-UNSW-NB15,retained,0.9994757411114289,0.9980006635285046,0.9968808484092326,0.9962593516209476,0.996570003118179,0.9998528745223328,0.9945204450940234,0.004885301011559495,19373.0,5.0,6.0,1598.0,20982.0,0.07644647793346677
numerical_feature_transformer,2026,NF-CSE-CIC-IDS2018,dc_ssd_no_contrast,NF-ToN-IoT,retained,0.8173275269310107,0.7587054189969171,0.8764010440657147,0.8785593350777282,0.877478862413528,0.749226771537514,0.8266741054501036,0.5206536480868903,1424.0,805.0,789.0,5708.0,8726.0,0.7445564978225991
numerical_feature_transformer,2026,NF-CSE-CIC-IDS2018,dc_ssd_no_contrast,NF-BoT-IoT,retained,0.9916371823737536,0.7323061505699612,0.9992297089110517,0.9923900789177001,0.9957981495697144,0.9029052808646946,0.9998110818591424,0.01826323919458224,17.0,19.0,189.0,24647.0,24872.0,0.9985525892569959
numerical_feature_transformer,2026,NF-CSE-CIC-IDS2018,dc_ssd_no_contrast,NF-CSE-CIC-IDS2018,forgotten,0.926829268292683,0.7884360326663511,0.8400852878464818,0.5955259975816203,0.6969750574915974,0.9366293591029174,0.8265296254661597,0.19318314801599656,19728.0,375.0,1338.0,1970.0,23411.0,0.14130109777455044
numerical_feature_transformer,2026,NF-CSE-CIC-IDS2018,dc_ssd_no_contrast,RETAINED_MACRO,retained_macro,0.9361468168053978,0.8296707443651276,0.9575038671286663,0.9557362552054586,0.9566156717004738,0.8839949756415139,0.9403352108010897,0.18126739609767736,20814.0,829.0,984.0,31953.0,54580.0,0.6034628068889704
numerical_feature_transformer,2026,NF-CSE-CIC-IDS2018,dc_ssd_no_class_balance,NF-UNSW-NB15,retained,0.9454294156896388,0.9421502814848521,0.5899647197177578,0.9382793017456359,0.7244283995186522,0.987755704916674,0.9339024565599825,0.10183792900815443,18332.0,1046.0,99.0,1505.0,20982.0,0.07644647793346677
numerical_feature_transformer,2026,NF-CSE-CIC-IDS2018,dc_ssd_no_class_balance,NF-ToN-IoT,retained,0.581251432500573,0.5976656375828082,0.816804100735458,0.5641065106972449,0.6673343044428259,0.6238679853137173,0.8028903181900502,1.1149845261383016,1407.0,822.0,2832.0,3665.0,8726.0,0.7445564978225991
numerical_feature_transformer,2026,NF-CSE-CIC-IDS2018,dc_ssd_no_class_balance,NF-BoT-IoT,retained,0.9898681247989707,0.7868953669404628,0.999390590720728,0.9904574005475922,0.9949039433771486,0.982105948354539,0.9999736238205938,0.05073708289564535,21.0,15.0,237.0,24599.0,24872.0,0.9985525892569959
numerical_feature_transformer,2026,NF-CSE-CIC-IDS2018,dc_ssd_no_class_balance,NF-CSE-CIC-IDS2018,forgotten,0.8337960787663918,0.8528389480391221,0.4544602405874082,0.8793833131801693,0.5992378205788443,0.9016637322625239,0.6074749720902445,0.46719694708806825,16611.0,3492.0,399.0,2909.0,23411.0,0.14130109777455044
numerical_feature_transformer,2026,NF-CSE-CIC-IDS2018,dc_ssd_no_class_balance,RETAINED_MACRO,retained_macro,0.8388496576630607,0.7755704286693744,0.8020531370579812,0.830947737663491,0.7955555491128755,0.8645765461949768,0.9122554661902088,0.42251984601403375,19760.0,1883.0,3168.0,29769.0,54580.0,0.6034628068889704
numerical_feature_transformer,2026,NF-CSE-CIC-IDS2018,dc_ssd,NF-UNSW-NB15,retained,0.9814602993041655,0.880742076072076,0.9943043124491456,0.7618453865336658,0.862689728203318,0.9661592258645367,0.9364023812353709,0.06590462064742003,19371.0,7.0,382.0,1222.0,20982.0,0.07644647793346677
numerical_feature_transformer,2026,NF-CSE-CIC-IDS2018,dc_ssd,NF-ToN-IoT,retained,0.5215448086179234,0.5509391331043979,0.7862426035502958,0.49084192704325075,0.6043779020183834,0.5339103605328973,0.7533786618236562,1.335236646098002,1362.0,867.0,3308.0,3189.0,8726.0,0.7445564978225991
numerical_feature_transformer,2026,NF-CSE-CIC-IDS2018,dc_ssd,NF-BoT-IoT,retained,0.9891444194274687,0.8697455306812691,0.999633908232997,0.9894910613625383,0.9945366248482396,0.8072019112041661,0.9986975639550001,0.023743280245313907,27.0,9.0,261.0,24575.0,24872.0,0.9985525892569959
numerical_feature_transformer,2026,NF-CSE-CIC-IDS2018,dc_ssd,NF-CSE-CIC-IDS2018,forgotten,0.8745461535175773,0.821636332861579,0.5405287306095696,0.7478839177750907,0.6275206087507926,0.8835671097355271,0.6944618078211074,0.34626233947066376,18000.0,2103.0,834.0,2474.0,23411.0,0.14130109777455044
numerical_feature_transformer,2026,NF-CSE-CIC-IDS2018,dc_ssd,RETAINED_MACRO,retained_macro,0.8307165091165193,0.7671422466192478,0.9267269414108128,0.7473927916464849,0.8205347516899804,0.7690904992005333,0.8961595356713423,0.4749615156635787,20760.0,883.0,3951.0,28986.0,54580.0,0.6034628068889704
numerical_feature_transformer,2026,NF-CSE-CIC-IDS2018,scrub_r,NF-UNSW-NB15,retained,0.9994757411114289,0.9991443364959467,0.994413407821229,0.9987531172069826,0.9965785381026439,0.9998596307765009,0.996747212571518,0.004085869692575854,19369.0,9.0,2.0,1602.0,20982.0,0.07644647793346677
numerical_feature_transformer,2026,NF-CSE-CIC-IDS2018,scrub_r,NF-ToN-IoT,retained,0.7971579188631676,0.6163704779228955,0.7923314780457638,0.9859935354779129,0.878617473597586,0.7287515036963951,0.8393432891810585,0.6799769225581185,550.0,1679.0,91.0,6406.0,8726.0,0.7445564978225991
numerical_feature_transformer,2026,NF-CSE-CIC-IDS2018,scrub_r,NF-BoT-IoT,retained,0.9934866516564812,0.5529383869293678,0.9987064435281753,0.9947656627476245,0.9967321579860411,0.865384701419087,0.9997709002461475,0.024529153826121457,4.0,32.0,130.0,24706.0,24872.0,0.9985525892569959
numerical_feature_transformer,2026,NF-CSE-CIC-IDS2018,scrub_r,NF-CSE-CIC-IDS2018,forgotten,0.4452180598863782,0.6452681552760238,0.19355451437254653,0.9241233373639661,0.32007119673332635,0.7092712328966523,0.21333657973909287,3.1880840482985855,7366.0,12737.0,251.0,3057.0,23411.0,0.14130109777455044
numerical_feature_transformer,2026,NF-CSE-CIC-IDS2018,scrub_r,RETAINED_MACRO,retained_macro,0.930040103877026,0.7228177337827367,0.9284837764650561,0.9931707718108399,0.9573093898954236,0.8646652786306609,0.9452871339995745,0.2361973153589386,19923.0,1720.0,223.0,32714.0,54580.0,0.6034628068889704
numerical_feature_transformer,2026,NF-CSE-CIC-IDS2018,scrub_r@lr=0.0001,NF-UNSW-NB15,retained,0.9990468020207797,0.9963388502116574,0.9943820224719101,0.993142144638404,0.9937616968184654,0.9998503972291379,0.9969062020182851,0.005249767392398037,19369.0,9.0,11.0,1593.0,20982.0,0.07644647793346677
numerical_feature_transformer,2026,NF-CSE-CIC-IDS2018,scrub_r@lr=0.0001,NF-ToN-IoT,retained,0.7655283062113225,0.5584379524856453,0.7679065848079932,0.9818377712790519,0.8617941097000811,0.4809562172913019,0.7060754345732964,0.76522507794141,301.0,1928.0,118.0,6379.0,8726.0,0.7445564978225991
numerical_feature_transformer,2026,NF-CSE-CIC-IDS2018,scrub_r@lr=0.0001,NF-BoT-IoT,retained,0.9982309424252171,0.4998389434691577,0.9985521235521235,0.9996778869383154,0.9991146881287727,0.8604366868882088,0.9997506451444714,0.010444832039190343,0.0,36.0,8.0,24828.0,24872.0,0.9985525892569959
numerical_feature_transformer,2026,NF-CSE-CIC-IDS2018,scrub_r@lr=0.0001,NF-CSE-CIC-IDS2018,forgotten,0.1448891546708812,0.5019629635911934,0.14177920685959272,0.9996977025392987,0.24833852739083093,0.4178733828521927,0.11142738404046162,6.950129279351924,85.0,20018.0,1.0,3307.0,23411.0,0.14130109777455044
numerical_feature_transformer,2026,NF-CSE-CIC-IDS2018,scrub_r@lr=0.0001,RETAINED_MACRO,retained_macro,0.9209353502191066,0.6848719153888201,0.9202802436106756,0.9915526009519238,0.9515568315491064,0.7804144338028829,0.9009107605786842,0.2603065591243328,19670.0,1973.0,137.0,32800.0,54580.0,0.6034628068889704
numerical_feature_transformer,2026,NF-CSE-CIC-IDS2018,scrub_r@lr=0.001,NF-UNSW-NB15,retained,0.9993804213135068,0.9982349768575773,0.9950217797137524,0.9968827930174564,0.9959514170040485,0.9997802287037078,0.9948137795752754,0.004682980313291399,19370.0,8.0,5.0,1599.0,20982.0,0.07644647793346677
numerical_feature_transformer,2026,NF-CSE-CIC-IDS2018,scrub_r@lr=0.001,NF-ToN-IoT,retained,0.8271831308732523,0.6944450256331856,0.8299166776881365,0.9658303832538094,0.8927301180822308,0.8916238250003643,0.9468299016857575,0.3798202692590993,943.0,1286.0,222.0,6275.0,8726.0,0.7445564978225991
numerical_feature_transformer,2026,NF-CSE-CIC-IDS2018,scrub_r@lr=0.001,NF-BoT-IoT,retained,0.9931650048247025,0.6498586281562606,0.9989885094675514,0.9941617007569657,0.9965692605747497,0.9141065388951523,0.9998424001452696,0.02134034592360043,11.0,25.0,145.0,24691.0,24872.0,0.9985525892569959
numerical_feature_transformer,2026,NF-CSE-CIC-IDS2018,scrub_r@lr=0.001,NF-CSE-CIC-IDS2018,forgotten,0.7524240741531758,0.7107503446127894,0.31722009991184247,0.6526602176541717,0.42693296420802845,0.7877285967593375,0.5029390850131865,0.5838126764132799,15456.0,4647.0,1149.0,2159.0,23411.0,0.14130109777455044
numerical_feature_transformer,2026,NF-CSE-CIC-IDS2018,scrub_r@lr=0.001,RETAINED_MACRO,retained_macro,0.9399095190038205,0.7808462102156746,0.9413089889564801,0.9856249590094106,0.961750265220343,0.9351701975330747,0.9804953604687675,0.1352811984986637,20324.0,1319.0,372.0,32565.0,54580.0,0.6034628068889704
numerical_feature_transformer,2026,NF-CSE-CIC-IDS2018,retrained,NF-UNSW-NB15,retained,0.9995234010103898,0.9977405477430379,0.998125,0.9956359102244389,0.9968789013732834,0.9999305714452644,0.9987190184918022,0.002799608290392247,19375.0,3.0,7.0,1597.0,20982.0,0.07644647793346677
numerical_feature_transformer,2026,NF-CSE-CIC-IDS2018,retrained,NF-ToN-IoT,retained,0.8889525555810223,0.8308237718578468,0.9057545507927187,0.9496690780360166,0.9271921256292734,0.8533939431478641,0.9092087327556306,0.34030004209315595,1587.0,642.0,327.0,6170.0,8726.0,0.7445564978225991
numerical_feature_transformer,2026,NF-CSE-CIC-IDS2018,retrained,NF-BoT-IoT,retained,0.9919990350595047,0.690881068699558,0.9991086260686358,0.9928732485102271,0.9959811781812307,0.9871210697732682,0.9999811550823947,0.020280044077899587,14.0,22.0,177.0,24659.0,24872.0,0.9985525892569959
numerical_feature_transformer,2026,NF-CSE-CIC-IDS2018,retrained,NF-CSE-CIC-IDS2018,forgotten,0.6071504848148306,0.6240142738897099,0.2105573577115895,0.6475211608222491,0.31778058007566207,0.6801141743960561,0.5587598274356854,0.8497277012666161,12072.0,8031.0,1166.0,2142.0,23411.0,0.14130109777455044
numerical_feature_transformer,2026,NF-CSE-CIC-IDS2018,retrained,RETAINED_MACRO,retained_macro,0.9601583305503055,0.8398151294334809,0.9676627256204515,0.9793927455902275,0.9733507350612625,0.9468151947887989,0.9693029687766092,0.12112656482048258,20976.0,667.0,511.0,32426.0,54580.0,0.6034628068889704
