architecture,seed,forgotten_domain,method,base_method,original_retained_validation_log_loss,method_retained_validation_log_loss,retrained_retained_validation_log_loss,is_identity_map,is_near_identity,ssd_selection_status,ssd_structural_noop,ssd_batch_ratio_upper_bound,original_retained_macro_f1,method_retained_macro_f1,retrained_retained_macro_f1,original_retained_macro_roc_auc,method_retained_macro_roc_auc,retrained_retained_macro_roc_auc,original_forgotten_f1,method_forgotten_f1,retrained_forgotten_f1,original_forgotten_roc_auc,method_forgotten_roc_auc,retrained_forgotten_roc_auc,original_mia_auc,method_mia_auc,retrained_mia_auc,method_abs_mia_auc_gap_from_retrained,method_forgotten_prediction_agreement_with_retrained,method_forgotten_js_divergence_from_retrained,method_forgotten_linear_cka_to_retrained,method_retained_macro_linear_cka_to_retrained,method_forgotten_abs_f1_gap_from_retrained,online_seconds,full_retraining_optimization_seconds,online_speedup_vs_retraining_optimization,selected_parameter_fraction,fisher_cosine_similarity,parameter_change_l2
mlp,42,NF-UNSW-NB15,rollback_repair,rollback_repair,0.13238130402277276,0.683336122756477,0.1535616351635023,False,False,,,,0.7624766540635614,0.2683806531610236,0.7635205834285116,0.8291335468338991,0.3840077294232002,0.8231769857295514,0.9937733499377335,0.023355869698832205,0.0552395086157144,0.9998552874702499,0.05238912086076479,0.26182185224831406,0.4858873133407028,0.49069789598755964,0.5144855566927022,0.0237876607051426,0.4990944619197407,0.07417428018283644,0.39580950887595723,0.5363322196905086,0.0318836389168822,1.703467575999639,67.66015835000053,39.71907613815061,,,9.307546887023712
mlp,42,NF-UNSW-NB15,ssd_canonical,ssd_canonical,0.13238130402277276,0.13238130402277276,0.1535616351635023,True,True,no_parameters_selected,True,3.5252324037184595,0.7624766540635614,0.7624766540635614,0.7635205834285116,0.8291335468338991,0.8291335468338991,0.8231769857295514,0.9937733499377335,0.9937733499377335,0.0552395086157144,0.9998552874702499,0.9998552874702499,0.26182185224831406,0.4858873133407028,0.4858873133407028,0.5144855566927022,0.028598243351999453,0.45453245639119244,0.2677273092072476,0.34516413277990854,0.8951953802523582,0.9385338413220191,3.0885861219994695,67.66015835000053,21.90651504520752,0.0,0.5845881814760959,0.0
mlp,42,NF-UNSW-NB15,ssd_canonical@alpha=1,ssd_canonical,0.13238130402277276,0.13131818215127924,0.1535616351635023,False,False,weights_changed,False,3.5252324037184595,0.7624766540635614,0.7635232336925277,0.7635205834285116,0.8291335468338991,0.8118863014328633,0.8231769857295514,0.9937733499377335,0.9836580766813325,0.0552395086157144,0.9998552874702499,0.999764818009677,0.26182185224831406,0.4858873133407028,0.4861808163001953,0.5144855566927022,0.028304740392506966,0.4559622533600229,0.2660587097052579,0.36909180511222733,0.9010696219122586,0.9284185680656182,3.206770134999715,67.66015835000053,21.09916068243742,0.03330587266093916,0.5845881814760959,1.1392916199675494
mlp,42,NF-UNSW-NB15,ssd_canonical@alpha=2,ssd_canonical,0.13238130402277276,0.13250189887854416,0.1535616351635023,False,False,weights_changed,False,3.5252324037184595,0.7624766540635614,0.7626973220600584,0.7635205834285116,0.8291335468338991,0.8259563960367058,0.8231769857295514,0.9937733499377335,0.9887288666249218,0.0552395086157144,0.9998552874702499,0.9998419358251085,0.26182185224831406,0.4858873133407028,0.4861615259498175,0.5144855566927022,0.028324030742884754,0.45519969497664664,0.26692556258781497,0.34013604490970917,0.8946983847502091,0.9334893580092074,3.0522360140003,67.66015835000053,22.167407120435698,0.00788513593032835,0.5845881814760959,0.7400818254907245
mlp,42,NF-UNSW-NB15,ssd_canonical@alpha=3,ssd_canonical,0.13238130402277276,0.13237533850923408,0.1535616351635023,False,False,weights_changed,False,3.5252324037184595,0.7624766540635614,0.7623527443473265,0.7635205834285116,0.8291335468338991,0.8257701446980569,0.8231769857295514,0.9937733499377335,0.9934599813142323,0.0552395086157144,0.9998552874702499,0.9998558987503889,0.26182185224831406,0.4858873133407028,0.4848798780413177,0.5144855566927022,0.029605678651384526,0.4545801162901535,0.2676093546495895,0.3390271664057493,0.8962132025674242,0.9382204726985179,3.019889874999535,67.66015835000053,22.404842941503272,0.0016476403436507003,0.5845881814760959,0.3424080751785941
mlp,42,NF-UNSW-NB15,ssd_canonical@alpha=5,ssd_canonical,0.13238130402277276,0.13238130402277276,0.1535616351635023,True,True,no_parameters_selected,True,3.5252324037184595,0.7624766540635614,0.7624766540635614,0.7635205834285116,0.8291335468338991,0.8291335468338991,0.8231769857295514,0.9937733499377335,0.9937733499377335,0.0552395086157144,0.9998552874702499,0.9998552874702499,0.26182185224831406,0.4858873133407028,0.4858873133407028,0.5144855566927022,0.028598243351999453,0.45453245639119244,0.2677273092072476,0.34516413277990854,0.8951953802523582,0.9385338413220191,2.9601282519997767,67.66015835000053,22.857171240567464,0.0,0.5845881814760959,0.0
mlp,42,NF-UNSW-NB15,dc_ssd_no_contrast,dc_ssd_no_contrast,0.13238130402277276,0.13053744416870433,0.1535616351635023,False,False,weights_changed,False,,0.7624766540635614,0.7631386288631358,0.7635205834285116,0.8291335468338991,0.828976966108689,0.8231769857295514,0.9937733499377335,0.9871915026554202,0.0552395086157144,0.9998552874702499,0.9995766724174187,0.26182185224831406,0.4858873133407028,0.4930498074396008,0.5144855566927022,0.021435749253101433,0.45553331426937377,0.26449812282710194,0.4407623065456122,0.9121458560994612,0.9319519940397059,0.023100032000002102,67.66015835000053,2929.0071264833905,0.021360480169471577,0.26248792379796865,1.6745046852939858
mlp,42,NF-UNSW-NB15,dc_ssd_no_class_balance,dc_ssd_no_class_balance,0.13238130402277276,0.133613400197437,0.1535616351635023,False,False,weights_changed,False,,0.7624766540635614,0.7627933660255463,0.7635205834285116,0.8291335468338991,0.8359483416515591,0.8231769857295514,0.9937733499377335,0.9791666666666666,0.0552395086157144,0.9998552874702499,0.9997276264391143,0.26182185224831406,0.4858873133407028,0.48594570424728434,0.5144855566927022,0.0285398524454179,0.456343532551711,0.2657129464902048,0.3428634531109722,0.899483619952122,0.9239271580509523,0.017818659999647934,67.66015835000053,3797.1518818663903,0.012592679769330352,0.24695507238440229,1.366430556701079
mlp,42,NF-UNSW-NB15,dc_ssd,dc_ssd,0.13238130402277276,0.13144359188285606,0.1535616351635023,False,False,weights_changed,False,,0.7624766540635614,0.7645536021249236,0.7635205834285116,0.8291335468338991,0.8285715045151459,0.8231769857295514,0.9937733499377335,0.9779596977329975,0.0552395086157144,0.9998552874702499,0.9992205534774892,0.26182185224831406,0.4858873133407028,0.4971213487284217,0.5144855566927022,0.017364207964280565,0.4568201315413211,0.2595825245203928,0.473972136188891,0.9164952506928725,0.9227201891172832,0.018980324000040127,67.66015835000053,3564.7525484737503,0.030363657761562905,0.24473313967874336,2.3995464507342663
mlp,42,NF-UNSW-NB15,scrub_r,scrub_r,0.13238130402277276,0.21844573948183515,0.1535616351635023,False,False,,,,0.7624766540635614,0.767485798907408,0.7635205834285116,0.8291335468338991,0.7930355481559005,0.8231769857295514,0.9937733499377335,0.149446858949032,0.0552395086157144,0.9998552874702499,0.3607201742264218,0.26182185224831406,0.4858873133407028,0.5145841918374733,0.5144855566927022,9.863514477104207e-05,0.463111238204175,0.27992870820547167,0.26940724589714643,0.8578781172552706,0.0942073503333176,56.10056493600041,67.66015835000053,1.206051283568843,,,4.967267363276633
mlp,42,NF-UNSW-NB15,scrub_r@lr=0.0001,scrub_r,0.13238130402277276,0.38239006710405576,0.1535616351635023,False,False,,,,0.7624766540635614,0.7532649564386169,0.7635205834285116,0.8291335468338991,0.8225479496492888,0.8231769857295514,0.9937733499377335,0.1431637306626129,0.0552395086157144,0.9998552874702499,0.06599830797657523,0.26182185224831406,0.4858873133407028,0.5157694177001095,0.5144855566927022,0.0012838610074072943,0.5121056143360976,0.2761826713338782,0.3538758615221465,0.8363636974030557,0.0879242220468985,55.71634096799971,67.66015835000053,1.2143683015519748,,,0.8272204036088234
mlp,42,NF-UNSW-NB15,scrub_r@lr=0.001,scrub_r,0.13238130402277276,0.20260615228682038,0.1535616351635023,False,False,,,,0.7624766540635614,0.7790738627019799,0.7635205834285116,0.8291335468338991,0.8084448849175706,0.8231769857295514,0.9937733499377335,0.148938352651554,0.0552395086157144,0.9998552874702499,0.47160698663600054,0.26182185224831406,0.4858873133407028,0.5145971362381312,0.5144855566927022,0.00011157954542895254,0.47826708607377755,0.2800720712662913,0.2729610986311457,0.8628452376400264,0.0936988440358396,56.1837036729994,67.66015835000053,1.204266609830431,,,10.36502704949367
mlp,42,NF-ToN-IoT,rollback_repair,rollback_repair,0.0856464302797391,2.497442416716001,0.17822581474774482,False,False,,,,0.8683515734604783,0.0,0.8758548090021264,0.9168649034028912,0.8840402751228856,0.8838824924340091,0.6761485917469823,0.0,0.16889248617293942,0.7366612177632731,0.5635532650504465,0.6755119334851238,0.7812625208364316,0.5540699327670975,0.509675548174597,0.04439438459250045,0.8950263580105432,0.07406158943601475,0.21659680516762037,0.3108058896181976,0.16889248617293942,2.1409015369999906,85.13688417799949,39.76683780483449,,,36.61323426240677
mlp,42,NF-ToN-IoT,ssd_canonical,ssd_canonical,0.0856464302797391,0.0856464302797391,0.17822581474774482,True,True,no_parameters_selected,True,9.21701388888889,0.8683515734604783,0.8683515734604783,0.8758548090021264,0.9168649034028912,0.9168649034028912,0.8838824924340091,0.6761485917469823,0.6761485917469823,0.16889248617293942,0.7366612177632731,0.7366612177632731,0.6755119334851238,0.7812625208364316,0.7812625208364316,0.509675548174597,0.2715869726618345,0.568416227366491,0.09963008833194616,0.7574255437496974,0.8747405066078718,0.5072561055740429,1.1484504440004457,85.13688417799949,74.13196156852759,0.0,0.9791009644861419,0.0
mlp,42,NF-ToN-IoT,ssd_canonical@alpha=1,ssd_canonical,0.0856464302797391,0.6475503693347723,0.17822581474774482,False,False,weights_changed,False,9.21701388888889,0.8683515734604783,0.38755250414103126,0.8758548090021264,0.9168649034028912,0.45867743968828684,0.8838824924340091,0.6761485917469823,0.7348125986869443,0.16889248617293942,0.7366612177632731,0.6546665117136923,0.6755119334851238,0.7812625208364316,0.4308197570058767,0.509675548174597,0.07885579116872032,0.37497134998854,0.11408942696687126,0.23281506065769297,0.4522881801745478,0.5659201125140049,1.1742294610003228,85.13688417799949,72.50446953142499,0.981169824643992,0.9791009644861419,16.21974943111657
mlp,42,NF-ToN-IoT,ssd_canonical@alpha=2,ssd_canonical,0.0856464302797391,0.5566344812950886,0.17822581474774482,False,False,weights_changed,False,9.21701388888889,0.8683515734604783,0.2825793445029193,0.8758548090021264,0.9168649034028912,0.44389343106622975,0.8838824924340091,0.6761485917469823,0.22960873298172452,0.16889248617293942,0.7366612177632731,0.5009257473494513,0.6755119334851238,0.7812625208364316,0.46523142169880294,0.509675548174597,0.0444441264757941,0.7834059133623653,0.05190379628729298,0.1219350517182957,0.3693382833267255,0.060716246808785096,1.1857963500006008,85.13688417799949,71.79722232907561,0.925797340237731,0.9791009644861419,16.131291087996484
mlp,42,NF-ToN-IoT,ssd_canonical@alpha=3,ssd_canonical,0.0856464302797391,0.8994618393927533,0.17822581474774482,False,False,weights_changed,False,9.21701388888889,0.8683515734604783,0.030913332852046,0.8758548090021264,0.9168649034028912,0.3175399430644494,0.8838824924340091,0.6761485917469823,0.5769549027720314,0.16889248617293942,0.7366612177632731,0.7081139978813427,0.6755119334851238,0.7812625208364316,0.40321249301774986,0.509675548174597,0.10646305515684718,0.593972037588815,0.10353658582514084,0.3548059912690569,0.4191146552662304,0.40806241659909204,1.189983921000021,85.13688417799949,71.54456684293132,0.8410615511356949,0.9791009644861419,15.838060917722961
mlp,42,NF-ToN-IoT,ssd_canonical@alpha=5,ssd_canonical,0.0856464302797391,0.3423887515834179,0.17822581474774482,False,False,weights_changed,False,9.21701388888889,0.8683515734604783,0.3772651318136009,0.8758548090021264,0.9168649034028912,0.6011026016604514,0.8838824924340091,0.6761485917469823,0.009843400447427294,0.16889248617293942,0.7366612177632731,0.4393593536941818,0.6755119334851238,0.7812625208364316,0.5076846054919032,0.509675548174597,0.0019909426826938414,0.9041943616777447,0.04616207880645263,0.4218329028203998,0.4845267072759903,0.15904908572551213,1.160471002000122,85.13688417799949,73.36407719905313,0.5467223726020949,0.9791009644861419,13.370103611687778
mlp,42,NF-ToN-IoT,dc_ssd_no_contrast,dc_ssd_no_contrast,0.0856464302797391,0.32999960032237186,0.17822581474774482,False,False,weights_changed,False,,0.8683515734604783,0.6869205524727886,0.8758548090021264,0.9168649034028912,0.8645954999842683,0.8838824924340091,0.6761485917469823,0.5570937857812012,0.16889248617293942,0.7366612177632731,0.6417913972511591,0.6755119334851238,0.7812625208364316,0.6106209775397043,0.509675548174597,0.10094542936510731,0.6009626403850562,0.1063516371340679,0.6051501519445354,0.604735493936358,0.3882012996082618,0.0249375860003056,85.13688417799949,3413.9986194716753,0.5081205131222785,0.9756814706855058,9.773594634732625
mlp,42,NF-ToN-IoT,dc_ssd_no_class_balance,dc_ssd_no_class_balance,0.0856464302797391,0.6722792642421762,0.17822581474774482,False,False,weights_changed,False,,0.8683515734604783,0.3612173995753218,0.8758548090021264,0.9168649034028912,0.40387296819512275,0.8838824924340091,0.6761485917469823,0.8823282496152232,0.16889248617293942,0.7366612177632731,0.7409025720743667,0.6755119334851238,0.7812625208364316,0.35470317090946,0.509675548174597,0.15497237726513702,0.17086866834746733,0.11550298297679079,0.2532360326452269,0.3757303244832512,0.7134357634422838,0.024873070000467123,85.13688417799949,3422.8538807795176,0.9368012239613981,0.6117093178449202,18.757533295440496
mlp,42,NF-ToN-IoT,dc_ssd,dc_ssd,0.0856464302797391,0.32253831604372296,0.17822581474774482,False,False,weights_changed,False,,0.8683515734604783,0.6283528876163637,0.8758548090021264,0.9168649034028912,0.8294780616925458,0.8838824924340091,0.6761485917469823,0.5493427915710412,0.16889248617293942,0.7366612177632731,0.6334430295433314,0.6755119334851238,0.7812625208364316,0.4786270848842513,0.509675548174597,0.031048463290345718,0.5983268393307357,0.12520710957197756,0.4742709358319217,0.6609150049869219,0.38045030539810176,0.024930681999649096,85.13688417799949,3414.944050836548,0.6015652583264681,0.34053591448772125,13.603055899871231
mlp,42,NF-ToN-IoT,scrub_r,scrub_r,0.0856464302797391,0.35155653337666176,0.17822581474774482,False,False,,,,0.8683515734604783,0.8849026382289235,0.8758548090021264,0.9168649034028912,0.956112799792292,0.8838824924340091,0.6761485917469823,0.32620452310717796,0.16889248617293942,0.7366612177632731,0.6103011756884307,0.6755119334851238,0.7812625208364316,0.679532804795015,0.509675548174597,0.16985725662041795,0.8254641301856521,0.05479375072782216,0.641436979387166,0.8308796447812612,0.15731203693423854,45.95365069199943,85.13688417799949,1.8526685670442697,,,0.7181757411672306
mlp,42,NF-ToN-IoT,scrub_r@lr=0.0001,scrub_r,0.0856464302797391,0.17116198235815547,0.17822581474774482,False,False,,,,0.8683515734604783,0.8740990115375352,0.8758548090021264,0.9168649034028912,0.9123948620110847,0.8838824924340091,0.6761485917469823,0.4016355140186916,0.16889248617293942,0.7366612177632731,0.6095717435379119,0.6755119334851238,0.7812625208364316,0.7184517539060282,0.509675548174597,0.20877620573143119,0.7913133165253267,0.06030321165509492,0.6815727185454822,0.8703247081746014,0.23274302784575215,45.850870590999875,85.13688417799949,1.8568215408043116,,,0.1190860209073891
mlp,42,NF-ToN-IoT,scrub_r@lr=0.001,scrub_r,0.0856464302797391,0.30790338033440817,0.17822581474774482,False,False,,,,0.8683515734604783,0.8776602827057527,0.8758548090021264,0.9168649034028912,0.9513770425368254,0.8838824924340091,0.6761485917469823,0.4180650974208807,0.16889248617293942,0.7366612177632731,0.6076673203831592,0.6755119334851238,0.7812625208364316,0.6382842348002857,0.509675548174597,0.1286086866256887,0.7733211093284438,0.054504689466219655,0.5990656511343211,0.7876059730927464,0.2491726112479413,46.15907461699953,85.13688417799949,1.844423548011189,,,1.5808963616103195
mlp,42,NF-BoT-IoT,rollback_repair,rollback_repair,0.14506176319089684,1.9173256883574432,0.2045060954323878,False,False,,,,0.7625613103425074,0.0,0.673987862982941,0.8323847313099882,0.7231472951216067,0.8290574041321054,0.9935193811008951,0.0,0.02535166494476675,0.9901017340419822,0.3545782555788193,0.3459717972119325,0.8387461972292334,0.17867280023878962,0.40035334235572184,0.22168054211693222,0.9867320681891283,0.05522441183451489,0.9352684679762494,0.44489533835232326,0.02535166494476675,1.693123234000268,67.30027126200002,39.7491865391231,,,19.905199872079205
mlp,42,NF-BoT-IoT,ssd_canonical,ssd_canonical,0.14506176319089684,0.14506176319089684,0.2045060954323878,True,True,no_parameters_selected,True,3.3901660280970627,0.7625613103425074,0.7625613103425074,0.673987862982941,0.8323847313099882,0.8323847313099882,0.8290574041321054,0.9935193811008951,0.9935193811008951,0.02535166494476675,0.9901017340419822,0.9901017340419822,0.3459717972119325,0.8387461972292334,0.8387461972292334,0.40035334235572184,0.43839285487351154,0.02621421678996462,0.49394408262985434,0.9099616197033975,0.9105341666834917,0.9681677161561284,3.159129329999814,67.30027126200002,21.303423896863375,0.0,0.7732153944831002,0.0
mlp,42,NF-BoT-IoT,ssd_canonical@alpha=1,ssd_canonical,0.14506176319089684,0.14825650116814912,0.2045060954323878,False,False,weights_changed,False,3.3901660280970627,0.7625613103425074,0.7626686166879594,0.673987862982941,0.8323847313099882,0.8311723818639795,0.8290574041321054,0.9935193811008951,0.9934582278481012,0.02535166494476675,0.9901017340419822,0.9898087006316993,0.3459717972119325,0.8387461972292334,0.8332102924886907,0.40035334235572184,0.4328569501329689,0.026334834351881633,0.49390688710189223,0.9108964493609589,0.908100253572739,0.9681065629033345,3.176392624000073,67.30027126200002,21.187642470107463,0.022537366129222077,0.7732153944831002,0.5554164539963474
mlp,42,NF-BoT-IoT,ssd_canonical@alpha=2,ssd_canonical,0.14506176319089684,0.14533923201284982,0.2045060954323878,False,False,weights_changed,False,3.3901660280970627,0.7625613103425074,0.7624374006262725,0.673987862982941,0.8323847313099882,0.8322228558025966,0.8290574041321054,0.9935193811008951,0.9935193811008951,0.02535166494476675,0.9901017340419822,0.989819885113008,0.3459717972119325,0.8387461972292334,0.8419055539158273,0.40035334235572184,0.4415522115601055,0.02621421678996462,0.49395238058293145,0.9103755256372813,0.9102185649786406,0.9681677161561284,3.2186367220001557,67.30027126200002,20.90955801317573,0.0006472872778627751,0.7732153944831002,0.19531579730111615
mlp,42,NF-BoT-IoT,ssd_canonical@alpha=3,ssd_canonical,0.14506176319089684,0.14506176319089684,0.2045060954323878,True,True,no_parameters_selected,False,3.3901660280970627,0.7625613103425074,0.7625613103425074,0.673987862982941,0.8323847313099882,0.8323847313099882,0.8290574041321054,0.9935193811008951,0.9935193811008951,0.02535166494476675,0.9901017340419822,0.9901017340419822,0.3459717972119325,0.8387461972292334,0.8387461972292334,0.40035334235572184,0.43839285487351154,0.02621421678996462,0.49394408262985434,0.9099616197033975,0.9105341666834917,0.9681677161561284,3.2204073070006416,67.30027126200002,20.898061905306257,0.0,0.7732153944831002,0.0
mlp,42,NF-BoT-IoT,ssd_canonical@alpha=5,ssd_canonical,0.14506176319089684,0.14506176319089684,0.2045060954323878,True,True,no_parameters_selected,True,3.3901660280970627,0.7625613103425074,0.7625613103425074,0.673987862982941,0.8323847313099882,0.8323847313099882,0.8290574041321054,0.9935193811008951,0.9935193811008951,0.02535166494476675,0.9901017340419822,0.9901017340419822,0.3459717972119325,0.8387461972292334,0.8387461972292334,0.40035334235572184,0.43839285487351154,0.02621421678996462,0.49394408262985434,0.9099616197033975,0.9105341666834917,0.9681677161561284,3.1687391989999014,67.30027126200002,21.238816777108365,0.0,0.7732153944831002,0.0
mlp,42,NF-BoT-IoT,dc_ssd_no_contrast,dc_ssd_no_contrast,0.14506176319089684,0.23248651200890078,0.2045060954323878,False,False,weights_changed,False,,0.7625613103425074,0.5427091720919273,0.673987862982941,0.8323847313099882,0.7815761534722542,0.8290574041321054,0.9935193811008951,0.8333881192768255,0.02535166494476675,0.9901017340419822,0.6982158515416689,0.3459717972119325,0.8387461972292334,0.3328766986874355,0.40035334235572184,0.06747664366828632,0.2979253779350273,0.17501043116627485,0.9334754066888435,0.7727368455942071,0.8080364543320588,0.02474064499983797,67.30027126200002,2720.2310716814695,0.2204895845592562,0.39592262570465575,6.676046556289087
mlp,42,NF-BoT-IoT,dc_ssd_no_class_balance,dc_ssd_no_class_balance,0.14506176319089684,0.1457389387127483,0.2045060954323878,False,False,weights_changed,False,,0.7625613103425074,0.7623275695453761,0.673987862982941,0.8323847313099882,0.8188094482218654,0.8290574041321054,0.9935193811008951,0.9934992608193767,0.02535166494476675,0.9901017340419822,0.9882339256634635,0.3459717972119325,0.8387461972292334,0.8230833179509526,0.40035334235572184,0.42272997559523073,0.02625442264393696,0.4939266912867987,0.9074204581501275,0.910887448997907,0.96814759587461,0.018011051999565098,67.30027126200002,3736.609680746304,0.005943274096740026,0.49422239232965437,0.7809234944181394
mlp,42,NF-BoT-IoT,dc_ssd,dc_ssd,0.14506176319089684,0.26922724255539765,0.2045060954323878,False,False,weights_changed,False,,0.7625613103425074,0.3678211182129127,0.673987862982941,0.8323847313099882,0.7734282386871048,0.8290574041321054,0.9935193811008951,0.01311947522099116,0.02535166494476675,0.9901017340419822,0.4429557899822838,0.3459717972119325,0.8387461972292334,0.3046865332233215,0.40035334235572184,0.09566680913240033,0.9892650369893856,0.015055556964162336,0.9249341392243801,0.724292918787011,0.01223218972377559,0.024196818000746134,67.30027126200002,2781.3686601240192,0.2786277509709309,0.2108866284069234,9.485239061057408
mlp,42,NF-BoT-IoT,scrub_r,scrub_r,0.14506176319089684,0.25525119433352045,0.2045060954323878,False,False,,,,0.7625613103425074,0.7659302942835975,0.673987862982941,0.8323847313099882,0.8218700383925363,0.8290574041321054,0.9935193811008951,0.03992267939563691,0.02535166494476675,0.9901017340419822,0.20385898158586996,0.3459717972119325,0.8387461972292334,0.37027812370484187,0.40035334235572184,0.030075218650879976,0.9758362817626246,0.05727037249893185,0.876360842164997,0.6027046198154907,0.014571014450870157,57.10029636299987,67.30027126200002,1.1786326087373793,,,5.304685016876721
mlp,42,NF-BoT-IoT,scrub_r@lr=0.0001,scrub_r,0.14506176319089684,0.2720776461997825,0.2045060954323878,False,False,,,,0.7625613103425074,0.780170070351249,0.673987862982941,0.8323847313099882,0.8577062392088944,0.8290574041321054,0.9935193811008951,0.031231421663826246,0.02535166494476675,0.9901017340419822,0.03127069129042072,0.3459717972119325,0.8387461972292334,0.1392223447958811,0.40035334235572184,0.2611309975598407,0.9811434544869733,0.054910511070348805,0.6286904226414045,0.8146364376261165,0.005879756719059496,57.21640621200004,67.30027126200002,1.1762407973097249,,,0.875707016169053
mlp,42,NF-BoT-IoT,scrub_r@lr=0.001,scrub_r,0.14506176319089684,0.218296517407527,0.2045060954323878,False,False,,,,0.7625613103425074,0.7381502531165282,0.673987862982941,0.8323847313099882,0.7496195423668829,0.8290574041321054,0.9935193811008951,0.3650422822546149,0.02535166494476675,0.9901017340419822,0.3872134535888764,0.3459717972119325,0.8387461972292334,0.2451959116967677,0.40035334235572184,0.15515743065895415,0.7728771309102606,0.07899602951758825,0.3685765281240574,0.6863214541328883,0.3396906173098481,56.727242573000694,67.30027126200002,1.1863836176312148,,,10.898356030870652
mlp,42,NF-CSE-CIC-IDS2018,rollback_repair,rollback_repair,0.044722911438605954,5.796402892534641,0.05886884068769772,False,False,,,,0.8878137742618702,0.6649624946369137,0.9697218088048026,0.9088727464251685,0.23740948402350395,0.9548366761166008,0.6177619893428064,0.2476140574123283,0.2647841971639111,0.7606376886964419,0.28552768087156466,0.5121508677108537,0.7509378956175435,0.6814013154524706,0.3889496586571293,0.2924516567953413,0.548502840545043,0.26240407539977423,0.39217940529819706,0.27117382231385956,0.017170139751582797,1.6262448559991753,66.40502489300161,40.83334969394995,,,53.09426864810773
mlp,42,NF-CSE-CIC-IDS2018,ssd_canonical,ssd_canonical,0.044722911438605954,0.044722911438605954,0.05886884068769772,True,True,no_parameters_selected,True,3.19626730885009,0.8878137742618702,0.8878137742618702,0.9697218088048026,0.9088727464251685,0.9088727464251685,0.9548366761166008,0.6177619893428064,0.6177619893428064,0.2647841971639111,0.7606376886964419,0.7606376886964419,0.5121508677108537,0.7509378956175435,0.7509378956175435,0.3889496586571293,0.3619882369604142,0.5505958737345692,0.19089017729964905,0.6876208275789519,0.8170161428065444,0.35297779217889524,3.3480895559996497,66.40502489300161,19.833706291997572,0.0,0.9156234664947999,0.0
mlp,42,NF-CSE-CIC-IDS2018,ssd_canonical@alpha=1,ssd_canonical,0.044722911438605954,0.0642960991820917,0.05886884068769772,False,False,weights_changed,False,3.19626730885009,0.8878137742618702,0.8923895047913457,0.9697218088048026,0.9088727464251685,0.915022070178666,0.9548366761166008,0.6177619893428064,0.6002364465461916,0.2647841971639111,0.7606376886964419,0.6367583757433979,0.5121508677108537,0.7509378956175435,0.6551200662683806,0.3889496586571293,0.26617040761125127,0.5589252915296228,0.13837780374481753,0.6616827417515835,0.7959030194496829,0.33545224938228047,3.4054521580001165,66.40502489300161,19.49962055317746,0.43609509238554783,0.9156234664947999,4.110085682461661
mlp,42,NF-CSE-CIC-IDS2018,ssd_canonical@alpha=2,ssd_canonical,0.044722911438605954,0.04949063504936301,0.05886884068769772,False,False,weights_changed,False,3.19626730885009,0.8878137742618702,0.8919465170534494,0.9697218088048026,0.9088727464251685,0.9064777808419205,0.9548366761166008,0.6177619893428064,0.622387530995395,0.2647841971639111,0.7606376886964419,0.7493863450268602,0.5121508677108537,0.7509378956175435,0.7484150764495825,0.3889496586571293,0.35946541779245317,0.5503395839562599,0.15418385293037676,0.7072757373070633,0.8254824542064042,0.3576033338314839,3.3990194589996463,66.40502489300161,19.53652389873197,0.04625161821819466,0.9156234664947999,2.403187589367122
mlp,42,NF-CSE-CIC-IDS2018,ssd_canonical@alpha=3,ssd_canonical,0.044722911438605954,0.04475253865051082,0.05886884068769772,False,False,weights_changed,False,3.19626730885009,0.8878137742618702,0.8878069797312258,0.9697218088048026,0.9088727464251685,0.9086622650588879,0.9548366761166008,0.6177619893428064,0.6177619893428064,0.2647841971639111,0.7606376886964419,0.7579983640478861,0.5121508677108537,0.7509378956175435,0.7618895112842443,0.3889496586571293,0.372939852627115,0.5505958737345692,0.190974894257875,0.6845069839633344,0.8172890439643424,0.35297779217889524,3.3367635799995696,66.40502489300161,19.90102783758212,0.0004707543839002001,0.9156234664947999,0.22312723505946963
mlp,42,NF-CSE-CIC-IDS2018,ssd_canonical@alpha=5,ssd_canonical,0.044722911438605954,0.044722911438605954,0.05886884068769772,True,True,no_parameters_selected,True,3.19626730885009,0.8878137742618702,0.8878137742618702,0.9697218088048026,0.9088727464251685,0.9088727464251685,0.9548366761166008,0.6177619893428064,0.6177619893428064,0.2647841971639111,0.7606376886964419,0.7606376886964419,0.5121508677108537,0.7509378956175435,0.7509378956175435,0.3889496586571293,0.3619882369604142,0.5505958737345692,0.19089017729964905,0.6876208275789519,0.8170161428065444,0.35297779217889524,3.2814189290002105,66.40502489300161,20.236680024648372,0.0,0.9156234664947999,0.0
mlp,42,NF-CSE-CIC-IDS2018,dc_ssd_no_contrast,dc_ssd_no_contrast,0.044722911438605954,0.05356728966283448,0.05886884068769772,False,False,weights_changed,False,,0.8878137742618702,0.8936145119052457,0.9697218088048026,0.9088727464251685,0.9097719486071764,0.9548366761166008,0.6177619893428064,0.6095372162590181,0.2647841971639111,0.7606376886964419,0.7698095437276744,0.5121508677108537,0.7509378956175435,0.6846298374937629,0.3889496586571293,0.2956801788366336,0.550809448549827,0.14420436121371602,0.6739969477995073,0.8038550283863644,0.344753019095107,0.023938725999869348,66.40502489300161,2773.958183629489,0.06514063787219018,0.6422031633825515,2.98396027524566
mlp,42,NF-CSE-CIC-IDS2018,dc_ssd_no_class_balance,dc_ssd_no_class_balance,0.044722911438605954,0.054703629768120945,0.05886884068769772,False,False,weights_changed,False,,0.8878137742618702,0.8923769562806356,0.9697218088048026,0.9088727464251685,0.9128114486554733,0.9548366761166008,0.6177619893428064,0.6098996192454137,0.2647841971639111,0.7606376886964419,0.7856196949073817,0.5121508677108537,0.7509378956175435,0.7443246315881149,0.3889496586571293,0.3553749729309856,0.5550382298919312,0.14638985407566935,0.6294419995950751,0.802726006704522,0.3451154220815026,0.023318802999710897,66.40502489300161,2847.702984318058,0.061256914205013537,0.637040150731356,3.3953524328644935
mlp,42,NF-CSE-CIC-IDS2018,dc_ssd,dc_ssd,0.044722911438605954,0.07381291107975749,0.05886884068769772,False,False,weights_changed,False,,0.8878137742618702,0.8562812206793131,0.9697218088048026,0.9088727464251685,0.9064492866991339,0.9548366761166008,0.6177619893428064,0.6509757187546551,0.2647841971639111,0.7606376886964419,0.84203393033736,0.5121508677108537,0.7509378956175435,0.5918759873922761,0.3889496586571293,0.20292632873514677,0.5442313442398873,0.14219370507613113,0.6822236134020117,0.7771969768802792,0.386191521590744,0.02352552999946056,66.40502489300161,2822.6792295231726,0.10433094033188184,0.6010450792380706,4.572971601886522
mlp,42,NF-CSE-CIC-IDS2018,scrub_r,scrub_r,0.044722911438605954,0.2391955348321184,0.05886884068769772,False,False,,,,0.8878137742618702,0.4734631262717164,0.9697218088048026,0.9088727464251685,0.742498061566263,0.9548366761166008,0.6177619893428064,0.19562155933939315,0.2647841971639111,0.7606376886964419,0.5996988694438876,0.5121508677108537,0.7509378956175435,0.3414558784323217,0.3889496586571293,0.0474937802248076,0.5436333347571655,0.14032054548077127,0.501829268225184,0.4344629717362362,0.06916263782451795,58.098743194000235,66.40502489300161,1.1429683542596694,,,4.7758021778742625
mlp,42,NF-CSE-CIC-IDS2018,scrub_r@lr=0.0001,scrub_r,0.044722911438605954,0.1744936142107514,0.05886884068769772,False,False,,,,0.8878137742618702,0.9003916684691773,0.9697218088048026,0.9088727464251685,0.8337829948220161,0.9548366761166008,0.6177619893428064,0.20961140027287886,0.2647841971639111,0.7606376886964419,0.4146093281631039,0.5121508677108537,0.7509378956175435,0.30590225802333726,0.3889496586571293,0.08304740063379207,0.45111272478749304,0.1851558825255269,0.7568665550665147,0.7155989511090047,0.055172796891032244,58.139838860000054,66.40502489300161,1.1421604564970331,,,0.3833467546211286
mlp,42,NF-CSE-CIC-IDS2018,scrub_r@lr=0.001,scrub_r,0.044722911438605954,0.37587103930004145,0.05886884068769772,False,False,,,,0.8878137742618702,0.5192231210191143,0.9697218088048026,0.9088727464251685,0.8745962170567019,0.9548366761166008,0.6177619893428064,0.20982068040891572,0.2647841971639111,0.7606376886964419,0.435274637009967,0.5121508677108537,0.7509378956175435,0.46068008815487027,0.3889496586571293,0.07173042949774094,0.5209089744137372,0.15180349356635722,0.4888667618661471,0.4034730951732328,0.05496351675499539,58.26894891899974,66.40502489300161,1.1396297020101034,,,10.283135249168813
numerical_feature_transformer,42,NF-UNSW-NB15,rollback_repair,rollback_repair,0.10246760115532119,0.6023443871408498,0.15044905870426503,False,False,,,,0.8287863325159722,0.345284504565519,0.7873348089196982,0.8865043149961841,0.6591094814171665,0.8576989110753974,0.9956386292834891,0.17986425339366516,0.09569762766385204,0.9998432227306644,0.9486529509130466,0.4286210272903766,0.48114321277915195,0.4919146770758957,0.5227425321725169,0.03082785509662117,0.35754456200552853,0.08034561143043026,0.31954518042754476,0.36588076778632866,0.08416662572981312,3.921247764999862,158.49364074900222,40.419185485722,,,15.203642862116098
numerical_feature_transformer,42,NF-UNSW-NB15,ssd_canonical,ssd_canonical,0.10246760115532119,0.10246760115532119,0.15044905870426503,True,True,no_parameters_selected,True,3.5252324037184595,0.8287863325159722,0.8287863325159722,0.7873348089196982,0.8865043149961841,0.8865043149961841,0.8576989110753974,0.9956386292834891,0.9956386292834891,0.09569762766385204,0.9998432227306644,0.9998432227306644,0.4286210272903766,0.48114321277915195,0.48114321277915195,0.5227425321725169,0.04159931939336492,0.3570679630159184,0.3102497284761297,0.08482887469319775,0.6058060495710519,0.8999410016196371,10.121009929000138,158.49364074900222,15.659864169766696,0.0,0.5809607830206515,0.0
numerical_feature_transformer,42,NF-UNSW-NB15,ssd_canonical@alpha=1,ssd_canonical,0.10246760115532119,0.10332485516985673,0.15044905870426503,False,False,weights_changed,False,3.5252324037184595,0.8287863325159722,0.8278250935519172,0.7873348089196982,0.8865043149961841,0.8848260877025061,0.8576989110753974,0.9956386292834891,0.9962640099626401,0.09569762766385204,0.9998432227306644,0.9998188036977429,0.4286210272903766,0.48114321277915195,0.48099300426067587,0.5227425321725169,0.041749527911841,0.3569726432179964,0.31041264565691534,0.0870099480935382,0.6085907621125207,0.900566382298788,10.17804045199955,158.49364074900222,15.572117392976661,0.009122006841505131,0.5809607830206515,0.24005435483227283
numerical_feature_transformer,42,NF-UNSW-NB15,ssd_canonical@alpha=2,ssd_canonical,0.10246760115532119,0.1024785711148058,0.15044905870426503,False,False,weights_changed,False,3.5252324037184595,0.8287863325159722,0.827986294540584,0.7873348089196982,0.8865043149961841,0.8857522486753812,0.8576989110753974,0.9956386292834891,0.9956386292834891,0.09569762766385204,0.9998432227306644,0.9998461504408036,0.4286210272903766,0.48114321277915195,0.4809951282415067,0.5227425321725169,0.041747403931010174,0.3570679630159184,0.31020171841825633,0.08716599443348343,0.6080501750333097,0.8999410016196371,10.199738406998222,158.49364074900222,15.53899074904283,0.0015963511972633979,0.5809607830206515,0.05466289477636485
numerical_feature_transformer,42,NF-UNSW-NB15,ssd_canonical@alpha=3,ssd_canonical,0.10246760115532119,0.10246760115532119,0.15044905870426503,True,True,no_parameters_selected,False,3.5252324037184595,0.8287863325159722,0.8287863325159722,0.7873348089196982,0.8865043149961841,0.8865043149961841,0.8576989110753974,0.9956386292834891,0.9956386292834891,0.09569762766385204,0.9998432227306644,0.9998432227306644,0.4286210272903766,0.48114321277915195,0.48114321277915195,0.5227425321725169,0.04159931939336492,0.3570679630159184,0.3102497284761297,0.08482887469319775,0.6058060495710519,0.8999410016196371,10.25690709599985,158.49364074900222,15.45238143093,0.0,0.5809607830206515,0.0
numerical_feature_transformer,42,NF-UNSW-NB15,ssd_canonical@alpha=5,ssd_canonical,0.10246760115532119,0.10246760115532119,0.15044905870426503,True,True,no_parameters_selected,True,3.5252324037184595,0.8287863325159722,0.8287863325159722,0.7873348089196982,0.8865043149961841,0.8865043149961841,0.8576989110753974,0.9956386292834891,0.9956386292834891,0.09569762766385204,0.9998432227306644,0.9998432227306644,0.4286210272903766,0.48114321277915195,0.48114321277915195,0.5227425321725169,0.04159931939336492,0.3570679630159184,0.3102497284761297,0.08482887469319775,0.6058060495710519,0.8999410016196371,10.222082337000757,158.49364074900222,15.505024859299418,0.0,0.5809607830206515,0.0
numerical_feature_transformer,42,NF-UNSW-NB15,dc_ssd_no_contrast,dc_ssd_no_contrast,0.10246760115532119,0.10425715645071099,0.15044905870426503,False,False,weights_changed,False,,0.8287863325159722,0.8321517967094213,0.7873348089196982,0.8865043149961841,0.8815903309099357,0.8576989110753974,0.9956386292834891,0.9965764083411143,0.09569762766385204,0.9998432227306644,0.9998645210176129,0.4286210272903766,0.48114321277915195,0.47947921490182577,0.5227425321725169,0.043263317270691104,0.3569249833190354,0.31020950580187756,0.08822256249777304,0.6163776517226823,0.9008787806772622,0.03563877599845,158.49364074900222,4447.224583579847,0.00604332953249715,0.24520549043075662,0.41575031596227396
numerical_feature_transformer,42,NF-UNSW-NB15,dc_ssd_no_class_balance,dc_ssd_no_class_balance,0.10246760115532119,0.10554407224698908,0.15044905870426503,False,False,weights_changed,False,,0.8287863325159722,0.8228695871130051,0.7873348089196982,0.8865043149961841,0.8860818773185053,0.8576989110753974,0.9956386292834891,0.9962640099626401,0.09569762766385204,0.9998432227306644,0.9998831168028942,0.4286210272903766,0.48114321277915195,0.4791841041036973,0.5227425321725169,0.0435584280688196,0.3569726432179964,0.3102159237695491,0.08386753997473811,0.599312658744058,0.900566382298788,0.03526594799950544,158.49364074900222,4494.240187481275,0.0031927023945267957,0.3763898461988706,0.2862909225193165
numerical_feature_transformer,42,NF-UNSW-NB15,dc_ssd,dc_ssd,0.10246760115532119,0.10521440915749451,0.15044905870426503,False,False,weights_changed,False,,0.8287863325159722,0.8340968123271546,0.7873348089196982,0.8865043149961841,0.8846934613895933,0.8576989110753974,0.9956386292834891,0.9965764083411143,0.09569762766385204,0.9998432227306644,0.9998636201837238,0.4286210272903766,0.48114321277915195,0.48121557294427475,0.5227425321725169,0.04152695922824212,0.3569249833190354,0.3099447234253291,0.10499714955324735,0.6109558876109807,0.9008787806772622,0.03511753599923395,158.49364074900222,4513.23352391408,0.007297605473204105,0.22769104138752855,0.5652265826296471
numerical_feature_transformer,42,NF-UNSW-NB15,scrub_r,scrub_r,0.10246760115532119,0.2439151687616922,0.15044905870426503,False,False,,,,0.8287863325159722,0.9139198861625077,0.7873348089196982,0.8865043149961841,0.8854953914867173,0.8576989110753974,0.9956386292834891,0.04307982994803968,0.09569762766385204,0.9998432227306644,0.020122119615812367,0.4286210272903766,0.48114321277915195,0.5185720104063772,0.5227425321725169,0.004170521766139634,0.6568487274806978,0.18975562024230538,0.4142722256736868,0.5814325823283738,0.052617797715812355,122.86488163600006,158.49364074900222,1.289983261600789,,,5.092728869256958
numerical_feature_transformer,42,NF-UNSW-NB15,scrub_r@lr=0.0001,scrub_r,0.10246760115532119,0.12063383205089274,0.15044905870426503,False,False,,,,0.8287863325159722,0.9068486115864959,0.7873348089196982,0.8865043149961841,0.8884390514123979,0.8576989110753974,0.9956386292834891,0.13322045981108538,0.09569762766385204,0.9998432227306644,0.0175764273906008,0.4286210272903766,0.48114321277915195,0.5090810206301218,0.5227425321725169,0.013661511542395033,0.6350204937565532,0.19950000205605312,0.17777064140465526,0.542856356175657,0.03752283214723334,123.09866740300095,158.49364074900222,1.2875333591559124,,,0.828822040950482
numerical_feature_transformer,42,NF-UNSW-NB15,scrub_r@lr=0.001,scrub_r,0.10246760115532119,0.19652633018097004,0.15044905870426503,False,False,,,,0.8287863325159722,0.8685050300519287,0.7873348089196982,0.8865043149961841,0.8830252144684261,0.8576989110753974,0.9956386292834891,0.4114454859398125,0.09569762766385204,0.9998432227306644,0.9435646228633185,0.4286210272903766,0.48114321277915195,0.4975057149937362,0.5227425321725169,0.02523681717878068,0.37055571442188545,0.28714780017067754,0.14394303507806974,0.5994390959965153,0.31574785827596047,122.2765122339988,158.49364074900222,1.296190395467735,,,5.284503997991869
numerical_feature_transformer,42,NF-ToN-IoT,rollback_repair,rollback_repair,0.060196826295014806,0.7581758733479241,0.04375034717758198,False,False,,,,0.9434521220645351,0.0,0.9759894294445987,0.9841666859737873,0.5585647723083473,0.9831447632547229,0.6516412606378005,0.0,0.8947368421052632,0.7068561097978547,0.6050413715465046,0.7553751729842113,0.7851108090248415,0.46371125064608637,0.5155133540967008,0.05180210345061448,0.12457024982809993,0.27332642627466347,0.13308064755959859,0.312095492575425,0.8947368421052632,4.906249810999725,198.73532968399923,40.506565572433374,,,37.662853756071556
numerical_feature_transformer,42,NF-ToN-IoT,ssd_canonical,ssd_canonical,0.060196826295014806,0.060196826295014806,0.04375034717758198,True,True,no_parameters_selected,True,9.21701388888889,0.9434521220645351,0.9434521220645351,0.9759894294445987,0.9841666859737873,0.9841666859737873,0.9831447632547229,0.6516412606378005,0.6516412606378005,0.8947368421052632,0.7068561097978547,0.7068561097978547,0.7553751729842113,0.7851108090248415,0.7851108090248415,0.5155133540967008,0.2695974549281407,0.5948888379555352,0.17037544148577366,0.3857068266429999,0.7826776611004996,0.24309558146746268,3.938435842999752,198.73532968399923,50.46047151872108,0.0,0.9203418413521893,0.0
numerical_feature_transformer,42,NF-ToN-IoT,ssd_canonical@alpha=1,ssd_canonical,0.060196826295014806,0.7070124407250773,0.04375034717758198,False,False,weights_changed,False,9.21701388888889,0.9434521220645351,0.0,0.9759894294445987,0.9841666859737873,0.3558711651306761,0.9831447632547229,0.6516412606378005,0.0,0.8947368421052632,0.7068561097978547,0.7604130090617799,0.7553751729842113,0.7851108090248415,0.36142772193757977,0.5155133540967008,0.15408563215912108,0.12457024982809993,0.20626044524117598,0.32049648176572765,0.37164404450150895,0.8947368421052632,3.9919982260016695,198.73532968399923,49.78342134261162,0.9798175598631699,0.9203418413521893,12.937055636106615
numerical_feature_transformer,42,NF-ToN-IoT,ssd_canonical@alpha=2,ssd_canonical,0.060196826295014806,0.7094497433356358,0.04375034717758198,False,False,weights_changed,False,9.21701388888889,0.9434521220645351,0.0,0.9759894294445987,0.9841666859737873,0.43847563490990904,0.9831447632547229,0.6516412606378005,0.0,0.8947368421052632,0.7068561097978547,0.6622944240475968,0.7553751729842113,0.7851108090248415,0.40705847633473596,0.5155133540967008,0.10845487776196489,0.12457024982809993,0.2232447888204888,0.4234093167299555,0.229632702845612,0.8947368421052632,3.934413871000288,198.73532968399923,50.512054959147605,0.9242873432155074,0.9203418413521893,12.878048515521003
numerical_feature_transformer,42,NF-ToN-IoT,ssd_canonical@alpha=3,ssd_canonical,0.060196826295014806,0.7621450659849803,0.04375034717758198,False,False,weights_changed,False,9.21701388888889,0.9434521220645351,0.0,0.9759894294445987,0.9841666859737873,0.45587947680985147,0.9831447632547229,0.6516412606378005,0.0,0.8947368421052632,0.7068561097978547,0.6788545398286803,0.7553751729842113,0.7851108090248415,0.45647964103787975,0.5155133540967008,0.0590337130588211,0.12457024982809993,0.26311343084144473,0.4769531623081107,0.3278496659684373,0.8947368421052632,3.9256281670004682,198.73532968399923,50.62510284458521,0.8188141391106043,0.9203418413521893,12.521802377717943
numerical_feature_transformer,42,NF-ToN-IoT,ssd_canonical@alpha=5,ssd_canonical,0.060196826295014806,0.3796962280817588,0.04375034717758198,False,False,weights_changed,False,9.21701388888889,0.9434521220645351,0.7504097811493208,0.9759894294445987,0.9841666859737873,0.9127907575135173,0.9831447632547229,0.6516412606378005,0.2502081103579498,0.8947368421052632,0.7068561097978547,0.36966628418693154,0.7553751729842113,0.7851108090248415,0.6843994061915755,0.5155133540967008,0.16888605209487462,0.2361906944762778,0.21529886756675112,0.06633926812267377,0.4227145676633719,0.6445287317473134,3.95899879100034,198.73532968399923,50.1983809986928,0.4790193842645382,0.9203418413521893,10.282958825619382
numerical_feature_transformer,42,NF-ToN-IoT,dc_ssd_no_contrast,dc_ssd_no_contrast,0.060196826295014806,0.31774107628354115,0.04375034717758198,False,False,weights_changed,False,,0.9434521220645351,0.4157399857388599,0.9759894294445987,0.9841666859737873,0.6288042144389235,0.9831447632547229,0.6516412606378005,0.015050907481186366,0.8947368421052632,0.7068561097978547,0.2131297027519966,0.7553751729842113,0.7851108090248415,0.6405366654743498,0.5155133540967008,0.125023311377649,0.15459546183818473,0.33857902447814836,0.21564139113809627,0.5165135024468698,0.8796859346240768,0.058125560000917176,198.73532968399923,3419.069505409726,0.4516533637400228,0.5681650196995729,7.397252596727565
numerical_feature_transformer,42,NF-ToN-IoT,dc_ssd_no_class_balance,dc_ssd_no_class_balance,0.060196826295014806,0.7704267604712455,0.04375034717758198,False,False,weights_changed,False,,0.9434521220645351,0.4629749055937526,0.9759894294445987,0.9841666859737873,0.42172798856218147,0.9831447632547229,0.6516412606378005,0.8535768245418117,0.8947368421052632,0.7068561097978547,0.6872137832466142,0.7553751729842113,0.7851108090248415,0.38745878876760903,0.5155133540967008,0.12805456532909182,0.8754297501719001,0.11453142944649264,0.2502772114171601,0.3095603079712644,0.041160017563451445,0.05840019400056917,198.73532968399923,3402.990916127134,0.948460661345496,0.6633600205907003,15.185410305353747
numerical_feature_transformer,42,NF-ToN-IoT,dc_ssd,dc_ssd,0.060196826295014806,1.084686093645542,0.04375034717758198,False,False,weights_changed,False,,0.9434521220645351,0.4629749055937526,0.9759894294445987,0.9841666859737873,0.621868191039559,0.9831447632547229,0.6516412606378005,0.8535768245418117,0.8947368421052632,0.7068561097978547,0.30091470591423874,0.7553751729842113,0.7851108090248415,0.6240508066682255,0.5155133540967008,0.1085374525715247,0.8754297501719001,0.06822406060111069,0.3243193212091711,0.34945409264638433,0.041160017563451445,0.05756203800046933,198.73532968399923,3452.541581004808,0.5507411630558723,0.33324108695357924,10.374646234288015
numerical_feature_transformer,42,NF-ToN-IoT,scrub_r,scrub_r,0.060196826295014806,0.05196879341444188,0.04375034717758198,False,False,,,,0.9434521220645351,0.9776196768797393,0.9759894294445987,0.9841666859737873,0.9809730547994936,0.9831447632547229,0.6516412606378005,0.8176359039190898,0.8947368421052632,0.7068561097978547,0.7161370264897081,0.7553751729842113,0.7851108090248415,0.6519775087625826,0.5155133540967008,0.1364641546658818,0.7932615173046069,0.0740447777662131,0.6025719307568758,0.7409610271939804,0.07710093818617336,99.19745058399894,198.73532968399923,2.0034318272697247,,,0.803051868194793
numerical_feature_transformer,42,NF-ToN-IoT,scrub_r@lr=0.0001,scrub_r,0.060196826295014806,0.053726909530407124,0.04375034717758198,False,False,,,,0.9434521220645351,0.9581370144543699,0.9759894294445987,0.9841666859737873,0.9830535393933654,0.9831447632547229,0.6516412606378005,0.8700418728587742,0.8947368421052632,0.7068561097978547,0.7062389909329722,0.7553751729842113,0.7851108090248415,0.731210182525329,0.5155133540967008,0.21569682842862814,0.862594545037818,0.06518578428337449,0.47771959060999514,0.7795764729372937,0.02469496924648895,100.00998385999992,198.73532968399923,1.9871549020765873,,,0.09894453016653855
numerical_feature_transformer,42,NF-ToN-IoT,scrub_r@lr=0.001,scrub_r,0.060196826295014806,0.04815736896270032,0.04375034717758198,False,False,,,,0.9434521220645351,0.977556854774726,0.9759894294445987,0.9841666859737873,0.9819512404922272,0.9831447632547229,0.6516412606378005,0.8752541388324135,0.8947368421052632,0.7068561097978547,0.7024665350947426,0.7553751729842113,0.7851108090248415,0.5963282925423186,0.5155133540967008,0.08081493844561771,0.8727939491175797,0.05700418652335156,0.5990034747362787,0.7025864242573556,0.019482703272849622,99.52289312500034,198.73532968399923,1.996880551235468,,,1.8433891517478616
numerical_feature_transformer,42,NF-BoT-IoT,rollback_repair,rollback_repair,0.110019920795357,0.5229605758856924,0.11463595848761979,False,False,,,,0.8291393000906887,0.0,0.9009122126656416,0.8893421258765207,0.3422188480125847,0.9213434193195589,0.9945797265593399,0.0,0.04160592569244711,0.9913297900896547,0.23072354646480916,0.027235330434315776,0.8773984004336084,0.1986164971507118,0.6870250756106235,0.4884085784599117,0.9780878095850756,0.05159819101559292,0.31424499577763165,0.4147795263130729,0.04160592569244711,3.9246524649988714,156.54404548700586,39.887365029925235,,,34.720079807270665
numerical_feature_transformer,42,NF-BoT-IoT,ssd_canonical,ssd_canonical,0.110019920795357,0.110019920795357,0.11463595848761979,True,True,no_parameters_selected,True,3.3901660280970627,0.8291393000906887,0.8291393000906887,0.9009122126656416,0.8893421258765207,0.8893421258765207,0.9213434193195589,0.9945797265593399,0.9945797265593399,0.04160592569244711,0.9913297900896547,0.9913297900896547,0.027235330434315776,0.8773984004336084,0.8773984004336084,0.6870250756106235,0.19037332482298486,0.0316420070762303,0.5860162156849521,0.5207977111876592,0.7474011045929269,0.9529738008668928,10.764199193999957,156.54404548700586,14.543027555107365,0.0,0.6922573876445733,0.0
numerical_feature_transformer,42,NF-BoT-IoT,ssd_canonical@alpha=1,ssd_canonical,0.110019920795357,0.11001434427216157,0.11463595848761979,False,False,weights_changed,False,3.3901660280970627,0.8291393000906887,0.829031680229285,0.9009122126656416,0.8893421258765207,0.8893519348260538,0.9213434193195589,0.9945797265593399,0.9945390558634359,0.04160592569244711,0.9913297900896547,0.9908801739410532,0.027235330434315776,0.8773984004336084,0.8783297575916815,0.6870250756106235,0.191304681981058,0.03172241878417498,0.5857660408857158,0.52262716750656,0.7470759167991964,0.9529331301709888,10.709089826001218,156.54404548700586,14.617866506911122,0.0019384264538198405,0.6922573876445733,0.038560929166255205
numerical_feature_transformer,42,NF-BoT-IoT,ssd_canonical@alpha=2,ssd_canonical,0.110019920795357,0.110019920795357,0.11463595848761979,True,True,no_parameters_selected,False,3.3901660280970627,0.8291393000906887,0.8291393000906887,0.9009122126656416,0.8893421258765207,0.8893421258765207,0.9213434193195589,0.9945797265593399,0.9945797265593399,0.04160592569244711,0.9913297900896547,0.9913297900896547,0.027235330434315776,0.8773984004336084,0.8773984004336084,0.6870250756106235,0.19037332482298486,0.0316420070762303,0.5860162156849521,0.5207977111876592,0.7474011045929269,0.9529738008668928,10.555215005999344,156.54404548700586,14.830967005222517,0.0,0.6922573876445733,0.0
numerical_feature_transformer,42,NF-BoT-IoT,ssd_canonical@alpha=3,ssd_canonical,0.110019920795357,0.110019920795357,0.11463595848761979,True,True,no_parameters_selected,False,3.3901660280970627,0.8291393000906887,0.8291393000906887,0.9009122126656416,0.8893421258765207,0.8893421258765207,0.9213434193195589,0.9945797265593399,0.9945797265593399,0.04160592569244711,0.9913297900896547,0.9913297900896547,0.027235330434315776,0.8773984004336084,0.8773984004336084,0.6870250756106235,0.19037332482298486,0.0316420070762303,0.5860162156849521,0.5207977111876592,0.7474011045929269,0.9529738008668928,10.732087462998606,156.54404548700586,14.586542089479632,0.0,0.6922573876445733,0.0
numerical_feature_transformer,42,NF-BoT-IoT,ssd_canonical@alpha=5,ssd_canonical,0.110019920795357,0.110019920795357,0.11463595848761979,True,True,no_parameters_selected,True,3.3901660280970627,0.8291393000906887,0.8291393000906887,0.9009122126656416,0.8893421258765207,0.8893421258765207,0.9213434193195589,0.9945797265593399,0.9945797265593399,0.04160592569244711,0.9913297900896547,0.9913297900896547,0.027235330434315776,0.8773984004336084,0.8773984004336084,0.6870250756106235,0.19037332482298486,0.0316420070762303,0.5860162156849521,0.5207977111876592,0.7474011045929269,0.9529738008668928,10.7222324939994,156.54404548700586,14.599948804935382,0.0,0.6922573876445733,0.0
numerical_feature_transformer,42,NF-BoT-IoT,dc_ssd_no_contrast,dc_ssd_no_contrast,0.110019920795357,1.7417415679354908,0.11463595848761979,False,False,weights_changed,False,,0.8291393000906887,0.4628334102588842,0.9009122126656416,0.8893421258765207,0.5773236646629835,0.9213434193195589,0.9945797265593399,0.9992757704997184,0.04160592569244711,0.9913297900896547,0.4637723465936544,0.027235330434315776,0.8773984004336084,0.19850647573081268,0.6870250756106235,0.48851859987981083,0.021912190414924412,0.5645381227857226,0.6751814441828315,0.41463268446421936,0.9576698448072712,0.05661471099847404,156.54404548700586,2765.0771809331545,0.3458380843785633,0.9443206356481229,6.130469262446238
numerical_feature_transformer,42,NF-BoT-IoT,dc_ssd_no_class_balance,dc_ssd_no_class_balance,0.110019920795357,0.10982563354180849,0.11463595848761979,False,False,weights_changed,False,,0.8291393000906887,0.8269208603718005,0.9009122126656416,0.8893421258765207,0.8869052422375159,0.9213434193195589,0.9945797265593399,0.9936254173833856,0.04160592569244711,0.9913297900896547,0.953757762030028,0.027235330434315776,0.8773984004336084,0.8237431287619652,0.6870250756106235,0.13671805315134167,0.0335316822129302,0.5395013257683623,0.5912432706940824,0.7447093969996003,0.9520194916909385,0.03664647799996601,156.54404548700586,4271.73507607337,0.0017103762827822121,0.5037396414793391,0.24115755068565217
numerical_feature_transformer,42,NF-BoT-IoT,dc_ssd,dc_ssd,0.110019920795357,1.784203305171851,0.11463595848761979,False,False,weights_changed,False,,0.8291393000906887,0.638652864980096,0.9009122126656416,0.8893421258765207,0.5857684417920135,0.9213434193195589,0.9945797265593399,0.9988125188688739,0.04160592569244711,0.9913297900896547,0.5484668313022315,0.027235330434315776,0.8773984004336084,0.15490202786906154,0.6870250756106235,0.5321230477415619,0.022676101640398842,0.5525116616218579,0.8774503245666776,0.49782509080549414,0.9572065931764268,0.0579957240006479,156.54404548700586,2699.2342657065033,0.4251995438996579,0.2908190534521783,8.709308510878753
numerical_feature_transformer,42,NF-BoT-IoT,scrub_r,scrub_r,0.110019920795357,0.1396714226174707,0.11463595848761979,False,False,,,,0.8291393000906887,0.8781555360341482,0.9009122126656416,0.8893421258765207,0.8792130919683784,0.9213434193195589,0.9945797265593399,0.020465857057535338,0.04160592569244711,0.9913297900896547,0.25459794026592225,0.027235330434315776,0.8773984004336084,0.6048015803926907,0.6870250756106235,0.08222349521793282,0.9780476037311032,0.07734836733947677,0.6531604429895117,0.6206406534643559,0.02114006863491177,124.61615846600034,156.54404548700586,1.2562098480167527,,,2.6902995737776134
numerical_feature_transformer,42,NF-BoT-IoT,scrub_r@lr=0.0001,scrub_r,0.110019920795357,0.10826075520949885,0.11463595848761979,False,False,,,,0.8291393000906887,0.8288747500364625,0.9009122126656416,0.8893421258765207,0.8995140236279765,0.9213434193195589,0.9945797265593399,0.04145649432534679,0.04160592569244711,0.9913297900896547,0.31514624827758986,0.027235330434315776,0.8773984004336084,0.21057956799920446,0.6870250756106235,0.4764455076114191,0.9907124477323899,0.021223367490564023,0.6047228572426742,0.7092360265396996,0.00014943136710032084,125.16183704899959,156.54404548700586,1.2507330443361937,,,0.41251851953585583
numerical_feature_transformer,42,NF-BoT-IoT,scrub_r@lr=0.001,scrub_r,0.110019920795357,0.15619636954554542,0.11463595848761979,False,False,,,,0.8291393000906887,0.8686964655806118,0.9009122126656416,0.8893421258765207,0.8579042642413515,0.9213434193195589,0.9945797265593399,0.029487535174983155,0.04160592569244711,0.9913297900896547,0.05261627386768313,0.027235330434315776,0.8773984004336084,0.7319476409437782,0.6870250756106235,0.04492256533315464,0.9748311354133162,0.024360476903042855,0.5324909591205161,0.6334929601147538,0.012118390517463953,125.03557270300007,156.54404548700586,1.2519960688215392,,,5.561921130857736
numerical_feature_transformer,42,NF-CSE-CIC-IDS2018,rollback_repair,rollback_repair,0.04578238984309708,0.7488781940864935,0.06612755636323299,False,False,,,,0.8806198721602098,0.6649624946369137,0.9734773462544761,0.8993430408727247,0.5565975439881311,0.9506777317348286,0.8401380103507763,0.2476140574123283,0.2904268210583008,0.9613270451010428,0.8988805445185831,0.7521114657338167,0.7322283195826805,0.29557909916126485,0.3456185637969129,0.05003946463564807,0.49318696339327667,0.18893794732059005,0.4701940728222689,0.2576614525725586,0.0428127636459725,3.797738680999828,152.40381527499812,40.130147984504,,,60.83057331711012
numerical_feature_transformer,42,NF-CSE-CIC-IDS2018,ssd_canonical,ssd_canonical,0.04578238984309708,0.04578238984309708,0.06612755636323299,True,True,no_parameters_selected,True,3.19626730885009,0.8806198721602098,0.8806198721602098,0.9734773462544761,0.8993430408727247,0.8993430408727247,0.9506777317348286,0.8401380103507763,0.8401380103507763,0.2904268210583008,0.9613270451010428,0.9613270451010428,0.7521114657338167,0.7322283195826805,0.7322283195826805,0.3456185637969129,0.3866097557857676,0.5771218657895861,0.16371922634186406,0.39714429907648624,0.6928632918352634,0.5497111892924755,11.276505732999794,152.40381527499812,13.51516319714187,0.0,0.9219446548648526,0.0
numerical_feature_transformer,42,NF-CSE-CIC-IDS2018,ssd_canonical@alpha=1,ssd_canonical,0.04578238984309708,0.18828715139621888,0.06612755636323299,False,False,weights_changed,False,3.19626730885009,0.8806198721602098,0.5585378436024077,0.9734773462544761,0.8993430408727247,0.738751388229204,0.9506777317348286,0.8401380103507763,0.3131818181818182,0.2904268210583008,0.9613270451010428,0.8676856134679075,0.7521114657338167,0.7322283195826805,0.3823953010720369,0.3456185637969129,0.03677673727512398,0.544829353722609,0.16691332371881912,0.5784350656657813,0.49903380737851116,0.022754997123517362,11.33768407199932,152.40381527499812,13.442235143188533,0.5506271379703535,0.9219446548648526,4.23392034156671
numerical_feature_transformer,42,NF-CSE-CIC-IDS2018,ssd_canonical@alpha=2,ssd_canonical,0.04578238984309708,0.09260840397764818,0.06612755636323299,False,False,weights_changed,False,3.19626730885009,0.8806198721602098,0.7004229024747927,0.9734773462544761,0.8993430408727247,0.8028293350889193,0.9506777317348286,0.8401380103507763,0.7213668794592565,0.2904268210583008,0.9613270451010428,0.916345579936844,0.7521114657338167,0.7322283195826805,0.3794827168915801,0.3456185637969129,0.03386415309466717,0.5921575327837342,0.13035174797350288,0.5453609546555652,0.5773431476795258,0.4309400584009557,11.469088145999194,152.40381527499812,13.288224254180287,0.10182440136830102,0.9219446548648526,2.8672887670521807
numerical_feature_transformer,42,NF-CSE-CIC-IDS2018,ssd_canonical@alpha=3,ssd_canonical,0.04578238984309708,0.04574592657900033,0.06612755636323299,False,False,weights_changed,False,3.19626730885009,0.8806198721602098,0.8774359130702448,0.9734773462544761,0.8993430408727247,0.8993250323367908,0.9506777317348286,0.8401380103507763,0.8409843142898259,0.2904268210583008,0.9613270451010428,0.9624858069214405,0.7521114657338167,0.7322283195826805,0.7245311798006836,0.3456185637969129,0.3789126160037707,0.5773354406048439,0.16211762755944442,0.4132964179670595,0.692990366364102,0.5505574932315251,11.353129273999002,152.40381527499812,13.423947847051664,0.0010262257696693272,0.9219446548648526,0.37202936232487266
numerical_feature_transformer,42,NF-CSE-CIC-IDS2018,ssd_canonical@alpha=5,ssd_canonical,0.04578238984309708,0.04578238984309708,0.06612755636323299,True,True,no_parameters_selected,True,3.19626730885009,0.8806198721602098,0.8806198721602098,0.9734773462544761,0.8993430408727247,0.8993430408727247,0.9506777317348286,0.8401380103507763,0.8401380103507763,0.2904268210583008,0.9613270451010428,0.9613270451010428,0.7521114657338167,0.7322283195826805,0.7322283195826805,0.3456185637969129,0.3866097557857676,0.5771218657895861,0.16371922634186406,0.39714429907648624,0.6928632918352634,0.5497111892924755,11.294269377000091,152.40381527499812,13.493906527973978,0.0,0.9219446548648526,0.0
numerical_feature_transformer,42,NF-CSE-CIC-IDS2018,dc_ssd_no_contrast,dc_ssd_no_contrast,0.04578238984309708,0.06203692064628133,0.06612755636323299,False,False,weights_changed,False,,0.8806198721602098,0.8022724875245352,0.9734773462544761,0.8993430408727247,0.8435913994374388,0.9506777317348286,0.8401380103507763,0.688575361321404,0.2904268210583008,0.9613270451010428,0.9178542477221752,0.7521114657338167,0.7322283195826805,0.39896503028883823,0.3456185637969129,0.053346466491925315,0.6072786297039853,0.12555622666647503,0.5045857386117242,0.6229811258798992,0.39814854026310315,0.050559500999952434,152.40381527499812,3014.34571664664,0.059407069555302165,0.43931960499584516,2.5567026484578323
numerical_feature_transformer,42,NF-CSE-CIC-IDS2018,dc_ssd_no_class_balance,dc_ssd_no_class_balance,0.04578238984309708,0.05992467539004508,0.06612755636323299,False,False,weights_changed,False,,0.8806198721602098,0.7796575779272192,0.9734773462544761,0.8993430408727247,0.8405572707674386,0.9506777317348286,0.8401380103507763,0.7394285714285714,0.2904268210583008,0.9613270451010428,0.9314260247753091,0.7521114657338167,0.7322283195826805,0.27505115332296376,0.3456185637969129,0.07056741047394915,0.5871171671436505,0.13337987413496527,0.5019243664380336,0.6188470835578462,0.4490017503702706,0.05266461999963212,152.40381527499812,2893.8557854601954,0.08517673888255416,0.6426667222484317,3.4999385388500555
numerical_feature_transformer,42,NF-CSE-CIC-IDS2018,dc_ssd,dc_ssd,0.04578238984309708,0.08557860792913134,0.06612755636323299,False,False,weights_changed,False,,0.8806198721602098,0.8688918501856518,0.9734773462544761,0.8993430408727247,0.8545744074807723,0.9506777317348286,0.8401380103507763,0.7357531760435572,0.2904268210583008,0.9613270451010428,0.9395135607846916,0.7521114657338167,0.7322283195826805,0.331105020978091,0.3456185637969129,0.01451354281882189,0.5905343641877749,0.13814490701436005,0.42935881291473205,0.6568537637855506,0.44532635498525636,0.051810249000482145,152.40381527499812,2941.5765840766344,0.09213226909920183,0.360233430393334,3.841619509568705
numerical_feature_transformer,42,NF-CSE-CIC-IDS2018,scrub_r,scrub_r,0.04578238984309708,0.12226251568941636,0.06612755636323299,False,False,,,,0.8806198721602098,0.9524206184500835,0.9734773462544761,0.8993430408727247,0.8905707687861563,0.9506777317348286,0.8401380103507763,0.5937075160225287,0.2904268210583008,0.9613270451010428,0.9489553752828315,0.7521114657338167,0.7322283195826805,0.43075918862610824,0.3456185637969129,0.08514062482919532,0.6803212165221477,0.10132568969119637,0.29628293768649994,0.5945421969554984,0.3032806949642279,127.15446186599911,152.40381527499812,1.1985722957611025,,,2.8204263507000507
numerical_feature_transformer,42,NF-CSE-CIC-IDS2018,scrub_r@lr=0.0001,scrub_r,0.04578238984309708,0.12883953146776214,0.06612755636323299,False,False,,,,0.8806198721602098,0.9515048020973124,0.9734773462544761,0.8993430408727247,0.7895956590591121,0.9506777317348286,0.8401380103507763,0.36799810919404397,0.2904268210583008,0.9613270451010428,0.8934568592065253,0.7521114657338167,0.7322283195826805,0.36210518029793126,0.3456185637969129,0.016486616501018347,0.553030626628508,0.1546766867314733,0.3333037429930743,0.6308262765417018,0.07757128813574315,126.94039402199996,152.40381527499812,1.2005935261913958,,,0.4045158386012828
numerical_feature_transformer,42,NF-CSE-CIC-IDS2018,scrub_r@lr=0.001,scrub_r,0.04578238984309708,0.126583098304787,0.06612755636323299,False,False,,,,0.8806198721602098,0.9572266337586167,0.9734773462544761,0.8993430408727247,0.8859367174574749,0.9506777317348286,0.8401380103507763,0.32410472464640383,0.2904268210583008,0.9613270451010428,0.7925030786130991,0.7521114657338167,0.7322283195826805,0.3372323047243324,0.3456185637969129,0.008386259072580504,0.7350817991542438,0.08303113807922168,0.5108026019354913,0.7043273155047366,0.03367790358810302,126.62947113200062,152.40381527499812,1.203541434016809,,,5.866436090258769
mlp,1337,NF-UNSW-NB15,rollback_repair,rollback_repair,0.1770637931738741,0.6521042719050874,0.23905335588335813,False,False,,,,0.753702657012771,0.621770726020278,0.7557484740411211,0.7839283236970808,0.4464257654831559,0.7658456336331391,0.993142144638404,0.022743031479683817,0.05748941815654811,0.999875813613865,0.07927061539051537,0.26953430941687995,0.4857323481448765,0.48561379882318984,0.5056402310962438,0.02002643227305395,0.5125345534267467,0.08509957025958026,0.33719027990780903,0.47790628010572017,0.03474638667686429,1.7056655310007045,68.5253327169994,40.17512898721473,,,10.327652888907377
mlp,1337,NF-UNSW-NB15,ssd_canonical,ssd_canonical,0.1770637931738741,0.1770637931738741,0.23905335588335813,True,True,no_parameters_selected,True,3.5252324037184595,0.753702657012771,0.753702657012771,0.7557484740411211,0.7839283236970808,0.7839283236970808,0.7658456336331391,0.993142144638404,0.993142144638404,0.05748941815654811,0.999875813613865,0.999875813613865,0.26953430941687995,0.4857323481448765,0.4857323481448765,0.5056402310962438,0.019907882951367306,0.28943856639023924,0.3463610936167336,0.28758942153183803,0.8812564991023226,0.9356527264818559,2.9853254059999017,68.5253327169994,22.95405806659378,0.0,0.5104859681911551,0.0
mlp,1337,NF-UNSW-NB15,ssd_canonical@alpha=1,ssd_canonical,0.1770637931738741,0.17598237973930939,0.23905335588335813,False,False,weights_changed,False,3.5252324037184595,0.753702657012771,0.7540755407808231,0.7557484740411211,0.7839283236970808,0.7790174505635442,0.7658456336331391,0.993142144638404,0.9657380723663145,0.05748941815654811,0.999875813613865,0.9996329101902073,0.26953430941687995,0.4857323481448765,0.4870776115072113,0.5056402310962438,0.018562619589032492,0.29310837861023736,0.3421249479839816,0.2854031595843831,0.880224884883244,0.9082486542097664,3.2685197800001333,68.5253327169994,20.9652495102834,0.045663175238319406,0.5104859681911551,1.142294258180124
mlp,1337,NF-UNSW-NB15,ssd_canonical@alpha=2,ssd_canonical,0.1770637931738741,0.17575565566968046,0.23905335588335813,False,False,weights_changed,False,3.5252324037184595,0.753702657012771,0.753360594051335,0.7557484740411211,0.7839283236970808,0.7795616568862268,0.7658456336331391,0.993142144638404,0.9713375796178344,0.05748941815654811,0.999875813613865,0.9996847081388283,0.26953430941687995,0.4857323481448765,0.4845161574637994,0.5056402310962438,0.021124073632444396,0.2923934801258221,0.34397398085559444,0.27221341303324786,0.8791265550471353,0.9138481614612863,3.0681844360005925,68.5253327169994,22.33416345932672,0.009356243380016477,0.5104859681911551,0.8200389212855027
mlp,1337,NF-UNSW-NB15,ssd_canonical@alpha=3,ssd_canonical,0.1770637931738741,0.1773187381016678,0.23905335588335813,False,False,weights_changed,False,3.5252324037184595,0.753702657012771,0.7537094565054668,0.7557484740411211,0.7839283236970808,0.7837613874387451,0.7658456336331391,0.993142144638404,0.993142144638404,0.05748941815654811,0.999875813613865,0.9998728537310866,0.26953430941687995,0.4857323481448765,0.4847437576054852,0.5056402310962438,0.02089647349075857,0.28943856639023924,0.34633932899283093,0.28546142213130477,0.8806522616792685,0.9356527264818559,3.0550802079997084,68.5253327169994,22.42996191640607,0.0013534188537130752,0.5104859681911551,0.36929572343898937
mlp,1337,NF-UNSW-NB15,ssd_canonical@alpha=5,ssd_canonical,0.1770637931738741,0.1770637931738741,0.23905335588335813,True,True,no_parameters_selected,True,3.5252324037184595,0.753702657012771,0.753702657012771,0.7557484740411211,0.7839283236970808,0.7839283236970808,0.7658456336331391,0.993142144638404,0.993142144638404,0.05748941815654811,0.999875813613865,0.999875813613865,0.26953430941687995,0.4857323481448765,0.4857323481448765,0.5056402310962438,0.019907882951367306,0.28943856639023924,0.3463610936167336,0.28758942153183803,0.8812564991023226,0.9356527264818559,3.2327951830011443,68.5253327169994,21.196929851084583,0.0,0.5104859681911551,0.0
mlp,1337,NF-UNSW-NB15,dc_ssd_no_contrast,dc_ssd_no_contrast,0.1770637931738741,0.15335707399620285,0.23905335588335813,False,False,weights_changed,False,,0.753702657012771,0.7611555598800797,0.7557484740411211,0.7839283236970808,0.7897591198112833,0.7658456336331391,0.993142144638404,0.980244590780809,0.05748941815654811,0.999875813613865,0.9994071869557193,0.26953430941687995,0.4857323481448765,0.4875769512313801,0.5056402310962438,0.01806327986486367,0.29120198265179675,0.3392220134807207,0.3281117543089262,0.8674347267359662,0.922755172624261,0.01903560800019477,68.5253327169994,3599.8499609940623,0.030481346357537954,0.2521290322643692,1.5153323707056547
mlp,1337,NF-UNSW-NB15,dc_ssd_no_class_balance,dc_ssd_no_class_balance,0.1770637931738741,0.17716141084642345,0.23905335588335813,False,False,weights_changed,False,,0.753702657012771,0.7538108832544955,0.7557484740411211,0.7839283236970808,0.7782037483524352,0.7658456336331391,0.993142144638404,0.9485677083333334,0.05748941815654811,0.999875813613865,0.9992040489137359,0.26953430941687995,0.4857323481448765,0.48572641065300853,0.5056402310962438,0.019913820443235253,0.2955390334572491,0.3415658010872055,0.2862248583595296,0.8806661915089893,0.8910782901767853,0.017540643999382155,68.5253327169994,3906.6600245357645,0.015181828880781453,0.2320458744429696,1.2887919431025285
mlp,1337,NF-UNSW-NB15,dc_ssd,dc_ssd,0.1770637931738741,0.16820243465160303,0.23905335588335813,False,False,weights_changed,False,,0.753702657012771,0.7596871234675927,0.7557484740411211,0.7839283236970808,0.7994452287973653,0.7658456336331391,0.993142144638404,0.9440993788819876,0.05748941815654811,0.999875813613865,0.9989060015870119,0.26953430941687995,0.4857323481448765,0.49377023425934147,0.5056402310962438,0.011869996836902319,0.29615861214374223,0.3346974257284007,0.35082489177824583,0.8596766511320734,0.8866099607254395,0.01980208300119557,68.5253327169994,3460.5113367549325,0.04448628927856891,0.2191404490483957,2.3912776381091345
mlp,1337,NF-UNSW-NB15,scrub_r,scrub_r,0.1770637931738741,0.28732442762820504,0.23905335588335813,False,False,,,,0.753702657012771,0.6879600014144142,0.7557484740411211,0.7839283236970808,0.755480048800449,0.7658456336331391,0.993142144638404,0.15532286212914484,0.05748941815654811,0.999875813613865,0.429993640756196,0.26953430941687995,0.4857323481448765,0.5135705665450027,0.5056402310962438,0.007930335448758874,0.6638547326279668,0.17649868749905073,0.26532831307181554,0.5604603110195078,0.09783344397259673,56.615014402999805,68.5253327169994,1.210373845870973,,,4.906393219506911
mlp,1337,NF-UNSW-NB15,scrub_r@lr=0.0001,scrub_r,0.1770637931738741,0.32865933573636125,0.23905335588335813,False,False,,,,0.753702657012771,0.7785750295939163,0.7557484740411211,0.7839283236970808,0.8087865077776253,0.7658456336331391,0.993142144638404,0.14317013190252628,0.05748941815654811,0.999875813613865,0.28103028500582583,0.26953430941687995,0.4857323481448765,0.511249761015024,0.5056402310962438,0.005609529918780165,0.6837289104947097,0.20793712014778878,0.3311111272767907,0.7339049306393388,0.08568071374597817,56.63952717600114,68.5253327169994,1.2098500134731778,,,0.825310214478708
mlp,1337,NF-UNSW-NB15,scrub_r@lr=0.001,scrub_r,0.1770637931738741,0.32070642914125447,0.23905335588335813,False,False,,,,0.753702657012771,0.6390851697103624,0.7557484740411211,0.7839283236970808,0.6890310127639602,0.7658456336331391,0.993142144638404,0.1361647636324832,0.05748941815654811,0.999875813613865,0.37166459818046993,0.26953430941687995,0.4857323481448765,0.5092757659074877,0.5056402310962438,0.003635534811243901,0.6707177580783529,0.17987767048522618,0.24405739697568224,0.5402153638158471,0.07867534547593509,55.99832272099957,68.5253327169994,1.2237033073010624,,,9.91781972139887
mlp,1337,NF-ToN-IoT,rollback_repair,rollback_repair,0.1203877720654166,1.9508246763630768,0.21207910880757375,False,False,,,,0.8567205077770813,0.0,0.865085871376636,0.8832195071968917,0.892972564610675,0.8889555743236631,0.684088592345473,0.0,0.052128583840139006,0.7020022631144319,0.5581433761090548,0.4412793826297854,0.7973155431755871,0.5602905180767848,0.5138362679227721,0.04645425015401261,0.9531285812514325,0.03059680100112833,0.2852465008315947,0.3491191612327811,0.052128583840139006,2.1175582949999807,86.38973614199858,40.79686322968472,,,36.58169182713117
mlp,1337,NF-ToN-IoT,ssd_canonical,ssd_canonical,0.1203877720654166,0.1203877720654166,0.21207910880757375,True,True,no_parameters_selected,True,9.21701388888889,0.8567205077770813,0.8567205077770813,0.865085871376636,0.8832195071968917,0.8832195071968917,0.8889555743236631,0.684088592345473,0.684088592345473,0.052128583840139006,0.7020022631144319,0.7020022631144319,0.4412793826297854,0.7973155431755871,0.7973155431755871,0.5138362679227721,0.2834792752528149,0.4981663992665597,0.18726310589936657,0.7316070322725012,0.7995353649470213,0.6319600085053341,1.1656557000005705,86.38973614199858,74.11256698007507,0.0,0.9681382192485114,0.0
mlp,1337,NF-ToN-IoT,ssd_canonical@alpha=1,ssd_canonical,0.1203877720654166,0.5962634066322142,0.21207910880757375,False,False,weights_changed,False,9.21701388888889,0.8567205077770813,0.32900690894881757,0.865085871376636,0.8832195071968917,0.49459818639988873,0.8889555743236631,0.684088592345473,0.1184086311530681,0.052128583840139006,0.7020022631144319,0.6256034033860264,0.4412793826297854,0.7973155431755871,0.5149824653787299,0.5138362679227721,0.001146197455957787,0.881388952555581,0.12834915504403646,0.4501058565625067,0.44367794751034895,0.0662800473129291,1.1941276109992032,86.38973614199858,72.3454807897045,0.980934447452042,0.9681382192485114,16.056348277020604
mlp,1337,NF-ToN-IoT,ssd_canonical@alpha=2,ssd_canonical,0.1203877720654166,1.229230422951274,0.21207910880757375,False,False,weights_changed,False,9.21701388888889,0.8567205077770813,0.0252977937390588,0.865085871376636,0.8832195071968917,0.26531905047932103,0.8889555743236631,0.684088592345473,0.008729680915111379,0.052128583840139006,0.7020022631144319,0.5034076534478107,0.4412793826297854,0.7973155431755871,0.42865680262247347,0.5138362679227721,0.08517946530029868,0.9635571854228742,0.07696316579606555,0.2220044394727707,0.36086333850942715,0.04339890292502763,1.21097003199975,86.38973614199858,71.33928491965887,0.9239731670001177,0.9681382192485114,15.96514312625828
mlp,1337,NF-ToN-IoT,ssd_canonical@alpha=3,ssd_canonical,0.1203877720654166,0.5976668523055786,0.21207910880757375,False,False,weights_changed,False,9.21701388888889,0.8567205077770813,0.4230389740585614,0.865085871376636,0.8832195071968917,0.4155958142169815,0.8889555743236631,0.684088592345473,0.8720662998816073,0.052128583840139006,0.7020022631144319,0.657092347484393,0.4412793826297854,0.7973155431755871,0.5171509488269163,0.5138362679227721,0.003314680904144107,0.11815264726105891,0.37176545404619865,0.32067570488179675,0.359499537365873,0.8199377160414684,1.158077002999562,86.38973614199858,74.59757504746104,0.832999882311404,0.9681382192485114,15.590602608369286
mlp,1337,NF-ToN-IoT,ssd_canonical@alpha=5,ssd_canonical,0.1203877720654166,0.5091254328585163,0.21207910880757375,False,False,weights_changed,False,9.21701388888889,0.8567205077770813,0.5052571589442708,0.865085871376636,0.8832195071968917,0.878813934366641,0.8889555743236631,0.684088592345473,0.10430581213585334,0.052128583840139006,0.7020022631144319,0.41763417329031943,0.4412793826297854,0.7973155431755871,0.6478431275878584,0.5138362679227721,0.1340068596650863,0.9253953701581481,0.040694836795820345,0.3911732113350912,0.6078647460700142,0.052177228295714334,1.166160475999277,86.38973614199858,74.08048713704832,0.47352006590561374,0.9681382192485114,12.226705514395633
mlp,1337,NF-ToN-IoT,dc_ssd_no_contrast,dc_ssd_no_contrast,0.1203877720654166,0.4017735679704463,0.21207910880757375,False,False,weights_changed,False,,0.8567205077770813,0.5488237816178727,0.865085871376636,0.8832195071968917,0.7381771942813281,0.8889555743236631,0.684088592345473,0.028981132075471698,0.052128583840139006,0.7020022631144319,0.5078994943519848,0.4412793826297854,0.7973155431755871,0.4886272193679173,0.5138362679227721,0.02520904855485484,0.9418977767591107,0.0577248272211424,0.6906089025685612,0.5521340442206586,0.023147451764667308,0.025915037000231678,86.38973614199858,3333.575643408353,0.5014711074496881,0.9601289253076136,9.562980556754983
mlp,1337,NF-ToN-IoT,dc_ssd_no_class_balance,dc_ssd_no_class_balance,0.1203877720654166,1.386252872996928,0.21207910880757375,False,False,weights_changed,False,,0.8567205077770813,0.2919188514809445,0.865085871376636,0.8832195071968917,0.4745554407624848,0.8889555743236631,0.684088592345473,0.7998064984277997,0.052128583840139006,0.7020022631144319,0.641837696702754,0.4412793826297854,0.7973155431755871,0.42668733267355785,0.5138362679227721,0.0871489352492143,0.31343112537245016,0.13974268506385387,0.19122131160161848,0.26656151633256514,0.7476779145876608,0.025340256001072703,86.38973614199858,3409.189557451256,0.9415087678004002,0.6811876529847506,18.882512956668833
mlp,1337,NF-ToN-IoT,dc_ssd,dc_ssd,0.1203877720654166,0.6995880739359578,0.21207910880757375,False,False,weights_changed,False,,0.8567205077770813,0.27092873760877567,0.865085871376636,0.8832195071968917,0.6919737798479119,0.8889555743236631,0.684088592345473,0.03580490555398929,0.052128583840139006,0.7020022631144319,0.42707187283802106,0.4412793826297854,0.7973155431755871,0.42527007971151576,0.5138362679227721,0.08856618821125639,0.8943387577355031,0.09106707993835537,0.6251509259878018,0.42902142837305074,0.016323678286149716,0.025242951000109315,86.38973614199858,3422.3310951886915,0.6103330587266094,0.6194605983847236,13.43795113342513
mlp,1337,NF-ToN-IoT,scrub_r,scrub_r,0.1203877720654166,0.4112241682268515,0.21207910880757375,False,False,,,,0.8567205077770813,0.8800423430625327,0.865085871376636,0.8832195071968917,0.8780799366206345,0.8889555743236631,0.684088592345473,0.3932865135102964,0.052128583840139006,0.7020022631144319,0.7403951425142694,0.4412793826297854,0.7973155431755871,0.5682293620499387,0.5138362679227721,0.05439309412716653,0.7727481090992436,0.10002765466333124,0.4426538985274341,0.8052838926248164,0.3411579296701574,45.710307620000094,86.38973614199858,1.889939942215563,,,0.6774984861421239
mlp,1337,NF-ToN-IoT,scrub_r@lr=0.0001,scrub_r,0.1203877720654166,0.2992449083451888,0.21207910880757375,False,False,,,,0.8567205077770813,0.8684500308819376,0.865085871376636,0.8832195071968917,0.872892692136776,0.8889555743236631,0.684088592345473,0.3699616122840691,0.052128583840139006,0.7020022631144319,0.728529190371399,0.4412793826297854,0.7973155431755871,0.6368925718209756,0.5138362679227721,0.12305630389820343,0.7781343112537245,0.08170212961128204,0.7674451760760349,0.7959053030154948,0.3178330284439301,45.93344393000007,86.38973614199858,1.8807589579751864,,,0.1181048276598306
mlp,1337,NF-ToN-IoT,scrub_r@lr=0.001,scrub_r,0.1203877720654166,0.34938483182287994,0.21207910880757375,False,False,,,,0.8567205077770813,0.871930125160266,0.865085871376636,0.8832195071968917,0.8683399460097322,0.8889555743236631,0.684088592345473,0.4754240974336668,0.052128583840139006,0.7020022631144319,0.7378011993387845,0.4412793826297854,0.7973155431755871,0.5767840269547293,0.5138362679227721,0.06294775903195715,0.6988310795324318,0.12611566660029985,0.3008274311393615,0.7433042412665104,0.4232955135935278,46.44486947199948,86.38973614199858,1.8600490672943095,,,1.540328926115069
mlp,1337,NF-BoT-IoT,rollback_repair,rollback_repair,0.19527249655404505,1.4956663642729273,0.20122931442702768,False,False,,,,0.7536859328777322,0.0,0.7068202900557267,0.7874540321403583,0.6624429679124778,0.7497109219588193,0.9931923170435205,0.0,0.0142223642683073,0.9892986882840321,0.15634786421144928,0.050283191066731084,0.842463628545844,0.6981572596127039,0.5044101448019493,0.19374711481075457,0.992159858475394,0.014451201026509911,0.8551897528478166,0.38161813026844565,0.0142223642683073,1.6748244409991457,67.22586631100057,40.13905258684654,,,18.44650413754951
mlp,1337,NF-BoT-IoT,ssd_canonical,ssd_canonical,0.19527249655404505,0.19527249655404505,0.20122931442702768,True,True,no_parameters_selected,True,3.3901660280970627,0.7536859328777322,0.7536859328777322,0.7068202900557267,0.7874540321403583,0.7874540321403583,0.7497109219588193,0.9931923170435205,0.9931923170435205,0.0142223642683073,0.9892986882840321,0.9892986882840321,0.050283191066731084,0.842463628545844,0.842463628545844,0.5044101448019493,0.33805348374389466,0.021268896751367,0.6107423673387932,0.6322311799533559,0.9472693765791128,0.9789699527752133,3.2956283110015647,67.22586631100057,20.398497635969804,0.0,0.7743071793684237,0.0
mlp,1337,NF-BoT-IoT,ssd_canonical@alpha=1,ssd_canonical,0.19527249655404505,0.1952229508088953,0.20122931442702768,False,False,weights_changed,False,3.3901660280970627,0.7536859328777322,0.7559759797743834,0.7068202900557267,0.7874540321403583,0.7981527090135746,0.7497109219588193,0.9931923170435205,0.9933962646355792,0.0142223642683073,0.9892986882840321,0.9902046312700201,0.050283191066731084,0.842463628545844,0.848675666365532,0.5044101448019493,0.3442655215635827,0.020866838211643614,0.6113184365358852,0.63946273332794,0.9441191932210439,0.9791739003672719,3.1567479570003343,67.22586631100057,21.29592454852849,0.015652583264681653,0.7743071793684237,0.4549106841404212
mlp,1337,NF-BoT-IoT,ssd_canonical@alpha=2,ssd_canonical,0.19527249655404505,0.19533406447597565,0.20122931442702768,False,False,weights_changed,False,3.3901660280970627,0.7536859328777322,0.7537070662911503,0.7068202900557267,0.7874540321403583,0.787756563634978,0.7497109219588193,0.9931923170435205,0.9931923170435205,0.0142223642683073,0.9892986882840321,0.9893087543172099,0.050283191066731084,0.842463628545844,0.842214828133268,0.5044101448019493,0.33780468333131863,0.021268896751367,0.6107427861320592,0.6314765630109664,0.9471738449638991,0.9789699527752133,3.125980883000011,67.22586631100057,21.50552700964817,0.00023537719195010004,0.7743071793684237,0.11246592722599379
mlp,1337,NF-BoT-IoT,ssd_canonical@alpha=3,ssd_canonical,0.19527249655404505,0.19527249655404505,0.20122931442702768,True,True,no_parameters_selected,False,3.3901660280970627,0.7536859328777322,0.7536859328777322,0.7068202900557267,0.7874540321403583,0.7874540321403583,0.7497109219588193,0.9931923170435205,0.9931923170435205,0.0142223642683073,0.9892986882840321,0.9892986882840321,0.050283191066731084,0.842463628545844,0.842463628545844,0.5044101448019493,0.33805348374389466,0.021268896751367,0.6107423673387932,0.6322311799533559,0.9472693765791128,0.9789699527752133,3.0696259119995375,67.22586631100057,21.90034494047192,0.0,0.7743071793684237,0.0
mlp,1337,NF-BoT-IoT,ssd_canonical@alpha=5,ssd_canonical,0.19527249655404505,0.19527249655404505,0.20122931442702768,True,True,no_parameters_selected,True,3.3901660280970627,0.7536859328777322,0.7536859328777322,0.7068202900557267,0.7874540321403583,0.7874540321403583,0.7497109219588193,0.9931923170435205,0.9931923170435205,0.0142223642683073,0.9892986882840321,0.9892986882840321,0.050283191066731084,0.842463628545844,0.842463628545844,0.5044101448019493,0.33805348374389466,0.021268896751367,0.6107423673387932,0.6322311799533559,0.9472693765791128,0.9789699527752133,3.1225120079998305,67.22586631100057,21.52941802586151,0.0,0.7743071793684237,0.0
mlp,1337,NF-BoT-IoT,dc_ssd_no_contrast,dc_ssd_no_contrast,0.19527249655404505,0.2746917474518817,0.20122931442702768,False,False,weights_changed,False,,0.7536859328777322,0.6445884876870772,0.7068202900557267,0.7874540321403583,0.7701413901011415,0.7497109219588193,0.9931923170435205,0.8363653391398,0.0142223642683073,0.9892986882840321,0.7766805801614144,0.050283191066731084,0.842463628545844,0.8604613417603363,0.5044101448019493,0.35605119695838694,0.28690897394660664,0.40897443216145674,0.925502205107148,0.8486543579477193,0.8221429748714928,0.027220119000048726,67.22586631100057,2469.712432590035,0.21895963281158057,0.7585345092244219,6.37112086471099
mlp,1337,NF-BoT-IoT,dc_ssd_no_class_balance,dc_ssd_no_class_balance,0.19527249655404505,0.19563874100474793,0.20122931442702768,False,False,weights_changed,False,,0.7536859328777322,0.7534845494795713,0.7068202900557267,0.7874540321403583,0.7878209327738223,0.7497109219588193,0.9931923170435205,0.9932127155216078,0.0142223642683073,0.9892986882840321,0.9891342764087973,0.050283191066731084,0.842463628545844,0.842218486743856,0.5044101448019493,0.3378083419419067,0.02122869089739466,0.6108637052248402,0.6324108668084544,0.9470119548335815,0.9789903512533006,0.016879439001058927,67.22586631100057,3982.7073818497865,0.001000353065787925,0.6462386601058997,0.23947318173556117
mlp,1337,NF-BoT-IoT,dc_ssd,dc_ssd,0.19527249655404505,0.26307967172577734,0.20122931442702768,False,False,weights_changed,False,,0.7536859328777322,0.6316929747405143,0.7068202900557267,0.7874540321403583,0.7770663037276874,0.7497109219588193,0.9931923170435205,0.988295165394402,0.0142223642683073,0.9892986882840321,0.8726915230579267,0.050283191066731084,0.842463628545844,0.7755930086523112,0.5044101448019493,0.27118286385036183,0.029591508523641043,0.5353647334485901,0.8986192853100122,0.7839830245046828,0.9740728011260947,0.024630865000290214,67.22586631100057,2729.334366056916,0.29781099211486406,0.5754473556827391,9.28698617358825
mlp,1337,NF-BoT-IoT,scrub_r,scrub_r,0.19527249655404505,0.3470148477131023,0.20122931442702768,False,False,,,,0.7536859328777322,0.7594873476654241,0.7068202900557267,0.7874540321403583,0.8251331003369676,0.7497109219588193,0.9931923170435205,0.05190121520972168,0.0142223642683073,0.9892986882840321,0.1809749736046241,0.050283191066731084,0.842463628545844,0.37611237647299534,0.5044101448019493,0.128297768328954,0.978248633000965,0.018904831040369507,0.8798783329525314,0.6869007570165406,0.03767885094141438,57.12026325700026,67.22586631100057,1.17691800558643,,,5.2502505760712195
mlp,1337,NF-BoT-IoT,scrub_r@lr=0.0001,scrub_r,0.19527249655404505,0.19526310396246924,0.20122931442702768,False,False,,,,0.7536859328777322,0.7560266869400486,0.7068202900557267,0.7874540321403583,0.8215381541288825,0.7497109219588193,0.9931923170435205,0.02126473399171711,0.0142223642683073,0.9892986882840321,0.05955624451960415,0.050283191066731084,0.842463628545844,0.32966478112037,0.5044101448019493,0.17474536368157934,0.9951350916693471,0.013226027789424563,0.8302500215880643,0.9252689721510364,0.007042369723409809,58.23378127700016,67.22586631100057,1.1544135523542225,,,0.4141595123099255
mlp,1337,NF-BoT-IoT,scrub_r@lr=0.001,scrub_r,0.19527249655404505,0.34377261444458096,0.20122931442702768,False,False,,,,0.7536859328777322,0.7677402904438644,0.7068202900557267,0.7874540321403583,0.8355784711115426,0.7497109219588193,0.9931923170435205,0.37546589943111225,0.0142223642683073,0.9892986882840321,0.30827450296165065,0.050283191066731084,0.842463628545844,0.3549844314950038,0.5044101448019493,0.14942571330694554,0.774002894821486,0.09784073791248679,0.863843734350322,0.7148249419694185,0.36124353516280494,57.13757950699983,67.22586631100057,1.1765613260317553,,,5.342499620788566
mlp,1337,NF-CSE-CIC-IDS2018,rollback_repair,rollback_repair,0.05038993252837106,5.756586918848165,0.06065045060081037,False,False,,,,0.8901410180091326,0.6649624946369137,0.9606337063824296,0.8970589216707764,0.24506372841476987,0.9354519166472003,0.5838270616493194,0.2476140574123283,0.23103927932701862,0.6604840196927781,0.1759558362101441,0.5170749268835029,0.77972563447647,0.6995099441192549,0.4461011483134457,0.2534087958058092,0.503566699414805,0.2993944352940231,0.3116215318432639,0.25639955689951976,0.016574778085309688,1.6212159730002895,65.57485293999707,40.44794403218316,,,51.05868782885224
mlp,1337,NF-CSE-CIC-IDS2018,ssd_canonical,ssd_canonical,0.05038993252837106,0.05038993252837106,0.06065045060081037,True,True,no_parameters_selected,True,3.19626730885009,0.8901410180091326,0.8901410180091326,0.9606337063824296,0.8970589216707764,0.8970589216707764,0.9354519166472003,0.5838270616493194,0.5838270616493194,0.23103927932701862,0.6604840196927781,0.6604840196927781,0.5170749268835029,0.77972563447647,0.77972563447647,0.4461011483134457,0.3336244861630243,0.5694331724403059,0.15082099207263686,0.7798348798190036,0.8287108630560903,0.3527877823223008,3.2467997210005706,65.57485293999707,20.19676560763926,0.0,0.9559790575439648,0.0
mlp,1337,NF-CSE-CIC-IDS2018,ssd_canonical@alpha=1,ssd_canonical,0.05038993252837106,0.0837898610997062,0.06065045060081037,False,False,weights_changed,False,3.19626730885009,0.8901410180091326,0.9577571435009685,0.9606337063824296,0.8970589216707764,0.8905457634228506,0.9354519166472003,0.5838270616493194,0.48689983703146544,0.23103927932701862,0.6604840196927781,0.6538051149638611,0.5170749268835029,0.77972563447647,0.7331961187256689,0.4461011483134457,0.2870949704122232,0.6304301396779292,0.09848739747247115,0.8299948641394966,0.7987245175162144,0.2558605577044468,3.3473087239999586,65.57485293999707,19.590321164531428,0.539896434035542,0.9559790575439648,4.6624244433388045
mlp,1337,NF-CSE-CIC-IDS2018,ssd_canonical@alpha=2,ssd_canonical,0.05038993252837106,0.049854468324798465,0.06065045060081037,False,False,weights_changed,False,3.19626730885009,0.8901410180091326,0.8835197118687592,0.9606337063824296,0.8970589216707764,0.8546506048351351,0.9354519166472003,0.5838270616493194,0.5743354118805383,0.23103927932701862,0.6604840196927781,0.649777211448104,0.5170749268835029,0.77972563447647,0.6906100852214339,0.4461011483134457,0.24450893690798814,0.5635812225022425,0.14961052142259815,0.8419910935414504,0.7910964900654028,0.34329613255351965,3.347585124000034,65.57485293999707,19.58870365083998,0.052489113804872305,0.9559790575439648,2.3658687565697534
mlp,1337,NF-CSE-CIC-IDS2018,ssd_canonical@alpha=3,ssd_canonical,0.05038993252837106,0.050414503099243925,0.06065045060081037,False,False,weights_changed,False,3.19626730885009,0.8901410180091326,0.8901214974228777,0.9606337063824296,0.8970589216707764,0.8967203889933284,0.9354519166472003,0.5838270616493194,0.5837335894972783,0.23103927932701862,0.6604840196927781,0.6618552303280187,0.5170749268835029,0.77972563447647,0.7947897386910694,0.4461011483134457,0.3486885903776237,0.5694758874033574,0.15093803633827227,0.7766904019249596,0.8281920733045766,0.35269431017025965,3.3074113200000284,65.57485293999707,19.826639808439825,0.00023537719195010004,0.9559790575439648,0.22317472958890766
mlp,1337,NF-CSE-CIC-IDS2018,ssd_canonical@alpha=5,ssd_canonical,0.05038993252837106,0.05038993252837106,0.06065045060081037,True,True,no_parameters_selected,True,3.19626730885009,0.8901410180091326,0.8901410180091326,0.9606337063824296,0.8970589216707764,0.8970589216707764,0.9354519166472003,0.5838270616493194,0.5838270616493194,0.23103927932701862,0.6604840196927781,0.6604840196927781,0.5170749268835029,0.77972563447647,0.77972563447647,0.4461011483134457,0.3336244861630243,0.5694331724403059,0.15082099207263686,0.7798348798190036,0.8287108630560903,0.3527877823223008,3.3683275759995013,65.57485293999707,19.468074722672633,0.0,0.9559790575439648,0.0
mlp,1337,NF-CSE-CIC-IDS2018,dc_ssd_no_contrast,dc_ssd_no_contrast,0.05038993252837106,0.052803767323352194,0.06065045060081037,False,False,weights_changed,False,,0.8901410180091326,0.8941089610693589,0.9606337063824296,0.8970589216707764,0.9109874858622841,0.9354519166472003,0.5838270616493194,0.5941449368101104,0.23103927932701862,0.6604840196927781,0.6539600681640699,0.5170749268835029,0.77972563447647,0.7005326322673133,0.4461011483134457,0.2544314839538676,0.5695186023664089,0.13913407587814414,0.7805290029941248,0.8096609691566395,0.36310565748309176,0.02335690400104795,65.57485293999707,2807.514768954607,0.048664234435683185,0.6106903427178243,2.495023675914929
mlp,1337,NF-CSE-CIC-IDS2018,dc_ssd_no_class_balance,dc_ssd_no_class_balance,0.05038993252837106,0.05643171502547074,0.06065045060081037,False,False,weights_changed,False,,0.8901410180091326,0.8848977841170539,0.9606337063824296,0.8970589216707764,0.8532297613159519,0.9354519166472003,0.5838270616493194,0.49679098005203814,0.23103927932701862,0.6604840196927781,0.617146829860078,0.5170749268835029,0.77972563447647,0.7728062997332442,0.4461011483134457,0.3267051514197985,0.5487591303233522,0.14593099091685877,0.7930203567158932,0.8192001976710177,0.2657517007250195,0.022071154999139253,65.57485293999707,2971.0657617399,0.06261033305872661,0.6903506700392549,3.2927207903191507
mlp,1337,NF-CSE-CIC-IDS2018,dc_ssd,dc_ssd,0.05038993252837106,0.04976833794709716,0.06065045060081037,False,False,weights_changed,False,,0.8901410180091326,0.9117639984245046,0.9606337063824296,0.8970589216707764,0.9139885202670005,0.9354519166472003,0.5838270616493194,0.6008403361344538,0.23103927932701862,0.6604840196927781,0.6672927049636332,0.5170749268835029,0.77972563447647,0.6784057738332228,0.4461011483134457,0.23230462551977704,0.5658024005809235,0.1315568688282053,0.725373322299654,0.8170217884051177,0.36980105680743514,0.024216769999839016,65.57485293999707,2707.8282091473384,0.07726256325762033,0.5510546400530701,3.9421184460092356
mlp,1337,NF-CSE-CIC-IDS2018,scrub_r,scrub_r,0.05038993252837106,0.15405293572544299,0.06065045060081037,False,False,,,,0.8901410180091326,0.7285207050098617,0.9606337063824296,0.8970589216707764,0.7557441820974559,0.9354519166472003,0.5838270616493194,0.2970873786407767,0.23103927932701862,0.6604840196927781,0.5926816751649201,0.5170749268835029,0.77972563447647,0.4240616261293211,0.4461011483134457,0.022039522184124638,0.3686301311349366,0.2583900254869291,0.590893032093478,0.6077095841324319,0.0660480993137581,58.25787784700151,65.57485293999707,1.125596320418873,,,4.786488306476626
mlp,1337,NF-CSE-CIC-IDS2018,scrub_r@lr=0.0001,scrub_r,0.05038993252837106,0.1726132828228144,0.06065045060081037,False,False,,,,0.8901410180091326,0.9334978282755383,0.9606337063824296,0.8970589216707764,0.8725814843953509,0.9354519166472003,0.5838270616493194,0.3579155672823219,0.23103927932701862,0.6604840196927781,0.7382794509124442,0.5170749268835029,0.77972563447647,0.32154911114255047,0.4461011483134457,0.12455203717089525,0.7933022937935159,0.07463817835263446,0.7050796698291398,0.7704423909661208,0.12687628795530326,58.30254552600127,65.57485293999707,1.1247339605567062,,,0.36962188393726464
mlp,1337,NF-CSE-CIC-IDS2018,scrub_r@lr=0.001,scrub_r,0.05038993252837106,0.11515148713240851,0.06065045060081037,False,False,,,,0.8901410180091326,0.8276197050586805,0.9606337063824296,0.8970589216707764,0.8182882914488463,0.9354519166472003,0.5838270616493194,0.26509115462525323,0.23103927932701862,0.6604840196927781,0.5457626220731071,0.5170749268835029,0.77972563447647,0.43988668077101223,0.4461011483134457,0.006214467542433488,0.30344709751826066,0.2694452875037124,0.7036204940271132,0.6089641318225912,0.03405187529823461,58.468456679000155,65.57485293999707,1.121542395073159,,,5.169220918606382
numerical_feature_transformer,1337,NF-UNSW-NB15,rollback_repair,rollback_repair,0.139175936259395,0.6696115613520291,0.1479589497146789,False,False,,,,0.8238047093638206,0.7001555508179528,0.7275186401060173,0.8905596918904707,0.6753223015743636,0.8437247931651335,0.9931077694235589,0.142034888869211,0.09258716671549956,0.999872145933031,0.8562578292116751,0.3708139696944037,0.4827701226835093,0.5083838684814435,0.5143848124201131,0.006000943938669678,0.41154322752835765,0.08677086277037013,0.1775810298947212,0.347423077880747,0.049447722153711446,3.9576092249990324,157.57671193100032,39.81613721123233,,,18.182886880001504
numerical_feature_transformer,1337,NF-UNSW-NB15,ssd_canonical,ssd_canonical,0.139175936259395,0.139175936259395,0.1479589497146789,True,True,no_parameters_selected,True,3.5252324037184595,0.8238047093638206,0.8238047093638206,0.7275186401060173,0.8905596918904707,0.8905596918904707,0.8437247931651335,0.9931077694235589,0.9931077694235589,0.09258716671549956,0.999872145933031,0.999872145933031,0.3708139696944037,0.4827701226835093,0.4827701226835093,0.5143848124201131,0.03161468973660386,0.5580497569345153,0.2325882170262393,0.08465232808734861,0.6310083093779922,0.9005206027080593,10.210325929001556,157.57671193100032,15.433073638072333,0.0,0.5892427232137193,0.0
numerical_feature_transformer,1337,NF-UNSW-NB15,ssd_canonical@alpha=1,ssd_canonical,0.139175936259395,0.13916254675356357,0.1479589497146789,False,False,weights_changed,False,3.5252324037184595,0.8238047093638206,0.8703361635435293,0.7275186401060173,0.8905596918904707,0.9079569026545968,0.8437247931651335,0.9931077694235589,0.9918444165621079,0.09258716671549956,0.999872145933031,0.9998890365684509,0.3708139696944037,0.4827701226835093,0.4817221572254382,0.5143848124201131,0.03266265519467493,0.5582403965303594,0.23069907151078986,0.09234365667576276,0.5683551437569374,0.8992572498466083,10.176293516999067,157.57671193100032,15.484686213872969,0.033409350057012545,0.5892427232137193,0.5642319026562991
numerical_feature_transformer,1337,NF-UNSW-NB15,ssd_canonical@alpha=2,ssd_canonical,0.139175936259395,0.14059759111761758,0.1479589497146789,False,False,weights_changed,False,3.5252324037184595,0.8238047093638206,0.8155189175315837,0.7275186401060173,0.8905596918904707,0.8884479929225816,0.8437247931651335,0.9931077694235589,0.9927922281416484,0.09258716671549956,0.999872145933031,0.9998664192033077,0.3708139696944037,0.4827701226835093,0.4821787314124942,0.5143848124201131,0.03220608100761896,0.5580974168334764,0.2323369967234944,0.09477265763035277,0.6205236984228707,0.9002050614261488,10.126217418001033,157.57671193100032,15.561260974989688,0.0053591790193842645,0.5892427232137193,0.3305829183491786
numerical_feature_transformer,1337,NF-UNSW-NB15,ssd_canonical@alpha=3,ssd_canonical,0.139175936259395,0.13917580139655475,0.1479589497146789,False,False,weights_changed,False,3.5252324037184595,0.8238047093638206,0.8144596811467486,0.7275186401060173,0.8905596918904707,0.8874046383548543,0.8437247931651335,0.9931077694235589,0.9937382592360676,0.09258716671549956,0.999872145933031,0.9998708268548363,0.3708139696944037,0.4827701226835093,0.48295294841810066,0.5143848124201131,0.03143186400201248,0.5579544371365933,0.23266289623088554,0.08661904401794442,0.6289849802013597,0.901151092520568,10.080506907999734,157.57671193100032,15.631824209747814,0.0009122006841505131,0.5892427232137193,0.056648572413518374
numerical_feature_transformer,1337,NF-UNSW-NB15,ssd_canonical@alpha=5,ssd_canonical,0.139175936259395,0.139175936259395,0.1479589497146789,True,True,no_parameters_selected,True,3.5252324037184595,0.8238047093638206,0.8238047093638206,0.7275186401060173,0.8905596918904707,0.8905596918904707,0.8437247931651335,0.9931077694235589,0.9931077694235589,0.09258716671549956,0.999872145933031,0.999872145933031,0.3708139696944037,0.4827701226835093,0.4827701226835093,0.5143848124201131,0.03161468973660386,0.5580497569345153,0.2325882170262393,0.08465232808734861,0.6310083093779922,0.9005206027080593,10.142574601999513,157.57671193100032,15.536164939810801,0.0,0.5892427232137193,0.0
numerical_feature_transformer,1337,NF-UNSW-NB15,dc_ssd_no_contrast,dc_ssd_no_contrast,0.139175936259395,0.16023523718940896,0.1479589497146789,False,False,weights_changed,False,,0.8238047093638206,0.879258614711377,0.7275186401060173,0.8905596918904707,0.905824759477505,0.8437247931651335,0.9931077694235589,0.6040034812880766,0.09258716671549956,0.999872145933031,0.9997471874035625,0.3708139696944037,0.4827701226835093,0.48592105567253785,0.5143848124201131,0.028463756747575286,0.5807358688399581,0.21538523369812806,0.1454240250082064,0.5282997498652453,0.511416314572577,0.04144587699920521,157.57671193100032,3801.9876364064417,0.018472063854047892,0.33073456870271195,0.9427742834286937
numerical_feature_transformer,1337,NF-UNSW-NB15,dc_ssd_no_class_balance,dc_ssd_no_class_balance,0.139175936259395,0.15292620053482597,0.1479589497146789,False,False,weights_changed,False,,0.8238047093638206,0.8050634378713525,0.7275186401060173,0.8905596918904707,0.890468658022054,0.8437247931651335,0.9931077694235589,0.8869625520110958,0.09258716671549956,0.999872145933031,0.9980472012506663,0.3708139696944037,0.4827701226835093,0.48387674268913916,0.5143848124201131,0.030508069730973975,0.5716804880373654,0.2215159513140803,0.12314936024077502,0.5988018690522199,0.7943753852955961,0.03936711400092463,157.57671193100032,4002.7499076335453,0.009464082098061573,0.3381470858951479,0.7080514590105408
numerical_feature_transformer,1337,NF-UNSW-NB15,dc_ssd,dc_ssd,0.139175936259395,0.14539376462867337,0.1479589497146789,False,False,weights_changed,False,,0.8238047093638206,0.8902211840351265,0.7275186401060173,0.8905596918904707,0.9017556621408263,0.8437247931651335,0.9931077694235589,0.7066881547139404,0.09258716671549956,0.999872145933031,0.9967213828881197,0.3708139696944037,0.4827701226835093,0.4871439376358828,0.5143848124201131,0.027240874784230318,0.5868363359069679,0.2113974070202353,0.18828328300830005,0.5243969820243243,0.6141009879984408,0.04236294900147186,157.57671193100032,3719.6823083663385,0.026453819840364882,0.27801130401153024,1.4260161356600332
numerical_feature_transformer,1337,NF-UNSW-NB15,scrub_r,scrub_r,0.139175936259395,0.23361326453317335,0.1479589497146789,False,False,,,,0.8238047093638206,0.5919330146856322,0.7275186401060173,0.8905596918904707,0.7289115296738462,0.8437247931651335,0.9931077694235589,0.13159144893111638,0.09258716671549956,0.999872145933031,0.6203373320491732,0.3708139696944037,0.4827701226835093,0.5086578842881384,0.5143848124201131,0.005726928131974729,0.4158326184348489,0.2516909207966173,0.19942918893070838,0.4745382047695206,0.03900428221561682,122.25361970099948,157.57671193100032,1.2889328947183072,,,5.1000997230128196
numerical_feature_transformer,1337,NF-UNSW-NB15,scrub_r@lr=0.0001,scrub_r,0.139175936259395,0.2720301799039452,0.1479589497146789,False,False,,,,0.8238047093638206,0.6652976640178374,0.7275186401060173,0.8905596918904707,0.7661066544050822,0.8437247931651335,0.9931077694235589,0.14184016118200135,0.09258716671549956,0.999872145933031,0.20893751404335686,0.3708139696944037,0.4827701226835093,0.5045802012785237,0.5143848124201131,0.009804611141589481,0.42264798398627396,0.30644740663143943,0.06597419426312238,0.45006397886651106,0.04925299446650179,121.66931604800084,157.57671193100032,1.2951228547124678,,,0.836222750408485
numerical_feature_transformer,1337,NF-UNSW-NB15,scrub_r@lr=0.001,scrub_r,0.139175936259395,0.2676300087713721,0.1479589497146789,False,False,,,,0.8238047093638206,0.6690922792496655,0.7275186401060173,0.8905596918904707,0.7305493140984364,0.8437247931651335,0.9931077694235589,0.2983109075293444,0.09258716671549956,0.999872145933031,0.7720086909879806,0.3708139696944037,0.4827701226835093,0.5039732551898506,0.5143848124201131,0.010411557230262547,0.6973119816985988,0.10328356826161705,0.31434421474340996,0.552260255273821,0.20572374081384487,121.98787172199991,157.57671193100032,1.2917408075624468,,,10.395798026066714
numerical_feature_transformer,1337,NF-ToN-IoT,rollback_repair,rollback_repair,0.08543024244868677,0.748163501343281,0.08609639749281271,False,False,,,,0.9158165332446871,0.0,0.9721295986352345,0.9815575856235933,0.555551491818237,0.9279026185950229,0.7170722977809592,0.0,0.9141410488245931,0.7268784647336628,0.20614777307233562,0.7196526774651765,0.8058510402180233,0.6745951201130882,0.519979682722563,0.1546154373905252,0.16021086408434562,0.2885629210032298,0.3855497100774135,0.3681460582753071,0.9141410488245931,4.961048873999971,198.81096176600477,40.07438080441816,,,35.906965385146364
numerical_feature_transformer,1337,NF-ToN-IoT,ssd_canonical,ssd_canonical,0.08543024244868677,0.08543024244868677,0.08609639749281271,True,True,no_parameters_selected,True,9.21701388888889,0.9158165332446871,0.9158165332446871,0.9721295986352345,0.9815575856235933,0.9815575856235933,0.9279026185950229,0.7170722977809592,0.7170722977809592,0.9141410488245931,0.7268784647336628,0.7268784647336628,0.7196526774651765,0.8058510402180233,0.8058510402180233,0.519979682722563,0.28587135749546033,0.6700664680265872,0.13803102196228287,0.5979396120781282,0.8164920064917491,0.19706875104363397,3.94621234999795,198.81096176600477,50.38019856334088,0.0,0.9277890513431495,0.0
numerical_feature_transformer,1337,NF-ToN-IoT,ssd_canonical@alpha=1,ssd_canonical,0.08543024244868677,0.686744887667558,0.08609639749281271,False,False,weights_changed,False,9.21701388888889,0.9158165332446871,0.0,0.9721295986352345,0.9815575856235933,0.4889728585721726,0.9279026185950229,0.7170722977809592,0.0,0.9141410488245931,0.7268784647336628,0.27155895466955693,0.7196526774651765,0.8058510402180233,0.5743885694872637,0.519979682722563,0.05440888676470068,0.16021086408434562,0.19840034823493938,0.3603423390609453,0.4896394911297594,0.9141410488245931,3.978727503999835,198.81096176600477,49.96847900896432,0.9898517673888255,0.9277890513431495,12.900500020578587
numerical_feature_transformer,1337,NF-ToN-IoT,ssd_canonical@alpha=2,ssd_canonical,0.08543024244868677,0.6835322846110228,0.08609639749281271,False,False,weights_changed,False,9.21701388888889,0.9158165332446871,0.0,0.9721295986352345,0.9815575856235933,0.5240523298772158,0.9279026185950229,0.7170722977809592,0.0,0.9141410488245931,0.7268784647336628,0.23196584571282616,0.7196526774651765,0.8058510402180233,0.5459538566579579,0.519979682722563,0.025974173935394917,0.16021086408434562,0.1948451510320758,0.27597664581713105,0.5043667403416173,0.9141410488245931,4.040148980002414,198.81096176600477,49.20881946434708,0.958266818700114,0.9277890513431495,12.861672907891737
numerical_feature_transformer,1337,NF-ToN-IoT,ssd_canonical@alpha=3,ssd_canonical,0.08543024244868677,0.6683800003357406,0.08609639749281271,False,False,weights_changed,False,9.21701388888889,0.9158165332446871,0.4625912167941631,0.9721295986352345,0.9815575856235933,0.5235489468877349,0.9279026185950229,0.7170722977809592,0.851917636997566,0.9141410488245931,0.7268784647336628,0.17234917340805325,0.7196526774651765,0.8058510402180233,0.6092610443003379,0.519979682722563,0.08928136157777489,0.837267934907174,0.16870797708329685,0.12835602656146364,0.42150980393595133,0.062223411827027175,3.939916029001324,198.81096176600477,50.46071040666282,0.8763968072976055,0.9277890513431495,12.498340068733256
numerical_feature_transformer,1337,NF-ToN-IoT,ssd_canonical@alpha=5,ssd_canonical,0.08543024244868677,0.5963860629478842,0.08609639749281271,False,False,weights_changed,False,9.21701388888889,0.9158165332446871,0.0958566260077978,0.9721295986352345,0.9815575856235933,0.8117303668602425,0.9279026185950229,0.7170722977809592,0.1942745969983324,0.9141410488245931,0.7268784647336628,0.7495479329832528,0.7196526774651765,0.8058510402180233,0.43628424598974697,0.519979682722563,0.08369543673281604,0.24031629612651845,0.33487119385447317,0.21069964941525807,0.42607773129712606,0.7198664518262607,3.933772374999535,198.81096176600477,50.5395185114208,0.42633979475484607,0.9277890513431495,9.318075924050069
numerical_feature_transformer,1337,NF-ToN-IoT,dc_ssd_no_contrast,dc_ssd_no_contrast,0.08543024244868677,0.3903893316784425,0.08609639749281271,False,False,weights_changed,False,,0.9158165332446871,0.6491994072517885,0.9721295986352345,0.9815575856235933,0.6755598115356428,0.9279026185950229,0.7170722977809592,0.08626068086260681,0.9141410488245931,0.7268784647336628,0.20669394087604914,0.7196526774651765,0.8058510402180233,0.710209500861247,0.519979682722563,0.190229818138684,0.1842768737107495,0.47826978397559183,0.1830872362506068,0.507405966473807,0.8278803679619863,0.06111785899702227,198.81096176600477,3252.9110971588693,0.38859749144811856,0.7541805975465384,6.936974246423306
numerical_feature_transformer,1337,NF-ToN-IoT,dc_ssd_no_class_balance,dc_ssd_no_class_balance,0.08543024244868677,0.6936823370145238,0.08609639749281271,False,False,weights_changed,False,,0.9158165332446871,0.3334048681518884,0.9721295986352345,0.9815575856235933,0.24005457389552956,0.9279026185950229,0.7170722977809592,0.8537450722733245,0.9141410488245931,0.7268784647336628,0.5296281273622301,0.7196526774651765,0.8058510402180233,0.46434183326137224,0.519979682722563,0.05563784946119077,0.8396745358698143,0.1825730754381236,0.3575634682278518,0.33069837627539234,0.060395976551268604,0.058287984000344295,198.81096176600477,3410.8395611148676,0.972405929304447,0.5788792607826566,15.440568173552217
numerical_feature_transformer,1337,NF-ToN-IoT,dc_ssd,dc_ssd,0.08543024244868677,1.6460972974881294,0.08609639749281271,False,False,weights_changed,False,,0.9158165332446871,0.0,0.9721295986352345,0.9815575856235933,0.8543600630215171,0.9279026185950229,0.7170722977809592,0.0,0.9141410488245931,0.7268784647336628,0.5632681488153451,0.7196526774651765,0.8058510402180233,0.4227253506280728,0.519979682722563,0.09725433209449019,0.16021086408434562,0.5063148571859309,0.0971501687447162,0.3874117583160099,0.9141410488245931,0.057772803000261774,198.81096176600477,3441.2552523218224,0.5058152793614595,0.4794240284818193,10.000513516040346
numerical_feature_transformer,1337,NF-ToN-IoT,scrub_r,scrub_r,0.08543024244868677,0.058294017510888155,0.08609639749281271,False,False,,,,0.9158165332446871,0.9713677963266177,0.9721295986352345,0.9815575856235933,0.9773438755964955,0.9279026185950229,0.7170722977809592,0.8850304371887106,0.9141410488245931,0.7268784647336628,0.7818466168566047,0.7196526774651765,0.8058510402180233,0.510322337122288,0.519979682722563,0.00965734560027498,0.9219573687829475,0.04218580106536078,0.6770700933049291,0.8378215061600157,0.029110611635882577,99.37755283800288,198.81096176600477,2.0005620594229168,,,1.0663587080186996
numerical_feature_transformer,1337,NF-ToN-IoT,scrub_r@lr=0.0001,scrub_r,0.08543024244868677,0.058061831441998016,0.08609639749281271,False,False,,,,0.9158165332446871,0.9482196899723768,0.9721295986352345,0.9815575856235933,0.9823786227474812,0.9279026185950229,0.7170722977809592,0.8907563025210085,0.9141410488245931,0.7268784647336628,0.8294098950179787,0.7196526774651765,0.8058510402180233,0.5435342538565161,0.519979682722563,0.023554571133953095,0.8949117579647032,0.0614210224718596,0.49288276143521736,0.8044121189776209,0.02338474630358467,99.64573228599693,198.81096176600477,1.9951778887568412,,,0.10746287827306276
numerical_feature_transformer,1337,NF-ToN-IoT,scrub_r@lr=0.001,scrub_r,0.08543024244868677,0.05083325233648162,0.08609639749281271,False,False,,,,0.9158165332446871,0.9688637919194316,0.9721295986352345,0.9815575856235933,0.9786828518971081,0.9279026185950229,0.7170722977809592,0.8845910401575356,0.9141410488245931,0.7268784647336628,0.6903476104821958,0.7196526774651765,0.8058510402180233,0.5908503092257528,0.519979682722563,0.07087062650318976,0.9115287646115059,0.04360527686631342,0.607649666824466,0.7379252109734228,0.02955000866705748,101.1155919269986,198.81096176600477,1.9661751266761935,,,1.7838651675924808
numerical_feature_transformer,1337,NF-BoT-IoT,rollback_repair,rollback_repair,0.15623281694351887,0.5311467691482357,0.1395654626350783,False,False,,,,0.8232191201718084,0.0,0.7380206273215758,0.8939749426726906,0.5359510321495784,0.8396565705049565,0.9948645369995957,0.0,0.022049751243781095,0.9896263935863711,0.567247812315456,0.13957114224870706,0.9235797214126394,0.16242832598182613,0.45209398417589863,0.28966565819407253,0.9883805082019942,0.01751752737603813,0.5588862633090732,0.23352188187059864,0.022049751243781095,3.9194595869994373,156.4944915030028,39.92756859187518,,,32.18129286624749
numerical_feature_transformer,1337,NF-BoT-IoT,ssd_canonical,ssd_canonical,0.15623281694351887,0.15623281694351887,0.1395654626350783,True,True,no_parameters_selected,True,3.3901660280970627,0.8232191201718084,0.8232191201718084,0.7380206273215758,0.8939749426726906,0.8939749426726906,0.8396565705049565,0.9948645369995957,0.9948645369995957,0.022049751243781095,0.9896263935863711,0.9896263935863711,0.13957114224870706,0.9235797214126394,0.9235797214126394,0.45209398417589863,0.4714857372367408,0.015238018655516243,0.5020223288768669,0.712463333000384,0.7982085960386334,0.9728147857558146,10.680375025000103,156.4944915030028,14.652527756440021,0.0,0.7690152690917875,0.0
numerical_feature_transformer,1337,NF-BoT-IoT,ssd_canonical@alpha=1,ssd_canonical,0.15623281694351887,0.15635639800187404,0.1395654626350783,False,False,weights_changed,False,3.3901660280970627,0.8232191201718084,0.8339005453323182,0.7380206273215758,0.8939749426726906,0.90107859760572,0.8396565705049565,0.9948645369995957,0.9935217426512268,0.022049751243781095,0.9896263935863711,0.9827926755068807,0.13957114224870706,0.9235797214126394,0.7796570201002975,0.45209398417589863,0.32756303592439884,0.01732872306207784,0.4609665214492528,0.8509260599506123,0.802212025801054,0.9714719914074458,10.78975151099803,156.4944915030028,14.503994030213525,0.01984036488027366,0.7690152690917875,0.39434237110085074
numerical_feature_transformer,1337,NF-BoT-IoT,ssd_canonical@alpha=2,ssd_canonical,0.15623281694351887,0.15605590325119,0.1395654626350783,False,False,weights_changed,False,3.3901660280970627,0.8232191201718084,0.8197888400404819,0.7380206273215758,0.8939749426726906,0.8950670743789534,0.8396565705049565,0.9948645369995957,0.9945797265593399,0.022049751243781095,0.9896263935863711,0.9893859272382384,0.13957114224870706,0.9235797214126394,0.9184003549755754,0.45209398417589863,0.46630637079967674,0.015640077195239625,0.4988777190750686,0.7785826047226583,0.8004420727618115,0.9725299753155588,10.726618627002608,156.4944915030028,14.58935913961293,0.0011402508551881414,0.7690152690917875,0.13894161445646772
numerical_feature_transformer,1337,NF-BoT-IoT,ssd_canonical@alpha=3,ssd_canonical,0.15623281694351887,0.15623281694351887,0.1395654626350783,True,True,no_parameters_selected,False,3.3901660280970627,0.8232191201718084,0.8232191201718084,0.7380206273215758,0.8939749426726906,0.8939749426726906,0.8396565705049565,0.9948645369995957,0.9948645369995957,0.022049751243781095,0.9896263935863711,0.9896263935863711,0.13957114224870706,0.9235797214126394,0.9235797214126394,0.45209398417589863,0.4714857372367408,0.015238018655516243,0.5020223288768669,0.712463333000384,0.7982085960386334,0.9728147857558146,10.762555946999782,156.4944915030028,14.54064371638671,0.0,0.7690152690917875,0.0
numerical_feature_transformer,1337,NF-BoT-IoT,ssd_canonical@alpha=5,ssd_canonical,0.15623281694351887,0.15623281694351887,0.1395654626350783,True,True,no_parameters_selected,True,3.3901660280970627,0.8232191201718084,0.8232191201718084,0.7380206273215758,0.8939749426726906,0.8939749426726906,0.8396565705049565,0.9948645369995957,0.9948645369995957,0.022049751243781095,0.9896263935863711,0.9896263935863711,0.13957114224870706,0.9235797214126394,0.9235797214126394,0.45209398417589863,0.4714857372367408,0.015238018655516243,0.5020223288768669,0.712463333000384,0.7982085960386334,0.9728147857558146,10.799491346999275,156.4944915030028,14.490913180506972,0.0,0.7690152690917875,0.0
numerical_feature_transformer,1337,NF-BoT-IoT,dc_ssd_no_contrast,dc_ssd_no_contrast,0.15623281694351887,0.7902281769908017,0.1395654626350783,False,False,weights_changed,False,,0.8232191201718084,0.5339055798193614,0.7380206273215758,0.8939749426726906,0.706810784620688,0.8396565705049565,0.9948645369995957,0.05487065085515244,0.022049751243781095,0.9896263935863711,0.3647046849555305,0.13957114224870706,0.9235797214126394,0.7455646569519916,0.45209398417589863,0.29347067277609296,0.9815053071727243,0.05059911522772001,0.8745750341564726,0.37949160631274365,0.03282089961137134,0.06882646000303794,156.4944915030028,2273.7547666420046,0.40444697833523374,0.9178423447829567,6.255028860051963
numerical_feature_transformer,1337,NF-BoT-IoT,dc_ssd_no_class_balance,dc_ssd_no_class_balance,0.15623281694351887,0.15515467486199536,0.1395654626350783,False,False,weights_changed,False,,0.8232191201718084,0.8332258083320495,0.7380206273215758,0.8939749426726906,0.897667533892173,0.8396565705049565,0.9948645369995957,0.9946208291203236,0.022049751243781095,0.9896263935863711,0.9878749038134609,0.13957114224870706,0.9235797214126394,0.9226310888612871,0.45209398417589863,0.47053710468538845,0.015640077195239625,0.5015159372605996,0.7401940663649942,0.8001939800212924,0.9725710778765425,0.035148948001733515,156.4944915030028,4452.323622752084,0.002622576966932725,0.6737039380723889,0.16921406044197027
numerical_feature_transformer,1337,NF-BoT-IoT,dc_ssd,dc_ssd,0.15623281694351887,1.0560834534325088,0.1395654626350783,False,False,weights_changed,False,,0.8232191201718084,0.4144085902744503,0.7380206273215758,0.8939749426726906,0.4850953954535217,0.8396565705049565,0.9948645369995957,0.9992757704997184,0.022049751243781095,0.9896263935863711,0.40245119092356973,0.13957114224870706,0.9235797214126394,0.8817076082897106,0.45209398417589863,0.429613624113812,0.011619491798005789,0.2125926963859114,0.8123202621456266,0.3356473785510756,0.9772260192559373,0.05720345300142071,156.4944915030028,2735.752534014268,0.5050171037628278,0.4564079103392825,8.894153469638892
numerical_feature_transformer,1337,NF-BoT-IoT,scrub_r,scrub_r,0.15623281694351887,0.2889476995574338,0.1395654626350783,False,False,,,,0.8232191201718084,0.7347817378688797,0.7380206273215758,0.8939749426726906,0.8446464373747089,0.8396565705049565,0.9948645369995957,0.018498584698799985,0.022049751243781095,0.9896263935863711,0.2865117392315814,0.13957114224870706,0.9235797214126394,0.8839032462409935,0.45209398417589863,0.43180926206509485,0.9942103570279833,0.03025197793177868,0.5844796589898725,0.6571761889217025,0.0035511665449811103,124.48653545799971,156.4944915030028,1.2571198236599828,,,2.6823641391353807
numerical_feature_transformer,1337,NF-BoT-IoT,scrub_r@lr=0.0001,scrub_r,0.15623281694351887,0.3074350176300688,0.1395654626350783,False,False,,,,0.8232191201718084,0.6972948905827329,0.7380206273215758,0.8939749426726906,0.875051001589445,0.8396565705049565,0.9948645369995957,0.01913494119992027,0.022049751243781095,0.9896263935863711,0.054085914711619346,0.13957114224870706,0.9235797214126394,0.6047332979114963,0.45209398417589863,0.1526393137355977,0.9889835960115793,0.046136107711475687,0.44225928028373557,0.7633874348712929,0.002914810043860825,125.26798949899967,156.4944915030028,1.249277585829319,,,0.8827103150662139
numerical_feature_transformer,1337,NF-BoT-IoT,scrub_r@lr=0.001,scrub_r,0.15623281694351887,0.40122129386268096,0.1395654626350783,False,False,,,,0.8232191201718084,0.7781673945989714,0.7380206273215758,0.8939749426726906,0.8063076746862428,0.8396565705049565,0.9948645369995957,0.6790818766271718,0.022049751243781095,0.9896263935863711,0.5847884343515686,0.13957114224870706,0.9235797214126394,0.8816323858660436,0.45209398417589863,0.429538401690145,0.49650209070440654,0.21520295508225049,0.28166366141338334,0.41343136229957317,0.6570321253833907,124.33939418700174,156.4944915030028,1.2586074793612152,,,10.638840604910708
numerical_feature_transformer,1337,NF-CSE-CIC-IDS2018,rollback_repair,rollback_repair,0.05113520599785742,0.6088117365612917,0.0773585295908436,False,False,,,,0.9016815347347046,0.6649624946369137,0.9703310815772076,0.9054590014176882,0.6350153817029468,0.9545408645242895,0.759477293310907,0.2476140574123283,0.278005719258983,0.9551742173513781,0.5771456337828743,0.7567658812255939,0.7318231002746516,0.4349886628597943,0.4000393522715702,0.03494931058822409,0.5458117978727949,0.13309131097221688,0.15972112148495865,0.2990655321374692,0.030391661846654677,3.795203142999526,151.68218782799522,39.96681656100066,,,65.8602299862138
numerical_feature_transformer,1337,NF-CSE-CIC-IDS2018,ssd_canonical,ssd_canonical,0.05113520599785742,0.05113520599785742,0.0773585295908436,True,True,no_parameters_selected,True,3.19626730885009,0.9016815347347046,0.9016815347347046,0.9703310815772076,0.9054590014176882,0.9054590014176882,0.9545408645242895,0.759477293310907,0.759477293310907,0.278005719258983,0.9551742173513781,0.9551742173513781,0.7567658812255939,0.7318231002746516,0.7318231002746516,0.4000393522715702,0.33178374800308136,0.5634957925761395,0.16439782594175678,0.43736687472493196,0.6665013346828697,0.481471574051924,11.23422987700178,151.68218782799522,13.501787793973515,0.0,0.8810790277118532,0.0
numerical_feature_transformer,1337,NF-CSE-CIC-IDS2018,ssd_canonical@alpha=1,ssd_canonical,0.05113520599785742,0.15789016474936712,0.0773585295908436,False,False,weights_changed,False,3.19626730885009,0.9016815347347046,0.7121306942511954,0.9703310815772076,0.9054590014176882,0.9001943859949021,0.9545408645242895,0.759477293310907,0.5093447421751858,0.278005719258983,0.9551742173513781,0.8451552347009033,0.7567658812255939,0.7318231002746516,0.7054886051983892,0.4000393522715702,0.30544925292681896,0.4239887232497544,0.2548271795338673,0.2644886822371961,0.529033745554034,0.23133902291620279,11.317581907998829,151.68218782799522,13.40234946484391,0.49486887115165334,0.8810790277118532,3.3656888190556997
numerical_feature_transformer,1337,NF-CSE-CIC-IDS2018,ssd_canonical@alpha=2,ssd_canonical,0.05113520599785742,0.06690332699013819,0.0773585295908436,False,False,weights_changed,False,3.19626730885009,0.9016815347347046,0.9552142768354113,0.9703310815772076,0.9054590014176882,0.9004431238740488,0.9545408645242895,0.759477293310907,0.6331202309754589,0.278005719258983,0.9551742173513781,0.9384752262246047,0.7567658812255939,0.7318231002746516,0.7758172758854989,0.4000393522715702,0.37577792361392864,0.6435863482978087,0.103856272702132,0.49314900289872915,0.7019969100906719,0.3551145117164759,11.383821366998745,151.68218782799522,13.32436472235202,0.019954389965792473,0.8810790277118532,1.2253774988126853
numerical_feature_transformer,1337,NF-CSE-CIC-IDS2018,ssd_canonical@alpha=3,ssd_canonical,0.05113520599785742,0.05113520599785742,0.0773585295908436,True,True,no_parameters_selected,False,3.19626730885009,0.9016815347347046,0.9016815347347046,0.9703310815772076,0.9054590014176882,0.9054590014176882,0.9545408645242895,0.759477293310907,0.759477293310907,0.278005719258983,0.9551742173513781,0.9551742173513781,0.7567658812255939,0.7318231002746516,0.7318231002746516,0.4000393522715702,0.33178374800308136,0.5634957925761395,0.16439782594175678,0.43736687472493196,0.6665013346828697,0.481471574051924,11.385724046998803,151.68218782799522,13.322138074124288,0.0,0.8810790277118532,0.0
numerical_feature_transformer,1337,NF-CSE-CIC-IDS2018,ssd_canonical@alpha=5,ssd_canonical,0.05113520599785742,0.05113520599785742,0.0773585295908436,True,True,no_parameters_selected,True,3.19626730885009,0.9016815347347046,0.9016815347347046,0.9703310815772076,0.9054590014176882,0.9054590014176882,0.9545408645242895,0.759477293310907,0.759477293310907,0.278005719258983,0.9551742173513781,0.9551742173513781,0.7567658812255939,0.7318231002746516,0.7318231002746516,0.4000393522715702,0.33178374800308136,0.5634957925761395,0.16439782594175678,0.43736687472493196,0.6665013346828697,0.481471574051924,11.23595536799985,151.68218782799522,13.499714342047684,0.0,0.8810790277118532,0.0
numerical_feature_transformer,1337,NF-CSE-CIC-IDS2018,dc_ssd_no_contrast,dc_ssd_no_contrast,0.05113520599785742,0.05614570528136778,0.0773585295908436,False,False,weights_changed,False,,0.9016815347347046,0.8594855381292991,0.9703310815772076,0.9054590014176882,0.8508140831204895,0.9545408645242895,0.759477293310907,0.7872768755871695,0.278005719258983,0.9551742173513781,0.958761674534551,0.7567658812255939,0.7318231002746516,0.7030000147259052,0.4000393522715702,0.302960662454335,0.5518773226261159,0.15548401559693012,0.4510262924416702,0.5978838591827998,0.5092711563281865,0.04203856199819711,151.68218782799522,3608.1678491880944,0.013797035347776512,0.5044739201732461,1.2237146836144728
numerical_feature_transformer,1337,NF-CSE-CIC-IDS2018,dc_ssd_no_class_balance,dc_ssd_no_class_balance,0.05113520599785742,0.08151824531507265,0.0773585295908436,False,False,weights_changed,False,,0.9016815347347046,0.7985369039662822,0.9703310815772076,0.9054590014176882,0.8988196490053015,0.9545408645242895,0.759477293310907,0.7656636707047023,0.278005719258983,0.9551742173513781,0.9577194377613092,0.7567658812255939,0.7318231002746516,0.7162104758509156,0.4000393522715702,0.31617112357934535,0.5617871940540772,0.14094192756067325,0.47104013906481723,0.6556659314657459,0.48765795144571933,0.04617174499799148,151.68218782799522,3285.1733854675313,0.025769669327251995,0.5629050212339266,1.7349311259965614
numerical_feature_transformer,1337,NF-CSE-CIC-IDS2018,dc_ssd,dc_ssd,0.05113520599785742,0.06643405027568672,0.0773585295908436,False,False,weights_changed,False,,0.9016815347347046,0.8838741794730179,0.9703310815772076,0.9054590014176882,0.8876242190766241,0.9545408645242895,0.759477293310907,0.8067180616740088,0.278005719258983,0.9551742173513781,0.9587055924383621,0.7567658812255939,0.7318231002746516,0.6974625294597157,0.4000393522715702,0.2974231771881454,0.5438896245354747,0.13961647312243636,0.5348654065933466,0.5986595301867045,0.5287123424150258,0.04599713800052996,151.68218782799522,3297.644036597399,0.024743443557582668,0.4626826471951699,2.031694875655515
numerical_feature_transformer,1337,NF-CSE-CIC-IDS2018,scrub_r,scrub_r,0.05113520599785742,0.10894915880817266,0.0773585295908436,False,False,,,,0.9016815347347046,0.9547146819498646,0.9703310815772076,0.9054590014176882,0.834009554060343,0.9545408645242895,0.759477293310907,0.40671615902310415,0.278005719258983,0.9551742173513781,0.8819597663327695,0.7567658812255939,0.7318231002746516,0.38304704942546836,0.4000393522715702,0.01699230284610187,0.38195719960702235,0.18142518836310428,0.37935153734757343,0.5540003617778368,0.12871043976412117,126.55868228200052,151.68218782799522,1.1985126985599772,,,2.7708203097766133
numerical_feature_transformer,1337,NF-CSE-CIC-IDS2018,scrub_r@lr=0.0001,scrub_r,0.05113520599785742,0.16116270779622707,0.0773585295908436,False,False,,,,0.9016815347347046,0.9545289011084993,0.9703310815772076,0.9054590014176882,0.9104077095546227,0.9545408645242895,0.759477293310907,0.5602401029012434,0.278005719258983,0.9551742173513781,0.7684232956621646,0.7567658812255939,0.7318231002746516,0.46309573796615733,0.4000393522715702,0.0630563856945871,0.5363290760753492,0.24135208906983205,0.31859038771296844,0.6318272100825242,0.2822343836422604,126.40664122599992,151.68218782799522,1.1999542615550212,,,0.8746124232857675
numerical_feature_transformer,1337,NF-CSE-CIC-IDS2018,scrub_r@lr=0.001,scrub_r,0.05113520599785742,0.10728678526479435,0.0773585295908436,False,False,,,,0.9016815347347046,0.9513838624677629,0.9703310815772076,0.9054590014176882,0.8040729608381255,0.9545408645242895,0.759477293310907,0.3538007947699013,0.278005719258983,0.9551742173513781,0.7831673832603687,0.7567658812255939,0.7318231002746516,0.41821716954278054,0.4000393522715702,0.018177817271210317,0.30195207381145617,0.24638966566745957,0.49072552829388666,0.5146778197098737,0.0757950755109183,126.46267580999847,151.68218782799522,1.1994225715727171,,,5.78312744247835
mlp,2026,NF-UNSW-NB15,rollback_repair,rollback_repair,0.23253714960503685,0.6776628932476351,0.25367923513882806,False,False,,,,0.757130026200119,0.7007471464297942,0.7601000247889202,0.8138354004690881,0.3616972965259257,0.8234198910753346,0.9925280199252802,0.12911573123940395,0.03561092236063924,0.9999203083734569,0.24456756949096964,0.14082210165061082,0.48496927089887226,0.4876541646184362,0.51760822811162,0.029954063493183802,0.6889714993804213,0.07525931988249639,0.25294938528737054,0.439564946843577,0.09350480887876472,1.750804032002634,67.96375247000105,38.81859490137318,,,10.72494396962914
mlp,2026,NF-UNSW-NB15,ssd_canonical,ssd_canonical,0.23253714960503685,0.23253714960503685,0.25367923513882806,True,True,no_parameters_selected,True,3.5252324037184595,0.757130026200119,0.757130026200119,0.7601000247889202,0.8138354004690881,0.8138354004690881,0.8234198910753346,0.9925280199252802,0.9925280199252802,0.03561092236063924,0.9999203083734569,0.9999203083734569,0.14082210165061082,0.48496927089887226,0.48496927089887226,0.51760822811162,0.03263895721274773,0.27032694690687253,0.3614386089172789,0.2891293621653234,0.8743857465573085,0.9569170975646409,3.0194485199972405,67.96375247000105,22.508664088786375,0.0,0.7229444516262709,0.0
mlp,2026,NF-UNSW-NB15,ssd_canonical@alpha=1,ssd_canonical,0.23253714960503685,0.2345744570268707,0.25367923513882806,False,False,weights_changed,False,3.5252324037184595,0.757130026200119,0.7564408475361585,0.7601000247889202,0.8138354004690881,0.8127864308794681,0.8234198910753346,0.9925280199252802,0.9852525886413555,0.03561092236063924,0.9999203083734569,0.9998345039455238,0.14082210165061082,0.48496927089887226,0.48774243236027087,0.51760822811162,0.029865795751349122,0.27132780478505386,0.35830227822084737,0.3261256530208201,0.8740290329017234,0.9496416662807162,2.9615878850017907,67.96375247000105,22.948416562002503,0.03518889019653996,0.7229444516262709,1.066689567212158
mlp,2026,NF-UNSW-NB15,ssd_canonical@alpha=2,ssd_canonical,0.23253714960503685,0.23265195795322324,0.25367923513882806,False,False,weights_changed,False,3.5252324037184595,0.757130026200119,0.757049197236075,0.7601000247889202,0.8138354004690881,0.8139584628620598,0.8234198910753346,0.9925280199252802,0.9922142634693242,0.03561092236063924,0.9999203083734569,0.9998887791873398,0.14082210165061082,0.48496927089887226,0.4871987415398724,0.51760822811162,0.03040948657174758,0.2703746068058336,0.36010744504434145,0.29375933023634543,0.8740409866072603,0.956603341108685,3.0976260699972045,67.96375247000105,21.94059287151544,0.0084735789102036,0.7229444516262709,0.7333311578339491
mlp,2026,NF-UNSW-NB15,ssd_canonical@alpha=3,ssd_canonical,0.23253714960503685,0.2325178499598389,0.25367923513882806,False,False,weights_changed,False,3.5252324037184595,0.757130026200119,0.7571916490988699,0.7601000247889202,0.8138354004690881,0.8138650285383059,0.8234198910753346,0.9925280199252802,0.9928371223917782,0.03561092236063924,0.9999203083734569,0.9999175415265119,0.14082210165061082,0.48496927089887226,0.48553383762876523,0.51760822811162,0.032074390482854764,0.27027928700791154,0.36150004870468033,0.29187565629517886,0.874430784432085,0.957226200031139,2.9686985190019186,67.96375247000105,22.89345045816595,0.0011768859597505001,0.7229444516262709,0.3143831732049624
mlp,2026,NF-UNSW-NB15,ssd_canonical@alpha=5,ssd_canonical,0.23253714960503685,0.23253714960503685,0.25367923513882806,True,True,no_parameters_selected,True,3.5252324037184595,0.757130026200119,0.757130026200119,0.7601000247889202,0.8138354004690881,0.8138354004690881,0.8234198910753346,0.9925280199252802,0.9925280199252802,0.03561092236063924,0.9999203083734569,0.9999203083734569,0.14082210165061082,0.48496927089887226,0.48496927089887226,0.51760822811162,0.03263895721274773,0.27032694690687253,0.3614386089172789,0.2891293621653234,0.8743857465573085,0.9569170975646409,2.988034318001155,67.96375247000105,22.74530518627557,0.0,0.7229444516262709,0.0
mlp,2026,NF-UNSW-NB15,dc_ssd_no_contrast,dc_ssd_no_contrast,0.23253714960503685,0.23593659500129235,0.25367923513882806,False,False,weights_changed,False,,0.757130026200119,0.7581477505278752,0.7601000247889202,0.8138354004690881,0.8093709150990126,0.8234198910753346,0.9925280199252802,0.9795017344686219,0.03561092236063924,0.9999203083734569,0.9990190562400891,0.14082210165061082,0.48496927089887226,0.4905511333680537,0.51760822811162,0.027057094743566268,0.2721856829663521,0.3494814872551681,0.3227943891179702,0.881654004062086,0.9438908121079826,0.019212334002077114,67.96375247000105,3537.5062947923584,0.022066611745321877,0.4399077289648541,1.419510437332439
mlp,2026,NF-UNSW-NB15,dc_ssd_no_class_balance,dc_ssd_no_class_balance,0.23253714960503685,0.2345984941342962,0.25367923513882806,False,False,weights_changed,False,,0.757130026200119,0.7584709533494899,0.7601000247889202,0.8138354004690881,0.8170949020719639,0.8234198910753346,0.9925280199252802,0.979179810725552,0.03561092236063924,0.9999203083734569,0.9997600886317595,0.14082210165061082,0.48496927089887226,0.4882839323612809,0.51760822811162,0.02932429575033907,0.27223334286531314,0.3568282273701902,0.31000682802531043,0.8775103854616547,0.9435688883649128,0.017868445000203792,67.96375247000105,3803.5627873173025,0.013416499941155702,0.4503112059979991,1.1762012099222046
mlp,2026,NF-UNSW-NB15,dc_ssd,dc_ssd,0.23253714960503685,0.23223710881555026,0.25367923513882806,False,False,weights_changed,False,,0.757130026200119,0.7582065371146042,0.7601000247889202,0.8138354004690881,0.8088122970782624,0.8234198910753346,0.9925280199252802,0.964968152866242,0.03561092236063924,0.9999203083734569,0.9968017501400797,0.14082210165061082,0.48496927089887226,0.4993585577890922,0.51760822811162,0.018249670322527778,0.2741397388237537,0.3326924581062538,0.3860781439088017,0.8818243117415968,0.9293572305056028,0.018719908999628387,67.96375247000105,3630.5599814267375,0.02959868188772508,0.42806292649648364,2.0121219062641758
mlp,2026,NF-UNSW-NB15,scrub_r,scrub_r,0.23253714960503685,0.30735583870948135,0.25367923513882806,False,False,,,,0.757130026200119,0.772197482219001,0.7601000247889202,0.8138354004690881,0.7393747689706198,0.8234198910753346,0.9925280199252802,0.13995110475575442,0.03561092236063924,0.9999203083734569,0.4720027261807294,0.14082210165061082,0.48496927089887226,0.5172935261896046,0.51760822811162,0.0003147019220154368,0.6770088647412067,0.1988080524221204,0.1522566597320653,0.8439001012822,0.1043401823951152,56.71060607099935,67.96375247000105,1.1984310727505403,,,4.849103410284247
mlp,2026,NF-UNSW-NB15,scrub_r@lr=0.0001,scrub_r,0.23253714960503685,0.46716694610477233,0.25367923513882806,False,False,,,,0.757130026200119,0.7103976345580404,0.7601000247889202,0.8138354004690881,0.7531629678230103,0.8234198910753346,0.9925280199252802,0.14179434948188824,0.03561092236063924,0.9999203083734569,0.49275021755138415,0.14082210165061082,0.48496927089887226,0.5126127403083794,0.51760822811162,0.00499548780324055,0.681250595748737,0.1974510729855453,0.43076427288710806,0.7559620701459749,0.10618342712124901,57.17959465400054,67.96375247000105,1.1886015086545565,,,0.7747530136136824
mlp,2026,NF-UNSW-NB15,scrub_r@lr=0.001,scrub_r,0.23253714960503685,0.29936623575852195,0.25367923513882806,False,False,,,,0.757130026200119,0.7779080026365331,0.7601000247889202,0.8138354004690881,0.7587418639656107,0.8234198910753346,0.9925280199252802,0.13637432400658359,0.03561092236063924,0.9999203083734569,0.47415243756642045,0.14082210165061082,0.48496927089887226,0.5148569896971186,0.51760822811162,0.0027512384145014224,0.677676103326661,0.19736452517068007,0.14652882015658522,0.8413691400245192,0.10076340164594436,56.19396870399942,67.96375247000105,1.2094492351661215,,,10.286704137813176
mlp,2026,NF-ToN-IoT,rollback_repair,rollback_repair,0.16688301179830475,0.9875621053954384,0.21035576974379186,False,False,,,,0.8582119042305091,0.0,0.8804986483849232,0.9429343588376923,0.8990049050432273,0.924013694667384,0.68928238583411,0.0,0.10151708492839927,0.612623433267644,0.4761363787807507,0.4711939036914784,0.7801685342998226,0.569877942677283,0.5757992689972231,0.0059213263199401345,0.9362823745129498,0.03709141452334236,0.30441238196650316,0.4787773673882248,0.10151708492839927,2.132962965999468,85.17641318001188,39.933376499155365,,,38.9117665680935
mlp,2026,NF-ToN-IoT,ssd_canonical,ssd_canonical,0.16688301179830475,0.16688301179830475,0.21035576974379186,True,True,no_parameters_selected,True,9.21701388888889,0.8582119042305091,0.8582119042305091,0.8804986483849232,0.9429343588376923,0.9429343588376923,0.924013694667384,0.68928238583411,0.68928238583411,0.10151708492839927,0.612623433267644,0.612623433267644,0.4711939036914784,0.7801685342998226,0.7801685342998226,0.5757992689972231,0.20436926530259947,0.5382764153105661,0.11995332472732516,0.9132257673819915,0.7688619252306537,0.5877653009057107,1.1432937080026022,85.17641318001188,74.50090259730355,0.0,0.9649038358886883,0.0
mlp,2026,NF-ToN-IoT,ssd_canonical@alpha=1,ssd_canonical,0.16688301179830475,0.6542576746734411,0.21035576974379186,False,False,weights_changed,False,9.21701388888889,0.8582119042305091,0.21091328906679777,0.8804986483849232,0.9429343588376923,0.5643925602606713,0.924013694667384,0.68928238583411,0.035830618892508145,0.10151708492839927,0.612623433267644,0.5106215982764036,0.4711939036914784,0.7801685342998226,0.5080225679351331,0.5757992689972231,0.06777670106209,0.9219573687829475,0.09437213463255056,0.45810345097376604,0.329832370026577,0.06568646603589112,1.1678534579987172,85.17641318001188,72.93416189902264,0.9820524891138048,0.9649038358886883,15.993755202369531
mlp,2026,NF-ToN-IoT,ssd_canonical@alpha=2,ssd_canonical,0.16688301179830475,0.6023295646394868,0.21035576974379186,False,False,weights_changed,False,9.21701388888889,0.8582119042305091,0.4898463548574224,0.8804986483849232,0.9429343588376923,0.5721105195131533,0.924013694667384,0.68928238583411,0.08652792990142388,0.10151708492839927,0.612623433267644,0.42763513104333006,0.4711939036914784,0.7801685342998226,0.665542557014639,0.5757992689972231,0.08974328801741593,0.881159752463901,0.10537820894954067,0.12050490570606857,0.2435154572996403,0.014989155026975384,1.16614406699955,85.17641318001188,73.04107236009695,0.9267976933035189,0.9649038358886883,15.923414915954863
mlp,2026,NF-ToN-IoT,ssd_canonical@alpha=3,ssd_canonical,0.16688301179830475,0.734836296490945,0.21035576974379186,False,False,weights_changed,False,9.21701388888889,0.8582119042305091,0.018978396931152837,0.8804986483849232,0.9429343588376923,0.5309598112107022,0.924013694667384,0.68928238583411,0.0,0.10151708492839927,0.612623433267644,0.20834407957070014,0.4711939036914784,0.7801685342998226,0.5729187575768544,0.5757992689972231,0.0028805114203687143,0.9362823745129498,0.05665474021294431,0.48810478548047115,0.3440990782414835,0.10151708492839927,1.162293575998774,85.17641318001188,73.28304564259393,0.8278215840885018,0.9649038358886883,15.5098110003787
mlp,2026,NF-ToN-IoT,ssd_canonical@alpha=5,ssd_canonical,0.16688301179830475,1.2500772586776936,0.21035576974379186,False,False,weights_changed,False,9.21701388888889,0.8582119042305091,0.4172655081939527,0.8804986483849232,0.9429343588376923,0.6233882664211503,0.924013694667384,0.68928238583411,0.8103488462434931,0.10151708492839927,0.612623433267644,0.6561243402328147,0.4711939036914784,0.7801685342998226,0.4401990536867725,0.5757992689972231,0.13560021531045063,0.2798533119413248,0.2953368734555804,0.6881551807239072,0.4826869976990445,0.7088317613150938,1.1607561450000503,85.17641318001188,73.38010963535169,0.4813463575379546,0.9649038358886883,12.218620869875403
mlp,2026,NF-ToN-IoT,dc_ssd_no_contrast,dc_ssd_no_contrast,0.16688301179830475,0.21106469855492088,0.21035576974379186,False,False,weights_changed,False,,0.8582119042305091,0.5082148855706089,0.8804986483849232,0.9429343588376923,0.8495097879043815,0.924013694667384,0.68928238583411,0.004294478527607362,0.10151708492839927,0.612623433267644,0.4397055810622607,0.4711939036914784,0.7801685342998226,0.56354688770388,0.5757992689972231,0.012252381293343162,0.9352509741003896,0.04066351777910748,0.5311377781073234,0.4479421038910682,0.0972226064007919,0.025314450002042577,85.17641318001188,3364.7348914607724,0.5609626927150759,0.976091541618359,10.218978990658684
mlp,2026,NF-ToN-IoT,dc_ssd_no_class_balance,dc_ssd_no_class_balance,0.16688301179830475,0.7015554505539057,0.21035576974379186,False,False,weights_changed,False,,0.8582119042305091,0.03857264789720926,0.8804986483849232,0.9429343588376923,0.5026969676340026,0.924013694667384,0.68928238583411,0.0072870806133292845,0.10151708492839927,0.612623433267644,0.275908513664691,0.4711939036914784,0.7801685342998226,0.7072049663451999,0.5757992689972231,0.1314056973479768,0.943616777446711,0.10916236117132413,0.168686034450794,0.2708068657412805,0.09423000431506998,0.025403493997146143,85.17641318001188,3352.94086670049,0.9446863598917264,0.6057501980423444,18.888565420129574
mlp,2026,NF-ToN-IoT,dc_ssd,dc_ssd,0.16688301179830475,0.4370875758626371,0.21035576974379186,False,False,weights_changed,False,,0.8582119042305091,0.4761180071102053,0.8804986483849232,0.9429343588376923,0.7303907504904394,0.924013694667384,0.68928238583411,0.021257212268448223,0.10151708492839927,0.612623433267644,0.3708211464959532,0.4711939036914784,0.7801685342998226,0.6048924330296296,0.5757992689972231,0.02909316403240647,0.9269997707999084,0.08087282906037646,0.3054255512934197,0.34551899402002045,0.08025987265995105,0.025169401000312064,85.17641318001188,3384.1255570188505,0.6582911615864423,0.38287283432933855,14.278184462900894
mlp,2026,NF-ToN-IoT,scrub_r,scrub_r,0.16688301179830475,0.37845771288181634,0.21035576974379186,False,False,,,,0.8582119042305091,0.8627780503910022,0.8804986483849232,0.9429343588376923,0.936371425032252,0.924013694667384,0.68928238583411,0.08067324434126523,0.10151708492839927,0.612623433267644,0.6034338034885549,0.4711939036914784,0.7801685342998226,0.5436317413811862,0.5757992689972231,0.03216752761603692,0.9269997707999084,0.02158120054601536,0.7528189737081583,0.7931605947166833,0.020843840587134038,45.81108633199983,85.17641318001188,1.8592969518933824,,,0.6512111382794896
mlp,2026,NF-ToN-IoT,scrub_r@lr=0.0001,scrub_r,0.16688301179830475,0.26521965109444307,0.21035576974379186,False,False,,,,0.8582119042305091,0.8830468197049122,0.8804986483849232,0.9429343588376923,0.9248353887310664,0.924013694667384,0.68928238583411,0.4089509827137106,0.10151708492839927,0.612623433267644,0.5899056285286932,0.4711939036914784,0.7801685342998226,0.6906466584039762,0.5757992689972231,0.1148473894067531,0.7892505157002063,0.040772683634114834,0.8783506920413954,0.8511532240119055,0.3074338977853113,45.9755555360025,85.17641318001188,1.852645654565544,,,0.12170575896911227
mlp,2026,NF-ToN-IoT,scrub_r@lr=0.001,scrub_r,0.16688301179830475,0.4541153165899077,0.21035576974379186,False,False,,,,0.8582119042305091,0.872784332766605,0.8804986483849232,0.9429343588376923,0.9126229336805464,0.924013694667384,0.68928238583411,0.60577295621852,0.10151708492839927,0.612623433267644,0.566639204635497,0.4711939036914784,0.7801685342998226,0.508308417957793,0.5757992689972231,0.06749085103943009,0.6070364428145771,0.093854428369408,0.6803178830868746,0.6855539845911075,0.5042558712901207,45.564738822002255,85.17641318001188,1.8693493122555105,,,2.9824690363046145
mlp,2026,NF-BoT-IoT,rollback_repair,rollback_repair,0.2617881068881389,1.8886162633522086,0.24048727243114262,False,False,,,,0.7564061744562833,0.0,0.7597064724491022,0.8175302863409536,0.8316083301370045,0.8312626683358024,0.9946995751567874,0.0,0.02769511566083403,0.9888356507578604,0.3918729085019953,0.20087552119682897,0.8822499911041654,0.16335610395640657,0.384987033923789,0.22163092996738246,0.9852444515921518,0.055096617997348496,0.821093623510254,0.3453431591505543,0.02769511566083403,1.6629978499986464,67.2831780320048,40.458968742539,,,18.489614579259413
mlp,2026,NF-BoT-IoT,ssd_canonical,ssd_canonical,0.2617881068881389,0.2617881068881389,0.24048727243114262,True,True,no_parameters_selected,True,3.3901660280970627,0.7564061744562833,0.7564061744562833,0.7597064724491022,0.8175302863409536,0.8175302863409536,0.8312626683358024,0.9946995751567874,0.9946995751567874,0.02769511566083403,0.9888356507578604,0.9888356507578604,0.20087552119682897,0.8822499911041654,0.8822499911041654,0.384987033923789,0.49726295718037633,0.02496783531682213,0.4979713607468081,0.6484525622358375,0.9692664293342209,0.9670044594959534,3.1563151510017633,67.2831780320048,21.317002521326238,0.0,0.772384164857312,0.0
mlp,2026,NF-BoT-IoT,ssd_canonical@alpha=1,ssd_canonical,0.2617881068881389,0.2610249928693446,0.24048727243114262,False,False,weights_changed,False,3.3901660280970627,0.7564061744562833,0.7553217168862622,0.7597064724491022,0.8175302863409536,0.81762935300407,0.8312626683358024,0.9946995751567874,0.9942926533090467,0.02769511566083403,0.9888356507578604,0.9878771407097223,0.20087552119682897,0.8822499911041654,0.8852108495506252,0.384987033923789,0.5002238156268362,0.025771952396268897,0.49758746622728817,0.6448898413683445,0.9692169441016012,0.9665975376482127,3.185207296999579,67.2831780320048,21.123641809870467,0.023714252088972577,0.772384164857312,0.5154061810422821
mlp,2026,NF-BoT-IoT,ssd_canonical@alpha=2,ssd_canonical,0.2617881068881389,0.26205903510372763,0.24048727243114262,False,False,weights_changed,False,3.3901660280970627,0.7564061744562833,0.756212046282348,0.7597064724491022,0.8175302863409536,0.81709734732101,0.8312626683358024,0.9946995751567874,0.9945571899722802,0.02769511566083403,0.9888356507578604,0.9886824233639342,0.20087552119682897,0.8822499911041654,0.8827100576624828,0.384987033923789,0.49772302373869376,0.025249276294628496,0.49793000967193474,0.6461063501671955,0.9695679331943111,0.9668620743114461,3.108468967002409,67.2831780320048,21.64511814215987,0.001000353065787925,0.772384164857312,0.22227742778903256
mlp,2026,NF-BoT-IoT,ssd_canonical@alpha=3,ssd_canonical,0.2617881068881389,0.26179526719830337,0.24048727243114262,False,False,weights_changed,False,3.3901660280970627,0.7564061744562833,0.7564061744562833,0.7597064724491022,0.8175302863409536,0.8175293565265153,0.8312626683358024,0.9946995751567874,0.9946995751567874,0.02769511566083403,0.9888356507578604,0.9888378876541221,0.20087552119682897,0.8822499911041654,0.8822499513906176,0.384987033923789,0.49726291746682855,0.02496783531682213,0.4979718598024649,0.6484523637336187,0.969267095157762,0.9670044594959534,3.2413698969976394,67.2831780320048,20.757636483983735,5.884429798752501e-05,0.772384164857312,0.01796005656799922
mlp,2026,NF-BoT-IoT,ssd_canonical@alpha=5,ssd_canonical,0.2617881068881389,0.2617881068881389,0.24048727243114262,True,True,no_parameters_selected,True,3.3901660280970627,0.7564061744562833,0.7564061744562833,0.7597064724491022,0.8175302863409536,0.8175302863409536,0.8312626683358024,0.9946995751567874,0.9946995751567874,0.02769511566083403,0.9888356507578604,0.9888356507578604,0.20087552119682897,0.8822499911041654,0.8822499911041654,0.384987033923789,0.49726295718037633,0.02496783531682213,0.4979713607468081,0.6484525622358375,0.9692664293342209,0.9670044594959534,3.235924939999677,67.2831780320048,20.792564499969988,0.0,0.772384164857312,0.0
mlp,2026,NF-BoT-IoT,dc_ssd_no_contrast,dc_ssd_no_contrast,0.2617881068881389,0.34851800783097786,0.24048727243114262,False,False,weights_changed,False,,0.7564061744562833,0.6483536015965708,0.7597064724491022,0.8175302863409536,0.7312302326987606,0.8312626683358024,0.9946995751567874,0.808316746204945,0.02769511566083403,0.9888356507578604,0.6371407544603711,0.20087552119682897,0.8822499911041654,0.865506213303689,0.384987033923789,0.4805191793799,0.3233354776455452,0.18154367375084995,0.9167722589675341,0.8755336549117937,0.7806216305441109,0.024530234000849305,67.2831780320048,2742.86735420768,0.19595151229845828,0.476043403547739,6.020823982962899
mlp,2026,NF-BoT-IoT,dc_ssd_no_class_balance,dc_ssd_no_class_balance,0.2617881068881389,0.26235498541535246,0.24048727243114262,False,False,weights_changed,False,,0.7564061744562833,0.7565942924577573,0.7597064724491022,0.8175302863409536,0.8187934740531909,0.8312626683358024,0.9946995751567874,0.9947809200145649,0.02769511566083403,0.9888356507578604,0.9885672232064566,0.20087552119682897,0.8822499911041654,0.8821640956645355,0.384987033923789,0.49717706174074644,0.024807011900932777,0.4979756125161539,0.6541253905979251,0.9694610909492535,0.9670858043537308,0.01695575200210442,67.2831780320048,3968.162427927356,0.0022949276215134752,0.5698076360039966,0.43346277612916684
mlp,2026,NF-BoT-IoT,dc_ssd,dc_ssd,0.2617881068881389,0.40562321156831355,0.24048727243114262,False,False,weights_changed,False,,0.7564061744562833,0.46893383726300586,0.7597064724491022,0.8175302863409536,0.7298080485602038,0.8312626683358024,0.9946995751567874,0.8148059815402228,0.02769511566083403,0.9888356507578604,0.6008046115853332,0.20087552119682897,0.8822499911041654,0.7837550164167864,0.384987033923789,0.39876798249299733,0.31368607269218396,0.15019981721839626,0.8846551292659897,0.84288352248449,0.7871108658793887,0.024673204999999143,67.2831780320048,2726.973574450791,0.26085677297869836,0.30393095579350843,8.737114200490723
mlp,2026,NF-BoT-IoT,scrub_r,scrub_r,0.2617881068881389,0.35210920644236327,0.24048727243114262,False,False,,,,0.7564061744562833,0.7407852090593477,0.7597064724491022,0.8175302863409536,0.8097995971580763,0.8312626683358024,0.9946995751567874,0.0367458216444743,0.02769511566083403,0.9888356507578604,0.15523612676938495,0.20087552119682897,0.8822499911041654,0.4532208114160882,0.384987033923789,0.0682337774922992,0.9871341267288517,0.04941002734661918,0.6333767452307808,0.6067854061765879,0.009050705983640269,56.72536972099988,67.2831780320048,1.1861214543498408,,,5.37112397235257
mlp,2026,NF-BoT-IoT,scrub_r@lr=0.0001,scrub_r,0.2617881068881389,0.23534788655198371,0.24048727243114262,False,False,,,,0.7564061744562833,0.7685095652145112,0.7597064724491022,0.8175302863409536,0.8384191471616683,0.8312626683358024,0.9946995751567874,0.017637669592976857,0.02769511566083403,0.9888356507578604,0.07870743186413987,0.20087552119682897,0.8822499911041654,0.18244510575002928,0.384987033923789,0.20254192817375974,0.9935268575104536,0.04804781342251969,0.6980086745380836,0.9528953689677787,0.010057446067857172,56.899117639000906,67.2831780320048,1.1824994977758012,,,0.4162241167803407
mlp,2026,NF-BoT-IoT,scrub_r@lr=0.001,scrub_r,0.2617881068881389,0.3477581236955584,0.24048727243114262,False,False,,,,0.7564061744562833,0.7505555752417702,0.7597064724491022,0.8175302863409536,0.7630719375836895,0.8312626683358024,0.9946995751567874,0.2607721656340789,0.02769511566083403,0.9888356507578604,0.29945106565737906,0.20087552119682897,0.8822499911041654,0.3043599885767951,0.384987033923789,0.08062704534699394,0.8568671598584754,0.09705418163889747,0.46095522828752294,0.6422013905839977,0.23307704997324488,57.186494564000895,67.2831780320048,1.1765571319763986,,,11.065664709837534
mlp,2026,NF-CSE-CIC-IDS2018,rollback_repair,rollback_repair,0.04754255418273886,5.796402892534641,0.05741045104578054,False,False,,,,0.8921699936387258,0.6649624946369137,0.9577582802842284,0.8671264641329871,0.7747472367366383,0.9218723692276619,0.5874081176094599,0.2476140574123283,0.2899436653481961,0.8400471173817596,0.803570476916913,0.6712237899846023,0.6876337301919635,0.30198791703334626,0.35011498176562517,0.0481270647322789,0.571440775703729,0.29195978484502333,0.5632046415512397,0.35016375298504365,0.04232960793586779,1.6621632730020792,65.61932417000571,39.47826620635699,,,54.732244591139455
mlp,2026,NF-CSE-CIC-IDS2018,ssd_canonical,ssd_canonical,0.04754255418273886,0.04754255418273886,0.05741045104578054,True,True,no_parameters_selected,True,3.19626730885009,0.8921699936387258,0.8921699936387258,0.9577582802842284,0.8671264641329871,0.8671264641329871,0.9218723692276619,0.5874081176094599,0.5874081176094599,0.2899436653481961,0.8400471173817596,0.8400471173817596,0.6712237899846023,0.6876337301919635,0.6876337301919635,0.35011498176562517,0.33751874842633833,0.5543975054461577,0.15454978698245828,0.8099735532917648,0.7761526888582043,0.2974644522612638,3.297586330998456,65.61932417000571,19.899198256967917,0.0,0.9024798404006447,0.0
mlp,2026,NF-CSE-CIC-IDS2018,ssd_canonical@alpha=1,ssd_canonical,0.04754255418273886,0.11947597092426716,0.05741045104578054,False,False,weights_changed,False,3.19626730885009,0.8921699936387258,0.9373811344107764,0.9577582802842284,0.8671264641329871,0.8569829261315675,0.9218723692276619,0.5874081176094599,0.3953070003910833,0.2899436653481961,0.8400471173817596,0.8583675720583133,0.6712237899846023,0.6876337301919635,0.43874017757273537,0.35011498176562517,0.0886251958071102,0.79039767630601,0.03950669729185785,0.7324958942075324,0.7593209935569663,0.1053633350428872,3.3419392010000593,65.61932417000571,19.635104118701335,0.5310109450394257,0.9024798404006447,4.819063202387122
mlp,2026,NF-CSE-CIC-IDS2018,ssd_canonical@alpha=2,ssd_canonical,0.04754255418273886,0.046786087665251254,0.05741045104578054,False,False,weights_changed,False,3.19626730885009,0.8921699936387258,0.8930347956446413,0.9577582802842284,0.8671264641329871,0.8835847376282615,0.9218723692276619,0.5874081176094599,0.6034816247582205,0.2899436653481961,0.8400471173817596,0.8261075473403869,0.6712237899846023,0.6876337301919635,0.6301250272271147,0.35011498176562517,0.28001004546148955,0.5519200375891675,0.15650708996560117,0.8123586229218127,0.8127653283432607,0.31353795941002444,3.5801862590014935,65.61932417000571,18.32846657210142,0.052018359420972105,0.9024798404006447,2.6522591596628713
mlp,2026,NF-CSE-CIC-IDS2018,ssd_canonical@alpha=3,ssd_canonical,0.04754255418273886,0.04755000539465328,0.05741045104578054,False,False,weights_changed,False,3.19626730885009,0.8921699936387258,0.8921699936387258,0.9577582802842284,0.8671264641329871,0.8665443314074057,0.9218723692276619,0.5874081176094599,0.5876338073174628,0.2899436653481961,0.8400471173817596,0.8402132584300888,0.6712237899846023,0.6876337301919635,0.6937613414314971,0.35011498176562517,0.343646359665872,0.5544402204092094,0.15460575307498825,0.8101956544707841,0.7759297026953601,0.29769014196926674,3.400566674001311,65.61932417000571,19.296585087330186,0.00011768859597505002,0.9024798404006447,0.09157486711638753
mlp,2026,NF-CSE-CIC-IDS2018,ssd_canonical@alpha=5,ssd_canonical,0.04754255418273886,0.04754255418273886,0.05741045104578054,True,True,no_parameters_selected,True,3.19626730885009,0.8921699936387258,0.8921699936387258,0.9577582802842284,0.8671264641329871,0.8671264641329871,0.9218723692276619,0.5874081176094599,0.5874081176094599,0.2899436653481961,0.8400471173817596,0.8400471173817596,0.6712237899846023,0.6876337301919635,0.6876337301919635,0.35011498176562517,0.33751874842633833,0.5543975054461577,0.15454978698245828,0.8099735532917648,0.7761526888582043,0.2974644522612638,3.4033330390011542,65.61932417000571,19.28090005239815,0.0,0.9024798404006447,0.0
mlp,2026,NF-CSE-CIC-IDS2018,dc_ssd_no_contrast,dc_ssd_no_contrast,0.04754255418273886,0.04570133337839388,0.05741045104578054,False,False,weights_changed,False,,0.8921699936387258,0.8943765578042852,0.9577582802842284,0.8671264641329871,0.8917668893204215,0.9218723692276619,0.5874081176094599,0.6257309941520468,0.2899436653481961,0.8400471173817596,0.8275894710559842,0.6712237899846023,0.6876337301919635,0.5676138246979451,0.35011498176562517,0.2174988429323199,0.5491862799538678,0.156964077591717,0.8102339486789929,0.7979731097475993,0.3357873288038507,0.023611602002347354,65.61932417000571,2779.113596929262,0.046486995410144755,0.5721437278274706,2.8152598968981843
mlp,2026,NF-CSE-CIC-IDS2018,dc_ssd_no_class_balance,dc_ssd_no_class_balance,0.04754255418273886,0.050522777593860216,0.05741045104578054,False,False,weights_changed,False,,0.8921699936387258,0.9068020521921438,0.9577582802842284,0.8671264641329871,0.9046949448519997,0.9218723692276619,0.5874081176094599,0.6056966897613549,0.2899436653481961,0.8400471173817596,0.8398427060733955,0.6712237899846023,0.6876337301919635,0.5638073532227011,0.35011498176562517,0.21369237145707598,0.5626414933151083,0.1357529903193177,0.825056237699438,0.7894532519449001,0.31575302441315883,0.02389905999734765,65.61932417000571,2745.686406799608,0.05931505237142521,0.598567918913121,3.3095036701008556
mlp,2026,NF-CSE-CIC-IDS2018,dc_ssd,dc_ssd,0.04754255418273886,0.05324445060706365,0.05741045104578054,False,False,weights_changed,False,,0.8921699936387258,0.8881357085741728,0.9577582802842284,0.8671264641329871,0.898011976589999,0.9218723692276619,0.5874081176094599,0.635973597359736,0.2899436653481961,0.8400471173817596,0.8464669798181446,0.6712237899846023,0.6876337301919635,0.5324256133994536,0.35011498176562517,0.18231063163382843,0.5443167741659903,0.15120647995169417,0.8072839118061776,0.7870652131681491,0.3460299320115399,0.024007615000300575,65.61932417000571,2733.2712628548966,0.07532070142403201,0.5278537156615148,4.226832046308084
mlp,2026,NF-CSE-CIC-IDS2018,scrub_r,scrub_r,0.04754255418273886,0.16527759266214084,0.05741045104578054,False,False,,,,0.8921699936387258,0.690713115490554,0.9577582802842284,0.8671264641329871,0.773338171529011,0.9218723692276619,0.5874081176094599,0.34918858421936205,0.2899436653481961,0.8400471173817596,0.6970908617476105,0.6712237899846023,0.6876337301919635,0.3009829925731749,0.35011498176562517,0.049131989192450265,0.5319294348810388,0.14099769080523122,0.683467370556325,0.4396684116188812,0.05924491887116595,58.49732400499852,65.61932417000571,1.1217491617975317,,,4.769900824508409
mlp,2026,NF-CSE-CIC-IDS2018,scrub_r@lr=0.0001,scrub_r,0.04754255418273886,0.15769200690186702,0.05741045104578054,False,False,,,,0.8921699936387258,0.9252543810736759,0.9577582802842284,0.8671264641329871,0.8759687754258868,0.9218723692276619,0.5874081176094599,0.35839435146443516,0.2899436653481961,0.8400471173817596,0.7316036664503082,0.6712237899846023,0.6876337301919635,0.31345246342261296,0.35011498176562517,0.03666251834301221,0.8600657810430994,0.036087526228980565,0.7127899226922785,0.7575733402022143,0.06845068611623906,58.091999836997275,65.61932417000571,1.1295759201633557,,,0.38779020430906846
mlp,2026,NF-CSE-CIC-IDS2018,scrub_r@lr=0.001,scrub_r,0.04754255418273886,0.10817268802354423,0.05741045104578054,False,False,,,,0.8921699936387258,0.8611161269541041,0.9577582802842284,0.8671264641329871,0.8523993746072596,0.9218723692276619,0.5874081176094599,0.4196156673317232,0.2899436653481961,0.8400471173817596,0.7768400762072906,0.6712237899846023,0.6876337301919635,0.2840751039463709,0.35011498176562517,0.06603987781925424,0.6624236470035454,0.07846457268529909,0.723066353499175,0.6580918842908469,0.12967200198352707,59.01033879299939,65.61932417000571,1.1119970756343187,,,10.131305487517784
numerical_feature_transformer,2026,NF-UNSW-NB15,rollback_repair,rollback_repair,0.1202522424036968,0.6593437243205816,0.25493421923284676,False,False,,,,0.9104917922468948,0.7001555508179528,0.7800632428584494,0.8864102559046021,0.5510992417199738,0.7713025692777028,0.9873976055450535,0.142034888869211,0.3140013271400133,0.999868446079558,0.9347493037197491,0.8257468910292131,0.4841856445096552,0.4836962414510514,0.4991488406748211,0.015452599223769736,0.28267086073777525,0.14299145983528022,0.23404732050755955,0.4499660104944246,0.17196643827080227,4.007455424998625,157.48329042000478,39.297577569452024,,,20.326350698010227
numerical_feature_transformer,2026,NF-UNSW-NB15,ssd_canonical,ssd_canonical,0.1202522424036968,0.1202522424036968,0.25493421923284676,True,True,no_parameters_selected,True,3.5252324037184595,0.9104917922468948,0.9104917922468948,0.7800632428584494,0.8864102559046021,0.8864102559046021,0.7713025692777028,0.9873976055450535,0.9873976055450535,0.3140013271400133,0.999868446079558,0.999868446079558,0.8257468910292131,0.4841856445096552,0.4841856445096552,0.4991488406748211,0.014963196165165948,0.7526927842912973,0.12333456134420975,0.1524225057792009,0.6299704228119561,0.6733962784050402,10.102342194000812,157.48329042000478,15.588789945516284,0.0,0.4310547924667279,0.0
numerical_feature_transformer,2026,NF-UNSW-NB15,ssd_canonical@alpha=1,ssd_canonical,0.1202522424036968,0.15393375905300305,0.25493421923284676,False,False,weights_changed,False,3.5252324037184595,0.9104917922468948,0.8306733307554804,0.7800632428584494,0.8864102559046021,0.8713855084446762,0.7713025692777028,0.9873976055450535,0.9959387691346454,0.3140013271400133,0.999868446079558,0.9998843071905335,0.8257468910292131,0.4841856445096552,0.48606556063409767,0.4991488406748211,0.013083280040723455,0.7540749213611667,0.12184476266262534,0.14147280145543917,0.6391653036710738,0.6819374419946321,10.203735511997365,157.48329042000478,15.43388597586039,0.049828962371721776,0.4310547924667279,1.023786745689777
numerical_feature_transformer,2026,NF-UNSW-NB15,ssd_canonical@alpha=2,ssd_canonical,0.1202522424036968,0.12651135731697602,0.25493421923284676,False,False,weights_changed,False,3.5252324037184595,0.9104917922468948,0.8924345406190058,0.7800632428584494,0.8864102559046021,0.8897212668242758,0.7713025692777028,0.9873976055450535,0.9968789013732834,0.3140013271400133,0.999868446079558,0.9998719850698364,0.8257468910292131,0.4841856445096552,0.48593194293092246,0.4991488406748211,0.01321689774389867,0.7539319416642837,0.12323758577989831,0.14994845789355946,0.6476683402698978,0.6828775742332701,10.20368392799719,157.48329042000478,15.433964000775951,0.007411630558722919,0.4310547924667279,0.49766508656804
numerical_feature_transformer,2026,NF-UNSW-NB15,ssd_canonical@alpha=3,ssd_canonical,0.1202522424036968,0.12040367749629349,0.25493421923284676,False,False,weights_changed,False,3.5252324037184595,0.9104917922468948,0.9105655475622907,0.7800632428584494,0.8864102559046021,0.8863362867323068,0.7713025692777028,0.9873976055450535,0.9915280828365234,0.3140013271400133,0.999868446079558,0.9998685425974747,0.8257468910292131,0.4841856445096552,0.48406093118765525,0.4991488406748211,0.015087909487165874,0.7533123629777905,0.12320241528434837,0.15216927004330483,0.6299762877477352,0.6775267556965101,10.225831021998601,157.48329042000478,15.400537137882926,0.00022805017103762827,0.4310547924667279,0.028865937970867693
numerical_feature_transformer,2026,NF-UNSW-NB15,ssd_canonical@alpha=5,ssd_canonical,0.1202522424036968,0.1202522424036968,0.25493421923284676,True,True,no_parameters_selected,True,3.5252324037184595,0.9104917922468948,0.9104917922468948,0.7800632428584494,0.8864102559046021,0.8864102559046021,0.7713025692777028,0.9873976055450535,0.9873976055450535,0.3140013271400133,0.999868446079558,0.999868446079558,0.8257468910292131,0.4841856445096552,0.4841856445096552,0.4991488406748211,0.014963196165165948,0.7526927842912973,0.12333456134420975,0.1524225057792009,0.6299704228119561,0.6733962784050402,10.306499100999645,157.48329042000478,15.279998462788418,0.0,0.4310547924667279,0.0
numerical_feature_transformer,2026,NF-UNSW-NB15,dc_ssd_no_contrast,dc_ssd_no_contrast,0.1202522424036968,0.12528708785161102,0.25493421923284676,False,False,weights_changed,False,,0.9104917922468948,0.8678138426900714,0.7800632428584494,0.8864102559046021,0.8643689882517807,0.7713025692777028,0.9873976055450535,0.9803299492385786,0.3140013271400133,0.999868446079558,0.9998799638842825,0.8257468910292131,0.4841856445096552,0.4859060169970749,0.4991488406748211,0.013242823677746207,0.7533600228767515,0.12068309452583593,0.14976311362282216,0.6489937117477155,0.6663286220985654,0.04341132199988351,157.48329042000478,3627.7008661571595,0.012314709236031927,0.2906559008010391,0.6904087422618747
numerical_feature_transformer,2026,NF-UNSW-NB15,dc_ssd_no_class_balance,dc_ssd_no_class_balance,0.1202522424036968,0.13315273018000018,0.25493421923284676,False,False,weights_changed,False,,0.9104917922468948,0.851028858515159,0.7800632428584494,0.8864102559046021,0.8825081719554752,0.7713025692777028,0.9873976055450535,0.9864396089561652,0.3140013271400133,0.999868446079558,0.9998756205780317,0.8257468910292131,0.4841856445096552,0.4850907054182959,0.4991488406748211,0.014058135256525217,0.7525498045944142,0.12302111837807549,0.14191808630359593,0.66284847359398,0.672438281816152,0.04147702399859554,157.48329042000478,3796.8801817926314,0.009122006841505131,0.29904780355776617,0.6727077629097803
numerical_feature_transformer,2026,NF-UNSW-NB15,dc_ssd,dc_ssd,0.1202522424036968,0.15490585684674923,0.25493421923284676,False,False,weights_changed,False,,0.9104917922468948,0.8287644194599824,0.7800632428584494,0.8864102559046021,0.8743101175977545,0.7713025692777028,0.9873976055450535,0.9943679599499374,0.3140013271400133,0.999868446079558,0.9999005543731753,0.8257468910292131,0.4841856445096552,0.48555632137689564,0.4991488406748211,0.013592519297925487,0.7543132208559717,0.12100193776216978,0.15316134131542805,0.6445724279478485,0.6803666328099242,0.04320347300017602,157.48329042000478,3645.1534907705955,0.020182440136830102,0.2562988106719085,1.0911924347299706
numerical_feature_transformer,2026,NF-UNSW-NB15,scrub_r,scrub_r,0.1202522424036968,0.31688281478626673,0.25493421923284676,False,False,,,,0.9104917922468948,0.5627220648340493,0.7800632428584494,0.8864102559046021,0.718573729397603,0.7713025692777028,0.9873976055450535,0.059043495374926196,0.3140013271400133,0.999868446079558,0.4976663737240653,0.8257468910292131,0.4841856445096552,0.5078882828562605,0.4991488406748211,0.008739442181439405,0.8252788104089219,0.06645519203341321,0.34995316123115383,0.591436966713363,0.2549578317650871,121.2895089099984,157.48329042000478,1.2984081792009199,,,4.982591757946936
numerical_feature_transformer,2026,NF-UNSW-NB15,scrub_r@lr=0.0001,scrub_r,0.1202522424036968,0.36647940508893856,0.25493421923284676,False,False,,,,0.9104917922468948,0.5476199975484201,0.7800632428584494,0.8864102559046021,0.6550109564968213,0.7713025692777028,0.9873976055450535,0.12861345911362257,0.3140013271400133,0.999868446079558,0.5076607879105004,0.8257468910292131,0.4841856445096552,0.4876647622430711,0.4991488406748211,0.011484078431750033,0.3097893432465923,0.33095752161781766,0.36651283247879807,0.6035286102276859,0.1853878680263907,121.84540938499777,157.48329042000478,1.292484396538906,,,0.757216204029732
numerical_feature_transformer,2026,NF-UNSW-NB15,scrub_r@lr=0.001,scrub_r,0.1202522424036968,0.24410181949352094,0.25493421923284676,False,False,,,,0.9104917922468948,0.7664668322383426,0.7800632428584494,0.8864102559046021,0.8275333531941041,0.7713025692777028,0.9873976055450535,0.061205145565335135,0.3140013271400133,0.999868446079558,0.23163103182285796,0.8257468910292131,0.4841856445096552,0.5154826951409617,0.4991488406748211,0.01633385446614055,0.8004956629491945,0.09197893983259589,0.1925428589913451,0.5956103739647467,0.25279618157467815,121.82389007000165,157.48329042000478,1.2927127046223261,,,10.151438736676342
numerical_feature_transformer,2026,NF-ToN-IoT,rollback_repair,rollback_repair,0.07717775219088578,0.9114419558990987,0.13995211661994264,False,False,,,,0.9445897449985184,0.0,0.9673880790530712,0.9650437313477838,0.28925576274345355,0.9610133968974975,0.8851037472901827,0.0,0.8301528228680022,0.7639680197500133,0.6650799523512698,0.6749064153776879,0.7429281488444203,0.5450790430373472,0.5933496697716809,0.04827062673433369,0.2972725189090076,0.16223041534943067,0.10715313931111475,0.22320671192959832,0.8301528228680022,4.934833619001438,196.7607843020014,39.871817267431176,,,38.84664957881614
numerical_feature_transformer,2026,NF-ToN-IoT,ssd_canonical,ssd_canonical,0.07717775219088578,0.07717775219088578,0.13995211661994264,True,True,no_parameters_selected,True,9.21701388888889,0.9445897449985184,0.9445897449985184,0.9673880790530712,0.9650437313477838,0.9650437313477838,0.9610133968974975,0.8851037472901827,0.8851037472901827,0.8301528228680022,0.7639680197500133,0.7639680197500133,0.6749064153776879,0.7429281488444203,0.7429281488444203,0.5933496697716809,0.14957847907273936,0.8007105202842081,0.04497869393708106,0.5270257760103169,0.7583455500779167,0.054950924422180525,3.957582839000679,196.7607843020014,49.717413963641775,0.0,0.904875001492921,0.0
numerical_feature_transformer,2026,NF-ToN-IoT,ssd_canonical@alpha=1,ssd_canonical,0.07717775219088578,0.6839872387895245,0.13995211661994264,False,False,weights_changed,False,9.21701388888889,0.9445897449985184,0.4629749055937526,0.9673880790530712,0.9650437313477838,0.6496583016068842,0.9610133968974975,0.8851037472901827,0.8535768245418117,0.8301528228680022,0.7639680197500133,0.14757920848722464,0.6749064153776879,0.7429281488444203,0.6732054271093539,0.5933496697716809,0.07985575733767303,0.7027274810909925,0.07322836529653638,0.15306268420076768,0.4962409119058991,0.023424001673809536,4.074190531999193,196.7607843020014,48.29444837118393,0.9616875712656785,0.904875001492921,11.986249881833901
numerical_feature_transformer,2026,NF-ToN-IoT,ssd_canonical@alpha=2,ssd_canonical,0.07717775219088578,0.6550552168482083,0.13995211661994264,False,False,weights_changed,False,9.21701388888889,0.9445897449985184,0.6737502351856408,0.9673880790530712,0.9650437313477838,0.6616330050083854,0.9610133968974975,0.8851037472901827,0.4553978033753014,0.8301528228680022,0.7639680197500133,0.12999812247264897,0.6749064153776879,0.7429281488444203,0.6982896251787883,0.5933496697716809,0.10493995540710743,0.4221865688746276,0.07641592055425636,0.20703013348536944,0.47397410874554624,0.3747550194927008,4.045871671001805,196.7607843020014,48.63248276317206,0.845381984036488,0.904875001492921,11.82286666190671
numerical_feature_transformer,2026,NF-ToN-IoT,ssd_canonical@alpha=3,ssd_canonical,0.07717775219088578,0.663961390821022,0.13995211661994264,False,False,weights_changed,False,9.21701388888889,0.9445897449985184,0.46300846870439955,0.9673880790530712,0.9650437313477838,0.6788301340324049,0.9610133968974975,0.8851037472901827,0.8535768245418117,0.8301528228680022,0.7639680197500133,0.2512446473380094,0.6749064153776879,0.7429281488444203,0.6764631231866703,0.5933496697716809,0.08311345341498944,0.7027274810909925,0.07390166531096647,0.22303209039837976,0.43644899394658826,0.023424001673809536,3.938423655999941,196.7607843020014,49.95927342713594,0.6669327251995439,0.904875001492921,11.086917074508198
numerical_feature_transformer,2026,NF-ToN-IoT,ssd_canonical@alpha=5,ssd_canonical,0.07717775219088578,0.5373823949980739,0.13995211661994264,False,False,weights_changed,False,9.21701388888889,0.9445897449985184,0.5467136290398468,0.9673880790530712,0.9650437313477838,0.7802092409109117,0.9610133968974975,0.8851037472901827,0.6760087793347965,0.8301528228680022,0.7639680197500133,0.5482731340337015,0.6749064153776879,0.7429281488444203,0.6845407650723225,0.5933496697716809,0.09119109530064162,0.7156772862709145,0.05334777994649921,0.4593275504580052,0.40938624134728036,0.15414404353320565,4.014524717997119,196.7607843020014,49.01222389288639,0.2579247434435576,0.904875001492921,8.190424048048186
numerical_feature_transformer,2026,NF-ToN-IoT,dc_ssd_no_contrast,dc_ssd_no_contrast,0.07717775219088578,0.80639933326116,0.13995211661994264,False,False,weights_changed,False,,0.9445897449985184,0.5600612838506879,0.9673880790530712,0.9650437313477838,0.44323592340309753,0.9610133968974975,0.8851037472901827,0.6156654497178892,0.8301528228680022,0.7639680197500133,0.3983997376571565,0.6749064153776879,0.7429281488444203,0.632092831395464,0.5933496697716809,0.03874316162378311,0.6127664451065781,0.10509507851550125,0.42243192380438455,0.47485618954621983,0.21448737315011301,0.058505315999354934,196.7607843020014,3363.1265969774586,0.2554161915621437,0.7084258766888557,5.625221120187402
numerical_feature_transformer,2026,NF-ToN-IoT,dc_ssd_no_class_balance,dc_ssd_no_class_balance,0.07717775219088578,0.7223537817575917,0.13995211661994264,False,False,weights_changed,False,,0.9445897449985184,0.0,0.9673880790530712,0.9650437313477838,0.4669537638293135,0.9610133968974975,0.8851037472901827,0.0,0.8301528228680022,0.7639680197500133,0.45254423600139015,0.6749064153776879,0.7429281488444203,0.3434916853109533,0.5933496697716809,0.2498579844607276,0.2972725189090076,0.10389632875541709,0.13602585696285813,0.4016407062262348,0.8301528228680022,0.059355675999540836,196.7607843020014,3314.94471233928,0.9173318129988598,0.6150330080751323,14.732156230432173
numerical_feature_transformer,2026,NF-ToN-IoT,dc_ssd,dc_ssd,0.07717775219088578,0.6458788283156675,0.13995211661994264,False,False,weights_changed,False,,0.9445897449985184,0.5058340163288744,0.9673880790530712,0.9650437313477838,0.525525637192568,0.9610133968974975,0.8851037472901827,0.853501510970963,0.8301528228680022,0.7639680197500133,0.4850542193853767,0.6749064153776879,0.7429281488444203,0.38328576980525453,0.5933496697716809,0.21006389996642638,0.7028420811368324,0.06755617555729673,0.26201729602993823,0.333586769414753,0.02334868810296087,0.061286133000976406,196.7607843020014,3210.526993094288,0.39144811858608897,0.5427312958958833,8.376952650603506
numerical_feature_transformer,2026,NF-ToN-IoT,scrub_r,scrub_r,0.07717775219088578,0.12133044884459777,0.13995211661994264,False,False,,,,0.9445897449985184,0.974754212942074,0.9673880790530712,0.9650437313477838,0.9618008725152452,0.9610133968974975,0.8851037472901827,0.6612736660929432,0.8301528228680022,0.7639680197500133,0.6133986815048642,0.6749064153776879,0.7429281488444203,0.6738338427515064,0.5933496697716809,0.08048417297982546,0.6911528764611505,0.08570590561740898,0.5661241197390074,0.8507593121173239,0.16887915677505894,98.98349744299776,196.7607843020014,1.9878140233962864,,,0.7905708941484477
numerical_feature_transformer,2026,NF-ToN-IoT,scrub_r@lr=0.0001,scrub_r,0.07717775219088578,0.05194189433091637,0.13995211661994264,False,False,,,,0.9445897449985184,0.9743670392736696,0.9673880790530712,0.9650437313477838,0.91914292861389,0.9610133968974975,0.8851037472901827,0.906329853252537,0.8301528228680022,0.7639680197500133,0.740439473980226,0.6749064153776879,0.7429281488444203,0.7178887283198279,0.5933496697716809,0.12453905854814695,0.8177859271143708,0.05534386173894346,0.6269260048539856,0.822134039697862,0.07617703038453483,99.30834294300075,196.7607843020014,1.9813117253898265,,,0.10032062538250773
numerical_feature_transformer,2026,NF-ToN-IoT,scrub_r@lr=0.001,scrub_r,0.07717775219088578,0.06553366368045198,0.13995211661994264,False,False,,,,0.9445897449985184,0.974119466977864,0.9673880790530712,0.9650437313477838,0.981562791054103,0.9610133968974975,0.8851037472901827,0.8804231291544564,0.8301528228680022,0.7639680197500133,0.7128669248801928,0.6749064153776879,0.7429281488444203,0.6347434597992863,0.5933496697716809,0.04139379002760535,0.7710291084116434,0.11147305839348484,0.4644779790572235,0.821287088213734,0.050270306286454236,98.30134702500072,196.7607843020014,2.001608220607188,,,1.7644842075330727
numerical_feature_transformer,2026,NF-BoT-IoT,rollback_repair,rollback_repair,0.13382166915784188,0.5380355348083716,0.12254786703586493,False,False,,,,0.9074210744116685,0.0,0.8826522310792407,0.9076053617865764,0.270020275125531,0.8925798929932015,0.9966097590507326,0.0,0.019209309740156225,0.9362831284336358,0.28005549739625274,0.013595855478606323,0.8753453043336535,0.5344520090368972,0.8818499962510411,0.34739798721414394,0.9897073013830814,0.03648270869977065,0.5954256778177269,0.20308643873133278,0.019209309740156225,3.8586073519982165,155.58444475800934,40.32139851634255,,,23.813234842280913
numerical_feature_transformer,2026,NF-BoT-IoT,ssd_canonical,ssd_canonical,0.13382166915784188,0.13382166915784188,0.12254786703586493,True,True,no_parameters_selected,True,3.3901660280970627,0.9074210744116685,0.9074210744116685,0.8826522310792407,0.9076053617865764,0.9076053617865764,0.8925798929932015,0.9966097590507326,0.9966097590507326,0.019209309740156225,0.9362831284336358,0.9362831284336358,0.013595855478606323,0.8753453043336535,0.8753453043336535,0.8818499962510411,0.006504691917387562,0.014876165969765197,0.6230017156529171,0.6929796892141511,0.8172560536125523,0.9774004493105763,10.749873474000196,155.58444475800934,14.473141952257222,0.0,0.7613856549026432,0.0
numerical_feature_transformer,2026,NF-BoT-IoT,ssd_canonical@alpha=1,ssd_canonical,0.13382166915784188,0.13405107802687619,0.12254786703586493,False,False,weights_changed,False,3.3901660280970627,0.9074210744116685,0.9068440894120249,0.8826522310792407,0.9076053617865764,0.9075114014313238,0.8925798929932015,0.9966097590507326,0.9966097590507326,0.019209309740156225,0.9362831284336358,0.9360068717453159,0.013595855478606323,0.8753453043336535,0.8746438737245796,0.8818499962510411,0.007206122526461467,0.014876165969765197,0.6217017410864086,0.6921777043201012,0.8156760754856726,0.9774004493105763,10.58807730999979,155.58444475800934,14.694305699021424,0.004218928164196123,0.7613856549026432,0.14159072758665228
numerical_feature_transformer,2026,NF-BoT-IoT,ssd_canonical@alpha=2,ssd_canonical,0.13382166915784188,0.13382913751432346,0.12254786703586493,False,False,weights_changed,False,3.3901660280970627,0.9074210744116685,0.9073922991825367,0.8826522310792407,0.9076053617865764,0.9075965156945224,0.8925798929932015,0.9966097590507326,0.9966097590507326,0.019209309740156225,0.9362831284336358,0.9362831284336358,0.013595855478606323,0.8753453043336535,0.8753453043336535,0.8818499962510411,0.006504691917387562,0.014876165969765197,0.6230017066184591,0.6929838296492977,0.8172476482658553,0.9774004493105763,10.62267496899949,155.58444475800934,14.64644688951292,0.00022805017103762827,0.7613856549026432,0.013300818252091886
numerical_feature_transformer,2026,NF-BoT-IoT,ssd_canonical@alpha=3,ssd_canonical,0.13382166915784188,0.13382166915784188,0.12254786703586493,True,True,no_parameters_selected,False,3.3901660280970627,0.9074210744116685,0.9074210744116685,0.8826522310792407,0.9076053617865764,0.9076053617865764,0.8925798929932015,0.9966097590507326,0.9966097590507326,0.019209309740156225,0.9362831284336358,0.9362831284336358,0.013595855478606323,0.8753453043336535,0.8753453043336535,0.8818499962510411,0.006504691917387562,0.014876165969765197,0.6230017156529171,0.6929796892141511,0.8172560536125523,0.9774004493105763,10.736844843002473,155.58444475800934,14.490704395286892,0.0,0.7613856549026432,0.0
numerical_feature_transformer,2026,NF-BoT-IoT,ssd_canonical@alpha=5,ssd_canonical,0.13382166915784188,0.13382166915784188,0.12254786703586493,True,True,no_parameters_selected,True,3.3901660280970627,0.9074210744116685,0.9074210744116685,0.8826522310792407,0.9076053617865764,0.9076053617865764,0.8925798929932015,0.9966097590507326,0.9966097590507326,0.019209309740156225,0.9362831284336358,0.9362831284336358,0.013595855478606323,0.8753453043336535,0.8753453043336535,0.8818499962510411,0.006504691917387562,0.014876165969765197,0.6230017156529171,0.6929796892141511,0.8172560536125523,0.9774004493105763,10.573318476002896,155.58444475800934,14.714816839303793,0.0,0.7613856549026432,0.0
numerical_feature_transformer,2026,NF-BoT-IoT,dc_ssd_no_contrast,dc_ssd_no_contrast,0.13382166915784188,0.6204865488068442,0.12254786703586493,False,False,weights_changed,False,,0.9074210744116685,0.03322059850916061,0.8826522310792407,0.9076053617865764,0.49801518973775116,0.8925798929932015,0.9966097590507326,0.005701208495603646,0.019209309740156225,0.9362831284336358,0.47763942574399165,0.013595855478606323,0.8753453043336535,0.52521318331726,0.8818499962510411,0.35663681293378113,0.9889433901576069,0.04846423077097216,0.7531057438857589,0.40269808866371065,0.01350810124455258,0.05739594400074566,155.58444475800934,2710.7219415362883,0.42770809578107183,0.9660074638259507,6.906950126141667
numerical_feature_transformer,2026,NF-BoT-IoT,dc_ssd_no_class_balance,dc_ssd_no_class_balance,0.13382166915784188,0.13420529937683476,0.12254786703586493,False,False,weights_changed,False,,0.9074210744116685,0.9077649932013291,0.8826522310792407,0.9076053617865764,0.9075690233554387,0.8925798929932015,0.9966097590507326,0.9965895102213791,0.019209309740156225,0.9362831284336358,0.945137882285571,0.013595855478606323,0.8753453043336535,0.8755712843488431,0.8818499962510411,0.006278711902197975,0.01483596011579286,0.6216414976555873,0.6925111873445203,0.8162227605669705,0.9773802004812229,0.03658796300078393,155.58444475800934,4252.339622041156,0.002280501710376283,0.6966678041957898,0.21971950241922325
numerical_feature_transformer,2026,NF-BoT-IoT,dc_ssd,dc_ssd,0.13382166915784188,1.162269124402969,0.12254786703586493,False,False,weights_changed,False,,0.9074210744116685,0.4131446684301437,0.8826522310792407,0.9076053617865764,0.7849230453647024,0.8925798929932015,0.9966097590507326,0.9992757704997184,0.019209309740156225,0.9362831284336358,0.4912805783718974,0.013595855478606323,0.8753453043336535,0.14673119376859486,0.8818499962510411,0.7351188024824462,0.010292698616918623,0.2772604269495577,0.7354535207921468,0.18530175947725272,0.9800664607595622,0.05793691999861039,155.58444475800934,2685.4110429367147,0.5641961231470923,0.5130769147067283,9.820928512005867
numerical_feature_transformer,2026,NF-BoT-IoT,scrub_r,scrub_r,0.13382166915784188,0.1829693972077775,0.12254786703586493,False,False,,,,0.9074210744116685,0.79484824618805,0.8826522310792407,0.9076053617865764,0.864580326633518,0.8925798929932015,0.9966097590507326,0.9937025412574668,0.019209309740156225,0.9362831284336358,0.9434859343963063,0.013595855478606323,0.8753453043336535,0.7563488212065896,0.8818499962510411,0.12550117504445146,0.013066902541009971,0.6215932547163374,0.38898712804891267,0.7316640208275134,0.9744932315173106,124.27207042599912,155.58444475800934,1.2519663044533884,,,2.607820299844863
numerical_feature_transformer,2026,NF-BoT-IoT,scrub_r@lr=0.0001,scrub_r,0.13382166915784188,0.09216969560082694,0.12254786703586493,False,False,,,,0.9074210744116685,0.9388966898294516,0.8826522310792407,0.9076053617865764,0.9106000739813548,0.8925798929932015,0.9966097590507326,0.9953723350510255,0.019209309740156225,0.9362831284336358,0.9150840625615146,0.013595855478606323,0.8753453043336535,0.6239310056137484,0.8818499962510411,0.25791899063729273,0.016685429398520423,0.6404077951959573,0.5619984460405064,0.8025157996623694,0.9761630253108693,123.91644598600033,155.58444475800934,1.255559288519191,,,0.9164530467008304
numerical_feature_transformer,2026,NF-BoT-IoT,scrub_r@lr=0.001,scrub_r,0.13382166915784188,0.18642834946204695,0.12254786703586493,False,False,,,,0.9074210744116685,0.9378143703014463,0.8826522310792407,0.9076053617865764,0.8761591393080445,0.8925798929932015,0.9966097590507326,0.9869791136016302,0.019209309740156225,0.9362831284336358,0.7947412805783719,0.013595855478606323,0.8753453043336535,0.7628076390121112,0.8818499962510411,0.11904235723892986,0.0354213573496301,0.6160025020370403,0.5778461594802308,0.6993333287377892,0.9677698038614739,124.24483958500059,155.58444475800934,1.252240698911025,,,7.361603844897857
numerical_feature_transformer,2026,NF-CSE-CIC-IDS2018,rollback_repair,rollback_repair,0.040250164180816846,0.37453112921364745,0.047142773623688745,False,False,,,,0.9563703706286564,0.6900750579744286,0.9733507350612625,0.9000398647544023,0.5314369162475793,0.9468151947887989,0.8497618703997691,0.18098639592278984,0.31778058007566207,0.9589796195301574,0.13792427282445827,0.6801141743960561,0.7175711511926763,0.7777968655549241,0.39409655735437454,0.38370030820054957,0.36397420016231685,0.21200935092553863,0.19943182089353376,0.14732790206248966,0.13679418415287223,3.7790738499970757,151.73893291400964,40.15241271723945,,,64.490183900224
numerical_feature_transformer,2026,NF-CSE-CIC-IDS2018,ssd_canonical,ssd_canonical,0.040250164180816846,0.040250164180816846,0.047142773623688745,True,True,no_parameters_selected,True,3.19626730885009,0.9563703706286564,0.9563703706286564,0.9733507350612625,0.9000398647544023,0.9000398647544023,0.9468151947887989,0.8497618703997691,0.8497618703997691,0.31778058007566207,0.9589796195301574,0.9589796195301574,0.6801141743960561,0.7175711511926763,0.7175711511926763,0.39409655735437454,0.3234745938383018,0.6255606338900517,0.10771878043065194,0.6371730213980872,0.7430226082697451,0.531981290324107,11.348618435997196,151.73893291400964,13.37069650986785,0.0,0.8726348031049099,0.0
numerical_feature_transformer,2026,NF-CSE-CIC-IDS2018,ssd_canonical@alpha=1,ssd_canonical,0.040250164180816846,1.315816104263276,0.047142773623688745,False,False,weights_changed,False,3.19626730885009,0.9563703706286564,0.6649624946369137,0.9733507350612625,0.9000398647544023,0.5755989470983282,0.9468151947887989,0.8497618703997691,0.2476140574123283,0.31778058007566207,0.9589796195301574,0.47261266659292306,0.6801141743960561,0.7175711511926763,0.524325806498533,0.39409655735437454,0.13022924914415845,0.434539319123489,0.3665341608061487,0.7939414631610635,0.4200904417317943,0.07016652266333376,11.311497358001361,151.73893291400964,13.414575286681632,0.729418472063854,0.8726348031049099,5.748054709959267
numerical_feature_transformer,2026,NF-CSE-CIC-IDS2018,ssd_canonical@alpha=2,ssd_canonical,0.040250164180816846,0.13866096684584434,0.047142773623688745,False,False,weights_changed,False,3.19626730885009,0.9563703706286564,0.8017296099050936,0.9733507350612625,0.9000398647544023,0.8251155855014015,0.9468151947887989,0.8497618703997691,0.6488454100784894,0.31778058007566207,0.9589796195301574,0.9109402252522845,0.6801141743960561,0.7175711511926763,0.3330647210764474,0.39409655735437454,0.06103183627792713,0.5528597667763018,0.14675743490566195,0.4908613675871218,0.38758213627498633,0.3310648300028273,11.246002720999968,151.73893291400964,13.492699288669332,0.23511972633979475,0.8726348031049099,4.446513932375385
numerical_feature_transformer,2026,NF-CSE-CIC-IDS2018,ssd_canonical@alpha=3,ssd_canonical,0.040250164180816846,0.04010419744601525,0.047142773623688745,False,False,weights_changed,False,3.19626730885009,0.9563703706286564,0.9616383792937717,0.9733507350612625,0.9000398647544023,0.9027648918806558,0.9468151947887989,0.8497618703997691,0.8353174603174603,0.31778058007566207,0.9589796195301574,0.9574842749080447,0.6801141743960561,0.7175711511926763,0.654362283491926,0.39409655735437454,0.2602657261375515,0.6302165648626714,0.10286514432207167,0.634584604127353,0.7423211067435102,0.5175368802417983,11.25582125299843,151.73893291400964,13.48092951223688,0.005131128848346636,0.8726348031049099,0.5860106136482555
numerical_feature_transformer,2026,NF-CSE-CIC-IDS2018,ssd_canonical@alpha=5,ssd_canonical,0.040250164180816846,0.040250164180816846,0.047142773623688745,True,True,no_parameters_selected,True,3.19626730885009,0.9563703706286564,0.9563703706286564,0.9733507350612625,0.9000398647544023,0.9000398647544023,0.9468151947887989,0.8497618703997691,0.8497618703997691,0.31778058007566207,0.9589796195301574,0.9589796195301574,0.6801141743960561,0.7175711511926763,0.7175711511926763,0.39409655735437454,0.3234745938383018,0.6255606338900517,0.10771878043065194,0.6371730213980872,0.7430226082697451,0.531981290324107,11.325948465000693,151.73893291400964,13.39745923998431,0.0,0.8726348031049099,0.0
numerical_feature_transformer,2026,NF-CSE-CIC-IDS2018,dc_ssd_no_contrast,dc_ssd_no_contrast,0.040250164180816846,0.07677751855906151,0.047142773623688745,False,False,weights_changed,False,,0.9563703706286564,0.9566156717004738,0.9733507350612625,0.9000398647544023,0.8839949756415139,0.9468151947887989,0.8497618703997691,0.6969750574915974,0.31778058007566207,0.9589796195301574,0.9366293591029174,0.6801141743960561,0.7175711511926763,0.33576283385230854,0.39409655735437454,0.058333723502066004,0.6488830037162018,0.09932199899270228,0.6255862819889542,0.7246764241386002,0.3791944774159353,0.05015453600208275,151.73893291400964,3025.4279076115554,0.04811858608893957,0.39325170529286235,2.3042607296416526
numerical_feature_transformer,2026,NF-CSE-CIC-IDS2018,dc_ssd_no_class_balance,dc_ssd_no_class_balance,0.040250164180816846,0.14970113874839247,0.047142773623688745,False,False,weights_changed,False,,0.9563703706286564,0.7955555491128755,0.9733507350612625,0.9000398647544023,0.8645765461949768,0.9468151947887989,0.8497618703997691,0.5992378205788443,0.31778058007566207,0.9589796195301574,0.9016637322625239,0.6801141743960561,0.7175711511926763,0.23104773167304624,0.39409655735437454,0.1630488256813283,0.5243261714578616,0.16683231272658253,0.5023020318564366,0.4336975266142898,0.28145724050318227,0.05383712199909496,151.73893291400964,2818.481510147598,0.13511972633979474,0.5592315655626725,4.538469412473837
numerical_feature_transformer,2026,NF-CSE-CIC-IDS2018,dc_ssd,dc_ssd,0.040250164180816846,0.13113164195576202,0.047142773623688745,False,False,weights_changed,False,,0.9563703706286564,0.8205347516899804,0.9733507350612625,0.9000398647544023,0.7690904992005333,0.9468151947887989,0.8497618703997691,0.6275206087507926,0.31778058007566207,0.9589796195301574,0.8835671097355271,0.6801141743960561,0.7175711511926763,0.3118171256677137,0.39409655735437454,0.08227943168666085,0.5900217846311563,0.09176004711296085,0.7066469871373802,0.528431779490725,0.30974002867513056,0.05132577100084745,151.73893291400964,2956.3887683538983,0.08403648802736602,0.3338596803356322,3.638855626629321
numerical_feature_transformer,2026,NF-CSE-CIC-IDS2018,scrub_r,scrub_r,0.040250164180816846,0.11707078912774366,0.047142773623688745,False,False,,,,0.9563703706286564,0.9573093898954236,0.9733507350612625,0.9000398647544023,0.8646652786306609,0.9468151947887989,0.8497618703997691,0.32007119673332635,0.31778058007566207,0.9589796195301574,0.7092712328966523,0.6801141743960561,0.7175711511926763,0.34176581695482916,0.39409655735437454,0.052330740399545383,0.14881893127162446,0.38207615426868574,0.7195401520114525,0.6196651525386625,0.0022906166576642795,126.37420935800037,151.73893291400964,1.2007112343955766,,,5.284705734328364
numerical_feature_transformer,2026,NF-CSE-CIC-IDS2018,scrub_r@lr=0.0001,scrub_r,0.040250164180816846,0.19425961012679635,0.047142773623688745,False,False,,,,0.9563703706286564,0.9515568315491064,0.9733507350612625,0.9000398647544023,0.7804144338028829,0.9468151947887989,0.8497618703997691,0.24833852739083093,0.31778058007566207,0.9589796195301574,0.4178733828521927,0.6801141743960561,0.7175711511926763,0.5360969374272796,0.39409655735437454,0.14200038007290505,0.4380419460937166,0.3673302892859776,0.8529960663666927,0.5742023847547425,0.06944205268483114,126.28645802699975,151.73893291400964,1.2015455598696752,,,0.8014181368840623
numerical_feature_transformer,2026,NF-CSE-CIC-IDS2018,scrub_r@lr=0.001,scrub_r,0.040250164180816846,0.07978683087373424,0.047142773623688745,False,False,,,,0.9563703706286564,0.961750265220343,0.9733507350612625,0.9000398647544023,0.9351701975330747,0.9468151947887989,0.8497618703997691,0.42693296420802845,0.31778058007566207,0.9589796195301574,0.7877285967593375,0.6801141743960561,0.7175711511926763,0.30608132909697044,0.39409655735437454,0.0880152282574041,0.64115159540387,0.08073532743200608,0.7792525897150442,0.6098484011639459,0.10915238413236639,125.83709061400077,151.73893291400964,1.2058363092600537,,,5.587166676648748
